N° du client,Statut du client,Âge du client,Genre du client,Nb de personnes à charge,Niveau de diplôme,Statut marital,Catégorie du revenu annuel,Type de carte,Durée d'engagement en mois,Nb de mois inactif,Nb d'interactions,Montant crédit renouvellé,Nb de transactions,Utilisation moyenne de la carte
768805383,Client actuel,45,M,3,Lycée (équivalent baccalauréat),Marié(e),$60K - $80K,Blue,39,1,3,777,42,0.061
818770008,Client actuel,49,F,5,Licence,Célibataire,Moins de $40K,Blue,44,1,2,864,33,0.105
713982108,Client actuel,51,M,3,Licence,Marié(e),$80K - $120K,Blue,36,1,0,0,20,0.0
769911858,Client actuel,40,F,4,Lycée (équivalent baccalauréat),Non connu,Moins de $40K,Blue,34,4,1,2517,20,0.76
709106358,Client actuel,40,M,3,Sans diplôme,Marié(e),$60K - $80K,Blue,21,1,0,0,28,0.0
713061558,Client actuel,44,M,2,Licence,Marié(e),$40K - $60K,Blue,36,1,2,1247,24,0.311
810347208,Client actuel,51,M,4,Non connu,Marié(e),$120K +,Gold,46,1,3,2264,31,0.066
818906208,Client actuel,32,M,0,Lycée (équivalent baccalauréat),Non connu,$60K - $80K,Silver,27,2,2,1396,36,0.048
710930508,Client actuel,37,M,3,Sans diplôme,Célibataire,$60K - $80K,Blue,36,2,0,2517,24,0.113
719661558,Client actuel,48,M,2,Licence,Célibataire,$80K - $120K,Blue,36,3,3,1677,32,0.144
708790833,Client actuel,42,M,5,Sans diplôme,Non connu,$120K +,Blue,31,3,2,1467,42,0.217
710821833,Client actuel,65,M,1,Non connu,Marié(e),$40K - $60K,Blue,54,2,3,1587,26,0.174
710599683,Client actuel,56,M,1,Niveau Bac+2,Célibataire,$80K - $120K,Blue,36,6,0,0,17,0.0
816082233,Client actuel,35,M,3,Licence,Non connu,$60K - $80K,Blue,30,1,3,1666,33,0.195
712396908,Client actuel,57,F,2,Licence,Marié(e),Moins de $40K,Blue,48,2,2,680,29,0.279
714885258,Client actuel,44,M,4,Non connu,Non connu,$80K - $120K,Blue,37,1,2,972,27,0.23
709967358,Client actuel,48,M,4,Master,Marié(e),$80K - $120K,Blue,36,2,3,2362,27,0.078
753327333,Client actuel,41,M,3,Non connu,Célibataire,$80K - $120K,Blue,34,4,1,1291,21,0.095
806160108,Client actuel,61,M,1,Lycée (équivalent baccalauréat),Marié(e),$40K - $60K,Blue,56,2,3,2517,30,0.788
709327383,Client actuel,45,F,2,Licence,Marié(e),Non connu,Blue,37,1,2,1157,21,0.08
806165208,Client actuel,47,M,1,Doctorat,Divorcé(e),$60K - $80K,Blue,42,2,0,1800,27,0.086
708508758,Client perdu,62,F,0,Licence,Marié(e),$60K - $80K,Blue,49,4,3,0,16,0.0
784725333,Client actuel,41,M,3,Lycée (équivalent baccalauréat),Marié(e),$40K - $60K,Blue,33,2,1,680,18,0.152
811604133,Client actuel,47,F,4,Non connu,Célibataire,Moins de $40K,Blue,36,3,2,1560,23,0.626
789124683,Client actuel,54,M,2,Non connu,Célibataire,$80K - $120K,Blue,42,2,3,0,21,0.0
771071958,Client actuel,41,F,3,Licence,Célibataire,Moins de $40K,Blue,28,1,2,1669,22,0.215
720466383,Client actuel,59,M,1,Lycée (équivalent baccalauréat),Non connu,$40K - $60K,Blue,46,1,2,1374,23,0.093
804424383,Client actuel,63,M,1,Non connu,Célibataire,$60K - $80K,Blue,56,3,2,1010,40,0.099
718813833,Client actuel,44,F,3,Sans diplôme,Célibataire,Non connu,Blue,34,2,2,0,18,0.0
806624208,Client actuel,47,M,4,Lycée (équivalent baccalauréat),Marié(e),$40K - $60K,Blue,42,0,0,1362,38,0.285
778348233,Client actuel,53,M,3,Non connu,Célibataire,$80K - $120K,Blue,33,2,3,1811,25,0.658
712991808,Client actuel,53,M,2,Sans diplôme,Célibataire,$60K - $80K,Blue,48,5,1,1690,26,0.69
709029408,Client actuel,41,M,4,Licence,Marié(e),$60K - $80K,Blue,36,1,2,2517,24,0.282
788658483,Client actuel,53,F,2,Niveau Bac+2,Marié(e),Moins de $40K,Blue,38,2,3,1490,28,0.562
787937058,Client actuel,58,M,0,Licence,Célibataire,$80K - $120K,Blue,49,2,2,1696,24,0.135
715318008,Client actuel,55,F,1,Niveau Bac+2,Célibataire,Moins de $40K,Blue,36,2,1,1914,43,0.544
713962233,Client actuel,55,F,3,Licence,Marié(e),Moins de $40K,Blue,36,2,3,2298,37,0.757
785432733,Client actuel,42,F,4,Lycée (équivalent baccalauréat),Marié(e),Moins de $40K,Gold,36,3,3,0,22,0.0
715190283,Client actuel,57,F,1,Licence,Non connu,$40K - $60K,Blue,49,3,2,886,28,0.241
708300483,Client perdu,66,F,0,Doctorat,Marié(e),Non connu,Blue,56,5,3,605,16,0.077
827111283,Client actuel,45,M,3,Licence,Célibataire,$80K - $120K,Blue,41,2,2,578,28,0.018
758551608,Client actuel,51,M,2,Non connu,Marié(e),$40K - $60K,Blue,44,1,0,2204,28,0.355
773146383,Client actuel,50,F,1,Niveau Bac+2,Célibataire,$40K - $60K,Silver,43,2,3,2517,33,0.145
778493808,Client actuel,49,M,3,Lycée (équivalent baccalauréat),Marié(e),$60K - $80K,Blue,37,2,1,0,32,0.0
720572508,Client actuel,38,F,4,Licence,Célibataire,Non connu,Blue,28,3,3,2055,23,0.209
712661433,Client actuel,49,M,4,Sans diplôme,Célibataire,$80K - $120K,Blue,30,2,3,0,28,0.0
789172683,Client actuel,56,M,2,Doctorat,Célibataire,$60K - $80K,Blue,45,2,0,1430,27,0.626
738406533,Client actuel,59,M,1,Doctorat,Marié(e),$40K - $60K,Blue,52,2,2,2020,27,0.793
799723908,Client actuel,46,M,3,Lycée (équivalent baccalauréat),Célibataire,$80K - $120K,Blue,40,3,3,1435,27,0.074
771490833,Client actuel,52,M,1,Niveau Bac+2,Célibataire,$80K - $120K,Blue,40,1,1,1227,40,0.259
720756708,Client actuel,52,F,3,Non connu,Marié(e),Moins de $40K,Blue,41,3,2,1549,30,0.591
779471883,Client perdu,54,F,1,Licence,Marié(e),$80K - $120K,Blue,40,5,1,808,19,0.562
711525033,Client actuel,66,F,0,Lycée (équivalent baccalauréat),Marié(e),Moins de $40K,Blue,54,4,2,2179,38,0.687
712813458,Client actuel,49,M,2,Non connu,Célibataire,$120K +,Blue,36,2,0,2517,35,0.127
714374133,Client perdu,56,M,2,Licence,Marié(e),$120K +,Blue,36,4,3,0,15,0.0
717891558,Client actuel,49,F,4,Licence,Non connu,Moins de $40K,Blue,36,4,2,2200,32,0.667
716632758,Client actuel,49,F,3,Licence,Célibataire,Moins de $40K,Blue,36,2,0,2363,40,0.843
768563658,Client actuel,56,M,2,Sans diplôme,Marié(e),$40K - $60K,Blue,50,2,3,1880,29,0.422
711427458,Client actuel,44,F,5,Licence,Marié(e),Non connu,Blue,35,1,2,978,25,0.156
714091983,Client actuel,42,M,2,Lycée (équivalent baccalauréat),Célibataire,$60K - $80K,Blue,34,4,3,1753,27,0.525
787584108,Client actuel,55,M,3,Non connu,Célibataire,$80K - $120K,Blue,47,2,3,2016,33,0.587
712030833,Client perdu,48,M,2,Licence,Marié(e),$60K - $80K,Silver,35,6,4,0,15,0.0
711481533,Client actuel,39,M,1,Lycée (équivalent baccalauréat),Divorcé(e),$60K - $80K,Blue,33,3,3,1251,28,0.211
710082708,Client actuel,44,M,4,Master,Célibataire,$120K +,Blue,32,4,2,2102,26,0.088
708155733,Client actuel,53,M,2,Lycée (équivalent baccalauréat),Célibataire,$120K +,Blue,44,2,2,1634,23,0.111
788979258,Client actuel,51,M,4,Sans diplôme,Célibataire,$80K - $120K,Silver,38,1,4,1515,32,0.044
807986133,Client actuel,57,M,2,Niveau Bac+2,Célibataire,$60K - $80K,Blue,52,3,3,1817,35,0.276
788730933,Client actuel,44,F,2,Sans diplôme,Célibataire,Moins de $40K,Blue,20,3,3,1468,28,0.704
711314058,Client actuel,49,M,2,Licence,Célibataire,$60K - $80K,Blue,32,2,2,1107,17,0.656
717975333,Client actuel,50,M,2,Doctorat,Célibataire,$80K - $120K,Blue,38,2,2,1330,15,0.053
715971108,Client actuel,51,M,4,Licence,Célibataire,$120K +,Blue,42,2,3,1763,41,0.051
720096558,Client actuel,55,F,2,Licence,Marié(e),Moins de $40K,Blue,42,3,3,1034,36,0.467
719580033,Client actuel,54,M,1,Licence,Non connu,$60K - $80K,Blue,43,2,3,2030,21,0.698
820582308,Client actuel,42,M,5,Sans diplôme,Marié(e),$80K - $120K,Blue,37,2,2,1528,35,0.067
789973308,Client actuel,44,M,1,Niveau Bac+2,Célibataire,$60K - $80K,Blue,35,3,3,1932,24,0.079
712876233,Client actuel,53,M,2,Licence,Célibataire,$80K - $120K,Blue,36,3,2,1515,33,0.287
804595158,Client actuel,44,F,4,Licence,Célibataire,Moins de $40K,Blue,36,4,2,2517,23,0.36
714826758,Client actuel,37,F,3,Sans diplôme,Célibataire,Moins de $40K,Blue,29,4,2,1801,57,0.256
779058108,Client actuel,49,M,3,Licence,Divorcé(e),$60K - $80K,Blue,30,1,2,1823,23,0.719
710790258,Client actuel,47,M,2,Licence,Célibataire,$80K - $120K,Blue,38,3,2,1899,35,0.066
715623483,Client actuel,47,M,3,Licence,Marié(e),$60K - $80K,Blue,37,4,0,1695,41,0.198
715156383,Client actuel,44,M,1,Non connu,Non connu,$120K +,Blue,36,2,2,1533,29,0.044
711013983,Client perdu,55,F,4,Non connu,Marié(e),$40K - $60K,Blue,45,5,3,0,12,0.0
755420433,Client actuel,59,F,1,Licence,Marié(e),Non connu,Blue,52,3,3,1417,20,0.14
794543958,Client actuel,53,M,1,Licence,Divorcé(e),$80K - $120K,Blue,35,4,2,1219,27,0.035
716396358,Client actuel,52,M,2,Licence,Célibataire,$60K - $80K,Blue,47,3,0,1910,35,0.619
715398033,Client actuel,53,M,2,Lycée (équivalent baccalauréat),Célibataire,$120K +,Blue,35,2,1,2056,31,0.108
711743883,Client actuel,43,F,3,Sans diplôme,Célibataire,Moins de $40K,Blue,35,2,3,0,32,0.0
719720058,Client actuel,44,M,3,Lycée (équivalent baccalauréat),Célibataire,$60K - $80K,Blue,31,3,1,837,14,0.066
778992108,Client actuel,57,M,2,Non connu,Célibataire,$120K +,Blue,45,3,3,0,29,0.0
717539808,Client actuel,51,F,2,Lycée (équivalent baccalauréat),Célibataire,Moins de $40K,Blue,36,2,2,0,21,0.0
714070758,Client actuel,49,M,4,Lycée (équivalent baccalauréat),Marié(e),$80K - $120K,Blue,38,3,0,1953,35,0.062
714107958,Client actuel,45,M,1,Licence,Célibataire,$40K - $60K,Blue,36,4,3,0,34,0.0
789140283,Client actuel,53,M,0,Licence,Célibataire,$80K - $120K,Blue,42,4,1,2037,29,0.765
715550508,Client actuel,45,F,3,Non connu,Marié(e),Non connu,Blue,28,1,2,2440,20,0.963
719712633,Client actuel,64,M,1,Licence,Marié(e),Moins de $40K,Blue,52,4,3,895,32,0.524
772629333,Client actuel,45,M,3,Licence,Marié(e),$40K - $60K,Blue,35,4,2,1200,30,0.347
720336708,Client actuel,53,M,3,Doctorat,Marié(e),$40K - $60K,Blue,35,3,2,1706,42,0.45
802013583,Client actuel,56,M,3,Niveau Bac+2,Marié(e),$120K +,Blue,50,2,0,2250,19,0.232
711887583,Client perdu,47,M,2,Non connu,Marié(e),$80K - $120K,Blue,37,5,3,1628,18,0.299
714778833,Client actuel,49,F,3,Niveau Bac+2,Célibataire,Non connu,Blue,43,4,0,1960,22,0.085
713843283,Client actuel,41,F,3,Non connu,Marié(e),Non connu,Silver,34,3,3,2053,26,0.059
779155158,Client actuel,53,M,3,Licence,Marié(e),$120K +,Blue,34,2,2,1264,33,0.43
721091583,Client actuel,44,F,2,Licence,Célibataire,Moins de $40K,Blue,32,3,3,1879,15,0.62
713572683,Client actuel,44,M,3,Lycée (équivalent baccalauréat),Non connu,$60K - $80K,Blue,25,3,0,0,34,0.0
716657058,Client actuel,43,F,4,Master,Marié(e),Moins de $40K,Blue,33,3,3,926,37,0.111
779509983,Client actuel,53,M,2,Master,Célibataire,$120K +,Blue,36,1,2,931,21,0.027
717929133,Client actuel,44,M,1,Sans diplôme,Célibataire,$60K - $80K,Blue,36,2,3,2440,30,0.169
808284783,Client actuel,62,F,1,Non connu,Marié(e),Moins de $40K,Blue,56,0,0,0,44,0.0
708476808,Client actuel,54,M,4,Non connu,Divorcé(e),$120K +,Blue,36,3,2,1960,31,0.058
710916408,Client actuel,57,M,4,Licence,Marié(e),$60K - $80K,Blue,39,3,0,1886,32,0.223
708492558,Client actuel,42,M,3,Non connu,Marié(e),$60K - $80K,Blue,36,3,3,865,21,0.057
799825758,Client actuel,42,M,4,Lycée (équivalent baccalauréat),Divorcé(e),$60K - $80K,Blue,36,1,2,1674,35,0.513
718619883,Client actuel,54,F,0,Sans diplôme,Marié(e),Moins de $40K,Blue,36,2,2,706,24,0.473
711844758,Client actuel,48,M,3,Licence,Célibataire,$80K - $120K,Blue,35,1,0,1294,37,0.095
714798783,Client actuel,49,M,1,Licence,Célibataire,$80K - $120K,Blue,36,2,2,895,18,0.047
826762908,Client actuel,52,M,3,Lycée (équivalent baccalauréat),Non connu,$80K - $120K,Blue,48,2,0,1273,36,0.106
771894558,Client actuel,50,M,3,Lycée (équivalent baccalauréat),Célibataire,$80K - $120K,Blue,39,1,4,1559,25,0.156
721074183,Client actuel,49,M,1,Doctorat,Célibataire,$60K - $80K,Blue,36,6,3,1196,24,0.05
715259583,Client actuel,53,F,2,Lycée (équivalent baccalauréat),Marié(e),Moins de $40K,Blue,44,2,3,1901,38,0.355
718414008,Client actuel,50,M,2,Licence,Célibataire,$120K +,Blue,36,2,2,1023,13,0.03
719666283,Client actuel,55,F,1,Doctorat,Marié(e),Moins de $40K,Blue,36,1,0,1951,29,0.615
714877233,Client actuel,53,M,1,Lycée (équivalent baccalauréat),Célibataire,$80K - $120K,Blue,47,2,2,1836,38,0.15
785387883,Client actuel,47,F,3,Lycée (équivalent baccalauréat),Célibataire,$40K - $60K,Blue,41,3,3,1540,47,0.407
771075258,Client actuel,55,M,2,Niveau Bac+2,Célibataire,$120K +,Silver,42,3,2,1527,42,0.044
711318033,Client actuel,47,M,3,Licence,Célibataire,$60K - $80K,Blue,36,2,2,0,24,0.0
783554958,Client actuel,58,M,4,Licence,Célibataire,$120K +,Blue,52,1,0,0,30,0.0
720201033,Client perdu,53,M,2,Licence,Marié(e),$80K - $120K,Blue,41,5,2,2227,23,0.191
718039683,Client actuel,52,M,2,Lycée (équivalent baccalauréat),Célibataire,$40K - $60K,Blue,45,1,2,1300,29,0.096
710806083,Client actuel,50,F,1,Sans diplôme,Non connu,Moins de $40K,Silver,36,2,2,2090,30,0.176
714752208,Client actuel,42,F,1,Licence,Marié(e),Moins de $40K,Blue,36,1,2,1985,16,0.83
822063408,Client actuel,43,M,4,Non connu,Marié(e),$40K - $60K,Blue,39,1,2,2517,16,0.412
714490308,Client actuel,57,M,4,Licence,Marié(e),$80K - $120K,Blue,46,2,3,1662,28,0.086
713356833,Client actuel,52,M,1,Licence,Célibataire,$80K - $120K,Blue,43,1,4,2517,34,0.678
711402333,Client actuel,47,M,2,Doctorat,Célibataire,Moins de $40K,Blue,37,1,3,797,32,0.246
708296883,Client actuel,44,F,3,Licence,Célibataire,$40K - $60K,Blue,38,1,0,788,27,0.067
719154483,Client actuel,53,M,2,Lycée (équivalent baccalauréat),Divorcé(e),$60K - $80K,Blue,36,3,2,2100,26,0.271
717721458,Client actuel,45,M,4,Niveau Bac+2,Divorcé(e),$60K - $80K,Blue,40,1,0,1186,42,0.114
711112683,Client actuel,63,F,1,Niveau Bac+2,Marié(e),Non connu,Blue,36,2,3,1568,29,0.395
715674483,Client actuel,39,F,2,Master,Célibataire,Moins de $40K,Blue,27,2,2,2517,19,0.406
789322833,Client perdu,48,F,5,Lycée (équivalent baccalauréat),Marié(e),$40K - $60K,Blue,38,5,3,0,18,0.0
789968058,Client actuel,51,M,1,Non connu,Célibataire,$120K +,Blue,42,2,3,2327,18,0.258
709919283,Client actuel,54,M,4,Licence,Marié(e),$80K - $120K,Blue,34,3,2,2517,25,0.169
718744008,Client actuel,59,F,1,Licence,Célibataire,Moins de $40K,Blue,36,2,3,1128,20,0.178
767712558,Client perdu,59,M,1,Niveau Bac+2,Célibataire,$60K - $80K,Blue,53,5,3,0,10,0.0
712950783,Client perdu,48,F,4,Sans diplôme,Marié(e),$40K - $60K,Blue,38,2,3,0,16,0.0
716104983,Client actuel,41,F,2,Licence,Célibataire,Moins de $40K,Blue,32,3,2,2117,31,0.941
818839983,Client actuel,55,M,2,Licence,Célibataire,$120K +,Blue,50,2,0,1536,34,0.141
772288758,Client actuel,47,F,4,Licence,Marié(e),Non connu,Blue,36,1,3,1228,30,0.23
712350858,Client actuel,41,M,2,Lycée (équivalent baccalauréat),Célibataire,$80K - $120K,Blue,24,1,3,1104,39,0.118
711009708,Client actuel,40,M,3,Lycée (équivalent baccalauréat),Célibataire,$80K - $120K,Blue,28,1,0,0,22,0.0
712720158,Client actuel,68,M,1,Licence,Marié(e),Non connu,Blue,56,2,3,1652,32,0.119
712215258,Client actuel,50,F,1,Licence,Célibataire,$40K - $60K,Silver,31,2,3,0,22,0.0
773827008,Client actuel,47,M,4,Sans diplôme,Célibataire,$60K - $80K,Blue,41,2,2,1540,29,0.64
795232683,Client actuel,53,F,1,Niveau Bac+2,Marié(e),Moins de $40K,Blue,47,2,3,930,26,0.432
713786508,Client actuel,42,F,5,Non connu,Marié(e),$40K - $60K,Blue,36,3,3,0,28,0.0
713539833,Client actuel,48,F,4,Lycée (équivalent baccalauréat),Célibataire,$40K - $60K,Blue,38,1,3,0,29,0.0
712454058,Client actuel,49,M,1,Doctorat,Célibataire,$120K +,Blue,38,1,3,618,27,0.066
718759833,Client actuel,44,F,2,Sans diplôme,Marié(e),Non connu,Silver,35,3,2,0,24,0.0
718803333,Client actuel,43,F,4,Licence,Divorcé(e),Moins de $40K,Blue,34,3,1,1954,29,0.612
720253908,Client actuel,56,M,0,Lycée (équivalent baccalauréat),Célibataire,$80K - $120K,Blue,43,2,1,1024,28,0.359
714133158,Client actuel,59,F,1,Niveau Bac+2,Célibataire,Non connu,Blue,36,3,3,1305,31,0.309
713187033,Client actuel,46,M,1,Sans diplôme,Célibataire,$60K - $80K,Blue,36,2,2,2071,38,0.101
714791208,Client actuel,47,F,4,Non connu,Divorcé(e),Moins de $40K,Blue,41,5,3,2114,24,0.607
772426383,Client actuel,50,F,4,Sans diplôme,Marié(e),$40K - $60K,Blue,40,2,3,1570,28,0.512
710975883,Client actuel,51,F,3,Sans diplôme,Marié(e),Moins de $40K,Blue,43,1,2,1761,30,0.806
714264408,Client actuel,47,F,3,Sans diplôme,Marié(e),Moins de $40K,Blue,36,1,0,746,29,0.463
715827858,Client actuel,58,F,4,Sans diplôme,Marié(e),Moins de $40K,Blue,47,3,3,2173,23,0.77
713741358,Client perdu,46,M,5,Licence,Marié(e),$80K - $120K,Blue,33,5,3,2517,17,0.076
709531908,Client actuel,53,M,3,Lycée (équivalent baccalauréat),Marié(e),$60K - $80K,Blue,47,2,2,0,53,0.0
716493408,Client actuel,45,F,4,Sans diplôme,Divorcé(e),Non connu,Blue,36,3,3,1719,37,0.108
714141108,Client actuel,52,F,1,Lycée (équivalent baccalauréat),Marié(e),Moins de $40K,Blue,45,3,3,893,28,0.133
708953883,Client perdu,53,M,2,Non connu,Marié(e),$80K - $120K,Blue,36,2,1,0,20,0.0
712608783,Client actuel,50,M,2,Lycée (équivalent baccalauréat),Célibataire,$80K - $120K,Silver,45,1,3,1260,34,0.037
820353558,Client actuel,41,F,3,Lycée (équivalent baccalauréat),Marié(e),$40K - $60K,Blue,36,1,2,1434,34,0.146
714964758,Client actuel,45,F,5,Licence,Divorcé(e),$40K - $60K,Blue,36,2,2,1777,28,0.171
716264358,Client actuel,53,M,3,Sans diplôme,Célibataire,$80K - $120K,Blue,42,1,2,1836,47,0.069
717296808,Client actuel,67,F,1,Licence,Marié(e),Moins de $40K,Blue,56,3,2,2517,32,0.837
712977183,Client actuel,57,F,2,Sans diplôme,Célibataire,$40K - $60K,Silver,36,3,0,1072,22,0.055
710829108,Client actuel,59,F,1,Sans diplôme,Marié(e),$40K - $60K,Blue,36,2,3,985,28,0.294
779562633,Client actuel,45,M,2,Sans diplôme,Marié(e),$40K - $60K,Blue,34,2,1,2248,18,0.39
715315833,Client actuel,51,M,3,Licence,Célibataire,$80K - $120K,Blue,36,2,3,2107,24,0.19
815500983,Client actuel,59,F,1,Sans diplôme,Marié(e),Moins de $40K,Blue,54,3,0,2001,36,0.692
719360583,Client actuel,53,M,1,Licence,Célibataire,$60K - $80K,Blue,45,2,2,1701,25,0.503
709701558,Client actuel,47,M,3,Licence,Marié(e),$60K - $80K,Blue,36,1,2,1251,50,0.059
721148358,Client actuel,49,F,3,Sans diplôme,Célibataire,Non connu,Blue,38,2,1,0,27,0.0
779862408,Client actuel,49,M,3,Master,Célibataire,$80K - $120K,Blue,33,1,0,462,33,0.074
812627208,Client actuel,60,F,0,Niveau Bac+2,Célibataire,Moins de $40K,Blue,55,1,3,738,33,0.513
711033408,Client actuel,50,F,2,Lycée (équivalent baccalauréat),Marié(e),Moins de $40K,Blue,36,1,2,1626,28,0.174
779956608,Client actuel,41,F,2,Master,Marié(e),Non connu,Blue,31,1,3,0,32,0.0
780376683,Client actuel,57,M,1,Licence,Célibataire,$80K - $120K,Blue,47,3,1,1976,24,0.135
717912483,Client actuel,43,M,4,Licence,Non connu,$80K - $120K,Blue,27,2,0,0,35,0.0
714454758,Client actuel,57,F,3,Licence,Marié(e),Moins de $40K,Blue,47,2,3,1594,37,0.251
780466533,Client actuel,54,M,3,Doctorat,Marié(e),$120K +,Blue,41,3,0,1676,52,0.078
715735233,Client actuel,51,F,5,Master,Marié(e),Moins de $40K,Blue,44,1,1,1598,42,0.463
720476733,Client actuel,47,F,3,Lycée (équivalent baccalauréat),Marié(e),Moins de $40K,Blue,34,1,2,799,22,0.133
715872333,Client actuel,41,M,0,Lycée (équivalent baccalauréat),Non connu,$120K +,Blue,36,2,3,1998,21,0.11
712375758,Client actuel,53,M,3,Sans diplôme,Célibataire,$80K - $120K,Blue,43,3,1,1423,42,0.087
708868233,Client perdu,68,M,0,Lycée (équivalent baccalauréat),Marié(e),$40K - $60K,Blue,52,5,2,900,21,0.626
718030083,Client actuel,59,M,1,Niveau Bac+2,Célibataire,$60K - $80K,Blue,36,1,2,1687,22,0.214
720707283,Client actuel,48,M,4,Non connu,Marié(e),$80K - $120K,Blue,36,3,0,866,42,0.164
771698658,Client actuel,44,M,5,Licence,Marié(e),$60K - $80K,Blue,32,5,3,2006,27,0.176
748326258,Client actuel,48,M,3,Niveau Bac+2,Célibataire,$80K - $120K,Blue,41,5,3,1632,41,0.133
770817783,Client actuel,47,M,4,Licence,Marié(e),$60K - $80K,Silver,33,2,1,1679,27,0.049
779353083,Client actuel,47,M,2,Licence,Célibataire,$60K - $80K,Silver,32,2,2,1468,32,0.043
711441333,Client actuel,43,F,1,Lycée (équivalent baccalauréat),Divorcé(e),Moins de $40K,Silver,35,2,2,1580,27,0.15
719808558,Client perdu,55,F,2,Licence,Marié(e),$40K - $60K,Blue,43,5,3,0,27,0.0
711551958,Client perdu,59,M,2,Master,Marié(e),$60K - $80K,Blue,46,5,3,0,24,0.0
809164083,Client actuel,63,M,1,Licence,Marié(e),$40K - $60K,Blue,56,1,2,1779,37,0.679
820596183,Client actuel,58,M,2,Niveau Bac+2,Célibataire,$120K +,Blue,53,3,0,2395,48,0.098
715999608,Client actuel,53,F,2,Lycée (équivalent baccalauréat),Marié(e),Moins de $40K,Blue,36,1,2,1649,26,0.694
710565408,Client actuel,59,M,0,Non connu,Non connu,$80K - $120K,Silver,40,2,3,1359,26,0.039
805543158,Client actuel,52,M,3,Licence,Marié(e),$120K +,Blue,47,3,3,2207,40,0.199
709752183,Client actuel,48,M,3,Lycée (équivalent baccalauréat),Célibataire,$60K - $80K,Blue,36,2,2,2517,37,0.22
716479233,Client actuel,43,M,4,Lycée (équivalent baccalauréat),Marié(e),$40K - $60K,Blue,36,3,2,1721,21,0.13
713837058,Client actuel,48,M,2,Niveau Bac+2,Célibataire,Moins de $40K,Blue,36,2,3,1955,24,0.76
718876683,Client actuel,43,F,4,Licence,Célibataire,Moins de $40K,Blue,31,2,0,1168,32,0.202
770746908,Client actuel,44,M,4,Non connu,Marié(e),$60K - $80K,Blue,30,1,2,2509,32,0.319
794843883,Client actuel,41,M,3,Lycée (équivalent baccalauréat),Célibataire,$80K - $120K,Blue,35,1,2,1202,33,0.035
803043933,Client actuel,44,F,3,Sans diplôme,Divorcé(e),Moins de $40K,Silver,38,1,3,1835,25,0.165
758076408,Client actuel,50,M,2,Non connu,Célibataire,$40K - $60K,Blue,43,1,3,1603,43,0.863
714606558,Client actuel,60,F,1,Sans diplôme,Marié(e),Moins de $40K,Blue,36,1,0,1272,22,0.665
778425408,Client actuel,44,M,4,Licence,Marié(e),$80K - $120K,Blue,24,3,0,2295,24,0.598
714171108,Client actuel,48,F,3,Licence,Divorcé(e),$40K - $60K,Blue,39,2,3,1141,20,0.539
719662458,Client actuel,44,F,2,Licence,Divorcé(e),Moins de $40K,Blue,27,2,2,679,29,0.472
713137233,Client actuel,41,M,2,Lycée (équivalent baccalauréat),Célibataire,$80K - $120K,Blue,28,3,0,1789,24,0.064
769425858,Client actuel,45,M,3,Niveau Bac+2,Célibataire,$60K - $80K,Blue,32,1,2,0,26,0.0
711297483,Client actuel,47,F,2,Sans diplôme,Divorcé(e),Moins de $40K,Silver,34,4,2,2222,38,0.16
788900883,Client actuel,51,F,2,Licence,Marié(e),Moins de $40K,Blue,36,1,3,1304,38,0.42
758348808,Client actuel,51,M,2,Licence,Célibataire,$120K +,Blue,44,3,3,1666,18,0.048
772336458,Client perdu,60,F,1,Sans diplôme,Marié(e),$40K - $60K,Blue,50,6,3,1025,12,0.713
708711483,Client actuel,57,M,2,Non connu,Célibataire,$80K - $120K,Blue,46,3,0,1740,21,0.092
717906783,Client actuel,41,M,5,Licence,Célibataire,$120K +,Blue,29,2,2,1748,26,0.336
719437908,Client actuel,44,M,3,Master,Divorcé(e),$80K - $120K,Blue,36,2,2,1644,50,0.092
769433508,Client actuel,43,M,1,Niveau Bac+2,Célibataire,$60K - $80K,Blue,37,3,3,1819,25,0.666
790096533,Client actuel,55,M,2,Niveau Bac+2,Célibataire,$60K - $80K,Blue,48,3,2,1301,27,0.147
720997383,Client perdu,52,M,1,Sans diplôme,Marié(e),$80K - $120K,Blue,36,4,3,1833,17,0.987
787541883,Client actuel,44,M,3,Licence,Non connu,$80K - $120K,Blue,33,3,3,0,27,0.0
709930758,Client actuel,41,M,2,Sans diplôme,Marié(e),$40K - $60K,Blue,30,3,3,1222,33,0.11
789830058,Client actuel,44,M,4,Non connu,Marié(e),$80K - $120K,Blue,34,1,2,1585,36,0.073
710299608,Client perdu,53,F,2,Non connu,Marié(e),$40K - $60K,Blue,33,4,3,2517,30,0.88
710741208,Client actuel,39,M,2,Lycée (équivalent baccalauréat),Célibataire,$80K - $120K,Blue,36,2,2,1475,25,0.28
821797008,Client perdu,49,M,5,Niveau Bac+2,Marié(e),$40K - $60K,Blue,45,2,3,0,21,0.0
708874533,Client perdu,45,F,2,Niveau Bac+2,Marié(e),$40K - $60K,Blue,36,4,2,0,24,0.0
715341858,Client actuel,54,M,2,Licence,Célibataire,$80K - $120K,Blue,46,2,3,1289,49,0.65
793636308,Client actuel,49,M,3,Sans diplôme,Célibataire,$80K - $120K,Blue,43,2,2,1650,33,0.355
713779908,Client actuel,46,F,3,Doctorat,Célibataire,Non connu,Blue,36,3,2,1666,36,0.761
712125258,Client perdu,46,M,4,Lycée (équivalent baccalauréat),Marié(e),$120K +,Blue,30,5,3,0,19,0.0
709703433,Client actuel,47,M,3,Licence,Marié(e),$60K - $80K,Blue,38,1,2,1532,25,0.072
721022433,Client actuel,44,M,2,Doctorat,Célibataire,$60K - $80K,Blue,36,1,2,2480,35,0.327
710103558,Client actuel,50,M,3,Master,Célibataire,$120K +,Blue,31,1,2,1486,28,0.459
715952883,Client actuel,73,M,0,Lycée (équivalent baccalauréat),Marié(e),$40K - $60K,Blue,36,3,2,1125,34,0.252
719731458,Client actuel,56,M,3,Non connu,Non connu,$40K - $60K,Blue,46,3,4,709,27,0.244
772390908,Client perdu,59,M,0,Lycée (équivalent baccalauréat),Célibataire,$60K - $80K,Blue,48,6,3,1054,17,0.291
787348608,Client actuel,70,M,0,Lycée (équivalent baccalauréat),Marié(e),Moins de $40K,Blue,56,2,3,1495,15,0.46
709485033,Client actuel,55,F,2,Lycée (équivalent baccalauréat),Marié(e),Moins de $40K,Blue,36,3,3,1152,26,0.489
715432608,Client actuel,43,M,4,Non connu,Célibataire,$60K - $80K,Blue,36,1,0,953,34,0.043
799471833,Client actuel,45,M,1,Sans diplôme,Célibataire,$120K +,Blue,39,2,2,1510,38,0.482
714187533,Client actuel,45,F,2,Sans diplôme,Célibataire,$40K - $60K,Blue,35,3,0,849,28,0.24
779656908,Client actuel,40,M,1,Licence,Marié(e),$40K - $60K,Blue,23,3,2,1378,29,0.197
788950158,Client actuel,36,M,2,Niveau Bac+2,Non connu,$80K - $120K,Blue,22,2,3,1652,39,0.048
778867533,Client perdu,59,F,0,Master,Marié(e),$60K - $80K,Blue,40,6,1,0,23,0.0
710620383,Client actuel,43,M,4,Non connu,Marié(e),$60K - $80K,Blue,35,3,2,1171,17,0.048
778661358,Client actuel,46,F,1,Non connu,Marié(e),Moins de $40K,Blue,36,3,2,2143,40,0.866
789483333,Client actuel,41,M,2,Sans diplôme,Marié(e),$40K - $60K,Blue,32,1,3,795,23,0.152
809855808,Client actuel,51,F,2,Licence,Marié(e),Moins de $40K,Blue,46,2,2,1650,20,0.317
718464258,Client actuel,51,F,3,Non connu,Non connu,Moins de $40K,Blue,25,2,2,1082,22,0.114
708528483,Client actuel,43,F,4,Licence,Divorcé(e),Non connu,Blue,23,3,2,2430,33,0.762
771809733,Client perdu,64,F,0,Lycée (équivalent baccalauréat),Marié(e),$60K - $80K,Blue,53,5,3,0,18,0.0
719942883,Client actuel,54,M,5,Licence,Marié(e),$60K - $80K,Blue,38,3,3,1434,18,0.626
807226683,Client actuel,48,M,3,Non connu,Célibataire,$40K - $60K,Blue,43,1,3,1115,41,0.211
717806133,Client actuel,40,M,2,Sans diplôme,Divorcé(e),$60K - $80K,Blue,29,3,0,0,31,0.0
720615708,Client actuel,57,M,0,Sans diplôme,Marié(e),$40K - $60K,Blue,45,2,2,0,32,0.0
714511758,Client actuel,45,M,4,Licence,Marié(e),$80K - $120K,Blue,40,3,0,1029,16,0.162
715050408,Client actuel,41,M,3,Lycée (équivalent baccalauréat),Célibataire,$80K - $120K,Blue,36,3,3,1576,32,0.196
721132233,Client actuel,42,F,4,Sans diplôme,Marié(e),Moins de $40K,Blue,31,2,2,1769,30,0.734
719211558,Client perdu,45,M,2,Licence,Célibataire,$60K - $80K,Blue,36,1,2,0,18,0.0
712069008,Client actuel,42,F,4,Sans diplôme,Marié(e),Moins de $40K,Blue,23,2,0,1007,33,0.446
715996983,Client actuel,47,M,4,Sans diplôme,Divorcé(e),$80K - $120K,Blue,30,2,2,2481,31,0.14
773466258,Client actuel,48,F,4,Lycée (équivalent baccalauréat),Marié(e),$40K - $60K,Blue,42,1,3,1100,22,0.262
798983508,Client actuel,43,M,1,Licence,Célibataire,$80K - $120K,Silver,37,3,2,1440,34,0.042
719117433,Client actuel,41,M,4,Lycée (équivalent baccalauréat),Non connu,$80K - $120K,Blue,36,3,0,2168,24,0.094
716451183,Client actuel,54,F,1,Sans diplôme,Marié(e),$40K - $60K,Blue,44,2,3,1711,21,0.308
718621608,Client perdu,54,F,2,Lycée (équivalent baccalauréat),Marié(e),Non connu,Blue,44,5,1,0,14,0.0
715085733,Client actuel,61,M,0,Licence,Marié(e),$40K - $60K,Blue,52,1,2,1999,33,0.68
788977833,Client actuel,61,M,0,Sans diplôme,Célibataire,$80K - $120K,Blue,48,1,0,1274,41,0.238
720272958,Client perdu,48,M,2,Lycée (équivalent baccalauréat),Marié(e),$120K +,Blue,36,5,3,0,25,0.0
708421833,Client actuel,45,F,4,Licence,Célibataire,Moins de $40K,Blue,36,3,2,2517,30,0.753
709173108,Client perdu,54,F,4,Licence,Marié(e),Non connu,Blue,40,2,2,2221,21,0.877
709879458,Client actuel,54,F,3,Doctorat,Marié(e),Non connu,Blue,46,2,3,1376,45,0.724
715120608,Client actuel,44,M,3,Licence,Célibataire,$60K - $80K,Blue,37,3,2,1703,27,0.117
770632758,Client actuel,50,F,4,Doctorat,Célibataire,Non connu,Blue,36,3,2,1608,33,0.638
779078733,Client actuel,55,M,2,Doctorat,Célibataire,$60K - $80K,Blue,36,4,3,1682,36,0.102
771742533,Client actuel,48,M,2,Licence,Non connu,$40K - $60K,Blue,36,1,2,1718,28,0.131
720250158,Client actuel,45,M,2,Niveau Bac+2,Célibataire,$60K - $80K,Blue,33,3,0,1814,37,0.078
716458983,Client actuel,60,M,0,Lycée (équivalent baccalauréat),Marié(e),$40K - $60K,Blue,36,1,3,837,29,0.255
713747733,Client actuel,55,M,2,Lycée (équivalent baccalauréat),Marié(e),$40K - $60K,Blue,47,3,2,2217,41,0.716
712270158,Client actuel,62,F,0,Lycée (équivalent baccalauréat),Marié(e),$40K - $60K,Blue,52,2,3,1250,31,0.609
789562383,Client actuel,38,F,1,Lycée (équivalent baccalauréat),Non connu,Moins de $40K,Blue,30,3,0,583,24,0.405
754897008,Client actuel,46,M,3,Lycée (équivalent baccalauréat),Célibataire,$40K - $60K,Blue,39,3,2,1418,26,0.15
819700533,Client actuel,50,M,0,Lycée (équivalent baccalauréat),Célibataire,$120K +,Silver,45,2,3,2303,27,0.154
712890408,Client actuel,45,M,2,Sans diplôme,Célibataire,$60K - $80K,Blue,36,3,2,1343,30,0.605
720248208,Client actuel,47,M,3,Master,Divorcé(e),$60K - $80K,Blue,37,3,0,1577,26,0.275
779749908,Client actuel,48,M,4,Niveau Bac+2,Marié(e),$60K - $80K,Gold,33,2,3,2061,32,0.06
717401883,Client actuel,35,M,3,Sans diplôme,Marié(e),$60K - $80K,Blue,22,2,2,1130,44,0.162
721509558,Client actuel,51,M,2,Licence,Célibataire,$120K +,Blue,42,3,0,1707,40,0.07
710572458,Client actuel,36,F,3,Lycée (équivalent baccalauréat),Marié(e),Non connu,Blue,24,1,1,0,43,0.0
714576183,Client actuel,47,M,4,Licence,Marié(e),$80K - $120K,Blue,36,3,2,2030,23,0.094
721425558,Client actuel,52,M,2,Licence,Célibataire,$120K +,Blue,37,3,2,0,37,0.0
711109908,Client actuel,43,F,4,Sans diplôme,Marié(e),Moins de $40K,Blue,36,1,1,2475,31,0.256
715203108,Client actuel,63,M,2,Lycée (équivalent baccalauréat),Marié(e),$40K - $60K,Blue,36,2,2,930,28,0.186
710027508,Client actuel,61,M,0,Licence,Célibataire,$60K - $80K,Blue,54,2,0,1047,33,0.648
787464408,Client actuel,53,M,2,Sans diplôme,Célibataire,$60K - $80K,Blue,40,2,2,0,29,0.0
783542133,Client actuel,53,F,3,Licence,Marié(e),Moins de $40K,Blue,47,6,2,2223,42,0.806
708330858,Client perdu,57,M,3,Licence,Marié(e),$120K +,Blue,38,5,3,1381,11,0.167
714426783,Client actuel,38,F,2,Licence,Célibataire,Non connu,Blue,31,3,2,2154,29,0.153
712701333,Client actuel,53,M,3,Lycée (équivalent baccalauréat),Marié(e),$60K - $80K,Blue,43,3,2,2169,27,0.412
709494483,Client actuel,63,F,0,Non connu,Marié(e),Moins de $40K,Blue,54,2,1,1912,36,0.79
773373108,Client actuel,49,F,4,Lycée (équivalent baccalauréat),Marié(e),Moins de $40K,Blue,43,2,0,2070,28,0.732
715812258,Client actuel,45,M,2,Lycée (équivalent baccalauréat),Célibataire,$80K - $120K,Blue,34,5,2,1539,33,0.123
778286433,Client actuel,67,M,0,Licence,Marié(e),$40K - $60K,Blue,56,2,1,1297,55,0.221
789270033,Client actuel,48,M,3,Licence,Célibataire,$80K - $120K,Silver,37,2,3,0,13,0.0
711569433,Client actuel,51,F,2,Sans diplôme,Divorcé(e),Moins de $40K,Blue,38,1,2,1926,22,0.2
720214833,Client actuel,52,M,2,Lycée (équivalent baccalauréat),Célibataire,$80K - $120K,Silver,40,3,3,2177,23,0.063
709346133,Client actuel,55,F,2,Sans diplôme,Marié(e),Non connu,Blue,35,3,0,2376,23,0.785
788194458,Client actuel,34,M,3,Lycée (équivalent baccalauréat),Marié(e),$60K - $80K,Blue,26,3,3,2517,35,0.771
720779733,Client actuel,56,M,1,Sans diplôme,Célibataire,$120K +,Blue,36,2,2,1355,49,0.224
717424458,Client actuel,44,F,2,Master,Marié(e),Moins de $40K,Blue,36,3,2,1823,22,0.795
708820308,Client actuel,47,M,3,Master,Non connu,$80K - $120K,Blue,36,2,2,2505,31,0.187
710558058,Client actuel,46,F,3,Non connu,Marié(e),Moins de $40K,Blue,38,3,3,2517,36,0.583
770590758,Client actuel,43,F,3,Licence,Célibataire,$40K - $60K,Blue,29,2,0,1069,16,0.316
718490658,Client actuel,50,F,1,Licence,Célibataire,Moins de $40K,Blue,36,1,3,2242,28,0.447
711985833,Client actuel,38,F,4,Sans diplôme,Célibataire,Moins de $40K,Blue,30,1,0,1605,46,0.625
708967608,Client actuel,53,F,1,Licence,Célibataire,Moins de $40K,Blue,45,1,2,1785,24,0.514
718505958,Client actuel,43,M,5,Licence,Divorcé(e),$120K +,Silver,31,3,3,1699,38,0.049
715024233,Client actuel,53,M,1,Lycée (équivalent baccalauréat),Célibataire,$120K +,Blue,36,3,2,1844,32,0.557
779249583,Client actuel,56,F,1,Licence,Marié(e),Moins de $40K,Blue,38,3,3,2462,29,0.955
709278258,Client perdu,54,M,2,Non connu,Marié(e),$40K - $60K,Blue,44,5,2,2517,26,0.867
778928283,Client actuel,57,F,3,Lycée (équivalent baccalauréat),Marié(e),Moins de $40K,Blue,39,2,1,2321,32,0.846
712299858,Client actuel,62,M,1,Lycée (équivalent baccalauréat),Marié(e),Moins de $40K,Blue,53,3,3,1571,38,0.756
799224108,Client actuel,46,F,4,Licence,Célibataire,Moins de $40K,Blue,40,1,2,1942,43,0.31
809976033,Client actuel,49,M,2,Sans diplôme,Célibataire,$60K - $80K,Blue,44,3,0,1560,25,0.2
716203308,Client actuel,52,M,3,Licence,Célibataire,$80K - $120K,Blue,42,3,3,1692,22,0.62
714871683,Client perdu,58,M,1,Sans diplôme,Marié(e),$40K - $60K,Blue,36,5,3,537,13,0.373
716139933,Client actuel,54,M,0,Lycée (équivalent baccalauréat),Célibataire,$80K - $120K,Blue,36,1,2,1710,49,0.105
716984658,Client actuel,49,M,1,Licence,Célibataire,$120K +,Blue,39,2,3,0,31,0.0
713086008,Client actuel,58,F,3,Lycée (équivalent baccalauréat),Marié(e),Moins de $40K,Blue,47,1,0,2439,34,0.935
713773458,Client actuel,52,M,2,Lycée (équivalent baccalauréat),Célibataire,$60K - $80K,Blue,45,3,2,1173,32,0.155
719242533,Client actuel,41,M,5,Lycée (équivalent baccalauréat),Marié(e),$60K - $80K,Blue,33,3,3,2517,38,0.111
772712658,Client actuel,62,F,0,Sans diplôme,Marié(e),Moins de $40K,Blue,50,1,2,1648,34,0.435
788868858,Client actuel,54,M,2,Licence,Marié(e),Moins de $40K,Blue,39,4,2,2517,32,0.932
811898133,Client actuel,40,F,3,Lycée (équivalent baccalauréat),Divorcé(e),Moins de $40K,Blue,35,1,3,2117,32,0.829
788808633,Client actuel,43,M,3,Licence,Célibataire,$80K - $120K,Blue,26,3,2,1090,29,0.463
779804208,Client actuel,53,F,2,Licence,Célibataire,$40K - $60K,Blue,42,2,0,0,39,0.0
781391058,Client actuel,55,M,1,Sans diplôme,Célibataire,$40K - $60K,Blue,49,3,2,1375,38,0.953
790134408,Client actuel,46,M,4,Licence,Célibataire,$60K - $80K,Blue,39,2,3,755,22,0.07
788853258,Client actuel,41,M,1,Sans diplôme,Célibataire,$60K - $80K,Blue,25,2,0,1503,39,0.188
711857733,Client actuel,49,M,3,Sans diplôme,Célibataire,$60K - $80K,Blue,32,2,2,2517,34,0.135
822969858,Client actuel,61,F,0,Licence,Marié(e),Non connu,Blue,56,1,3,1465,31,0.262
719554758,Client actuel,46,M,2,Sans diplôme,Célibataire,$80K - $120K,Blue,38,3,2,2165,32,0.063
711643458,Client actuel,50,F,1,Sans diplôme,Marié(e),Moins de $40K,Blue,43,3,4,0,41,0.0
788830683,Client actuel,40,M,2,Licence,Célibataire,$80K - $120K,Blue,24,1,0,2031,31,0.82
807030858,Client actuel,51,M,4,Lycée (équivalent baccalauréat),Célibataire,$120K +,Blue,46,3,3,2274,47,0.066
793059108,Client actuel,50,F,2,Licence,Marié(e),$40K - $60K,Blue,44,2,3,1440,22,0.616
716568708,Client actuel,47,F,2,Licence,Marié(e),Moins de $40K,Blue,36,3,2,0,27,0.0
828281733,Client actuel,43,M,4,Non connu,Marié(e),$120K +,Blue,39,3,3,848,23,0.057
717229158,Client actuel,36,F,4,Licence,Marié(e),$40K - $60K,Blue,36,3,3,969,15,0.595
715915458,Client actuel,47,F,2,Licence,Marié(e),Moins de $40K,Blue,34,2,2,1644,31,0.521
819129858,Client actuel,46,F,2,Licence,Célibataire,Moins de $40K,Blue,41,3,0,1270,31,0.268
713441958,Client actuel,46,M,2,Lycée (équivalent baccalauréat),Célibataire,$120K +,Blue,36,3,2,1785,25,0.09
719091333,Client actuel,52,M,0,Sans diplôme,Célibataire,$60K - $80K,Blue,36,3,2,793,27,0.035
708666258,Client actuel,43,M,4,Non connu,Marié(e),$40K - $60K,Blue,36,3,0,1799,33,0.221
714914583,Client actuel,40,F,4,Licence,Célibataire,Moins de $40K,Blue,27,2,3,1521,30,0.405
714363858,Client actuel,54,F,4,Lycée (équivalent baccalauréat),Marié(e),Moins de $40K,Blue,36,5,3,1411,35,0.885
721347408,Client actuel,55,F,1,Lycée (équivalent baccalauréat),Célibataire,Moins de $40K,Blue,43,2,0,1403,39,0.546
809608533,Client actuel,49,F,4,Master,Célibataire,Non connu,Blue,44,3,2,1586,48,0.087
772047183,Client actuel,45,M,4,Lycée (équivalent baccalauréat),Marié(e),$40K - $60K,Blue,34,3,3,1766,24,0.569
714217908,Client actuel,49,M,3,Licence,Marié(e),$40K - $60K,Blue,41,3,2,1560,32,0.648
714819183,Client actuel,63,M,1,Sans diplôme,Célibataire,$80K - $120K,Blue,36,2,3,1955,28,0.08
716455683,Client actuel,40,F,3,Lycée (équivalent baccalauréat),Célibataire,Moins de $40K,Gold,36,2,3,726,28,0.047
710865633,Client actuel,41,F,2,Licence,Marié(e),Moins de $40K,Silver,33,2,0,2250,29,0.183
752952108,Client actuel,37,M,4,Licence,Marié(e),$80K - $120K,Blue,26,2,3,1818,37,0.639
712595433,Client actuel,58,M,2,Sans diplôme,Non connu,$120K +,Blue,49,2,3,1794,37,0.183
714982383,Client actuel,55,M,2,Lycée (équivalent baccalauréat),Célibataire,$60K - $80K,Blue,36,3,3,2381,23,0.329
813814008,Client actuel,53,F,1,Lycée (équivalent baccalauréat),Marié(e),Moins de $40K,Blue,48,3,2,1576,37,0.678
794545983,Client actuel,57,M,2,Licence,Célibataire,$80K - $120K,Blue,40,2,3,1980,34,0.162
708288108,Client perdu,43,M,4,Master,Non connu,$80K - $120K,Blue,30,6,3,1547,15,0.274
715585158,Client actuel,58,M,1,Licence,Célibataire,$60K - $80K,Blue,46,3,2,1617,25,0.161
810449883,Client actuel,64,M,0,Non connu,Marié(e),Moins de $40K,Blue,56,1,0,1915,27,0.865
789863208,Client actuel,54,F,2,Licence,Marié(e),Moins de $40K,Blue,44,2,3,1480,37,0.73
715022133,Client actuel,53,M,2,Licence,Célibataire,$60K - $80K,Blue,47,2,2,1162,26,0.183
712506708,Client actuel,39,F,3,Niveau Bac+2,Célibataire,Moins de $40K,Blue,25,1,2,2008,53,0.512
715699983,Client actuel,56,M,3,Lycée (équivalent baccalauréat),Marié(e),$60K - $80K,Blue,36,1,3,1233,29,0.134
818942433,Client actuel,54,F,4,Non connu,Divorcé(e),Moins de $40K,Blue,49,1,1,1288,33,0.137
712459233,Client actuel,59,F,1,Master,Marié(e),$40K - $60K,Blue,46,3,3,1346,57,0.692
716545383,Client actuel,42,M,3,Sans diplôme,Célibataire,$40K - $60K,Blue,36,1,0,1554,38,0.162
721144383,Client actuel,42,M,4,Licence,Marié(e),$60K - $80K,Silver,28,1,2,843,38,0.03
821837958,Client actuel,43,M,3,Niveau Bac+2,Non connu,$80K - $120K,Blue,39,3,1,1662,25,0.067
804359133,Client actuel,55,M,0,Lycée (équivalent baccalauréat),Célibataire,$120K +,Blue,49,3,3,2233,27,0.587
713308683,Client actuel,52,M,1,Sans diplôme,Célibataire,$80K - $120K,Blue,37,2,2,1306,39,0.478
788780958,Client actuel,46,M,1,Sans diplôme,Non connu,$40K - $60K,Blue,27,3,3,1253,21,0.098
717354558,Client perdu,57,M,2,Sans diplôme,Marié(e),$120K +,Blue,40,4,3,1120,17,0.361
798473808,Client actuel,48,M,3,Niveau Bac+2,Marié(e),$80K - $120K,Blue,42,3,0,0,32,0.0
712372158,Client actuel,45,M,4,Non connu,Marié(e),$120K +,Blue,33,1,3,2086,47,0.06
715192308,Client actuel,48,M,2,Lycée (équivalent baccalauréat),Célibataire,$120K +,Blue,36,5,2,2094,28,0.07
708813033,Client actuel,47,M,1,Licence,Célibataire,$40K - $60K,Blue,36,3,0,2033,37,0.312
714639783,Client perdu,42,M,3,Niveau Bac+2,Marié(e),$60K - $80K,Blue,34,4,3,0,18,0.0
709311633,Client actuel,41,M,2,Licence,Non connu,$60K - $80K,Silver,36,2,0,0,39,0.0
709470858,Client actuel,51,M,4,Niveau Bac+2,Marié(e),$120K +,Silver,31,2,1,1254,25,0.036
717292758,Client actuel,55,F,2,Licence,Célibataire,Moins de $40K,Blue,47,3,2,0,44,0.0
779241783,Client actuel,67,M,1,Sans diplôme,Marié(e),$40K - $60K,Blue,49,3,2,1675,38,0.539
715205358,Client actuel,39,M,1,Licence,Célibataire,$60K - $80K,Blue,31,1,1,913,35,0.36
778871508,Client actuel,54,M,3,Master,Célibataire,$60K - $80K,Blue,35,3,0,1954,24,0.15
779462433,Client actuel,55,F,2,Non connu,Marié(e),Moins de $40K,Blue,37,3,1,968,50,0.395
710147958,Client actuel,47,M,3,Lycée (équivalent baccalauréat),Marié(e),$40K - $60K,Silver,36,2,2,1249,33,0.077
709864833,Client actuel,49,M,2,Master,Célibataire,$60K - $80K,Blue,38,2,0,1965,26,0.243
778868958,Client perdu,42,F,2,Licence,Marié(e),$40K - $60K,Blue,23,5,3,1673,36,0.867
717276708,Client actuel,57,M,2,Non connu,Célibataire,$80K - $120K,Blue,36,3,2,2517,30,0.805
710004933,Client actuel,44,M,5,Sans diplôme,Marié(e),$60K - $80K,Blue,36,3,2,1454,25,0.168
753606108,Client actuel,56,M,3,Non connu,Célibataire,$60K - $80K,Blue,49,1,3,0,22,0.0
710940183,Client perdu,49,F,3,Licence,Marié(e),$40K - $60K,Blue,38,5,2,0,20,0.0
718927533,Client actuel,45,M,3,Licence,Célibataire,$80K - $120K,Blue,32,2,2,2517,42,0.103
719337408,Client actuel,63,M,0,Lycée (équivalent baccalauréat),Célibataire,$60K - $80K,Blue,36,2,3,0,43,0.0
772308408,Client actuel,44,M,3,Licence,Célibataire,$80K - $120K,Blue,33,3,3,785,22,0.19
712981383,Client actuel,44,F,4,Niveau Bac+2,Marié(e),Moins de $40K,Silver,37,2,2,1930,16,0.179
790099758,Client actuel,40,M,3,Lycée (équivalent baccalauréat),Marié(e),$40K - $60K,Blue,33,3,3,1001,11,0.145
709547658,Client perdu,39,M,2,Sans diplôme,Célibataire,$60K - $80K,Blue,36,5,3,1299,20,0.093
778770783,Client actuel,42,M,4,Lycée (équivalent baccalauréat),Marié(e),$80K - $120K,Blue,30,1,0,1916,21,0.064
713134458,Client actuel,54,M,3,Lycée (équivalent baccalauréat),Marié(e),$120K +,Blue,43,1,1,0,24,0.0
712159083,Client perdu,58,F,4,Non connu,Marié(e),$40K - $60K,Blue,46,5,3,0,35,0.0
713639958,Client actuel,46,F,4,Licence,Divorcé(e),Moins de $40K,Blue,36,3,1,820,41,0.087
771180033,Client actuel,47,F,4,Non connu,Divorcé(e),$40K - $60K,Blue,34,1,2,1851,31,0.529
717916758,Client actuel,67,F,0,Non connu,Marié(e),Non connu,Blue,56,3,3,2388,34,0.227
711089733,Client actuel,50,F,2,Niveau Bac+2,Divorcé(e),Moins de $40K,Blue,36,3,0,0,34,0.0
716988633,Client actuel,55,M,0,Lycée (équivalent baccalauréat),Divorcé(e),$60K - $80K,Blue,46,1,2,0,38,0.0
779031033,Client actuel,46,F,2,Licence,Marié(e),$40K - $60K,Blue,22,1,3,1627,36,0.706
716302383,Client actuel,47,F,4,Sans diplôme,Marié(e),$40K - $60K,Blue,36,1,3,2081,44,0.146
718281408,Client actuel,36,F,2,Non connu,Marié(e),$40K - $60K,Blue,25,1,2,1257,29,0.262
721333233,Client actuel,40,M,4,Doctorat,Divorcé(e),$60K - $80K,Blue,34,2,3,1727,39,0.075
794496033,Client actuel,57,M,2,Non connu,Célibataire,$80K - $120K,Blue,38,1,3,2280,36,0.099
710519433,Client actuel,48,M,1,Non connu,Divorcé(e),$80K - $120K,Blue,36,1,0,2517,40,0.804
814995933,Client actuel,58,F,3,Licence,Marié(e),Moins de $40K,Blue,53,3,2,1794,45,0.309
721469433,Client actuel,48,M,3,Licence,Célibataire,$40K - $60K,Blue,36,2,3,1390,35,0.202
788386908,Client perdu,58,M,3,Licence,Non connu,$80K - $120K,Platinum,41,2,2,1531,29,0.044
717198633,Client actuel,53,F,2,Niveau Bac+2,Marié(e),$40K - $60K,Blue,34,2,1,1469,49,0.708
767695083,Client actuel,50,M,2,Licence,Célibataire,$80K - $120K,Blue,44,3,0,0,37,0.0
711791583,Client perdu,52,F,1,Licence,Célibataire,$40K - $60K,Blue,40,2,2,0,19,0.0
712315683,Client perdu,53,F,2,Sans diplôme,Célibataire,$40K - $60K,Blue,45,1,1,1518,25,0.766
710038008,Client actuel,56,F,1,Licence,Célibataire,$40K - $60K,Blue,47,2,1,0,30,0.0
789129033,Client actuel,44,M,5,Non connu,Marié(e),$80K - $120K,Blue,32,3,2,877,26,0.059
718349058,Client actuel,49,M,3,Lycée (équivalent baccalauréat),Marié(e),$80K - $120K,Blue,39,3,2,1143,21,0.039
789842283,Client perdu,54,M,2,Licence,Marié(e),$60K - $80K,Blue,42,5,2,0,21,0.0
714513033,Client actuel,39,F,1,Non connu,Célibataire,$40K - $60K,Blue,36,1,3,0,23,0.0
714717483,Client actuel,39,F,3,Sans diplôme,Divorcé(e),Non connu,Blue,29,1,2,0,35,0.0
714900408,Client actuel,41,F,4,Lycée (équivalent baccalauréat),Célibataire,Moins de $40K,Blue,31,1,0,0,39,0.0
719418933,Client perdu,53,M,2,Sans diplôme,Marié(e),$80K - $120K,Blue,36,4,3,0,20,0.0
720115683,Client actuel,47,M,3,Sans diplôme,Marié(e),$80K - $120K,Blue,36,2,2,1565,42,0.053
779504058,Client actuel,46,F,2,Master,Marié(e),Moins de $40K,Blue,28,1,1,1910,25,0.381
795979833,Client actuel,53,F,1,Lycée (équivalent baccalauréat),Marié(e),Moins de $40K,Blue,47,1,2,1074,31,0.312
717392358,Client actuel,60,M,1,Licence,Célibataire,$80K - $120K,Blue,50,2,2,1078,50,0.046
718640508,Client actuel,59,F,0,Licence,Célibataire,Moins de $40K,Blue,46,1,2,1611,36,0.529
803366358,Client actuel,38,M,1,Non connu,Célibataire,$60K - $80K,Blue,29,2,1,2192,25,0.15
709230708,Client actuel,56,M,4,Sans diplôme,Célibataire,Moins de $40K,Blue,36,2,2,1654,42,0.428
781794708,Client perdu,35,M,3,Master,Non connu,$80K - $120K,Blue,29,1,3,1911,25,0.112
801383808,Client actuel,50,M,3,Licence,Célibataire,$60K - $80K,Blue,44,2,3,839,24,0.036
710677608,Client actuel,53,M,2,Master,Non connu,$80K - $120K,Blue,36,2,0,1208,43,0.041
708217758,Client actuel,63,M,2,Licence,Célibataire,$60K - $80K,Blue,49,2,3,2061,30,0.147
714272658,Client perdu,43,F,2,Sans diplôme,Célibataire,$40K - $60K,Blue,24,5,2,2517,31,0.85
717469158,Client actuel,46,M,2,Non connu,Célibataire,$80K - $120K,Blue,30,3,0,1385,54,0.075
711864783,Client actuel,61,M,1,Sans diplôme,Célibataire,$60K - $80K,Blue,46,3,2,1138,32,0.517
719407983,Client actuel,37,F,0,Master,Marié(e),Moins de $40K,Blue,25,3,2,1483,60,0.72
710665533,Client actuel,42,F,5,Doctorat,Marié(e),Non connu,Blue,23,2,2,1660,44,0.067
716804283,Client actuel,41,M,2,Sans diplôme,Divorcé(e),$120K +,Blue,29,2,2,896,33,0.056
767294658,Client perdu,56,M,2,Niveau Bac+2,Marié(e),$120K +,Blue,50,2,3,0,14,0.0
709122483,Client actuel,56,M,3,Licence,Marié(e),$60K - $80K,Blue,37,3,0,1526,54,0.548
708241233,Client perdu,52,F,3,Master,Marié(e),$40K - $60K,Blue,47,5,2,0,25,0.0
717860358,Client actuel,40,F,3,Lycée (équivalent baccalauréat),Célibataire,$40K - $60K,Blue,36,3,2,2235,42,0.436
789337233,Client actuel,63,M,1,Licence,Marié(e),$40K - $60K,Blue,53,6,2,2362,26,0.82
720902133,Client actuel,58,M,1,Lycée (équivalent baccalauréat),Célibataire,$40K - $60K,Blue,46,1,0,0,35,0.0
721043058,Client actuel,58,M,4,Non connu,Marié(e),$60K - $80K,Blue,44,1,3,2149,35,0.179
711870333,Client actuel,46,M,2,Sans diplôme,Divorcé(e),$80K - $120K,Blue,36,3,3,1597,51,0.046
708398283,Client actuel,37,F,1,Licence,Marié(e),$40K - $60K,Blue,29,2,2,885,32,0.201
715878183,Client actuel,46,M,4,Licence,Marié(e),$80K - $120K,Blue,35,3,3,723,33,0.039
719451483,Client actuel,46,F,4,Master,Marié(e),Moins de $40K,Blue,37,3,2,1972,25,0.523
709110633,Client actuel,41,M,1,Licence,Célibataire,$80K - $120K,Blue,29,1,3,1748,24,0.081
721059033,Client actuel,48,F,3,Lycée (équivalent baccalauréat),Divorcé(e),$40K - $60K,Blue,40,1,2,774,33,0.403
779912283,Client actuel,49,F,3,Licence,Célibataire,$40K - $60K,Blue,33,3,2,1713,38,0.171
717701733,Client actuel,44,M,2,Licence,Célibataire,$80K - $120K,Blue,35,2,2,2098,39,0.176
709913733,Client actuel,39,F,3,Niveau Bac+2,Marié(e),Moins de $40K,Blue,36,2,0,1529,32,0.671
718768158,Client actuel,57,M,1,Niveau Bac+2,Célibataire,$40K - $60K,Blue,48,1,2,0,23,0.0
721375308,Client actuel,48,M,3,Lycée (équivalent baccalauréat),Marié(e),$80K - $120K,Blue,36,1,3,1351,19,0.044
711374283,Client actuel,47,M,3,Lycée (équivalent baccalauréat),Célibataire,$80K - $120K,Blue,42,1,0,1923,32,0.079
822893133,Client actuel,56,F,1,Sans diplôme,Divorcé(e),Non connu,Blue,52,1,2,0,33,0.0
778465533,Client actuel,54,F,0,Niveau Bac+2,Marié(e),Moins de $40K,Blue,40,1,2,0,51,0.0
712138983,Client actuel,54,M,1,Licence,Célibataire,$60K - $80K,Blue,36,3,2,2216,53,0.752
716920908,Client actuel,52,M,4,Lycée (équivalent baccalauréat),Marié(e),$80K - $120K,Blue,42,1,0,1112,48,0.194
708095133,Client actuel,43,M,4,Non connu,Non connu,$120K +,Blue,34,2,2,1833,29,0.055
711195558,Client actuel,59,M,1,Niveau Bac+2,Célibataire,$40K - $60K,Blue,48,3,3,1603,36,0.221
772735758,Client actuel,44,M,1,Non connu,Marié(e),Non connu,Blue,34,2,0,1895,31,0.657
712024908,Client actuel,56,F,1,Niveau Bac+2,Marié(e),Moins de $40K,Blue,36,2,3,1257,39,0.476
778239933,Client actuel,45,F,4,Licence,Marié(e),Non connu,Blue,35,3,0,2043,46,0.729
714893733,Client actuel,55,M,1,Lycée (équivalent baccalauréat),Célibataire,$80K - $120K,Blue,45,3,3,809,33,0.048
754886958,Client actuel,48,F,3,Niveau Bac+2,Divorcé(e),$40K - $60K,Blue,41,1,3,1672,39,0.179
710104908,Client actuel,56,F,5,Niveau Bac+2,Célibataire,Moins de $40K,Blue,43,1,0,2517,31,0.911
710558883,Client actuel,41,M,3,Sans diplôme,Marié(e),$60K - $80K,Blue,36,3,2,1044,27,0.06
713827383,Client actuel,65,F,1,Lycée (équivalent baccalauréat),Marié(e),Moins de $40K,Blue,36,2,0,2493,44,0.78
720267033,Client actuel,34,M,4,Master,Marié(e),$80K - $120K,Blue,26,3,2,1786,63,0.35
712049208,Client actuel,56,M,3,Master,Marié(e),$60K - $80K,Blue,39,1,2,2517,25,0.636
708688608,Client actuel,62,F,1,Lycée (équivalent baccalauréat),Marié(e),Moins de $40K,Blue,48,3,1,1985,41,0.632
716223708,Client perdu,45,F,3,Sans diplôme,Marié(e),Non connu,Blue,36,5,3,710,22,0.176
713217858,Client actuel,38,F,2,Sans diplôme,Célibataire,Moins de $40K,Blue,32,3,3,0,28,0.0
819352983,Client actuel,49,M,3,Non connu,Non connu,$120K +,Blue,44,2,2,2008,33,0.093
711019308,Client actuel,58,M,2,Lycée (équivalent baccalauréat),Célibataire,$60K - $80K,Blue,45,2,0,1535,47,0.24
768600558,Client actuel,41,F,4,Licence,Célibataire,$40K - $60K,Blue,31,2,3,1658,28,0.698
710202783,Client actuel,33,M,2,Licence,Célibataire,$60K - $80K,Blue,13,3,3,1721,37,0.877
712899333,Client actuel,47,F,4,Niveau Bac+2,Célibataire,Moins de $40K,Blue,37,2,2,1084,29,0.255
767036433,Client actuel,56,F,1,Licence,Marié(e),Moins de $40K,Blue,49,1,0,1152,45,0.226
793473033,Client actuel,51,M,1,Licence,Célibataire,$60K - $80K,Blue,45,2,3,2517,33,0.78
721232058,Client actuel,49,M,1,Licence,Non connu,$40K - $60K,Silver,41,1,3,977,36,0.048
719443683,Client perdu,50,M,1,Non connu,Célibataire,$120K +,Blue,39,2,3,2137,25,0.078
715449333,Client actuel,55,F,3,Non connu,Marié(e),$40K - $60K,Blue,47,2,0,1540,50,0.798
717998058,Client actuel,26,M,0,Licence,Célibataire,Moins de $40K,Blue,13,3,2,2019,40,0.781
779610033,Client perdu,58,M,1,Niveau Bac+2,Marié(e),$80K - $120K,Blue,47,5,3,1799,14,0.148
827332983,Client actuel,46,M,3,Lycée (équivalent baccalauréat),Célibataire,$80K - $120K,Gold,42,2,2,2113,31,0.061
721183983,Client actuel,48,M,4,Lycée (équivalent baccalauréat),Marié(e),$120K +,Blue,31,3,1,1013,37,0.029
718426533,Client actuel,42,M,4,Sans diplôme,Divorcé(e),$60K - $80K,Blue,32,1,2,0,32,0.0
710698233,Client actuel,37,M,4,Licence,Marié(e),$80K - $120K,Blue,28,1,2,1203,40,0.12
780253533,Client actuel,63,F,0,Non connu,Marié(e),Moins de $40K,Blue,49,3,0,2318,31,0.651
793581933,Client actuel,50,M,3,Lycée (équivalent baccalauréat),Célibataire,$40K - $60K,Silver,44,3,4,1513,55,0.076
719229708,Client actuel,41,F,1,Lycée (équivalent baccalauréat),Célibataire,$40K - $60K,Blue,31,3,2,838,32,0.169
715158483,Client actuel,48,F,3,Licence,Divorcé(e),Moins de $40K,Blue,40,2,3,1603,37,0.514
809296308,Client actuel,46,M,2,Niveau Bac+2,Célibataire,$80K - $120K,Blue,41,2,0,2332,37,0.108
778176108,Client actuel,61,M,0,Lycée (équivalent baccalauréat),Célibataire,$60K - $80K,Blue,51,2,2,1412,38,0.257
796532958,Client actuel,59,F,0,Non connu,Marié(e),Moins de $40K,Blue,53,3,2,1124,49,0.204
709345008,Client perdu,53,F,2,Doctorat,Marié(e),Non connu,Blue,39,2,3,0,22,0.0
717049533,Client actuel,39,F,3,Doctorat,Non connu,$40K - $60K,Blue,28,3,0,1466,28,0.202
719366358,Client actuel,51,M,3,Lycée (équivalent baccalauréat),Marié(e),$120K +,Blue,40,3,2,1692,29,0.231
721417233,Client perdu,45,M,2,Licence,Marié(e),$60K - $80K,Blue,25,6,3,0,27,0.0
711622683,Client actuel,48,M,4,Non connu,Célibataire,$60K - $80K,Blue,30,3,3,1387,39,0.18
714578283,Client actuel,47,M,1,Licence,Célibataire,$60K - $80K,Blue,37,3,0,0,28,0.0
769574883,Client actuel,41,M,2,Lycée (équivalent baccalauréat),Marié(e),$40K - $60K,Blue,32,1,3,2517,37,0.197
717643608,Client actuel,48,M,4,Niveau Bac+2,Marié(e),$80K - $120K,Blue,36,3,2,1601,36,0.061
709198158,Client actuel,50,F,4,Licence,Célibataire,Moins de $40K,Blue,36,2,0,1928,46,0.617
712419708,Client actuel,56,F,2,Master,Marié(e),Moins de $40K,Blue,48,1,2,2259,53,0.458
709103358,Client actuel,39,F,2,Niveau Bac+2,Célibataire,Moins de $40K,Blue,36,3,3,0,27,0.0
716966808,Client actuel,47,M,1,Licence,Célibataire,$80K - $120K,Blue,37,3,3,1667,35,0.142
772264383,Client actuel,44,M,2,Licence,Célibataire,$120K +,Blue,33,1,3,0,50,0.0
721057758,Client actuel,61,F,1,Non connu,Marié(e),Non connu,Blue,47,2,3,0,27,0.0
769137108,Client perdu,43,F,2,Master,Marié(e),$40K - $60K,Blue,37,5,1,0,28,0.0
717640083,Client perdu,59,M,1,Lycée (équivalent baccalauréat),Marié(e),$60K - $80K,Blue,36,2,3,0,18,0.0
716445783,Client actuel,42,F,2,Sans diplôme,Marié(e),Non connu,Blue,31,2,0,0,37,0.0
708579633,Client actuel,40,M,4,Non connu,Divorcé(e),$40K - $60K,Gold,28,2,2,1788,34,0.075
718715583,Client actuel,65,M,2,Non connu,Marié(e),Moins de $40K,Blue,56,2,4,1010,35,0.436
778686408,Client actuel,48,M,1,Niveau Bac+2,Célibataire,$60K - $80K,Blue,29,3,2,1040,50,0.054
715015683,Client actuel,44,M,2,Licence,Célibataire,$40K - $60K,Blue,34,3,1,1993,39,0.374
805254708,Client actuel,36,F,4,Non connu,Marié(e),Non connu,Blue,31,2,0,1276,48,0.081
710462433,Client actuel,45,M,4,Licence,Célibataire,$60K - $80K,Blue,30,2,2,894,39,0.051
721342383,Client actuel,39,M,2,Licence,Célibataire,$80K - $120K,Blue,34,3,2,0,37,0.0
720179883,Client actuel,40,M,4,Niveau Bac+2,Non connu,$80K - $120K,Blue,25,3,1,0,27,0.0
794977533,Client perdu,62,M,0,Lycée (équivalent baccalauréat),Marié(e),$60K - $80K,Blue,56,5,2,0,16,0.0
779445108,Client actuel,26,M,0,Licence,Célibataire,$40K - $60K,Blue,13,1,2,1616,54,0.491
718193958,Client actuel,60,M,0,Sans diplôme,Célibataire,Moins de $40K,Blue,53,3,2,1728,53,0.719
710955633,Client actuel,54,F,3,Doctorat,Célibataire,Moins de $40K,Blue,42,1,0,1999,37,0.216
716149383,Client actuel,62,M,0,Licence,Célibataire,$60K - $80K,Blue,36,3,3,895,48,0.244
752604633,Client perdu,57,M,2,Niveau Bac+2,Marié(e),$40K - $60K,Blue,50,6,3,0,17,0.0
713889933,Client actuel,59,M,0,Licence,Célibataire,$40K - $60K,Blue,48,2,2,0,44,0.0
709446783,Client actuel,46,M,4,Licence,Célibataire,$60K - $80K,Blue,38,3,2,2480,36,0.572
789115833,Client actuel,44,M,4,Lycée (équivalent baccalauréat),Célibataire,$60K - $80K,Blue,32,3,2,1034,29,0.32
711242058,Client perdu,48,M,4,Non connu,Marié(e),$80K - $120K,Blue,36,4,1,2517,16,0.212
787623858,Client actuel,43,M,2,Sans diplôme,Divorcé(e),$120K +,Silver,24,2,0,1938,45,0.056
709040508,Client actuel,57,M,4,Sans diplôme,Marié(e),$120K +,Blue,38,6,2,1961,58,0.099
708864708,Client actuel,46,M,3,Niveau Bac+2,Non connu,$80K - $120K,Blue,36,2,2,1729,36,0.07
717758583,Client actuel,40,M,3,Lycée (équivalent baccalauréat),Non connu,$60K - $80K,Blue,36,2,1,1975,23,0.545
715416633,Client actuel,54,M,1,Non connu,Célibataire,$80K - $120K,Blue,36,1,2,960,59,0.155
717956283,Client actuel,57,F,1,Licence,Célibataire,$40K - $60K,Blue,48,1,0,1945,29,0.178
721379433,Client actuel,44,M,4,Licence,Marié(e),$60K - $80K,Blue,28,2,3,0,24,0.0
712027683,Client actuel,47,F,2,Doctorat,Marié(e),Moins de $40K,Blue,35,2,2,1184,38,0.214
716027208,Client actuel,47,M,4,Doctorat,Marié(e),$60K - $80K,Blue,36,1,1,706,58,0.036
720475233,Client actuel,50,F,2,Lycée (équivalent baccalauréat),Marié(e),Moins de $40K,Blue,43,2,3,1412,26,0.482
712275108,Client actuel,53,F,3,Niveau Bac+2,Marié(e),$40K - $60K,Blue,33,3,3,1618,44,0.314
718121658,Client perdu,56,M,1,Niveau Bac+2,Marié(e),$60K - $80K,Blue,44,4,3,0,17,0.0
711593808,Client perdu,55,M,1,Lycée (équivalent baccalauréat),Marié(e),$60K - $80K,Blue,46,2,3,0,18,0.0
716222808,Client actuel,53,F,4,Lycée (équivalent baccalauréat),Marié(e),Moins de $40K,Blue,36,1,3,1170,45,0.393
718731183,Client perdu,61,M,1,Non connu,Marié(e),$60K - $80K,Blue,49,2,2,788,14,0.144
788779008,Client actuel,57,M,2,Lycée (équivalent baccalauréat),Célibataire,$60K - $80K,Blue,38,1,2,1822,25,0.666
710404533,Client actuel,50,M,2,Licence,Célibataire,$80K - $120K,Blue,37,2,1,862,40,0.599
711173058,Client actuel,56,F,2,Non connu,Marié(e),Non connu,Blue,45,3,0,1782,29,0.33
715383108,Client actuel,52,M,2,Licence,Célibataire,$120K +,Blue,44,1,1,2174,50,0.063
711697158,Client actuel,60,M,0,Licence,Marié(e),Moins de $40K,Blue,36,2,2,1311,43,0.663
709186983,Client actuel,49,M,4,Sans diplôme,Marié(e),$80K - $120K,Blue,40,1,1,2252,38,0.258
808964433,Client actuel,46,F,4,Doctorat,Divorcé(e),Moins de $40K,Blue,41,1,1,1378,45,0.159
711948333,Client actuel,42,M,1,Sans diplôme,Célibataire,$80K - $120K,Blue,36,1,2,710,30,0.077
710541858,Client actuel,45,M,3,Lycée (équivalent baccalauréat),Marié(e),Moins de $40K,Blue,33,5,0,1430,37,0.185
713865333,Client perdu,45,F,4,Sans diplôme,Marié(e),$40K - $60K,Blue,38,6,3,0,21,0.0
797707008,Client perdu,44,F,3,Doctorat,Marié(e),$40K - $60K,Blue,38,1,3,0,18,0.0
713490483,Client actuel,61,M,0,Sans diplôme,Célibataire,$80K - $120K,Blue,48,2,2,0,54,0.0
720370533,Client perdu,55,M,3,Sans diplôme,Marié(e),$60K - $80K,Blue,44,2,2,0,15,0.0
779743908,Client actuel,44,M,4,Non connu,Divorcé(e),$60K - $80K,Blue,29,2,2,0,30,0.0
718675158,Client perdu,55,F,1,Non connu,Marié(e),$40K - $60K,Blue,36,1,3,361,22,0.251
710784333,Client actuel,57,M,2,Non connu,Célibataire,$120K +,Blue,36,2,2,1314,28,0.055
816596583,Client actuel,45,M,2,Doctorat,Célibataire,$80K - $120K,Blue,40,3,1,693,50,0.059
717517758,Client actuel,57,F,0,Lycée (équivalent baccalauréat),Marié(e),$40K - $60K,Blue,45,2,2,845,45,0.371
712880283,Client actuel,31,M,0,Sans diplôme,Marié(e),$40K - $60K,Blue,22,3,0,1113,45,0.275
753226158,Client actuel,34,F,2,Licence,Marié(e),Moins de $40K,Blue,24,2,2,1853,35,0.506
720605808,Client perdu,53,F,1,Licence,Célibataire,$40K - $60K,Blue,36,2,3,0,17,0.0
758317233,Client actuel,35,F,1,Niveau Bac+2,Célibataire,Non connu,Blue,28,5,2,1575,60,0.448
711028308,Client actuel,44,F,4,Licence,Marié(e),Moins de $40K,Blue,36,1,0,0,29,0.0
814852533,Client actuel,50,M,1,Licence,Célibataire,$80K - $120K,Blue,45,2,2,1185,46,0.07
711526533,Client actuel,33,M,3,Master,Marié(e),$80K - $120K,Blue,25,2,3,2104,37,0.128
804403908,Client actuel,50,M,3,Licence,Célibataire,$60K - $80K,Blue,45,2,3,1118,31,0.051
716999883,Client actuel,51,M,4,Lycée (équivalent baccalauréat),Marié(e),$80K - $120K,Blue,41,2,0,1437,43,0.09
716452083,Client actuel,56,F,4,Non connu,Marié(e),Moins de $40K,Blue,46,3,2,1150,50,0.269
787599258,Client actuel,55,F,3,Licence,Célibataire,Moins de $40K,Blue,29,1,2,1309,34,0.178
714495258,Client actuel,26,M,0,Niveau Bac+2,Célibataire,Moins de $40K,Blue,36,1,3,479,37,0.333
717713283,Client actuel,42,F,3,Licence,Marié(e),Moins de $40K,Blue,33,3,3,1077,58,0.125
789317883,Client actuel,54,M,2,Niveau Bac+2,Célibataire,$80K - $120K,Blue,44,3,3,1705,36,0.091
714500883,Client actuel,44,F,3,Licence,Marié(e),Non connu,Blue,36,2,3,819,37,0.039
789467508,Client actuel,65,F,0,Licence,Marié(e),$40K - $60K,Blue,56,3,0,1570,57,0.53
710317758,Client actuel,38,F,3,Lycée (équivalent baccalauréat),Marié(e),Non connu,Blue,29,2,2,1528,38,0.135
711231558,Client actuel,58,M,3,Lycée (équivalent baccalauréat),Marié(e),$60K - $80K,Blue,40,1,3,2517,37,0.303
716829483,Client actuel,39,F,3,Master,Marié(e),$40K - $60K,Blue,28,2,2,2217,36,0.682
779713608,Client actuel,52,M,2,Lycée (équivalent baccalauréat),Célibataire,$120K +,Blue,36,1,2,1358,30,0.456
711628458,Client actuel,45,F,3,Licence,Marié(e),Moins de $40K,Blue,31,1,0,901,45,0.102
718943508,Client actuel,42,M,3,Non connu,Célibataire,$80K - $120K,Blue,33,3,2,2170,35,0.584
770724558,Client perdu,42,M,2,Niveau Bac+2,Marié(e),$60K - $80K,Blue,28,1,3,0,24,0.0
783561558,Client actuel,57,M,4,Master,Marié(e),$120K +,Blue,51,2,3,0,61,0.0
719309958,Client perdu,55,M,3,Doctorat,Marié(e),$80K - $120K,Blue,35,1,3,0,25,0.0
788785083,Client actuel,44,F,3,Niveau Bac+2,Non connu,Moins de $40K,Blue,25,3,2,1040,78,0.337
780481308,Client actuel,37,F,3,Licence,Marié(e),Non connu,Blue,24,2,2,1550,33,0.146
711757383,Client actuel,50,F,3,Non connu,Marié(e),Moins de $40K,Blue,42,1,2,0,39,0.0
787550808,Client actuel,51,M,2,Licence,Marié(e),$40K - $60K,Blue,40,1,2,1566,26,0.128
779863533,Client actuel,37,M,1,Licence,Célibataire,$80K - $120K,Blue,21,2,0,0,32,0.0
714529233,Client actuel,36,F,2,Licence,Marié(e),Moins de $40K,Blue,24,1,3,1593,41,0.51
708177333,Client actuel,51,F,2,Lycée (équivalent baccalauréat),Marié(e),Moins de $40K,Silver,36,3,0,2485,26,0.221
812019933,Client actuel,65,M,1,Sans diplôme,Marié(e),$40K - $60K,Blue,56,3,2,2021,46,0.819
708557358,Client actuel,43,M,2,Niveau Bac+2,Célibataire,$60K - $80K,Blue,28,2,3,1355,55,0.061
713580633,Client actuel,46,M,3,Licence,Marié(e),$40K - $60K,Blue,32,2,3,0,27,0.0
711466533,Client actuel,43,F,2,Licence,Marié(e),Moins de $40K,Blue,33,2,2,852,45,0.217
802276683,Client actuel,56,M,3,Licence,Célibataire,$80K - $120K,Blue,50,3,3,1372,31,0.171
780913308,Client actuel,43,M,3,Non connu,Célibataire,$60K - $80K,Blue,34,2,0,2517,42,0.183
808897683,Client perdu,53,M,1,Licence,Marié(e),$80K - $120K,Blue,48,4,3,1406,47,0.046
719428308,Client actuel,50,M,2,Lycée (équivalent baccalauréat),Non connu,$60K - $80K,Blue,41,2,2,1762,32,0.543
713010483,Client actuel,43,F,3,Licence,Marié(e),$40K - $60K,Blue,36,1,3,2379,57,0.81
717006333,Client actuel,54,M,3,Lycée (équivalent baccalauréat),Célibataire,$80K - $120K,Blue,36,1,2,1133,41,0.788
787621158,Client actuel,33,M,2,Non connu,Célibataire,$60K - $80K,Blue,25,3,3,491,59,0.079
716924058,Client actuel,58,F,2,Sans diplôme,Marié(e),$40K - $60K,Blue,49,1,3,1166,25,0.189
720916683,Client actuel,41,M,3,Licence,Célibataire,$80K - $120K,Blue,26,3,2,1811,31,0.153
720923658,Client actuel,48,M,3,Master,Célibataire,$60K - $80K,Blue,39,2,2,954,45,0.202
712710708,Client actuel,55,M,2,Lycée (équivalent baccalauréat),Célibataire,$40K - $60K,Blue,36,2,0,2517,40,0.403
718939083,Client perdu,54,F,2,Licence,Marié(e),$40K - $60K,Blue,45,1,3,306,15,0.213
779519058,Client perdu,61,F,3,Master,Divorcé(e),Non connu,Platinum,34,1,2,1578,40,0.046
719085933,Client actuel,35,M,3,Licence,Célibataire,$80K - $120K,Blue,24,1,2,864,64,0.037
715124958,Client actuel,50,M,3,Sans diplôme,Célibataire,$80K - $120K,Blue,36,2,3,1676,31,0.068
712979133,Client perdu,55,M,4,Lycée (équivalent baccalauréat),Marié(e),$80K - $120K,Blue,41,2,2,900,10,0.033
712006308,Client actuel,45,F,0,Niveau Bac+2,Divorcé(e),Moins de $40K,Blue,35,1,3,1686,35,0.285
710801133,Client actuel,34,M,2,Sans diplôme,Célibataire,$60K - $80K,Blue,36,1,2,2326,63,0.271
712490283,Client actuel,55,F,4,Licence,Marié(e),$40K - $60K,Blue,41,3,3,2517,48,0.798
720071583,Client perdu,48,F,2,Non connu,Marié(e),$40K - $60K,Blue,36,1,3,800,22,0.112
717958833,Client actuel,46,M,4,Licence,Marié(e),$60K - $80K,Blue,35,1,2,700,25,0.456
812420358,Client perdu,61,F,0,Licence,Marié(e),$40K - $60K,Blue,56,4,3,554,17,0.261
712370208,Client actuel,48,M,1,Sans diplôme,Non connu,$60K - $80K,Blue,35,2,2,1213,37,0.071
715940358,Client actuel,51,F,1,Licence,Marié(e),Moins de $40K,Blue,42,2,2,2387,49,0.41
715041333,Client actuel,39,M,3,Doctorat,Marié(e),$60K - $80K,Blue,29,1,3,2517,43,0.712
712797258,Client actuel,43,M,3,Licence,Marié(e),$120K +,Blue,33,1,3,2129,38,0.062
769170558,Client actuel,53,M,3,Licence,Célibataire,$60K - $80K,Blue,47,4,3,0,41,0.0
715884858,Client actuel,38,M,2,Lycée (équivalent baccalauréat),Célibataire,$80K - $120K,Blue,36,3,3,843,28,0.35
796343058,Client actuel,49,F,2,Lycée (équivalent baccalauréat),Célibataire,Moins de $40K,Blue,43,1,2,0,38,0.0
783910008,Client actuel,37,F,0,Non connu,Marié(e),Moins de $40K,Blue,31,2,2,1381,60,0.515
718888308,Client actuel,53,M,3,Licence,Célibataire,$80K - $120K,Blue,36,3,2,2517,33,0.073
785114808,Client actuel,46,M,2,Master,Célibataire,$40K - $60K,Silver,40,2,2,0,30,0.0
709852908,Client actuel,44,F,3,Sans diplôme,Célibataire,Moins de $40K,Blue,36,3,3,0,37,0.0
823528833,Client actuel,50,F,1,Non connu,Célibataire,Moins de $40K,Blue,46,2,3,1235,29,0.593
719679858,Client actuel,58,F,2,Sans diplôme,Marié(e),$40K - $60K,Blue,47,2,2,1468,27,0.515
827108583,Client actuel,55,M,3,Lycée (équivalent baccalauréat),Célibataire,$120K +,Blue,51,1,3,1266,26,0.037
787833333,Client actuel,44,M,3,Niveau Bac+2,Non connu,$80K - $120K,Blue,35,1,2,1292,38,0.203
719781183,Client actuel,57,M,4,Lycée (équivalent baccalauréat),Marié(e),$80K - $120K,Blue,38,1,3,1553,40,0.101
710429358,Client actuel,57,M,1,Lycée (équivalent baccalauréat),Marié(e),$40K - $60K,Blue,48,1,3,1927,30,0.757
798792408,Client perdu,48,M,3,Lycée (équivalent baccalauréat),Marié(e),$80K - $120K,Blue,42,1,3,0,24,0.0
710280558,Client actuel,51,M,1,Licence,Célibataire,$60K - $80K,Blue,39,3,2,2517,18,0.286
809825358,Client actuel,53,F,3,Sans diplôme,Marié(e),Moins de $40K,Blue,48,1,3,1566,34,0.457
714451833,Client actuel,45,F,1,Doctorat,Célibataire,Moins de $40K,Blue,36,2,2,0,34,0.0
713943783,Client actuel,41,M,4,Master,Marié(e),$60K - $80K,Blue,32,3,2,906,25,0.05
710706558,Client actuel,51,F,4,Licence,Célibataire,Moins de $40K,Blue,42,1,3,1753,33,0.654
713620308,Client actuel,46,F,2,Lycée (équivalent baccalauréat),Marié(e),Moins de $40K,Blue,35,4,3,1734,34,0.371
813453408,Client actuel,40,F,5,Niveau Bac+2,Marié(e),Moins de $40K,Blue,35,1,3,1693,30,0.692
818248383,Client actuel,33,M,2,Doctorat,Célibataire,$60K - $80K,Blue,28,3,3,0,35,0.0
780106908,Client actuel,53,M,1,Lycée (équivalent baccalauréat),Célibataire,$80K - $120K,Blue,38,2,2,996,26,0.122
708938508,Client actuel,63,M,1,Lycée (équivalent baccalauréat),Marié(e),$40K - $60K,Blue,36,3,2,1571,35,0.345
709671708,Client actuel,61,M,0,Sans diplôme,Célibataire,$80K - $120K,Blue,36,2,1,984,32,0.051
711204483,Client perdu,56,M,4,Lycée (équivalent baccalauréat),Marié(e),$60K - $80K,Blue,46,4,3,1930,15,0.825
801728658,Client actuel,53,M,2,Licence,Célibataire,$60K - $80K,Blue,47,3,0,1389,38,0.1
713945883,Client perdu,62,F,2,Licence,Marié(e),$40K - $60K,Blue,52,2,2,513,20,0.206
779558733,Client actuel,50,F,4,Non connu,Marié(e),Non connu,Silver,36,1,2,1791,39,0.056
788370258,Client actuel,37,M,4,Licence,Marié(e),$60K - $80K,Blue,30,3,2,2517,64,0.976
714927333,Client actuel,62,F,0,Licence,Marié(e),Non connu,Blue,52,3,2,1538,43,0.17
710383158,Client actuel,49,M,3,Sans diplôme,Célibataire,$80K - $120K,Silver,41,1,2,0,47,0.0
798007308,Client actuel,57,F,3,Lycée (équivalent baccalauréat),Marié(e),Non connu,Blue,51,1,0,0,41,0.0
711768858,Client actuel,55,M,2,Lycée (équivalent baccalauréat),Célibataire,$80K - $120K,Blue,36,2,3,2258,20,0.347
714888633,Client actuel,50,M,1,Licence,Célibataire,$80K - $120K,Blue,42,3,4,1183,57,0.292
712650333,Client actuel,48,M,3,Niveau Bac+2,Marié(e),$60K - $80K,Blue,37,3,2,1665,40,0.139
719945433,Client actuel,60,F,1,Sans diplôme,Divorcé(e),$40K - $60K,Blue,48,2,2,0,53,0.0
720310458,Client actuel,46,M,1,Non connu,Célibataire,$120K +,Blue,32,2,1,1295,49,0.109
718344033,Client actuel,47,M,2,Niveau Bac+2,Célibataire,$120K +,Blue,35,3,2,1010,59,0.278
715442958,Client actuel,54,M,2,Sans diplôme,Célibataire,$60K - $80K,Blue,36,3,3,2517,38,0.227
780326883,Client actuel,53,M,2,Doctorat,Célibataire,$60K - $80K,Blue,40,3,3,1435,61,0.127
711157833,Client actuel,56,F,3,Licence,Célibataire,$40K - $60K,Blue,36,1,0,1656,41,0.324
719704308,Client actuel,56,F,4,Lycée (équivalent baccalauréat),Marié(e),$40K - $60K,Blue,36,1,1,1543,32,0.745
708772308,Client actuel,41,M,3,Sans diplôme,Célibataire,$80K - $120K,Blue,24,3,3,1656,35,0.402
817663908,Client actuel,60,F,1,Licence,Marié(e),$40K - $60K,Blue,42,3,3,1335,27,0.226
780054258,Client actuel,40,M,5,Licence,Non connu,$40K - $60K,Blue,25,2,3,541,35,0.069
709990983,Client actuel,49,F,3,Master,Marié(e),$40K - $60K,Blue,36,2,2,842,26,0.142
818045958,Client actuel,46,M,4,Licence,Célibataire,$40K - $60K,Blue,41,3,2,1745,46,0.259
716380683,Client actuel,36,F,3,Lycée (équivalent baccalauréat),Marié(e),Moins de $40K,Blue,36,1,2,1542,39,0.397
787480158,Client actuel,57,F,2,Non connu,Marié(e),Moins de $40K,Blue,45,2,0,1639,39,0.657
778461408,Client actuel,38,M,1,Lycée (équivalent baccalauréat),Célibataire,$80K - $120K,Blue,23,3,2,987,36,0.045
713861733,Client actuel,50,M,3,Licence,Divorcé(e),$80K - $120K,Blue,36,3,1,1542,65,0.045
789291633,Client actuel,62,M,0,Licence,Célibataire,$60K - $80K,Blue,51,2,0,967,45,0.177
789513858,Client perdu,43,M,3,Non connu,Marié(e),$40K - $60K,Blue,35,2,3,0,28,0.0
778357458,Client actuel,44,F,5,Non connu,Célibataire,Moins de $40K,Blue,24,3,3,1224,42,0.611
718325883,Client actuel,39,M,2,Sans diplôme,Célibataire,$40K - $60K,Blue,32,3,2,1902,22,0.246
720344658,Client actuel,38,M,2,Niveau Bac+2,Célibataire,$80K - $120K,Blue,23,1,1,1847,43,0.101
809292483,Client actuel,44,F,4,Niveau Bac+2,Marié(e),Moins de $40K,Blue,39,2,2,1846,32,0.227
779791008,Client actuel,43,M,3,Lycée (équivalent baccalauréat),Célibataire,$80K - $120K,Blue,32,2,3,1660,38,0.284
779557533,Client actuel,54,M,1,Master,Célibataire,$80K - $120K,Blue,40,3,3,942,50,0.092
795904233,Client actuel,38,F,3,Non connu,Célibataire,Non connu,Blue,32,1,0,727,40,0.027
710573808,Client actuel,55,M,2,Non connu,Célibataire,$60K - $80K,Blue,36,3,3,1418,31,0.632
717418158,Client actuel,42,M,5,Non connu,Non connu,$120K +,Blue,36,1,2,1839,34,0.053
771963708,Client perdu,56,M,3,Non connu,Marié(e),$60K - $80K,Blue,45,4,2,0,25,0.0
712433508,Client perdu,59,F,1,Non connu,Marié(e),Non connu,Blue,50,2,3,0,16,0.0
779320983,Client actuel,46,M,4,Sans diplôme,Marié(e),$80K - $120K,Blue,28,3,2,1178,49,0.059
718093233,Client actuel,55,F,2,Master,Marié(e),Moins de $40K,Blue,45,3,3,0,47,0.0
719459358,Client actuel,52,M,1,Doctorat,Célibataire,$120K +,Blue,41,2,2,989,48,0.029
717728808,Client actuel,39,F,2,Licence,Marié(e),Moins de $40K,Blue,26,1,2,1214,40,0.268
788701608,Client actuel,42,F,4,Licence,Célibataire,Moins de $40K,Blue,26,2,3,1705,32,0.578
778506633,Client perdu,43,F,4,Niveau Bac+2,Marié(e),$40K - $60K,Blue,23,2,3,392,27,0.051
719989008,Client actuel,47,F,1,Lycée (équivalent baccalauréat),Non connu,Non connu,Blue,36,1,0,2216,25,0.086
791839233,Client actuel,42,F,4,Non connu,Divorcé(e),Non connu,Blue,36,3,2,1525,28,0.087
716918508,Client actuel,39,M,1,Niveau Bac+2,Célibataire,$40K - $60K,Blue,24,3,3,1197,49,0.318
717321783,Client actuel,50,M,1,Sans diplôme,Célibataire,$60K - $80K,Blue,45,2,2,1274,47,0.123
799000008,Client actuel,57,M,2,Master,Divorcé(e),$120K +,Blue,51,1,1,1472,36,0.056
721517208,Client actuel,41,M,4,Non connu,Marié(e),Moins de $40K,Blue,30,6,1,1967,29,0.803
719068683,Client actuel,52,F,1,Lycée (équivalent baccalauréat),Marié(e),$40K - $60K,Blue,36,1,2,1864,25,0.594
709120008,Client actuel,43,M,2,Lycée (équivalent baccalauréat),Célibataire,$60K - $80K,Blue,36,3,2,0,39,0.0
709117533,Client actuel,42,M,3,Lycée (équivalent baccalauréat),Célibataire,$80K - $120K,Blue,36,3,1,1508,35,0.071
816594183,Client actuel,58,F,2,Sans diplôme,Marié(e),$40K - $60K,Blue,53,2,3,1380,62,0.684
789485433,Client actuel,42,M,4,Niveau Bac+2,Marié(e),$80K - $120K,Blue,34,2,3,668,67,0.019
712881483,Client actuel,55,M,1,Master,Célibataire,$80K - $120K,Blue,45,3,3,1890,45,0.19
712689333,Client actuel,38,M,2,Non connu,Célibataire,$80K - $120K,Blue,28,3,2,1203,31,0.059
771492408,Client actuel,40,F,2,Licence,Marié(e),Moins de $40K,Blue,28,1,2,1747,30,0.722
711668283,Client actuel,48,M,4,Sans diplôme,Marié(e),$80K - $120K,Blue,37,6,3,2404,35,0.078
772684833,Client actuel,32,F,1,Non connu,Marié(e),Moins de $40K,Blue,22,3,2,2035,42,0.77
712960308,Client actuel,33,F,2,Lycée (équivalent baccalauréat),Célibataire,Moins de $40K,Blue,36,1,1,2350,61,0.291
713530833,Client perdu,58,M,2,Licence,Marié(e),$40K - $60K,Blue,48,4,3,2238,15,0.548
756065433,Client actuel,26,M,0,Non connu,Célibataire,$40K - $60K,Blue,19,2,2,1597,46,0.73
710997183,Client actuel,46,M,0,Non connu,Célibataire,$60K - $80K,Gold,36,3,2,1092,39,0.032
711146358,Client actuel,39,F,1,Licence,Marié(e),Non connu,Blue,29,3,2,1758,33,0.524
716144058,Client actuel,36,F,1,Niveau Bac+2,Célibataire,$40K - $60K,Blue,25,3,3,0,66,0.0
778699908,Client perdu,43,M,2,Sans diplôme,Marié(e),$60K - $80K,Blue,24,4,3,0,29,0.0
713571258,Client actuel,45,M,2,Non connu,Célibataire,$60K - $80K,Silver,26,3,2,1630,41,0.05
711676908,Client actuel,51,F,3,Niveau Bac+2,Marié(e),Non connu,Blue,36,2,3,1449,56,0.115
719315508,Client actuel,62,F,0,Non connu,Marié(e),$40K - $60K,Blue,36,2,2,2400,25,0.81
778623858,Client actuel,58,M,0,Sans diplôme,Célibataire,$80K - $120K,Blue,38,3,3,1935,49,0.511
714665733,Client actuel,42,M,4,Licence,Célibataire,$60K - $80K,Blue,36,1,0,834,26,0.306
816089433,Client actuel,49,M,4,Doctorat,Marié(e),$60K - $80K,Blue,44,1,1,1581,31,0.473
716991933,Client perdu,53,F,3,Sans diplôme,Marié(e),$40K - $60K,Blue,35,5,1,0,25,0.0
714534108,Client actuel,45,F,2,Lycée (équivalent baccalauréat),Marié(e),$40K - $60K,Blue,36,1,3,1884,47,0.294
787456608,Client actuel,29,M,2,Lycée (équivalent baccalauréat),Célibataire,$80K - $120K,Blue,15,2,2,1635,37,0.393
717090183,Client actuel,60,M,1,Doctorat,Célibataire,$120K +,Blue,50,1,2,2144,48,0.099
772782708,Client actuel,50,M,3,Master,Célibataire,$80K - $120K,Blue,40,2,2,1688,56,0.054
710722908,Client actuel,53,M,3,Doctorat,Célibataire,$120K +,Blue,36,1,0,1694,23,0.055
795155433,Client actuel,45,M,3,Non connu,Célibataire,$80K - $120K,Blue,38,3,1,1345,33,0.104
715271733,Client actuel,50,F,2,Sans diplôme,Célibataire,Moins de $40K,Blue,37,3,0,814,35,0.096
771706308,Client actuel,46,M,2,Doctorat,Célibataire,$80K - $120K,Blue,34,3,2,694,34,0.048
713989233,Client actuel,61,M,0,Master,Marié(e),Non connu,Blue,53,2,3,1927,32,0.134
780198258,Client actuel,46,M,4,Niveau Bac+2,Célibataire,$120K +,Blue,36,2,1,1705,39,0.219
802002858,Client perdu,62,F,1,Lycée (équivalent baccalauréat),Marié(e),Non connu,Blue,56,1,2,0,19,0.0
716290233,Client actuel,43,F,3,Licence,Marié(e),$40K - $60K,Blue,33,2,3,0,35,0.0
828298908,Client actuel,54,M,4,Licence,Marié(e),$120K +,Blue,50,2,0,2035,47,0.709
788946783,Client actuel,50,M,2,Non connu,Célibataire,$120K +,Blue,36,1,3,0,50,0.0
720697908,Client actuel,35,M,2,Lycée (équivalent baccalauréat),Marié(e),$40K - $60K,Blue,21,3,1,1843,58,0.621
780598383,Client actuel,35,M,3,Doctorat,Célibataire,$40K - $60K,Blue,23,3,2,1545,65,0.719
715345833,Client actuel,36,F,1,Lycée (équivalent baccalauréat),Célibataire,Moins de $40K,Blue,36,3,1,2517,56,0.412
710831133,Client actuel,42,M,3,Non connu,Marié(e),$80K - $120K,Blue,36,2,2,1487,47,0.082
766706358,Client actuel,39,F,2,Non connu,Marié(e),Moins de $40K,Blue,32,3,0,1395,33,0.553
816533733,Client actuel,50,M,1,Non connu,Célibataire,$80K - $120K,Blue,45,2,2,0,44,0.0
712373208,Client perdu,43,M,3,Doctorat,Marié(e),$60K - $80K,Blue,35,5,2,0,19,0.0
721433283,Client actuel,39,F,1,Lycée (équivalent baccalauréat),Célibataire,$40K - $60K,Blue,20,2,2,1117,39,0.112
720680058,Client actuel,47,M,2,Master,Marié(e),Moins de $40K,Blue,36,1,3,1663,37,0.428
716909283,Client actuel,60,M,1,Master,Célibataire,$80K - $120K,Blue,48,1,3,0,78,0.0
754654383,Client actuel,30,M,2,Lycée (équivalent baccalauréat),Marié(e),Moins de $40K,Blue,23,2,0,1393,35,0.465
719226333,Client actuel,44,M,4,Non connu,Célibataire,$60K - $80K,Blue,24,3,2,2211,25,0.2
779759058,Client actuel,52,M,0,Licence,Célibataire,$120K +,Blue,41,3,2,1794,40,0.53
718206783,Client actuel,45,F,4,Non connu,Célibataire,Moins de $40K,Gold,36,1,3,1648,36,0.103
715783758,Client actuel,40,M,4,Licence,Divorcé(e),$120K +,Blue,30,3,3,1295,38,0.051
771190083,Client actuel,36,F,3,Master,Célibataire,Moins de $40K,Blue,23,2,1,1705,69,0.707
713135883,Client actuel,65,F,0,Lycée (équivalent baccalauréat),Marié(e),Non connu,Blue,53,3,0,717,51,0.166
778799583,Client actuel,35,F,0,Non connu,Marié(e),Moins de $40K,Blue,24,1,1,2227,48,0.859
808796208,Client actuel,54,F,2,Non connu,Divorcé(e),$40K - $60K,Blue,49,3,2,2517,44,0.46
708313608,Client actuel,53,M,3,Non connu,Marié(e),$80K - $120K,Blue,43,3,0,2116,43,0.859
779330208,Client actuel,62,F,1,Niveau Bac+2,Marié(e),Moins de $40K,Blue,44,2,3,1610,45,0.677
794498733,Client actuel,40,M,2,Non connu,Célibataire,$120K +,Blue,21,4,3,1602,46,0.08
807964908,Client actuel,41,M,4,Lycée (équivalent baccalauréat),Marié(e),$60K - $80K,Blue,36,2,2,2025,45,0.253
823845783,Client actuel,53,M,2,Non connu,Célibataire,$120K +,Blue,49,2,3,1984,37,0.586
711748983,Client actuel,30,M,1,Lycée (équivalent baccalauréat),Célibataire,$60K - $80K,Blue,17,3,2,1631,45,0.206
718064283,Client actuel,46,M,3,Sans diplôme,Divorcé(e),$60K - $80K,Blue,34,3,0,713,41,0.062
710492733,Client actuel,29,M,0,Master,Célibataire,$40K - $60K,Blue,19,1,2,1482,42,0.109
779016408,Client actuel,37,F,3,Sans diplôme,Marié(e),Moins de $40K,Blue,27,1,3,1791,32,0.803
717787533,Client actuel,51,F,1,Lycée (équivalent baccalauréat),Marié(e),Moins de $40K,Blue,40,1,1,2190,34,0.425
714851058,Client actuel,31,M,0,Licence,Marié(e),$40K - $60K,Blue,21,3,0,1729,42,0.801
823535133,Client actuel,45,M,2,Sans diplôme,Non connu,$80K - $120K,Blue,41,2,2,1262,34,0.054
708455883,Client perdu,57,M,1,Licence,Marié(e),$80K - $120K,Blue,36,5,2,861,29,0.084
780095808,Client actuel,43,M,3,Non connu,Divorcé(e),$60K - $80K,Blue,30,2,1,1669,31,0.645
709207458,Client actuel,44,M,3,Licence,Marié(e),$40K - $60K,Blue,27,2,3,1603,25,0.149
763895958,Client perdu,53,M,2,Lycée (équivalent baccalauréat),Marié(e),$120K +,Blue,46,3,1,0,21,0.0
715942683,Client actuel,32,F,3,Licence,Célibataire,Moins de $40K,Blue,36,1,3,0,71,0.0
721301733,Client actuel,53,M,1,Licence,Célibataire,$80K - $120K,Blue,38,3,2,733,45,0.033
711927108,Client perdu,54,M,3,Lycée (équivalent baccalauréat),Marié(e),$80K - $120K,Blue,36,5,5,350,28,0.037
718083483,Client actuel,42,M,3,Sans diplôme,Non connu,Moins de $40K,Blue,35,5,0,2134,50,0.343
717548358,Client actuel,38,F,1,Niveau Bac+2,Marié(e),Moins de $40K,Blue,25,3,1,2265,57,0.878
816829608,Client actuel,44,M,2,Non connu,Célibataire,$80K - $120K,Blue,39,2,2,0,39,0.0
713936583,Client actuel,54,M,2,Licence,Célibataire,$60K - $80K,Blue,43,3,1,1892,58,0.304
709682658,Client actuel,37,F,4,Lycée (équivalent baccalauréat),Célibataire,$40K - $60K,Blue,36,3,1,2517,23,0.814
793889508,Client actuel,48,F,2,Licence,Marié(e),$40K - $60K,Blue,42,3,3,0,37,0.0
714648933,Client actuel,55,F,3,Licence,Marié(e),Non connu,Blue,36,2,0,1123,40,0.231
711556533,Client actuel,43,F,1,Licence,Non connu,Non connu,Blue,36,3,3,0,24,0.0
717420333,Client actuel,37,M,1,Lycée (équivalent baccalauréat),Célibataire,$60K - $80K,Blue,26,3,2,2517,60,0.342
768921933,Client actuel,34,M,2,Lycée (équivalent baccalauréat),Célibataire,$60K - $80K,Blue,28,3,3,2420,47,0.848
714311583,Client actuel,46,F,4,Licence,Célibataire,Non connu,Blue,36,3,2,1084,43,0.064
717707133,Client actuel,32,M,1,Non connu,Célibataire,$40K - $60K,Blue,24,2,3,2322,63,0.231
716043258,Client actuel,53,M,3,Non connu,Marié(e),$40K - $60K,Blue,41,1,2,870,41,0.545
716343408,Client actuel,46,M,3,Licence,Divorcé(e),$80K - $120K,Blue,38,2,1,1385,40,0.163
718909158,Client actuel,38,M,1,Niveau Bac+2,Marié(e),Moins de $40K,Blue,25,3,3,658,37,0.118
719471433,Client actuel,31,F,0,Licence,Marié(e),Moins de $40K,Blue,22,3,2,2127,36,0.729
712763808,Client actuel,38,M,2,Non connu,Célibataire,$60K - $80K,Blue,36,3,3,2037,36,0.304
711147483,Client perdu,46,F,3,Licence,Marié(e),$40K - $60K,Blue,28,2,3,1067,32,0.125
719788833,Client actuel,47,M,3,Lycée (équivalent baccalauréat),Marié(e),$60K - $80K,Blue,36,2,3,0,44,0.0
715168983,Client actuel,47,F,3,Licence,Marié(e),Moins de $40K,Blue,36,2,2,0,37,0.0
714306258,Client actuel,56,M,1,Niveau Bac+2,Célibataire,$60K - $80K,Blue,46,2,1,2242,44,0.222
713828208,Client actuel,47,M,2,Sans diplôme,Non connu,$60K - $80K,Blue,36,2,1,0,57,0.0
710574558,Client actuel,47,M,4,Licence,Marié(e),$80K - $120K,Blue,41,3,2,1642,40,0.062
710947683,Client actuel,64,F,0,Licence,Marié(e),Moins de $40K,Blue,51,3,1,1142,31,0.232
711113958,Client actuel,37,F,3,Non connu,Marié(e),Moins de $40K,Blue,25,2,1,674,31,0.469
718923858,Client actuel,42,M,1,Niveau Bac+2,Célibataire,$60K - $80K,Silver,29,2,2,1204,29,0.045
752666508,Client actuel,41,M,4,Niveau Bac+2,Marié(e),$80K - $120K,Silver,34,3,3,1347,22,0.039
712672083,Client actuel,65,F,0,Lycée (équivalent baccalauréat),Marié(e),Moins de $40K,Blue,36,3,2,747,24,0.519
719863758,Client actuel,49,F,3,Master,Marié(e),$40K - $60K,Blue,41,2,2,758,34,0.406
720990183,Client perdu,54,M,5,Lycée (équivalent baccalauréat),Marié(e),$60K - $80K,Blue,36,2,3,0,26,0.0
720718908,Client actuel,46,M,3,Sans diplôme,Célibataire,$120K +,Blue,36,1,3,1961,41,0.073
721250358,Client actuel,50,M,2,Non connu,Marié(e),$40K - $60K,Blue,36,1,3,1478,22,0.272
779773533,Client actuel,50,F,3,Non connu,Marié(e),Moins de $40K,Blue,34,1,3,2517,29,0.33
708249708,Client actuel,48,F,1,Doctorat,Marié(e),Moins de $40K,Blue,39,3,3,1576,48,0.325
713967783,Client actuel,62,F,0,Non connu,Marié(e),Non connu,Blue,52,1,1,1707,33,0.636
779506158,Client actuel,39,F,1,Niveau Bac+2,Marié(e),Moins de $40K,Blue,22,1,2,2257,42,0.702
759823158,Client actuel,46,M,1,Non connu,Célibataire,$60K - $80K,Blue,39,3,3,2324,49,0.432
716608608,Client perdu,41,M,2,Sans diplôme,Marié(e),$80K - $120K,Blue,33,5,3,1452,32,0.181
789528183,Client actuel,39,F,2,Licence,Marié(e),Non connu,Blue,31,2,3,997,47,0.693
708895158,Client actuel,46,M,2,Non connu,Célibataire,$80K - $120K,Blue,34,3,3,2365,30,0.809
824805858,Client actuel,39,F,2,Sans diplôme,Célibataire,Moins de $40K,Blue,35,3,3,1479,49,0.16
720840108,Client actuel,44,M,0,Sans diplôme,Marié(e),Moins de $40K,Blue,24,3,0,2103,60,0.238
787595658,Client actuel,57,F,3,Non connu,Célibataire,Moins de $40K,Blue,29,1,1,1421,31,0.161
720244983,Client actuel,40,M,3,Non connu,Célibataire,$40K - $60K,Blue,28,1,1,1707,42,0.479
713220258,Client actuel,65,F,0,Lycée (équivalent baccalauréat),Marié(e),Non connu,Blue,36,3,2,2104,29,0.259
813469458,Client actuel,26,F,1,Licence,Célibataire,$40K - $60K,Blue,20,3,3,673,48,0.468
788939358,Client actuel,47,M,2,Lycée (équivalent baccalauréat),Non connu,$60K - $80K,Blue,33,2,2,1399,40,0.569
718870158,Client actuel,47,M,4,Lycée (équivalent baccalauréat),Marié(e),$60K - $80K,Blue,34,2,3,1635,52,0.356
788673708,Client perdu,57,F,2,Lycée (équivalent baccalauréat),Marié(e),$40K - $60K,Blue,45,1,3,0,35,0.0
711809283,Client actuel,31,M,1,Non connu,Marié(e),Moins de $40K,Blue,36,3,3,1515,35,0.811
816513108,Client actuel,54,M,4,Licence,Marié(e),$60K - $80K,Blue,49,1,2,1099,63,0.209
718594608,Client actuel,43,F,2,Master,Marié(e),Non connu,Blue,36,3,3,1759,28,0.087
823606983,Client actuel,39,M,2,Niveau Bac+2,Célibataire,$60K - $80K,Blue,35,3,2,2517,37,0.34
717028158,Client actuel,53,M,3,Licence,Marié(e),$120K +,Blue,44,2,3,2082,56,0.171
788485908,Client actuel,44,M,3,Non connu,Marié(e),$60K - $80K,Blue,37,2,3,0,34,0.0
714472608,Client actuel,59,M,0,Niveau Bac+2,Marié(e),Moins de $40K,Blue,49,3,3,1095,27,0.258
710793783,Client actuel,53,F,3,Licence,Marié(e),Non connu,Blue,40,3,1,1978,36,0.164
794340033,Client actuel,34,F,3,Sans diplôme,Marié(e),$40K - $60K,Blue,28,1,3,1762,39,0.63
716462658,Client actuel,47,M,4,Doctorat,Marié(e),$80K - $120K,Blue,36,1,1,0,36,0.0
718050033,Client actuel,54,M,2,Niveau Bac+2,Célibataire,$120K +,Blue,43,2,3,1719,55,0.304
714023808,Client actuel,42,F,2,Licence,Marié(e),Non connu,Blue,33,1,1,2517,36,0.183
716341833,Client actuel,53,F,3,Niveau Bac+2,Marié(e),Moins de $40K,Blue,44,2,3,1730,37,0.372
719648358,Client actuel,50,M,2,Licence,Célibataire,$80K - $120K,Blue,35,3,1,1521,36,0.605
816600933,Client perdu,56,M,0,Niveau Bac+2,Marié(e),$80K - $120K,Blue,51,2,3,0,25,0.0
714208533,Client perdu,43,M,3,Lycée (équivalent baccalauréat),Marié(e),$60K - $80K,Blue,36,5,3,288,33,0.033
713095533,Client actuel,44,F,4,Lycée (équivalent baccalauréat),Divorcé(e),Moins de $40K,Blue,36,3,3,1485,31,0.637
809967783,Client actuel,34,F,4,Licence,Divorcé(e),$40K - $60K,Blue,26,5,3,1539,54,0.507
715848408,Client actuel,61,M,1,Licence,Non connu,$80K - $120K,Blue,52,6,1,0,36,0.0
714414483,Client actuel,54,F,0,Non connu,Marié(e),Moins de $40K,Blue,44,3,1,2206,35,0.749
708655983,Client actuel,49,F,3,Lycée (équivalent baccalauréat),Divorcé(e),Non connu,Blue,40,3,2,0,24,0.0
720426708,Client perdu,56,M,3,Lycée (équivalent baccalauréat),Marié(e),$60K - $80K,Blue,45,1,3,0,27,0.0
713743158,Client actuel,47,M,1,Licence,Célibataire,$60K - $80K,Blue,36,3,2,1714,21,0.09
721279083,Client actuel,53,M,4,Licence,Marié(e),$80K - $120K,Blue,33,3,3,1177,53,0.219
779149683,Client actuel,30,F,0,Licence,Divorcé(e),Non connu,Blue,13,1,2,1890,75,0.243
714970458,Client actuel,39,F,2,Lycée (équivalent baccalauréat),Marié(e),$40K - $60K,Blue,29,1,1,2047,33,0.223
719070108,Client actuel,44,M,2,Licence,Célibataire,$80K - $120K,Silver,35,1,3,1726,52,0.05
715490733,Client actuel,54,F,3,Sans diplôme,Célibataire,Non connu,Blue,36,1,2,1542,35,0.129
714989583,Client actuel,46,M,2,Licence,Célibataire,$60K - $80K,Blue,36,2,3,1691,44,0.11
820355433,Client actuel,43,M,3,Non connu,Célibataire,$40K - $60K,Blue,38,1,1,0,34,0.0
715901508,Client actuel,35,M,1,Lycée (équivalent baccalauréat),Célibataire,$80K - $120K,Blue,25,1,2,2307,43,0.096
710370483,Client actuel,39,F,4,Niveau Bac+2,Marié(e),Moins de $40K,Blue,31,3,3,1292,33,0.684
778573233,Client actuel,61,F,1,Licence,Marié(e),Moins de $40K,Blue,54,2,2,2091,50,0.674
708833133,Client actuel,40,F,3,Licence,Divorcé(e),Moins de $40K,Blue,29,2,2,2517,49,0.794
719885883,Client actuel,53,M,3,Niveau Bac+2,Célibataire,$120K +,Blue,36,2,0,1901,43,0.055
712523283,Client actuel,55,M,2,Non connu,Célibataire,$120K +,Blue,41,3,2,0,31,0.0
711309033,Client actuel,41,M,2,Non connu,Célibataire,$60K - $80K,Blue,24,2,2,2310,65,0.134
708134283,Client actuel,35,M,2,Sans diplôme,Marié(e),Moins de $40K,Blue,36,3,3,629,31,0.201
720147633,Client actuel,61,M,1,Non connu,Célibataire,$40K - $60K,Blue,47,2,2,1631,63,0.137
708983658,Client perdu,51,M,2,Sans diplôme,Célibataire,$120K +,Blue,39,5,1,0,25,0.0
766285608,Client actuel,42,M,3,Lycée (équivalent baccalauréat),Célibataire,$40K - $60K,Blue,35,3,3,1900,56,0.582
779715108,Client actuel,46,M,2,Non connu,Divorcé(e),$80K - $120K,Blue,30,3,3,1286,74,0.464
798035358,Client actuel,46,F,4,Lycée (équivalent baccalauréat),Célibataire,Moins de $40K,Blue,40,2,2,2172,41,0.611
719391783,Client actuel,46,M,4,Sans diplôme,Marié(e),$40K - $60K,Blue,35,2,2,1566,60,0.171
809342208,Client actuel,26,M,0,Licence,Célibataire,Non connu,Blue,19,1,2,0,47,0.0
780713058,Client actuel,46,M,3,Lycée (équivalent baccalauréat),Marié(e),$60K - $80K,Blue,35,3,3,1635,69,0.111
779338683,Client actuel,62,M,1,Licence,Célibataire,$60K - $80K,Blue,44,2,2,962,49,0.065
783387783,Client actuel,55,M,2,Sans diplôme,Divorcé(e),$60K - $80K,Blue,49,5,3,1873,53,0.185
787800108,Client actuel,55,M,2,Niveau Bac+2,Célibataire,$80K - $120K,Blue,45,1,2,2431,39,0.83
721397808,Client actuel,32,M,0,Lycée (équivalent baccalauréat),Marié(e),$40K - $60K,Blue,24,2,0,1176,41,0.315
778698408,Client actuel,37,F,4,Sans diplôme,Marié(e),Moins de $40K,Blue,18,1,2,2024,34,0.691
709545333,Client actuel,33,F,4,Lycée (équivalent baccalauréat),Célibataire,Non connu,Blue,29,2,3,1496,64,0.118
716032233,Client actuel,42,M,2,Niveau Bac+2,Célibataire,$80K - $120K,Blue,32,2,2,1805,65,0.082
717835908,Client actuel,33,M,2,Master,Célibataire,$80K - $120K,Blue,22,3,3,681,48,0.473
719466558,Client actuel,60,F,0,Lycée (équivalent baccalauréat),Célibataire,Non connu,Blue,36,2,2,0,34,0.0
778663458,Client perdu,65,M,1,Lycée (équivalent baccalauréat),Marié(e),$40K - $60K,Blue,47,2,1,0,18,0.0
716024808,Client perdu,57,M,1,Licence,Marié(e),$80K - $120K,Blue,36,5,3,2418,21,0.501
713008308,Client actuel,59,F,0,Non connu,Marié(e),Moins de $40K,Blue,47,3,2,1678,42,0.218
794831733,Client actuel,45,F,5,Licence,Marié(e),Moins de $40K,Blue,39,3,2,1208,28,0.56
713854608,Client actuel,62,M,1,Sans diplôme,Célibataire,$60K - $80K,Blue,36,3,3,1669,63,0.175
715993608,Client actuel,51,M,2,Niveau Bac+2,Célibataire,$120K +,Blue,41,3,2,2517,50,0.094
789368658,Client actuel,57,M,2,Licence,Célibataire,$80K - $120K,Blue,47,2,3,1387,30,0.663
802817358,Client actuel,38,F,3,Lycée (équivalent baccalauréat),Marié(e),Non connu,Blue,32,2,1,2072,51,0.179
708098133,Client actuel,32,F,0,Licence,Marié(e),Moins de $40K,Blue,19,1,0,1418,39,0.5
801499908,Client actuel,43,F,4,Licence,Marié(e),Moins de $40K,Blue,37,3,2,2056,31,0.435
824770683,Client actuel,51,F,0,Non connu,Divorcé(e),Moins de $40K,Blue,47,4,3,1151,76,0.378
718310733,Client actuel,50,M,2,Non connu,Divorcé(e),$80K - $120K,Blue,36,3,1,0,48,0.0
708162558,Client actuel,64,F,0,Sans diplôme,Marié(e),Non connu,Blue,54,1,2,1992,36,0.613
721129383,Client actuel,53,F,1,Doctorat,Marié(e),Moins de $40K,Blue,36,1,2,2517,42,0.805
721249158,Client perdu,42,M,2,Sans diplôme,Célibataire,$60K - $80K,Blue,30,2,3,0,14,0.0
721049658,Client actuel,53,M,3,Licence,Célibataire,$80K - $120K,Blue,34,3,0,0,62,0.0
806392908,Client actuel,52,F,4,Lycée (équivalent baccalauréat),Célibataire,Non connu,Blue,47,2,3,2338,33,0.313
714886533,Client actuel,60,F,2,Lycée (équivalent baccalauréat),Marié(e),Moins de $40K,Blue,36,3,2,2517,34,0.727
772375533,Client actuel,30,M,1,Licence,Célibataire,$80K - $120K,Blue,19,3,2,2377,39,0.239
826775058,Client actuel,43,F,3,Sans diplôme,Marié(e),Moins de $40K,Blue,39,1,2,2517,36,0.603
711878733,Client actuel,60,M,1,Sans diplôme,Célibataire,$60K - $80K,Blue,48,1,3,2073,45,0.202
714550383,Client actuel,46,M,2,Lycée (équivalent baccalauréat),Célibataire,$40K - $60K,Blue,36,3,3,0,40,0.0
712636308,Client actuel,65,F,2,Lycée (équivalent baccalauréat),Marié(e),$40K - $60K,Blue,45,2,2,1514,26,0.57
772139433,Client actuel,44,F,2,Niveau Bac+2,Célibataire,$40K - $60K,Blue,33,2,3,1240,61,0.27
709058808,Client actuel,56,F,2,Niveau Bac+2,Marié(e),Moins de $40K,Blue,36,1,2,1035,42,0.372
813240408,Client actuel,45,F,4,Lycée (équivalent baccalauréat),Marié(e),Non connu,Blue,39,3,2,836,25,0.034
767753958,Client actuel,37,M,3,Licence,Non connu,$40K - $60K,Blue,31,1,2,1956,51,0.23
710111733,Client actuel,48,M,2,Lycée (équivalent baccalauréat),Célibataire,$80K - $120K,Blue,39,1,3,1996,28,0.247
761544333,Client actuel,37,F,4,Niveau Bac+2,Marié(e),$40K - $60K,Blue,30,4,3,2517,32,0.737
788814783,Client actuel,39,M,1,Sans diplôme,Célibataire,$60K - $80K,Blue,22,3,3,845,58,0.092
715034358,Client actuel,41,M,2,Licence,Célibataire,$120K +,Blue,32,2,3,2097,35,0.147
709624533,Client actuel,55,F,2,Lycée (équivalent baccalauréat),Marié(e),Moins de $40K,Blue,45,2,0,2517,38,0.79
709942383,Client actuel,34,M,1,Licence,Célibataire,$80K - $120K,Blue,36,3,2,782,34,0.124
803957508,Client actuel,52,M,2,Non connu,Célibataire,$80K - $120K,Blue,47,1,3,1024,33,0.064
713378133,Client actuel,54,F,0,Master,Célibataire,Moins de $40K,Silver,39,2,3,2288,60,0.196
709217358,Client actuel,40,M,3,Master,Célibataire,$80K - $120K,Blue,36,3,2,1832,45,0.09
720998358,Client actuel,52,M,0,Lycée (équivalent baccalauréat),Célibataire,$120K +,Silver,41,3,1,1043,38,0.03
721051908,Client actuel,45,M,3,Licence,Célibataire,$60K - $80K,Blue,33,1,3,0,32,0.0
715232058,Client actuel,61,M,0,Master,Marié(e),$40K - $60K,Blue,53,1,2,1434,42,0.258
806250783,Client actuel,57,F,2,Lycée (équivalent baccalauréat),Marié(e),Moins de $40K,Blue,52,3,2,0,58,0.0
817245183,Client actuel,51,M,2,Non connu,Non connu,$120K +,Blue,33,2,2,1014,40,0.051
713670333,Client actuel,60,M,1,Non connu,Célibataire,Moins de $40K,Blue,52,3,2,1464,27,0.589
826477083,Client actuel,48,F,2,Niveau Bac+2,Marié(e),Moins de $40K,Blue,44,1,3,2439,34,0.534
788728608,Client actuel,34,M,0,Lycée (équivalent baccalauréat),Marié(e),$40K - $60K,Blue,13,3,2,1394,36,0.36
717190533,Client actuel,49,M,4,Lycée (équivalent baccalauréat),Marié(e),$60K - $80K,Blue,36,3,2,661,32,0.051
716580033,Client actuel,53,M,3,Lycée (équivalent baccalauréat),Marié(e),$120K +,Blue,36,1,3,1796,59,0.085
711644508,Client actuel,34,M,2,Sans diplôme,Célibataire,$80K - $120K,Blue,36,2,0,1136,63,0.093
714334383,Client actuel,54,M,2,Licence,Célibataire,$60K - $80K,Blue,42,2,0,0,28,0.0
720611058,Client actuel,40,M,3,Licence,Célibataire,$120K +,Blue,27,2,3,0,47,0.0
712420833,Client actuel,49,F,5,Niveau Bac+2,Célibataire,Non connu,Blue,41,3,2,2245,57,0.14
713845083,Client perdu,41,F,4,Lycée (équivalent baccalauréat),Marié(e),$40K - $60K,Blue,36,2,3,2517,43,0.599
713756508,Client actuel,46,M,3,Licence,Divorcé(e),Moins de $40K,Blue,36,1,3,997,30,0.237
735565158,Client actuel,46,M,4,Licence,Marié(e),$60K - $80K,Blue,33,2,2,1180,38,0.055
714131058,Client actuel,30,M,0,Licence,Non connu,$60K - $80K,Blue,36,5,3,2517,33,0.136
717180633,Client actuel,59,M,1,Master,Marié(e),$40K - $60K,Blue,36,2,2,1372,35,0.553
717295683,Client actuel,50,M,0,Doctorat,Célibataire,$80K - $120K,Blue,38,2,2,1881,35,0.544
713128833,Client actuel,49,M,2,Non connu,Non connu,$60K - $80K,Blue,36,3,2,1790,38,0.275
813499458,Client perdu,45,M,5,Lycée (équivalent baccalauréat),Non connu,$60K - $80K,Blue,40,5,1,0,31,0.0
710070183,Client actuel,53,F,1,Lycée (équivalent baccalauréat),Célibataire,Moins de $40K,Blue,36,2,2,1772,38,0.678
789605658,Client actuel,42,F,1,Doctorat,Marié(e),$40K - $60K,Blue,35,3,2,2355,27,0.789
710045058,Client actuel,46,M,5,Lycée (équivalent baccalauréat),Marié(e),$40K - $60K,Silver,28,1,3,2158,40,0.115
710164683,Client actuel,33,M,1,Licence,Célibataire,$60K - $80K,Blue,22,1,3,2517,36,0.88
710802258,Client actuel,46,F,2,Licence,Marié(e),Moins de $40K,Blue,38,3,0,2245,26,0.777
721036233,Client actuel,61,M,0,Lycée (équivalent baccalauréat),Célibataire,$60K - $80K,Blue,36,3,3,1567,42,0.171
710036508,Client actuel,42,M,5,Sans diplôme,Marié(e),$40K - $60K,Blue,34,3,2,1519,35,0.106
717776808,Client actuel,47,F,4,Licence,Célibataire,Moins de $40K,Blue,39,2,3,1450,54,0.197
714906033,Client actuel,47,F,2,Licence,Célibataire,Moins de $40K,Blue,36,2,2,0,35,0.0
714273708,Client actuel,53,F,4,Licence,Marié(e),$40K - $60K,Blue,36,2,3,2472,49,0.52
721117533,Client actuel,46,F,3,Licence,Célibataire,Moins de $40K,Blue,26,3,3,1418,45,0.653
715374558,Client actuel,26,M,0,Niveau Bac+2,Divorcé(e),Moins de $40K,Blue,36,2,3,456,74,0.11
824807658,Client actuel,45,M,3,Licence,Marié(e),$60K - $80K,Blue,41,3,3,2477,33,0.272
714940608,Client actuel,36,M,2,Lycée (équivalent baccalauréat),Divorcé(e),$40K - $60K,Blue,36,3,2,1733,53,0.645
824782008,Client actuel,42,M,3,Lycée (équivalent baccalauréat),Non connu,$60K - $80K,Blue,38,1,2,510,26,0.05
717561108,Client actuel,52,M,1,Licence,Célibataire,$80K - $120K,Blue,36,3,2,549,32,0.016
717127083,Client actuel,37,M,3,Licence,Marié(e),$120K +,Blue,25,3,0,1733,58,0.115
772460508,Client actuel,53,M,1,Sans diplôme,Marié(e),$40K - $60K,Blue,43,1,2,1530,34,0.346
720484908,Client actuel,65,F,1,Master,Marié(e),$40K - $60K,Blue,52,3,3,0,27,0.0
771237933,Client actuel,47,M,1,Sans diplôme,Non connu,$80K - $120K,Blue,34,1,3,1085,23,0.053
794664183,Client actuel,38,M,0,Sans diplôme,Célibataire,$60K - $80K,Blue,19,1,3,2146,45,0.663
797488158,Client actuel,52,M,2,Lycée (équivalent baccalauréat),Célibataire,$60K - $80K,Blue,46,3,0,1081,36,0.076
708543258,Client actuel,36,M,3,Lycée (équivalent baccalauréat),Marié(e),$80K - $120K,Blue,36,3,2,1880,39,0.721
778706508,Client actuel,43,M,4,Niveau Bac+2,Marié(e),$60K - $80K,Blue,24,5,4,0,30,0.0
712240083,Client perdu,38,F,3,Non connu,Marié(e),$40K - $60K,Blue,30,2,2,2517,22,0.675
713650683,Client actuel,65,F,0,Licence,Marié(e),Moins de $40K,Blue,56,1,4,2266,37,0.732
772532208,Client perdu,51,F,2,Doctorat,Marié(e),$40K - $60K,Blue,41,2,3,916,24,0.138
778929783,Client perdu,40,M,3,Licence,Divorcé(e),$80K - $120K,Blue,22,2,3,0,28,0.0
714244383,Client actuel,39,M,3,Niveau Bac+2,Non connu,$80K - $120K,Blue,36,2,3,1692,30,0.051
718797558,Client actuel,39,F,1,Licence,Marié(e),Non connu,Blue,30,2,3,1357,46,0.465
712821333,Client actuel,60,M,0,Sans diplôme,Célibataire,$60K - $80K,Blue,47,3,3,2517,50,0.266
721120008,Client actuel,43,F,2,Sans diplôme,Célibataire,$40K - $60K,Blue,29,3,2,1377,29,0.637
709633533,Client actuel,31,M,2,Sans diplôme,Marié(e),Moins de $40K,Blue,18,2,4,0,50,0.0
710789058,Client actuel,55,M,1,Licence,Célibataire,$120K +,Blue,42,2,3,1478,41,0.043
716174433,Client actuel,65,F,1,Niveau Bac+2,Marié(e),Moins de $40K,Blue,54,3,3,1134,54,0.393
789886533,Client actuel,54,F,1,Lycée (équivalent baccalauréat),Marié(e),Moins de $40K,Blue,44,3,3,1746,21,0.442
715210308,Client actuel,40,F,1,Lycée (équivalent baccalauréat),Marié(e),Non connu,Blue,31,3,4,1212,32,0.076
721038408,Client actuel,38,F,2,Lycée (équivalent baccalauréat),Marié(e),Moins de $40K,Blue,27,1,2,0,43,0.0
713325108,Client actuel,36,M,2,Master,Célibataire,$60K - $80K,Blue,29,3,3,2517,40,0.326
720352533,Client actuel,43,M,3,Lycée (équivalent baccalauréat),Non connu,$60K - $80K,Blue,36,3,3,1425,38,0.068
708431433,Client actuel,41,M,3,Licence,Marié(e),$120K +,Blue,31,3,2,1420,32,0.12
716996583,Client actuel,50,M,3,Lycée (équivalent baccalauréat),Divorcé(e),$120K +,Blue,37,1,2,1792,35,0.583
718699683,Client actuel,48,M,3,Niveau Bac+2,Marié(e),$80K - $120K,Silver,36,2,2,0,54,0.0
771359958,Client actuel,39,M,4,Non connu,Célibataire,$120K +,Silver,26,2,2,2517,42,0.073
716604633,Client actuel,55,F,2,Master,Marié(e),$40K - $60K,Blue,46,2,2,2025,53,0.301
813952233,Client actuel,44,M,3,Licence,Non connu,Moins de $40K,Blue,39,2,4,2134,46,0.717
713053383,Client perdu,42,M,3,Licence,Marié(e),$80K - $120K,Blue,36,1,3,781,12,0.023
709979583,Client actuel,54,M,3,Licence,Marié(e),$120K +,Blue,46,1,3,854,54,0.025
709380333,Client actuel,57,M,1,Sans diplôme,Célibataire,$120K +,Blue,36,2,3,1735,45,0.071
778574283,Client actuel,53,F,1,Sans diplôme,Marié(e),$40K - $60K,Blue,46,2,3,0,64,0.0
789875883,Client actuel,41,F,4,Sans diplôme,Célibataire,Moins de $40K,Blue,31,1,2,627,45,0.252
714661233,Client actuel,39,M,1,Licence,Célibataire,$120K +,Blue,24,2,4,2517,52,0.25
813915933,Client actuel,45,M,2,Licence,Divorcé(e),$40K - $60K,Blue,40,3,2,954,35,0.422
708358683,Client actuel,46,M,2,Licence,Célibataire,$80K - $120K,Silver,35,3,2,1236,40,0.036
824761458,Client actuel,54,M,2,Lycée (équivalent baccalauréat),Célibataire,$80K - $120K,Blue,50,2,3,1936,62,0.203
715362183,Client actuel,40,F,4,Licence,Marié(e),Non connu,Blue,36,1,2,1043,38,0.281
721194858,Client actuel,48,M,4,Licence,Non connu,$80K - $120K,Blue,40,2,2,2472,60,0.557
803595858,Client perdu,56,F,3,Lycée (équivalent baccalauréat),Marié(e),$40K - $60K,Blue,51,2,1,0,14,0.0
716198358,Client actuel,33,F,4,Master,Marié(e),$40K - $60K,Blue,36,2,3,1887,55,0.796
714173808,Client actuel,44,F,4,Licence,Célibataire,Moins de $40K,Blue,34,1,2,1249,34,0.296
709465758,Client actuel,62,F,1,Master,Marié(e),Moins de $40K,Blue,53,1,3,0,31,0.0
714081558,Client actuel,33,F,0,Licence,Marié(e),Non connu,Blue,36,2,4,1599,31,0.612
717364458,Client actuel,36,F,3,Lycée (équivalent baccalauréat),Marié(e),Moins de $40K,Blue,26,1,4,1445,33,0.334
778755858,Client actuel,46,M,3,Licence,Non connu,$80K - $120K,Blue,27,1,3,1725,55,0.471
710754933,Client perdu,61,F,0,Licence,Marié(e),$60K - $80K,Blue,49,2,3,0,20,0.0
720007383,Client perdu,41,F,2,Non connu,Célibataire,Non connu,Blue,28,1,3,2517,15,0.571
810220833,Client actuel,42,M,4,Licence,Non connu,$40K - $60K,Silver,37,6,2,2086,43,0.131
718362783,Client perdu,35,M,2,Licence,Marié(e),$80K - $120K,Blue,27,2,3,0,21,0.0
708267858,Client actuel,65,F,0,Lycée (équivalent baccalauréat),Marié(e),$40K - $60K,Blue,36,2,3,2145,52,0.352
708856983,Client perdu,36,M,3,Master,Marié(e),$120K +,Blue,27,1,2,0,18,0.0
715588908,Client actuel,42,F,4,Licence,Célibataire,Moins de $40K,Blue,32,2,3,0,66,0.0
772674933,Client actuel,51,M,1,Sans diplôme,Célibataire,$80K - $120K,Blue,41,3,3,808,50,0.143
720148983,Client actuel,54,F,1,Sans diplôme,Marié(e),Moins de $40K,Blue,40,2,4,1144,47,0.525
720650208,Client actuel,40,F,3,Niveau Bac+2,Non connu,$40K - $60K,Blue,22,3,3,2005,26,0.159
769732233,Client actuel,40,M,5,Licence,Marié(e),$80K - $120K,Blue,34,2,4,1651,29,0.138
713030958,Client actuel,57,F,2,Niveau Bac+2,Marié(e),Moins de $40K,Blue,44,3,2,0,54,0.0
711320508,Client actuel,57,M,4,Licence,Marié(e),$80K - $120K,Blue,49,2,4,1410,34,0.464
795795408,Client actuel,53,M,2,Sans diplôme,Marié(e),$40K - $60K,Blue,47,1,3,1423,47,0.255
717904383,Client actuel,40,M,2,Licence,Célibataire,$80K - $120K,Blue,31,1,2,2052,44,0.11
714115533,Client actuel,28,M,0,Licence,Marié(e),Moins de $40K,Blue,18,1,3,1789,55,0.608
712475733,Client actuel,38,F,3,Lycée (équivalent baccalauréat),Marié(e),Moins de $40K,Blue,28,2,3,1888,39,0.775
718996758,Client actuel,37,F,2,Licence,Marié(e),Moins de $40K,Blue,30,2,2,1392,36,0.67
713049933,Client actuel,65,F,1,Lycée (équivalent baccalauréat),Marié(e),Non connu,Blue,36,2,2,0,44,0.0
709961958,Client perdu,58,F,4,Lycée (équivalent baccalauréat),Divorcé(e),Non connu,Blue,45,1,1,2517,32,0.119
718301508,Client actuel,41,M,2,Lycée (équivalent baccalauréat),Célibataire,$60K - $80K,Blue,30,3,2,1765,43,0.187
714831033,Client actuel,54,M,5,Licence,Marié(e),$80K - $120K,Blue,47,1,3,1728,27,0.285
710653158,Client actuel,39,F,4,Licence,Marié(e),Non connu,Blue,21,1,4,1613,40,0.321
721265883,Client actuel,26,M,1,Licence,Célibataire,Moins de $40K,Blue,13,3,2,1514,44,0.696
715049583,Client actuel,60,M,1,Non connu,Célibataire,$60K - $80K,Blue,54,3,3,2341,31,0.689
715394883,Client actuel,35,F,2,Lycée (équivalent baccalauréat),Marié(e),Non connu,Blue,36,2,4,1151,47,0.266
773448558,Client actuel,46,M,3,Licence,Divorcé(e),$80K - $120K,Blue,40,3,3,2292,34,0.624
717249783,Client actuel,47,M,4,Non connu,Non connu,$60K - $80K,Blue,39,2,2,740,67,0.408
708344358,Client actuel,53,F,3,Lycée (équivalent baccalauréat),Marié(e),Non connu,Blue,45,1,3,1354,31,0.543
712003083,Client actuel,55,M,1,Licence,Célibataire,$80K - $120K,Blue,36,2,4,2102,33,0.061
754282908,Client actuel,50,F,1,Master,Marié(e),Moins de $40K,Blue,43,1,3,844,59,0.251
717412608,Client perdu,38,F,2,Lycée (équivalent baccalauréat),Marié(e),$40K - $60K,Blue,28,2,2,0,16,0.0
719412258,Client actuel,39,F,3,Licence,Célibataire,Moins de $40K,Blue,30,3,4,815,48,0.157
788675658,Client actuel,39,F,2,Non connu,Célibataire,Moins de $40K,Blue,29,2,4,845,37,0.439
717683583,Client actuel,39,M,3,Lycée (équivalent baccalauréat),Célibataire,$60K - $80K,Blue,36,2,3,1691,27,0.244
820584408,Client actuel,49,F,3,Licence,Célibataire,Moins de $40K,Blue,44,3,2,1507,38,0.345
719392833,Client actuel,45,F,3,Licence,Marié(e),Moins de $40K,Blue,38,3,2,1613,34,0.672
718595583,Client actuel,55,M,3,Licence,Marié(e),$80K - $120K,Blue,36,2,3,1733,54,0.067
778508883,Client actuel,44,M,5,Licence,Marié(e),$120K +,Blue,24,1,4,1926,33,0.162
715511658,Client actuel,49,F,5,Master,Non connu,$40K - $60K,Blue,39,1,4,0,27,0.0
711999783,Client actuel,41,M,3,Sans diplôme,Célibataire,$80K - $120K,Blue,31,2,2,1348,23,0.284
753856008,Client actuel,49,F,2,Non connu,Non connu,$40K - $60K,Blue,42,1,4,1495,64,0.302
789920883,Client actuel,45,F,3,Licence,Célibataire,Non connu,Blue,36,3,4,2517,58,0.225
788677533,Client actuel,44,M,4,Non connu,Marié(e),$120K +,Blue,31,3,4,1197,43,0.035
716284308,Client actuel,65,M,2,Licence,Marié(e),Non connu,Blue,55,2,2,2175,34,0.357
712120608,Client perdu,35,M,3,Niveau Bac+2,Marié(e),$80K - $120K,Blue,27,2,3,1884,15,0.527
715482483,Client actuel,26,M,0,Lycée (équivalent baccalauréat),Célibataire,Non connu,Blue,36,2,3,1421,59,0.446
720848733,Client actuel,38,M,1,Lycée (équivalent baccalauréat),Célibataire,$80K - $120K,Blue,24,3,2,1230,33,0.092
708480333,Client actuel,65,M,0,Non connu,Célibataire,$40K - $60K,Blue,36,2,3,932,57,0.431
826723308,Client actuel,58,M,3,Niveau Bac+2,Marié(e),$120K +,Blue,54,1,4,2088,21,0.605
801369258,Client actuel,47,F,5,Master,Marié(e),$40K - $60K,Blue,41,2,2,777,59,0.174
709584483,Client actuel,33,F,3,Licence,Marié(e),Moins de $40K,Blue,25,1,4,2517,44,0.831
715708308,Client actuel,54,F,3,Doctorat,Marié(e),$40K - $60K,Blue,39,1,3,1594,29,0.755
779707308,Client actuel,35,F,1,Licence,Marié(e),Moins de $40K,Blue,18,1,2,1619,53,0.214
711688158,Client actuel,47,M,5,Licence,Célibataire,$120K +,Blue,27,3,4,2306,49,0.196
711848658,Client actuel,35,M,3,Niveau Bac+2,Marié(e),$60K - $80K,Blue,17,3,2,1776,31,0.786
715855083,Client actuel,48,M,4,Lycée (équivalent baccalauréat),Marié(e),$80K - $120K,Blue,36,2,4,507,67,0.026
778971408,Client actuel,36,M,4,Doctorat,Marié(e),$60K - $80K,Blue,17,2,4,1848,64,0.659
711648708,Client actuel,44,M,3,Licence,Célibataire,$80K - $120K,Blue,36,3,2,756,84,0.029
713149683,Client actuel,44,F,3,Niveau Bac+2,Célibataire,Moins de $40K,Blue,24,1,4,1668,31,0.179
771903033,Client actuel,36,F,1,Licence,Marié(e),Moins de $40K,Blue,25,1,2,1247,40,0.416
737925558,Client actuel,64,M,0,Doctorat,Marié(e),$40K - $60K,Blue,56,2,2,1893,42,0.447
803347908,Client actuel,34,F,1,Licence,Célibataire,Moins de $40K,Gold,28,3,2,0,65,0.0
817285758,Client actuel,49,M,4,Licence,Marié(e),$80K - $120K,Blue,33,5,3,0,56,0.0
711480108,Client actuel,37,M,4,Lycée (équivalent baccalauréat),Marié(e),$60K - $80K,Blue,24,1,4,2145,43,0.402
709662708,Client actuel,65,M,1,Lycée (équivalent baccalauréat),Marié(e),$40K - $60K,Blue,53,3,3,1604,61,0.458
709224858,Client actuel,53,M,2,Master,Célibataire,$80K - $120K,Blue,36,1,2,1629,40,0.451
821771508,Client actuel,32,M,0,Lycée (équivalent baccalauréat),Marié(e),$40K - $60K,Blue,28,1,2,2055,36,0.648
712216533,Client actuel,44,M,5,Non connu,Marié(e),$80K - $120K,Blue,34,2,3,763,43,0.093
710522433,Client actuel,65,M,0,Licence,Marié(e),Moins de $40K,Blue,46,2,2,1499,53,0.62
779046408,Client actuel,60,M,0,Licence,Marié(e),$40K - $60K,Blue,41,2,4,1880,30,0.765
708595158,Client actuel,27,F,0,Licence,Célibataire,Moins de $40K,Blue,36,1,2,1598,43,0.953
757266933,Client actuel,52,M,2,Master,Célibataire,$60K - $80K,Blue,45,1,4,929,46,0.079
816776283,Client actuel,42,M,4,Lycée (équivalent baccalauréat),Non connu,$80K - $120K,Gold,37,1,2,1797,30,0.052
719904333,Client actuel,29,M,0,Licence,Marié(e),$40K - $60K,Blue,36,3,4,590,52,0.404
718264233,Client actuel,29,M,0,Lycée (équivalent baccalauréat),Marié(e),$40K - $60K,Blue,13,1,4,671,56,0.46
784798683,Client actuel,38,M,2,Lycée (équivalent baccalauréat),Marié(e),$40K - $60K,Blue,32,2,2,0,39,0.0
710899833,Client perdu,36,M,2,Licence,Marié(e),$40K - $60K,Blue,18,1,3,1408,23,0.181
780025908,Client actuel,40,F,2,Master,Marié(e),Moins de $40K,Silver,30,2,2,1932,31,0.178
713610033,Client actuel,47,M,3,Master,Célibataire,$60K - $80K,Blue,36,3,3,1996,40,0.394
709364433,Client actuel,36,F,3,Lycée (équivalent baccalauréat),Marié(e),Non connu,Blue,30,2,2,2173,34,0.639
713086908,Client actuel,26,M,0,Lycée (équivalent baccalauréat),Célibataire,$40K - $60K,Blue,36,2,2,1670,51,0.755
709793133,Client actuel,43,F,2,Non connu,Célibataire,$40K - $60K,Blue,36,1,4,2470,37,0.775
710032608,Client actuel,52,F,1,Licence,Célibataire,Moins de $40K,Blue,32,1,3,2320,46,0.391
779351208,Client actuel,49,M,2,Non connu,Célibataire,$60K - $80K,Blue,34,1,4,0,56,0.0
719776608,Client actuel,50,M,2,Licence,Célibataire,$80K - $120K,Blue,37,1,3,0,41,0.0
709220583,Client actuel,34,M,3,Licence,Divorcé(e),$80K - $120K,Blue,21,4,2,0,56,0.0
719555733,Client actuel,53,F,2,Sans diplôme,Marié(e),Non connu,Blue,36,3,3,1592,42,0.736
740852733,Client actuel,49,M,3,Lycée (équivalent baccalauréat),Marié(e),$80K - $120K,Blue,42,1,2,1805,49,0.178
709528308,Client actuel,53,M,4,Lycée (équivalent baccalauréat),Marié(e),$80K - $120K,Blue,46,2,3,1170,57,0.077
715127208,Client actuel,48,M,3,Doctorat,Divorcé(e),$120K +,Blue,36,3,2,2517,48,0.073
817144458,Client actuel,32,F,2,Licence,Célibataire,Moins de $40K,Blue,17,1,2,1228,67,0.854
710628783,Client actuel,38,M,4,Lycée (équivalent baccalauréat),Marié(e),$80K - $120K,Gold,36,1,3,1140,45,0.033
772145658,Client actuel,43,M,4,Sans diplôme,Marié(e),$80K - $120K,Blue,32,1,3,2036,28,0.127
739594758,Client perdu,51,F,2,Licence,Célibataire,$40K - $60K,Blue,44,5,2,2517,16,0.791
789198708,Client actuel,58,M,3,Licence,Marié(e),$120K +,Blue,47,1,2,0,24,0.0
720953658,Client actuel,59,F,0,Licence,Marié(e),Moins de $40K,Blue,36,3,4,914,53,0.161
771330558,Client actuel,51,M,4,Lycée (équivalent baccalauréat),Marié(e),$60K - $80K,Blue,38,2,3,1824,31,0.174
714078558,Client perdu,62,F,1,Lycée (équivalent baccalauréat),Marié(e),$60K - $80K,Blue,53,1,1,0,31,0.0
712207683,Client actuel,38,M,0,Non connu,Divorcé(e),Moins de $40K,Blue,36,3,2,684,37,0.133
788826408,Client actuel,33,M,1,Sans diplôme,Célibataire,$120K +,Blue,16,1,3,1352,58,0.126
790128033,Client actuel,54,M,3,Lycée (équivalent baccalauréat),Célibataire,$80K - $120K,Blue,47,1,2,1348,36,0.082
718082208,Client actuel,37,F,1,Licence,Marié(e),$40K - $60K,Blue,30,3,4,2351,50,0.363
712037358,Client actuel,30,M,0,Non connu,Marié(e),$60K - $80K,Blue,23,3,2,1773,45,0.345
711711483,Client actuel,61,M,0,Lycée (équivalent baccalauréat),Célibataire,$80K - $120K,Blue,50,1,3,2448,40,0.874
718861458,Client actuel,49,M,5,Non connu,Célibataire,$60K - $80K,Blue,36,1,2,1532,37,0.297
709426608,Client actuel,56,M,1,Doctorat,Marié(e),$60K - $80K,Blue,46,2,4,1816,45,0.346
811457058,Client actuel,51,F,3,Master,Marié(e),Moins de $40K,Blue,46,3,2,2005,56,0.341
773073558,Client actuel,44,F,3,Licence,Divorcé(e),Moins de $40K,Blue,36,3,3,896,54,0.611
715937133,Client actuel,64,F,1,Sans diplôme,Marié(e),$40K - $60K,Blue,52,2,2,2299,48,0.46
713480583,Client actuel,46,F,3,Lycée (équivalent baccalauréat),Marié(e),Non connu,Blue,36,2,2,0,47,0.0
716383683,Client actuel,39,F,2,Master,Non connu,Moins de $40K,Blue,36,3,4,0,28,0.0
713693958,Client actuel,38,F,1,Sans diplôme,Célibataire,Moins de $40K,Blue,27,3,4,0,29,0.0
715443708,Client actuel,53,M,1,Sans diplôme,Célibataire,$120K +,Blue,45,1,3,1286,31,0.138
770769483,Client actuel,35,M,2,Master,Marié(e),$40K - $60K,Blue,21,1,3,775,33,0.344
789326808,Client actuel,26,M,0,Niveau Bac+2,Célibataire,$60K - $80K,Blue,15,1,2,1720,37,0.208
712105533,Client actuel,32,M,2,Lycée (équivalent baccalauréat),Célibataire,$40K - $60K,Blue,20,3,4,1638,56,0.733
720674133,Client actuel,36,M,1,Sans diplôme,Marié(e),$40K - $60K,Blue,16,3,2,2027,48,0.543
779216358,Client perdu,48,M,2,Niveau Bac+2,Marié(e),$80K - $120K,Blue,38,2,3,0,17,0.0
717322833,Client actuel,55,M,2,Non connu,Célibataire,$80K - $120K,Blue,36,2,2,1988,30,0.187
710279508,Client actuel,52,M,2,Licence,Célibataire,$80K - $120K,Blue,42,3,2,1006,35,0.046
712168833,Client actuel,52,F,1,Lycée (équivalent baccalauréat),Marié(e),Moins de $40K,Blue,36,3,3,1469,37,0.689
780581508,Client actuel,58,F,1,Doctorat,Célibataire,$40K - $60K,Silver,47,2,4,1590,37,0.095
711957708,Client actuel,38,F,2,Licence,Marié(e),Moins de $40K,Blue,36,3,4,1591,33,0.586
778782858,Client actuel,60,M,1,Licence,Célibataire,Moins de $40K,Blue,48,3,3,930,82,0.234
712924383,Client perdu,55,M,3,Non connu,Marié(e),$60K - $80K,Blue,36,2,2,979,22,0.116
709366458,Client actuel,43,F,3,Niveau Bac+2,Marié(e),Moins de $40K,Blue,36,2,4,1394,41,0.626
796990908,Client actuel,35,M,3,Master,Célibataire,$80K - $120K,Silver,29,3,2,1872,61,0.054
715702758,Client actuel,38,F,4,Licence,Marié(e),Moins de $40K,Blue,36,3,3,0,29,0.0
788974608,Client actuel,48,M,3,Licence,Non connu,$60K - $80K,Blue,35,1,3,2342,41,0.828
714790008,Client actuel,38,F,1,Non connu,Célibataire,Moins de $40K,Blue,36,2,3,0,57,0.0
787438983,Client actuel,43,M,3,Niveau Bac+2,Célibataire,$40K - $60K,Blue,23,2,2,1664,37,0.365
713834358,Client actuel,36,F,2,Master,Marié(e),Moins de $40K,Blue,25,3,4,1492,32,0.317
710084883,Client actuel,34,M,2,Niveau Bac+2,Célibataire,$80K - $120K,Blue,22,2,4,0,57,0.0
710736558,Client actuel,39,F,2,Non connu,Marié(e),Non connu,Blue,36,3,4,1474,41,0.182
788915283,Client actuel,43,F,2,Niveau Bac+2,Célibataire,Moins de $40K,Blue,29,1,2,1589,36,0.69
714916758,Client actuel,48,F,2,Sans diplôme,Marié(e),$40K - $60K,Blue,36,3,2,0,45,0.0
789611283,Client actuel,44,M,4,Licence,Marié(e),$40K - $60K,Blue,38,2,3,2091,30,0.384
773288958,Client actuel,38,M,1,Licence,Célibataire,$60K - $80K,Blue,31,3,3,1473,30,0.197
811721133,Client actuel,62,M,1,Lycée (équivalent baccalauréat),Marié(e),$40K - $60K,Blue,56,3,3,1242,50,0.526
813961233,Client actuel,30,M,0,Non connu,Célibataire,$80K - $120K,Blue,25,2,2,1676,88,0.396
783020958,Client actuel,39,M,3,Non connu,Marié(e),$80K - $120K,Blue,33,6,4,794,46,0.043
715764483,Client actuel,53,F,3,Lycée (équivalent baccalauréat),Non connu,Moins de $40K,Blue,37,2,4,974,33,0.135
798110358,Client actuel,64,F,1,Lycée (équivalent baccalauréat),Marié(e),$40K - $60K,Blue,56,2,4,0,35,0.0
715745508,Client actuel,51,F,4,Licence,Célibataire,Non connu,Blue,34,1,2,1279,45,0.114
714350658,Client actuel,32,M,1,Licence,Célibataire,Non connu,Blue,26,3,4,1880,55,0.1
826478958,Client actuel,52,M,1,Niveau Bac+2,Célibataire,$80K - $120K,Blue,48,3,3,1601,41,0.775
719127558,Client actuel,43,M,2,Lycée (équivalent baccalauréat),Divorcé(e),$80K - $120K,Blue,31,2,4,1075,65,0.031
712454958,Client actuel,40,M,5,Licence,Célibataire,$60K - $80K,Blue,27,1,2,1416,38,0.516
718561458,Client actuel,54,M,1,Lycée (équivalent baccalauréat),Célibataire,$60K - $80K,Blue,36,1,4,1225,26,0.061
822984108,Client actuel,34,F,4,Lycée (équivalent baccalauréat),Célibataire,Moins de $40K,Blue,30,1,3,2279,69,0.748
719469333,Client actuel,33,F,1,Lycée (équivalent baccalauréat),Célibataire,Moins de $40K,Blue,25,3,4,695,69,0.112
720871383,Client actuel,36,M,2,Licence,Célibataire,$80K - $120K,Blue,28,3,3,1996,49,0.354
788827308,Client actuel,65,M,1,Licence,Marié(e),Moins de $40K,Blue,50,2,4,1574,38,0.349
710180958,Client actuel,43,M,3,Lycée (équivalent baccalauréat),Célibataire,$40K - $60K,Blue,33,2,3,2517,31,0.828
778346283,Client actuel,53,M,0,Licence,Célibataire,$120K +,Blue,33,3,3,1905,57,0.091
787547208,Client actuel,48,F,3,Niveau Bac+2,Célibataire,Moins de $40K,Blue,38,3,4,1710,62,0.233
714983283,Client perdu,39,F,3,Lycée (équivalent baccalauréat),Marié(e),Moins de $40K,Blue,36,1,3,0,19,0.0
789344358,Client actuel,57,F,1,Non connu,Marié(e),Moins de $40K,Blue,47,1,3,2468,42,0.722
710406633,Client perdu,51,F,3,Sans diplôme,Marié(e),Non connu,Blue,36,6,2,0,31,0.0
767653233,Client actuel,48,M,3,Licence,Marié(e),$60K - $80K,Blue,42,1,3,930,59,0.153
719461008,Client actuel,51,M,2,Lycée (équivalent baccalauréat),Célibataire,$60K - $80K,Blue,38,3,2,1748,28,0.078
789731433,Client actuel,26,F,0,Non connu,Célibataire,Moins de $40K,Blue,13,2,4,1390,42,0.674
775198608,Client actuel,38,F,2,Licence,Marié(e),Moins de $40K,Blue,32,3,3,0,40,0.0
717567333,Client actuel,35,M,3,Licence,Marié(e),$60K - $80K,Blue,26,3,2,1982,35,0.497
772794108,Client actuel,46,F,3,Doctorat,Célibataire,Moins de $40K,Blue,36,1,4,651,65,0.296
712072908,Client actuel,48,M,4,Niveau Bac+2,Marié(e),$80K - $120K,Blue,36,3,2,736,40,0.258
709328733,Client actuel,49,F,2,Sans diplôme,Marié(e),Moins de $40K,Blue,37,3,3,2459,24,0.253
788107683,Client actuel,35,M,4,Lycée (équivalent baccalauréat),Marié(e),$40K - $60K,Blue,27,2,3,1318,43,0.248
713757633,Client actuel,65,F,0,Non connu,Marié(e),$40K - $60K,Blue,56,2,4,1303,42,0.175
713279808,Client actuel,53,M,2,Non connu,Célibataire,$60K - $80K,Blue,36,3,3,1310,30,0.233
712440483,Client actuel,54,F,2,Sans diplôme,Marié(e),Moins de $40K,Blue,44,1,3,1836,43,0.339
715078383,Client actuel,64,F,0,Licence,Marié(e),Non connu,Blue,36,1,3,1010,47,0.132
709214358,Client actuel,39,F,3,Licence,Divorcé(e),Non connu,Blue,30,3,2,1422,24,0.588
778399008,Client actuel,50,M,0,Lycée (équivalent baccalauréat),Célibataire,$80K - $120K,Blue,30,4,2,0,45,0.0
811534983,Client actuel,54,F,3,Licence,Marié(e),Moins de $40K,Blue,49,2,4,1069,47,0.526
719728383,Client actuel,38,F,4,Licence,Marié(e),Non connu,Blue,28,1,2,1598,39,0.233
718726833,Client actuel,39,M,1,Lycée (équivalent baccalauréat),Célibataire,$80K - $120K,Blue,28,2,4,0,36,0.0
780605508,Client actuel,53,M,1,Non connu,Marié(e),$40K - $60K,Blue,41,1,3,1433,23,0.497
719450508,Client actuel,53,M,2,Lycée (équivalent baccalauréat),Célibataire,$120K +,Blue,41,3,3,2037,56,0.28
711213108,Client actuel,32,M,1,Niveau Bac+2,Divorcé(e),$80K - $120K,Blue,36,3,4,0,60,0.0
708488208,Client actuel,57,F,3,Sans diplôme,Marié(e),Moins de $40K,Blue,47,3,3,1922,58,0.764
717206508,Client actuel,65,F,0,Lycée (équivalent baccalauréat),Marié(e),Moins de $40K,Blue,36,2,2,1806,35,0.645
821836008,Client actuel,57,M,2,Sans diplôme,Célibataire,$80K - $120K,Blue,53,2,4,2099,26,0.061
807244983,Client actuel,65,F,0,Niveau Bac+2,Marié(e),Moins de $40K,Blue,56,1,2,680,55,0.473
821872758,Client actuel,65,M,0,Lycée (équivalent baccalauréat),Célibataire,Moins de $40K,Silver,56,2,4,2517,49,0.2
809959683,Client actuel,55,M,2,Niveau Bac+2,Célibataire,$80K - $120K,Blue,50,2,4,2108,52,0.11
715079208,Client actuel,54,M,1,Niveau Bac+2,Célibataire,$80K - $120K,Blue,42,1,4,2517,35,0.261
767049258,Client actuel,44,M,4,Lycée (équivalent baccalauréat),Célibataire,$120K +,Blue,37,3,3,1672,35,0.199
709579383,Client actuel,58,M,1,Sans diplôme,Célibataire,$80K - $120K,Blue,50,3,2,1148,26,0.165
781923483,Client actuel,53,F,1,Niveau Bac+2,Marié(e),$40K - $60K,Blue,47,3,4,1733,62,0.705
718654533,Client actuel,33,F,1,Lycée (équivalent baccalauréat),Célibataire,Moins de $40K,Silver,24,2,2,0,56,0.0
716169258,Client actuel,47,F,5,Licence,Marié(e),Moins de $40K,Blue,39,3,4,1560,44,0.219
713908683,Client actuel,51,M,1,Non connu,Célibataire,$80K - $120K,Blue,41,2,2,1314,33,0.07
708212658,Client actuel,38,F,3,Licence,Marié(e),Moins de $40K,Blue,18,3,2,1260,47,0.575
756013833,Client actuel,57,M,3,Doctorat,Célibataire,$80K - $120K,Blue,50,2,3,1861,38,0.412
719358333,Client actuel,36,M,4,Sans diplôme,Marié(e),$40K - $60K,Blue,28,1,4,574,33,0.266
713735508,Client actuel,35,M,3,Sans diplôme,Marié(e),$80K - $120K,Blue,25,1,2,675,36,0.057
805259733,Client actuel,55,F,2,Non connu,Marié(e),Non connu,Blue,50,1,4,0,46,0.0
738749733,Client actuel,57,F,4,Doctorat,Marié(e),Non connu,Blue,47,3,3,1814,30,0.247
814833408,Client actuel,56,M,2,Doctorat,Célibataire,$60K - $80K,Blue,51,3,4,1409,45,0.233
719182308,Client actuel,38,F,2,Lycée (équivalent baccalauréat),Célibataire,Moins de $40K,Blue,27,1,3,1567,49,0.748
818497758,Client actuel,54,F,3,Licence,Marié(e),Moins de $40K,Blue,49,1,3,1271,37,0.667
719518308,Client actuel,48,M,2,Non connu,Non connu,$80K - $120K,Blue,35,2,4,0,23,0.0
709991883,Client perdu,53,M,1,Licence,Marié(e),$80K - $120K,Blue,42,1,2,1147,35,0.185
770901258,Client actuel,30,F,1,Licence,Marié(e),Moins de $40K,Blue,17,1,3,810,44,0.536
711499158,Client actuel,47,M,2,Sans diplôme,Célibataire,$80K - $120K,Silver,38,3,4,733,60,0.021
720445533,Client actuel,60,F,1,Niveau Bac+2,Marié(e),Moins de $40K,Blue,53,3,3,922,21,0.276
809951133,Client perdu,54,M,3,Niveau Bac+2,Marié(e),$120K +,Blue,49,2,3,0,24,0.0
714657108,Client actuel,37,F,2,Sans diplôme,Marié(e),Moins de $40K,Blue,28,2,4,1362,51,0.205
789048858,Client actuel,32,F,1,Master,Marié(e),Moins de $40K,Blue,20,2,3,1865,59,0.835
771816408,Client actuel,44,F,4,Sans diplôme,Marié(e),Moins de $40K,Blue,33,4,2,704,66,0.073
798158808,Client actuel,53,F,1,Niveau Bac+2,Célibataire,$40K - $60K,Blue,47,3,2,1479,47,0.224
787685658,Client actuel,43,M,2,Lycée (équivalent baccalauréat),Divorcé(e),$80K - $120K,Blue,33,3,2,1898,30,0.616
720141408,Client perdu,49,F,2,Licence,Célibataire,$60K - $80K,Blue,31,1,2,951,27,0.174
788699808,Client actuel,38,F,4,Non connu,Célibataire,Non connu,Blue,14,1,2,0,43,0.0
708216108,Client actuel,56,F,1,Niveau Bac+2,Marié(e),$40K - $60K,Blue,44,1,4,1557,39,0.381
715074258,Client actuel,26,F,0,Licence,Célibataire,$40K - $60K,Blue,36,3,3,0,42,0.0
771653583,Client actuel,58,M,1,Lycée (équivalent baccalauréat),Célibataire,$60K - $80K,Blue,46,2,4,1147,25,0.274
717374358,Client actuel,33,M,1,Non connu,Célibataire,$60K - $80K,Blue,22,3,0,1998,56,0.549
720836808,Client actuel,35,M,3,Lycée (équivalent baccalauréat),Célibataire,$80K - $120K,Blue,28,2,2,1147,68,0.1
818701383,Client actuel,37,M,3,Lycée (équivalent baccalauréat),Marié(e),$60K - $80K,Blue,32,2,2,1667,45,0.74
717277833,Client actuel,27,F,1,Licence,Célibataire,Non connu,Blue,13,2,4,2080,45,0.889
778137108,Client actuel,43,M,4,Lycée (équivalent baccalauréat),Marié(e),$80K - $120K,Blue,37,1,2,2517,47,0.083
720973833,Client actuel,49,M,2,Licence,Divorcé(e),$60K - $80K,Blue,36,3,2,0,62,0.0
768490458,Client perdu,49,M,2,Sans diplôme,Marié(e),$80K - $120K,Blue,43,6,3,2517,32,0.442
751487358,Client actuel,39,F,3,Licence,Marié(e),Moins de $40K,Blue,32,6,3,0,40,0.0
712742808,Client actuel,41,F,3,Sans diplôme,Marié(e),Moins de $40K,Blue,29,3,3,1142,21,0.378
712820208,Client actuel,32,F,0,Lycée (équivalent baccalauréat),Divorcé(e),Moins de $40K,Blue,36,2,4,1609,56,0.596
794649858,Client actuel,58,F,1,Sans diplôme,Marié(e),Moins de $40K,Blue,39,3,3,1624,37,0.735
755262933,Client actuel,56,M,2,Master,Marié(e),$60K - $80K,Blue,49,3,4,0,38,0.0
709541433,Client actuel,37,M,2,Licence,Marié(e),Moins de $40K,Blue,36,3,4,1687,45,0.827
820622433,Client actuel,39,M,1,Lycée (équivalent baccalauréat),Célibataire,$120K +,Blue,34,2,2,1698,58,0.522
712586583,Client actuel,26,F,0,Licence,Célibataire,$40K - $60K,Blue,13,3,4,1101,50,0.67
709816158,Client actuel,31,F,1,Non connu,Célibataire,Non connu,Silver,36,3,2,0,60,0.0
712196508,Client perdu,46,F,3,Lycée (équivalent baccalauréat),Marié(e),Non connu,Blue,34,6,3,1164,27,0.039
767269908,Client actuel,36,M,2,Niveau Bac+2,Célibataire,$120K +,Blue,29,3,2,0,63,0.0
710927733,Client actuel,39,M,1,Non connu,Célibataire,$80K - $120K,Blue,36,2,3,1999,35,0.69
711310908,Client actuel,53,F,4,Niveau Bac+2,Marié(e),Moins de $40K,Blue,36,1,3,2160,62,0.727
788862333,Client actuel,38,F,3,Sans diplôme,Marié(e),Moins de $40K,Blue,23,2,2,0,32,0.0
713194608,Client actuel,37,M,2,Licence,Marié(e),Moins de $40K,Blue,36,3,2,1751,58,0.711
793550958,Client actuel,47,F,2,Licence,Marié(e),Moins de $40K,Blue,41,3,4,0,40,0.0
712607583,Client actuel,56,M,1,Niveau Bac+2,Divorcé(e),$80K - $120K,Blue,36,3,3,1477,50,0.043
713921058,Client actuel,55,F,3,Lycée (équivalent baccalauréat),Marié(e),Moins de $40K,Blue,48,2,2,1601,25,0.553
709183683,Client actuel,31,F,0,Sans diplôme,Célibataire,Moins de $40K,Blue,36,2,0,0,56,0.0
713407458,Client actuel,62,F,0,Licence,Célibataire,Non connu,Blue,36,2,4,2284,74,0.796
715241583,Client actuel,34,M,3,Lycée (équivalent baccalauréat),Marié(e),$120K +,Blue,25,2,4,2517,45,0.105
710475408,Client actuel,33,M,3,Lycée (équivalent baccalauréat),Marié(e),$60K - $80K,Blue,25,2,2,2028,35,0.136
708971583,Client actuel,38,F,2,Sans diplôme,Célibataire,Moins de $40K,Blue,29,3,2,1924,37,0.536
714547458,Client actuel,65,M,0,Licence,Marié(e),$40K - $60K,Blue,56,3,2,0,51,0.0
827631483,Client actuel,57,M,1,Lycée (équivalent baccalauréat),Célibataire,$80K - $120K,Blue,53,2,4,1710,55,0.068
711159108,Client perdu,58,F,0,Lycée (équivalent baccalauréat),Marié(e),$40K - $60K,Blue,36,2,2,396,26,0.053
789262683,Client actuel,60,M,1,Non connu,Divorcé(e),$40K - $60K,Blue,49,3,2,0,23,0.0
712940508,Client actuel,39,M,3,Non connu,Célibataire,$40K - $60K,Blue,24,1,4,1721,50,0.377
789733008,Client actuel,39,F,2,Lycée (équivalent baccalauréat),Marié(e),Non connu,Blue,27,2,2,1529,63,0.143
714703158,Client actuel,39,F,2,Lycée (équivalent baccalauréat),Marié(e),Moins de $40K,Blue,36,2,3,760,43,0.482
710255208,Client actuel,60,M,0,Sans diplôme,Marié(e),Moins de $40K,Blue,49,2,4,1560,41,0.745
779236083,Client actuel,37,F,3,Lycée (équivalent baccalauréat),Marié(e),Moins de $40K,Blue,19,1,3,0,50,0.0
713438358,Client actuel,41,F,4,Licence,Marié(e),Non connu,Blue,30,1,2,1904,56,0.351
715973583,Client actuel,56,M,3,Sans diplôme,Marié(e),$120K +,Blue,36,3,3,1047,30,0.03
794113758,Client actuel,60,M,0,Lycée (équivalent baccalauréat),Célibataire,$60K - $80K,Blue,54,1,2,1968,55,0.205
709452633,Client actuel,56,F,4,Lycée (équivalent baccalauréat),Célibataire,Moins de $40K,Blue,36,1,3,2145,49,0.242
788210583,Client actuel,62,M,0,Niveau Bac+2,Marié(e),$40K - $60K,Blue,54,3,4,0,49,0.0
717784983,Client actuel,41,F,2,Sans diplôme,Marié(e),Moins de $40K,Blue,33,3,3,1157,39,0.297
786557358,Client actuel,44,F,1,Non connu,Marié(e),Moins de $40K,Blue,38,2,4,799,37,0.246
768460908,Client actuel,59,M,1,Licence,Célibataire,$40K - $60K,Blue,53,3,3,1392,32,0.231
718899708,Client actuel,55,F,1,Niveau Bac+2,Marié(e),Non connu,Blue,36,3,2,1846,54,0.105
714697533,Client actuel,26,M,1,Lycée (équivalent baccalauréat),Célibataire,$60K - $80K,Blue,15,3,3,0,48,0.0
713206683,Client perdu,40,M,4,Licence,Marié(e),$80K - $120K,Silver,22,1,3,0,26,0.0
708679383,Client actuel,44,F,2,Non connu,Non connu,Moins de $40K,Blue,32,1,3,1777,55,0.366
713067033,Client actuel,37,M,2,Sans diplôme,Célibataire,Non connu,Blue,28,3,3,1424,50,0.199
789314133,Client actuel,37,M,1,Lycée (équivalent baccalauréat),Célibataire,$60K - $80K,Blue,27,3,3,1799,45,0.174
713956308,Client actuel,65,F,0,Licence,Marié(e),Moins de $40K,Blue,49,2,2,2297,56,0.697
711595833,Client actuel,46,M,3,Niveau Bac+2,Marié(e),$60K - $80K,Blue,36,2,2,807,30,0.081
779521533,Client actuel,53,M,2,Lycée (équivalent baccalauréat),Célibataire,$120K +,Blue,36,3,3,1092,33,0.328
715225458,Client actuel,56,F,1,Sans diplôme,Marié(e),Moins de $40K,Blue,36,3,4,1993,53,0.333
716487408,Client actuel,48,M,3,Licence,Marié(e),$40K - $60K,Blue,30,1,3,2517,43,0.778
719338383,Client actuel,34,M,2,Lycée (équivalent baccalauréat),Célibataire,$120K +,Blue,21,3,3,1063,50,0.17
710523333,Client actuel,65,M,0,Licence,Marié(e),Moins de $40K,Blue,56,3,2,1616,27,0.636
787489083,Client actuel,55,M,4,Master,Marié(e),$80K - $120K,Blue,43,2,4,2517,32,0.118
720747633,Client actuel,32,M,1,Non connu,Marié(e),$40K - $60K,Blue,36,2,4,1471,48,0.163
779480658,Client actuel,58,F,4,Licence,Marié(e),Non connu,Blue,42,3,4,1600,44,0.156
711498258,Client actuel,54,M,3,Lycée (équivalent baccalauréat),Marié(e),$120K +,Blue,42,3,2,1655,34,0.081
709316433,Client actuel,52,M,2,Lycée (équivalent baccalauréat),Célibataire,$60K - $80K,Silver,33,1,4,1997,43,0.06
778734108,Client actuel,36,M,3,Sans diplôme,Marié(e),$60K - $80K,Blue,16,5,4,1252,42,0.743
778388358,Client perdu,56,M,3,Licence,Marié(e),$60K - $80K,Blue,36,2,3,855,24,0.18
716773533,Client actuel,33,M,3,Licence,Marié(e),$60K - $80K,Blue,36,1,3,1215,48,0.704
822130683,Client actuel,61,M,0,Licence,Célibataire,$80K - $120K,Blue,56,2,4,1389,34,0.165
717268458,Client actuel,61,M,0,Licence,Célibataire,$60K - $80K,Blue,49,3,4,1713,50,0.511
827888433,Client actuel,43,M,4,Sans diplôme,Célibataire,$40K - $60K,Blue,39,2,2,2242,60,0.337
716522583,Client actuel,48,F,3,Niveau Bac+2,Divorcé(e),Moins de $40K,Blue,36,3,3,1845,33,0.79
789415983,Client actuel,36,M,3,Licence,Marié(e),$60K - $80K,Blue,27,3,2,1001,42,0.081
719819958,Client actuel,34,M,2,Sans diplôme,Marié(e),$40K - $60K,Blue,26,1,4,708,43,0.492
769579608,Client actuel,53,F,1,Licence,Célibataire,Moins de $40K,Blue,46,6,4,1601,70,0.715
772353408,Client actuel,43,F,5,Non connu,Célibataire,$40K - $60K,Blue,33,3,4,1161,43,0.218
716615583,Client actuel,61,F,1,Lycée (équivalent baccalauréat),Marié(e),Moins de $40K,Blue,51,3,3,794,59,0.442
781131483,Client actuel,55,M,2,Lycée (équivalent baccalauréat),Célibataire,$80K - $120K,Blue,47,1,4,1894,51,0.33
719101908,Client actuel,51,F,1,Licence,Marié(e),Non connu,Blue,39,3,3,1248,40,0.623
720521808,Client actuel,38,M,1,Licence,Célibataire,$80K - $120K,Blue,19,3,2,1515,36,0.059
718136283,Client actuel,52,M,2,Sans diplôme,Célibataire,$80K - $120K,Blue,36,1,4,1515,29,0.069
778855383,Client actuel,36,F,5,Lycée (équivalent baccalauréat),Marié(e),Moins de $40K,Blue,17,1,3,0,40,0.0
779722308,Client perdu,45,F,3,Lycée (équivalent baccalauréat),Marié(e),$40K - $60K,Blue,30,2,2,0,28,0.0
818926833,Client actuel,34,F,3,Niveau Bac+2,Marié(e),$40K - $60K,Blue,29,1,2,0,42,0.0
721217283,Client actuel,27,M,0,Licence,Célibataire,$120K +,Blue,17,2,2,1354,36,0.155
717167283,Client actuel,49,F,5,Non connu,Divorcé(e),Moins de $40K,Blue,36,1,4,0,56,0.0
713371233,Client actuel,43,F,1,Licence,Marié(e),Moins de $40K,Silver,31,1,2,631,55,0.054
778426608,Client actuel,52,M,4,Licence,Marié(e),$80K - $120K,Blue,32,3,3,702,53,0.488
713823033,Client perdu,31,F,2,Non connu,Marié(e),Non connu,Blue,20,1,2,0,30,0.0
787515333,Client perdu,40,M,3,Sans diplôme,Marié(e),$80K - $120K,Blue,29,2,3,1151,21,0.318
710944608,Client actuel,39,M,3,Licence,Non connu,$80K - $120K,Blue,31,2,4,2222,27,0.263
718444233,Client actuel,45,M,3,Licence,Marié(e),$60K - $80K,Blue,25,3,2,1311,59,0.134
771099183,Client actuel,37,F,2,Licence,Célibataire,Moins de $40K,Blue,24,2,3,1945,74,0.23
770241333,Client actuel,49,F,4,Licence,Divorcé(e),Moins de $40K,Blue,43,1,4,1003,44,0.45
710819733,Client perdu,56,M,3,Licence,Marié(e),$120K +,Blue,36,1,1,0,29,0.0
772155108,Client actuel,62,F,0,Lycée (équivalent baccalauréat),Marié(e),Moins de $40K,Blue,51,3,4,0,38,0.0
798796233,Client actuel,37,F,3,Lycée (équivalent baccalauréat),Marié(e),$40K - $60K,Blue,31,3,3,1038,24,0.654
815472108,Client actuel,42,M,3,Lycée (équivalent baccalauréat),Célibataire,$40K - $60K,Blue,37,3,3,1045,31,0.465
769145733,Client actuel,36,M,3,Licence,Célibataire,$60K - $80K,Blue,30,4,3,1584,60,0.568
783364233,Client actuel,59,M,0,Licence,Marié(e),$40K - $60K,Blue,53,2,3,0,45,0.0
772236108,Client actuel,40,F,1,Licence,Marié(e),Non connu,Blue,29,1,3,1892,29,0.225
715640358,Client actuel,43,M,3,Lycée (équivalent baccalauréat),Célibataire,$40K - $60K,Blue,36,3,3,768,40,0.187
713529858,Client actuel,29,M,2,Licence,Divorcé(e),$40K - $60K,Silver,22,2,3,1383,71,0.089
715684308,Client actuel,42,F,4,Licence,Marié(e),$40K - $60K,Blue,36,2,2,1636,43,0.408
709451508,Client actuel,63,F,1,Lycée (équivalent baccalauréat),Marié(e),Non connu,Blue,50,1,3,0,28,0.0
709204158,Client actuel,36,F,2,Master,Célibataire,Moins de $40K,Blue,24,2,4,1129,56,0.328
713182458,Client actuel,53,M,4,Lycée (équivalent baccalauréat),Marié(e),$80K - $120K,Blue,43,1,2,2446,29,0.147
710624658,Client actuel,36,F,2,Sans diplôme,Marié(e),Moins de $40K,Blue,36,2,2,1639,56,0.403
716355783,Client actuel,36,M,3,Non connu,Marié(e),$60K - $80K,Blue,30,2,3,0,44,0.0
716793108,Client actuel,26,M,0,Niveau Bac+2,Célibataire,Moins de $40K,Blue,36,1,2,1070,61,0.553
716162583,Client actuel,45,F,0,Non connu,Célibataire,Moins de $40K,Blue,36,2,3,2517,57,0.779
714051033,Client actuel,55,F,0,Licence,Marié(e),Moins de $40K,Blue,36,2,4,1699,40,0.47
715007583,Client actuel,61,F,0,Non connu,Non connu,Non connu,Blue,36,2,2,0,62,0.0
719139558,Client actuel,26,M,0,Sans diplôme,Célibataire,Moins de $40K,Blue,36,3,4,1567,64,0.588
794632308,Client actuel,40,M,4,Licence,Marié(e),$60K - $80K,Silver,25,3,2,2517,35,0.087
770662383,Client actuel,38,M,2,Licence,Célibataire,$40K - $60K,Blue,24,3,2,1158,36,0.079
714787383,Client actuel,32,F,0,Niveau Bac+2,Marié(e),Non connu,Blue,36,3,3,1314,41,0.196
714700158,Client actuel,53,M,2,Non connu,Célibataire,$60K - $80K,Blue,46,2,3,1761,40,0.264
710581758,Client actuel,52,F,2,Licence,Célibataire,$40K - $60K,Blue,44,2,3,1219,30,0.363
720497958,Client actuel,29,M,1,Licence,Célibataire,$80K - $120K,Blue,14,3,2,0,41,0.0
720920058,Client actuel,38,M,2,Licence,Célibataire,$60K - $80K,Blue,25,3,4,1212,62,0.252
710872233,Client actuel,27,M,0,Non connu,Célibataire,$40K - $60K,Blue,17,1,2,0,49,0.0
709855608,Client actuel,46,F,4,Lycée (équivalent baccalauréat),Marié(e),Moins de $40K,Blue,36,3,4,981,33,0.682
815484783,Client actuel,57,M,0,Sans diplôme,Célibataire,$60K - $80K,Blue,42,4,3,1211,44,0.145
771602883,Client actuel,42,M,3,Lycée (équivalent baccalauréat),Célibataire,$80K - $120K,Blue,30,5,4,1719,44,0.415
755953308,Client actuel,62,F,0,Master,Marié(e),$40K - $60K,Blue,55,1,4,2207,30,0.835
758408883,Client actuel,37,F,1,Licence,Non connu,$40K - $60K,Blue,30,3,4,1631,37,0.122
717940008,Client actuel,57,F,2,Non connu,Divorcé(e),$40K - $60K,Blue,36,2,2,1887,67,0.58
720917808,Client actuel,35,M,2,Lycée (équivalent baccalauréat),Célibataire,$40K - $60K,Blue,36,3,4,950,74,0.452
812801958,Client actuel,55,F,1,Non connu,Marié(e),Moins de $40K,Blue,50,3,4,1401,54,0.393
714997683,Client actuel,56,F,4,Licence,Marié(e),Non connu,Blue,49,1,3,1111,35,0.074
709379283,Client actuel,39,M,2,Licence,Célibataire,$60K - $80K,Blue,27,1,4,0,40,0.0
711840408,Client actuel,64,M,0,Niveau Bac+2,Marié(e),Moins de $40K,Blue,55,3,4,1424,30,0.571
785328408,Client actuel,37,F,4,Licence,Marié(e),Moins de $40K,Blue,31,2,3,1180,41,0.671
719873808,Client actuel,34,M,1,Niveau Bac+2,Marié(e),$60K - $80K,Blue,23,2,2,1604,53,0.291
715528983,Client actuel,46,M,5,Sans diplôme,Divorcé(e),$60K - $80K,Blue,36,1,2,1646,41,0.096
720254883,Client actuel,65,F,0,Lycée (équivalent baccalauréat),Marié(e),$40K - $60K,Blue,46,1,3,1697,58,0.289
811980858,Client actuel,36,M,0,Licence,Marié(e),$60K - $80K,Blue,31,1,2,0,35,0.0
711330408,Client actuel,35,F,2,Niveau Bac+2,Marié(e),$40K - $60K,Blue,24,1,3,1865,47,0.635
718465458,Client actuel,49,M,1,Non connu,Célibataire,$80K - $120K,Blue,31,1,4,1348,21,0.229
710616183,Client actuel,46,F,3,Sans diplôme,Célibataire,Non connu,Blue,33,3,4,0,34,0.0
714580158,Client actuel,26,M,0,Master,Marié(e),$40K - $60K,Blue,36,1,4,2080,73,0.75
710798883,Client actuel,52,M,3,Licence,Célibataire,$60K - $80K,Blue,44,2,4,2310,47,0.695
720511608,Client actuel,38,F,0,Licence,Marié(e),Non connu,Blue,28,3,3,799,33,0.05
708913233,Client actuel,37,M,1,Lycée (équivalent baccalauréat),Marié(e),$40K - $60K,Blue,28,4,2,1236,34,0.343
788038383,Client actuel,33,F,3,Licence,Marié(e),Moins de $40K,Blue,25,2,2,1385,48,0.6
719905908,Client actuel,59,M,1,Sans diplôme,Marié(e),$60K - $80K,Blue,36,3,3,1175,31,0.314
807044958,Client actuel,34,M,3,Lycée (équivalent baccalauréat),Marié(e),$40K - $60K,Blue,29,3,3,869,45,0.296
719514783,Client actuel,39,F,3,Master,Non connu,Non connu,Blue,26,1,4,2517,37,0.784
787643658,Client actuel,59,M,0,Licence,Marié(e),$60K - $80K,Blue,53,1,4,2169,30,0.173
779138883,Client actuel,50,M,1,Licence,Marié(e),$60K - $80K,Blue,34,3,4,0,44,0.0
708173433,Client actuel,26,F,1,Non connu,Célibataire,$40K - $60K,Blue,14,2,4,2324,57,0.412
778401033,Client actuel,32,M,0,Lycée (équivalent baccalauréat),Marié(e),$60K - $80K,Blue,13,3,4,1889,39,0.132
818375733,Client perdu,51,F,2,Niveau Bac+2,Marié(e),$40K - $60K,Blue,46,1,3,695,44,0.142
711048783,Client actuel,41,M,4,Doctorat,Marié(e),$80K - $120K,Blue,29,3,3,0,34,0.0
721415658,Client actuel,39,F,1,Licence,Marié(e),$40K - $60K,Blue,27,1,2,2220,59,0.822
717961458,Client actuel,49,F,2,Sans diplôme,Célibataire,Moins de $40K,Blue,37,1,4,2381,64,0.812
718563483,Client actuel,30,M,2,Non connu,Divorcé(e),$120K +,Blue,14,2,3,0,64,0.0
717128283,Client actuel,40,F,3,Lycée (équivalent baccalauréat),Non connu,Moins de $40K,Blue,36,2,2,2409,33,0.436
718068933,Client actuel,36,F,3,Sans diplôme,Célibataire,Moins de $40K,Blue,36,2,4,1521,61,0.265
718623783,Client actuel,56,M,2,Niveau Bac+2,Marié(e),$120K +,Blue,36,3,2,1547,38,0.057
716565258,Client actuel,37,M,3,Doctorat,Célibataire,$80K - $120K,Blue,36,2,4,0,54,0.0
712505658,Client actuel,51,F,4,Non connu,Célibataire,Moins de $40K,Blue,41,1,3,1999,45,0.361
792565908,Client actuel,36,F,2,Sans diplôme,Célibataire,Moins de $40K,Blue,30,2,3,1474,51,0.549
709267308,Client actuel,62,M,1,Licence,Célibataire,$80K - $120K,Blue,49,1,2,1400,32,0.574
710035008,Client actuel,31,F,0,Sans diplôme,Célibataire,Moins de $40K,Blue,24,2,4,1397,64,0.365
790082508,Client actuel,42,M,4,Lycée (équivalent baccalauréat),Célibataire,$120K +,Blue,35,2,2,1658,65,0.048
716866308,Client actuel,38,M,2,Lycée (équivalent baccalauréat),Marié(e),$60K - $80K,Blue,33,3,4,1101,34,0.185
709707033,Client perdu,45,M,3,Licence,Marié(e),$60K - $80K,Blue,32,5,2,0,38,0.0
718346658,Client actuel,50,F,2,Licence,Marié(e),Moins de $40K,Blue,37,2,4,1357,51,0.691
824157858,Client actuel,58,M,3,Licence,Marié(e),$80K - $120K,Blue,54,3,3,1022,42,0.055
709735008,Client actuel,35,M,2,Lycée (équivalent baccalauréat),Célibataire,$80K - $120K,Blue,22,1,4,1435,34,0.475
814593858,Client actuel,58,M,3,Lycée (équivalent baccalauréat),Célibataire,$120K +,Blue,53,1,2,1798,34,0.295
718416858,Client actuel,42,M,5,Licence,Marié(e),$60K - $80K,Blue,34,3,3,2517,40,0.237
710307933,Client actuel,32,F,0,Niveau Bac+2,Célibataire,Moins de $40K,Blue,24,3,4,2517,60,0.863
715870758,Client actuel,35,M,4,Licence,Marié(e),$120K +,Blue,30,3,4,1018,55,0.029
713819283,Client actuel,51,M,1,Sans diplôme,Célibataire,$80K - $120K,Blue,42,2,2,2517,58,0.1
710424408,Client actuel,63,M,2,Licence,Marié(e),Moins de $40K,Blue,36,2,4,1815,25,0.662
709493283,Client actuel,42,M,2,Non connu,Célibataire,$120K +,Blue,32,2,4,1233,36,0.3
712489158,Client actuel,36,F,0,Sans diplôme,Célibataire,Non connu,Blue,18,3,2,948,59,0.259
719013108,Client actuel,42,M,3,Licence,Divorcé(e),$40K - $60K,Blue,33,2,4,1800,86,0.566
721178583,Client perdu,37,F,3,Licence,Non connu,Non connu,Blue,22,5,2,0,29,0.0
717769008,Client actuel,38,M,2,Licence,Célibataire,$80K - $120K,Blue,36,3,4,1278,44,0.112
709986633,Client actuel,29,M,1,Lycée (équivalent baccalauréat),Marié(e),$40K - $60K,Blue,36,1,3,0,41,0.0
721062408,Client actuel,54,M,2,Sans diplôme,Divorcé(e),$40K - $60K,Blue,34,3,4,1597,26,0.25
771349458,Client actuel,33,M,2,Licence,Marié(e),$40K - $60K,Blue,20,3,3,1792,46,0.317
780557658,Client actuel,63,F,0,Sans diplôme,Marié(e),Non connu,Blue,54,3,2,0,37,0.0
771441558,Client actuel,49,M,2,Master,Marié(e),$60K - $80K,Blue,37,3,3,1589,47,0.609
756409758,Client actuel,44,F,2,Licence,Marié(e),Moins de $40K,Blue,37,5,4,2076,38,0.648
720009558,Client actuel,33,F,2,Niveau Bac+2,Célibataire,Non connu,Gold,36,1,3,1540,72,0.045
778885158,Client actuel,57,M,3,Sans diplôme,Marié(e),$80K - $120K,Blue,38,3,3,2457,33,0.994
715543908,Client actuel,52,F,3,Sans diplôme,Marié(e),Moins de $40K,Blue,43,3,3,1173,37,0.546
717591483,Client actuel,52,F,3,Licence,Célibataire,Moins de $40K,Blue,44,1,3,2044,48,0.598
715042608,Client actuel,39,F,2,Doctorat,Marié(e),Non connu,Blue,36,2,4,791,42,0.098
755959683,Client actuel,50,F,5,Non connu,Non connu,Non connu,Blue,43,1,2,2281,31,0.669
715367058,Client actuel,43,M,3,Niveau Bac+2,Non connu,$60K - $80K,Blue,37,2,3,0,44,0.0
714573258,Client actuel,36,M,2,Master,Célibataire,$60K - $80K,Blue,30,2,4,798,45,0.497
712281183,Client actuel,55,M,4,Licence,Marié(e),$120K +,Blue,36,2,2,856,33,0.035
717670758,Client actuel,30,F,1,Licence,Célibataire,Moins de $40K,Blue,20,2,3,1327,71,0.264
720666333,Client actuel,36,M,3,Non connu,Marié(e),$120K +,Blue,24,3,2,0,39,0.0
771556308,Client actuel,26,F,0,Lycée (équivalent baccalauréat),Célibataire,Moins de $40K,Blue,13,3,4,1195,48,0.34
708931908,Client actuel,48,M,3,Lycée (équivalent baccalauréat),Célibataire,$40K - $60K,Blue,36,2,3,636,51,0.086
718894233,Client actuel,53,F,2,Licence,Marié(e),$40K - $60K,Blue,36,2,4,1391,63,0.471
771544533,Client perdu,42,F,5,Lycée (équivalent baccalauréat),Marié(e),Non connu,Blue,30,1,6,0,36,0.0
708927108,Client perdu,53,M,2,Licence,Marié(e),$120K +,Blue,36,3,2,507,28,0.04
717831783,Client actuel,58,F,2,Sans diplôme,Marié(e),Moins de $40K,Blue,45,3,4,1536,38,0.791
709288383,Client actuel,32,M,2,Licence,Divorcé(e),$80K - $120K,Blue,26,1,3,789,69,0.026
710813733,Client actuel,48,M,4,Sans diplôme,Marié(e),$60K - $80K,Silver,35,3,4,0,41,0.0
721084833,Client actuel,48,M,5,Lycée (équivalent baccalauréat),Marié(e),$40K - $60K,Silver,34,0,2,2018,39,0.114
711258108,Client actuel,54,M,1,Niveau Bac+2,Célibataire,$120K +,Blue,44,3,2,2415,36,0.856
710149008,Client actuel,59,M,0,Lycée (équivalent baccalauréat),Marié(e),Moins de $40K,Blue,47,3,4,787,70,0.532
711902058,Client actuel,35,M,2,Licence,Marié(e),$60K - $80K,Blue,36,3,2,0,55,0.0
716757033,Client actuel,37,M,4,Master,Marié(e),$40K - $60K,Blue,27,1,4,1766,56,0.257
712688433,Client actuel,36,M,3,Lycée (équivalent baccalauréat),Divorcé(e),$120K +,Blue,36,2,3,1568,65,0.461
713203908,Client actuel,26,M,0,Sans diplôme,Célibataire,$40K - $60K,Blue,15,1,3,1695,27,0.785
711772008,Client perdu,35,F,3,Licence,Marié(e),$40K - $60K,Blue,22,2,1,666,36,0.352
708799983,Client perdu,40,M,1,Master,Marié(e),$60K - $80K,Blue,36,5,6,890,43,0.048
778882758,Client actuel,55,F,2,Non connu,Marié(e),Non connu,Blue,36,5,4,2013,47,0.559
709157133,Client actuel,39,M,1,Non connu,Divorcé(e),$80K - $120K,Blue,34,1,3,1049,51,0.279
741344808,Client actuel,39,F,2,Licence,Marié(e),Moins de $40K,Blue,32,2,4,2057,63,0.365
739692933,Client actuel,46,F,2,Non connu,Célibataire,$40K - $60K,Blue,29,2,4,2517,41,0.805
766429908,Client actuel,49,M,2,Lycée (équivalent baccalauréat),Non connu,$60K - $80K,Blue,42,1,2,786,37,0.261
802087683,Client actuel,32,M,0,Master,Marié(e),$60K - $80K,Blue,26,2,3,1491,55,0.272
712491108,Client actuel,35,M,1,Master,Célibataire,$80K - $120K,Blue,20,3,4,1177,52,0.09
714767508,Client actuel,39,M,2,Licence,Marié(e),$40K - $60K,Blue,31,3,2,1146,33,0.132
720376008,Client actuel,53,F,2,Licence,Marié(e),Moins de $40K,Blue,40,2,4,1421,52,0.23
779126658,Client actuel,26,F,0,Licence,Célibataire,$40K - $60K,Blue,13,1,2,0,61,0.0
793222008,Client actuel,32,M,0,Lycée (équivalent baccalauréat),Marié(e),$60K - $80K,Blue,26,2,3,1784,49,0.331
720812433,Client actuel,54,M,2,Niveau Bac+2,Marié(e),$120K +,Blue,46,1,2,0,37,0.0
717623583,Client actuel,36,F,3,Lycée (équivalent baccalauréat),Marié(e),Moins de $40K,Blue,27,2,4,2441,51,0.709
708878508,Client actuel,45,F,3,Lycée (équivalent baccalauréat),Marié(e),Moins de $40K,Blue,37,1,3,1267,35,0.602
710043408,Client actuel,49,M,3,Licence,Marié(e),$80K - $120K,Blue,37,1,4,2048,58,0.131
789079758,Client actuel,44,M,4,Doctorat,Non connu,$120K +,Blue,32,2,3,1356,48,0.039
721311333,Client actuel,32,M,1,Lycée (équivalent baccalauréat),Marié(e),Non connu,Blue,22,1,4,1590,41,0.094
710749458,Client actuel,64,F,0,Doctorat,Marié(e),Moins de $40K,Blue,53,1,3,1864,35,0.341
778275783,Client actuel,37,F,2,Non connu,Non connu,Moins de $40K,Blue,27,1,2,1434,64,0.5
799498158,Client actuel,31,M,1,Master,Marié(e),$60K - $80K,Blue,22,1,3,1580,36,0.588
716334258,Client actuel,49,F,3,Sans diplôme,Divorcé(e),$40K - $60K,Blue,36,1,2,1365,43,0.261
716075208,Client actuel,32,F,3,Lycée (équivalent baccalauréat),Marié(e),Moins de $40K,Blue,22,2,4,2029,38,0.445
780276258,Client actuel,53,M,2,Lycée (équivalent baccalauréat),Marié(e),$120K +,Blue,39,2,3,985,37,0.075
789282333,Client actuel,62,F,0,Licence,Marié(e),Non connu,Blue,51,3,3,1274,34,0.118
811571733,Client actuel,26,F,0,Non connu,Célibataire,Non connu,Blue,13,2,2,1876,45,0.722
709429533,Client actuel,49,F,5,Licence,Divorcé(e),Non connu,Blue,35,3,4,0,41,0.0
715247508,Client actuel,30,F,1,Licence,Marié(e),Moins de $40K,Blue,36,2,2,1060,37,0.15
718784358,Client actuel,34,M,4,Sans diplôme,Célibataire,$120K +,Blue,36,3,2,2517,46,0.073
751450008,Client actuel,41,M,1,Master,Célibataire,$40K - $60K,Blue,32,2,4,1390,42,0.135
719227233,Client actuel,27,F,1,Non connu,Célibataire,Moins de $40K,Blue,36,3,3,723,43,0.466
711050058,Client actuel,33,F,2,Sans diplôme,Marié(e),$40K - $60K,Blue,23,2,4,0,45,0.0
779040408,Client actuel,56,M,2,Lycée (équivalent baccalauréat),Marié(e),$120K +,Blue,37,1,2,1702,33,0.14
714024858,Client actuel,36,M,3,Lycée (équivalent baccalauréat),Marié(e),$80K - $120K,Blue,27,1,2,0,35,0.0
789849108,Client actuel,35,M,1,Licence,Célibataire,$60K - $80K,Blue,25,1,2,0,62,0.0
710391258,Client actuel,27,M,0,Licence,Marié(e),$40K - $60K,Blue,36,2,4,829,41,0.072
718830183,Client actuel,46,M,1,Lycée (équivalent baccalauréat),Célibataire,$60K - $80K,Blue,38,2,4,2517,29,0.105
779696883,Client actuel,48,M,2,Licence,Divorcé(e),$60K - $80K,Blue,33,2,4,1789,31,0.597
719249733,Client actuel,54,M,1,Non connu,Célibataire,$80K - $120K,Blue,36,2,2,1232,41,0.041
737971833,Client actuel,38,M,1,Licence,Marié(e),$60K - $80K,Blue,31,3,3,1553,40,0.646
772468983,Client actuel,36,M,1,Master,Célibataire,$80K - $120K,Blue,26,4,2,1291,37,0.059
710990283,Client actuel,56,M,1,Lycée (équivalent baccalauréat),Célibataire,$80K - $120K,Blue,36,1,2,1851,33,0.474
808750458,Client actuel,32,M,1,Doctorat,Célibataire,$60K - $80K,Blue,27,3,3,606,58,0.06
719692983,Client actuel,36,M,2,Doctorat,Marié(e),$60K - $80K,Blue,30,3,4,1504,42,0.305
719125158,Client actuel,35,F,2,Lycée (équivalent baccalauréat),Célibataire,Moins de $40K,Silver,15,2,2,1452,71,0.105
787509408,Client actuel,26,M,0,Niveau Bac+2,Célibataire,Non connu,Blue,13,3,2,0,56,0.0
719206308,Client actuel,32,M,1,Lycée (équivalent baccalauréat),Marié(e),$60K - $80K,Blue,24,2,2,1223,38,0.297
717141858,Client actuel,56,F,2,Lycée (équivalent baccalauréat),Célibataire,$40K - $60K,Blue,36,1,2,625,67,0.045
713172408,Client actuel,54,M,1,Non connu,Célibataire,$80K - $120K,Blue,43,2,4,2016,37,0.062
720314583,Client actuel,54,M,2,Non connu,Marié(e),$80K - $120K,Blue,44,1,2,1860,33,0.144
708347583,Client actuel,37,F,4,Sans diplôme,Marié(e),Moins de $40K,Blue,36,1,4,1144,38,0.456
711006783,Client actuel,38,F,1,Licence,Célibataire,Moins de $40K,Blue,22,3,3,2149,28,0.865
718274283,Client actuel,35,M,3,Niveau Bac+2,Célibataire,$60K - $80K,Blue,36,1,3,0,67,0.0
803977008,Client actuel,39,M,2,Non connu,Marié(e),$60K - $80K,Blue,34,2,4,1826,35,0.35
715216908,Client actuel,48,M,4,Doctorat,Marié(e),$80K - $120K,Blue,36,3,4,1381,32,0.076
779611008,Client actuel,29,M,0,Licence,Marié(e),$40K - $60K,Blue,18,3,4,0,55,0.0
811467708,Client actuel,33,M,2,Licence,Célibataire,$80K - $120K,Blue,28,2,2,1431,62,0.064
812597508,Client actuel,39,F,1,Lycée (équivalent baccalauréat),Marié(e),$40K - $60K,Blue,34,5,3,2498,58,0.556
718651083,Client actuel,35,F,2,Licence,Célibataire,Non connu,Blue,25,1,4,514,68,0.05
708577308,Client actuel,43,F,1,Non connu,Divorcé(e),Moins de $40K,Blue,36,2,3,1272,39,0.482
813990483,Client actuel,27,F,0,Lycée (équivalent baccalauréat),Marié(e),Moins de $40K,Blue,22,1,2,1384,32,0.742
816319008,Client actuel,52,F,2,Licence,Célibataire,Non connu,Blue,47,3,3,1917,33,0.144
789627258,Client actuel,31,M,1,Licence,Célibataire,$40K - $60K,Blue,25,3,3,1033,60,0.534
713346558,Client actuel,45,M,4,Licence,Divorcé(e),$60K - $80K,Blue,37,2,4,891,28,0.131
708744933,Client actuel,35,M,2,Lycée (équivalent baccalauréat),Marié(e),$60K - $80K,Blue,36,2,4,1880,33,0.098
708828258,Client actuel,55,M,2,Niveau Bac+2,Marié(e),$120K +,Blue,37,2,3,1551,30,0.048
713511108,Client actuel,61,M,1,Sans diplôme,Marié(e),$40K - $60K,Blue,47,3,4,847,43,0.589
710208633,Client actuel,37,F,1,Licence,Marié(e),Moins de $40K,Blue,31,2,2,1929,42,0.798
824165658,Client actuel,38,M,2,Non connu,Célibataire,$80K - $120K,Blue,34,1,3,2266,27,0.118
826513233,Client actuel,54,F,3,Non connu,Marié(e),Moins de $40K,Blue,50,2,2,2396,54,0.631
788789658,Client actuel,40,M,5,Non connu,Non connu,$80K - $120K,Blue,22,1,4,1744,37,0.431
717837858,Client actuel,47,M,5,Niveau Bac+2,Marié(e),$120K +,Blue,34,1,2,1063,64,0.06
709382958,Client actuel,55,F,2,Licence,Marié(e),$40K - $60K,Blue,46,1,4,2077,25,0.718
716253858,Client actuel,37,M,5,Master,Marié(e),$80K - $120K,Blue,26,1,2,1956,43,0.117
713725683,Client actuel,36,F,0,Niveau Bac+2,Célibataire,Moins de $40K,Blue,27,3,2,1843,79,0.562
710364258,Client actuel,53,F,2,Sans diplôme,Marié(e),Non connu,Blue,41,2,2,1217,48,0.077
816033783,Client actuel,26,M,0,Lycée (équivalent baccalauréat),Célibataire,$60K - $80K,Blue,21,2,3,957,34,0.572
715065483,Client actuel,45,F,3,Licence,Divorcé(e),Moins de $40K,Blue,36,3,3,1595,45,0.196
718751133,Client actuel,36,F,2,Non connu,Marié(e),Moins de $40K,Blue,26,1,4,2435,30,0.765
713983308,Client actuel,60,M,0,Master,Marié(e),$60K - $80K,Blue,49,1,4,1928,35,0.606
718418958,Client perdu,30,M,1,Master,Divorcé(e),$60K - $80K,Blue,36,2,6,0,38,0.0
779367858,Client actuel,39,M,4,Lycée (équivalent baccalauréat),Marié(e),$60K - $80K,Blue,28,3,3,1898,58,0.305
711285633,Client actuel,33,F,0,Non connu,Célibataire,Non connu,Blue,36,1,3,1769,71,0.647
714974658,Client actuel,48,F,4,Niveau Bac+2,Marié(e),Moins de $40K,Blue,36,1,4,1867,35,0.758
716374308,Client actuel,39,M,3,Licence,Marié(e),$60K - $80K,Blue,33,3,2,1875,50,0.539
713416233,Client actuel,38,M,2,Licence,Marié(e),$80K - $120K,Blue,24,2,2,2076,46,0.64
797643708,Client actuel,47,M,1,Lycée (équivalent baccalauréat),Célibataire,$120K +,Blue,41,1,4,1314,53,0.047
808292958,Client actuel,26,M,0,Licence,Célibataire,Moins de $40K,Blue,20,2,3,495,40,0.344
719831958,Client actuel,49,M,3,Niveau Bac+2,Célibataire,$120K +,Blue,36,2,4,0,44,0.0
708860358,Client actuel,38,M,3,Lycée (équivalent baccalauréat),Marié(e),$80K - $120K,Blue,22,2,3,694,31,0.109
717385983,Client actuel,30,M,0,Licence,Marié(e),Moins de $40K,Blue,21,6,2,0,30,0.0
719049033,Client actuel,53,M,3,Lycée (équivalent baccalauréat),Marié(e),$120K +,Blue,44,6,4,1655,60,0.118
717581658,Client actuel,49,M,2,Non connu,Célibataire,$60K - $80K,Blue,38,1,2,1586,35,0.644
714347508,Client actuel,35,M,2,Sans diplôme,Célibataire,$60K - $80K,Blue,21,3,3,1278,74,0.165
803833608,Client actuel,40,M,3,Sans diplôme,Célibataire,$40K - $60K,Silver,33,1,3,564,38,0.026
712576908,Client actuel,30,M,0,Lycée (équivalent baccalauréat),Marié(e),$60K - $80K,Blue,36,2,4,2252,24,0.499
778511733,Client actuel,42,F,3,Niveau Bac+2,Célibataire,$40K - $60K,Blue,30,3,2,1812,44,0.334
721464783,Client actuel,62,F,0,Licence,Marié(e),Moins de $40K,Blue,36,2,2,1540,47,0.873
821179233,Client perdu,50,F,1,Master,Célibataire,$40K - $60K,Blue,46,5,3,932,43,0.624
713126733,Client actuel,56,M,3,Niveau Bac+2,Marié(e),$120K +,Blue,43,2,2,2517,30,0.144
719688408,Client actuel,45,M,3,Licence,Marié(e),$80K - $120K,Silver,36,2,3,0,68,0.0
779811183,Client actuel,35,F,3,Sans diplôme,Marié(e),Moins de $40K,Blue,25,1,2,1118,30,0.52
771086208,Client actuel,57,F,2,Licence,Marié(e),Moins de $40K,Blue,44,4,4,1530,43,0.245
715217733,Client actuel,33,F,2,Lycée (équivalent baccalauréat),Célibataire,Non connu,Blue,25,1,4,792,61,0.066
813752433,Client perdu,43,F,3,Licence,Marié(e),$40K - $60K,Blue,38,2,5,1986,27,0.487
711876333,Client actuel,53,M,3,Licence,Marié(e),$80K - $120K,Blue,36,1,4,2151,29,0.295
715256658,Client actuel,50,M,2,Niveau Bac+2,Célibataire,$60K - $80K,Blue,36,3,2,688,58,0.115
711329658,Client actuel,30,M,0,Lycée (équivalent baccalauréat),Célibataire,$120K +,Blue,13,1,4,1965,42,0.218
710227908,Client actuel,37,F,3,Licence,Célibataire,Moins de $40K,Blue,36,2,3,1397,74,0.23
716362008,Client actuel,37,M,2,Doctorat,Marié(e),$40K - $60K,Blue,29,3,2,1009,35,0.558
714939708,Client actuel,45,M,3,Licence,Célibataire,$80K - $120K,Blue,36,1,3,0,74,0.0
708083283,Client perdu,58,M,0,Non connu,Célibataire,$40K - $60K,Blue,45,1,3,2517,21,0.736
719431608,Client actuel,63,F,0,Niveau Bac+2,Marié(e),$40K - $60K,Blue,53,1,4,1528,24,0.49
769411758,Client actuel,43,M,1,Licence,Célibataire,$60K - $80K,Blue,37,3,4,922,39,0.046
714248733,Client actuel,26,F,0,Non connu,Célibataire,Non connu,Blue,13,1,2,1240,46,0.282
804481608,Client actuel,37,F,1,Non connu,Célibataire,Moins de $40K,Blue,32,3,3,0,60,0.0
714631833,Client actuel,53,M,4,Licence,Marié(e),$60K - $80K,Blue,44,2,4,1324,38,0.671
769751958,Client actuel,55,M,3,Non connu,Marié(e),$120K +,Blue,49,2,4,2018,57,0.203
717999183,Client actuel,36,M,3,Lycée (équivalent baccalauréat),Marié(e),$60K - $80K,Blue,36,3,3,1659,58,0.404
713075283,Client actuel,51,M,3,Lycée (équivalent baccalauréat),Célibataire,$120K +,Blue,36,1,4,2504,51,0.121
711561108,Client actuel,36,M,4,Licence,Marié(e),$80K - $120K,Blue,24,1,2,892,71,0.055
709854483,Client actuel,35,F,1,Lycée (équivalent baccalauréat),Marié(e),Non connu,Blue,17,3,3,2517,62,0.549
713630733,Client actuel,34,F,2,Licence,Célibataire,Moins de $40K,Blue,24,3,3,1955,54,0.342
717599283,Client actuel,57,M,0,Doctorat,Marié(e),$60K - $80K,Blue,36,1,2,1206,49,0.226
806407308,Client perdu,54,F,3,Niveau Bac+2,Marié(e),Non connu,Blue,49,2,3,0,33,0.0
712730583,Client actuel,29,M,0,Sans diplôme,Marié(e),$60K - $80K,Blue,20,2,3,1201,50,0.14
712142733,Client actuel,37,F,3,Master,Marié(e),Moins de $40K,Blue,26,3,2,1164,39,0.609
720153258,Client actuel,53,F,2,Niveau Bac+2,Célibataire,Moins de $40K,Blue,45,3,3,1083,62,0.174
814086333,Client actuel,36,M,3,Niveau Bac+2,Marié(e),$40K - $60K,Blue,31,2,4,1337,44,0.602
715524708,Client actuel,49,M,5,Non connu,Célibataire,$40K - $60K,Silver,41,2,2,1710,31,0.082
713307708,Client actuel,64,F,0,Non connu,Marié(e),$40K - $60K,Blue,55,3,2,2517,37,0.869
714069858,Client actuel,53,M,3,Licence,Marié(e),$60K - $80K,Blue,36,3,2,2517,45,0.711
712789383,Client actuel,52,M,1,Licence,Marié(e),$120K +,Blue,44,1,4,2097,59,0.226
787983633,Client actuel,35,F,3,Sans diplôme,Marié(e),Moins de $40K,Blue,26,1,3,2517,33,0.79
758583708,Client perdu,37,F,3,Licence,Marié(e),$40K - $60K,Blue,24,1,5,2460,28,0.878
717130383,Client actuel,50,M,0,Sans diplôme,Marié(e),$60K - $80K,Blue,36,3,3,707,30,0.303
720770883,Client actuel,65,F,0,Licence,Célibataire,Moins de $40K,Blue,56,3,3,0,61,0.0
716797758,Client actuel,53,F,2,Non connu,Marié(e),Moins de $40K,Blue,44,2,4,0,33,0.0
713835258,Client actuel,53,M,1,Non connu,Marié(e),$120K +,Blue,48,2,3,2083,40,0.675
720677733,Client actuel,40,M,3,Licence,Célibataire,$80K - $120K,Silver,36,3,0,1002,68,0.029
718587858,Client actuel,39,M,4,Lycée (équivalent baccalauréat),Marié(e),$60K - $80K,Blue,31,1,4,2032,39,0.171
710263608,Client actuel,53,F,3,Lycée (équivalent baccalauréat),Marié(e),Non connu,Blue,36,2,4,821,46,0.074
715055433,Client actuel,36,M,3,Sans diplôme,Marié(e),$60K - $80K,Blue,22,3,4,1772,44,0.797
715498308,Client actuel,35,F,2,Licence,Marié(e),$40K - $60K,Blue,36,3,4,1603,41,0.464
708099183,Client actuel,37,F,2,Lycée (équivalent baccalauréat),Célibataire,Moins de $40K,Blue,36,2,2,1873,63,0.327
716452908,Client actuel,36,F,1,Non connu,Célibataire,Moins de $40K,Blue,36,2,3,1421,44,0.154
789959283,Client actuel,39,M,2,Niveau Bac+2,Célibataire,$80K - $120K,Blue,24,3,2,1775,40,0.437
713536158,Client actuel,65,M,1,Niveau Bac+2,Marié(e),Moins de $40K,Blue,56,3,2,0,31,0.0
716750358,Client actuel,45,F,1,Non connu,Marié(e),Moins de $40K,Blue,32,1,3,1562,82,0.245
815299833,Client actuel,38,F,2,Licence,Marié(e),Moins de $40K,Blue,33,2,3,1717,61,0.771
721003008,Client perdu,36,F,4,Licence,Marié(e),$40K - $60K,Blue,24,2,2,2517,18,0.772
779883933,Client actuel,40,F,4,Licence,Marié(e),Moins de $40K,Blue,24,3,2,1402,34,0.175
716612958,Client actuel,35,F,2,Niveau Bac+2,Marié(e),$40K - $60K,Blue,29,1,3,1726,36,0.157
715859058,Client actuel,54,M,3,Master,Marié(e),$120K +,Blue,42,3,4,2165,37,0.7
772031733,Client actuel,40,M,4,Licence,Marié(e),$80K - $120K,Blue,29,1,2,690,56,0.048
720668358,Client actuel,59,M,0,Sans diplôme,Célibataire,$40K - $60K,Blue,46,3,3,997,36,0.605
778708533,Client perdu,26,F,0,Lycée (équivalent baccalauréat),Célibataire,$40K - $60K,Blue,13,2,5,1616,27,0.934
719649408,Client actuel,46,M,2,Lycée (équivalent baccalauréat),Marié(e),$60K - $80K,Blue,35,3,3,763,44,0.055
715457658,Client actuel,29,F,1,Licence,Marié(e),Non connu,Blue,19,3,4,1465,48,0.857
711934308,Client actuel,38,M,3,Licence,Célibataire,$40K - $60K,Blue,19,2,3,0,62,0.0
781326483,Client actuel,31,M,0,Licence,Divorcé(e),$60K - $80K,Blue,25,1,2,0,58,0.0
712557708,Client actuel,35,M,1,Lycée (équivalent baccalauréat),Marié(e),$60K - $80K,Blue,21,2,2,2317,61,0.363
789187908,Client actuel,56,M,2,Sans diplôme,Célibataire,$80K - $120K,Blue,45,2,2,1946,36,0.175
773297508,Client actuel,34,M,3,Niveau Bac+2,Marié(e),$80K - $120K,Blue,28,1,3,1999,36,0.081
716529258,Client actuel,42,M,4,Doctorat,Marié(e),$80K - $120K,Blue,27,3,4,0,35,0.0
708242283,Client actuel,29,M,1,Niveau Bac+2,Célibataire,$60K - $80K,Blue,36,3,2,0,80,0.0
789247458,Client actuel,32,M,0,Licence,Célibataire,$40K - $60K,Blue,21,2,3,1472,54,0.526
717100833,Client actuel,37,F,2,Lycée (équivalent baccalauréat),Marié(e),Moins de $40K,Blue,27,6,2,0,31,0.0
716870583,Client actuel,36,F,3,Non connu,Marié(e),Moins de $40K,Blue,36,5,3,1628,55,0.584
719999508,Client actuel,37,M,3,Non connu,Marié(e),$60K - $80K,Blue,24,1,2,816,45,0.069
721236408,Client actuel,38,M,2,Licence,Célibataire,$80K - $120K,Blue,29,3,3,2517,41,0.334
720122808,Client perdu,52,M,2,Lycée (équivalent baccalauréat),Marié(e),$60K - $80K,Silver,35,6,3,511,14,0.015
716882658,Client actuel,62,F,2,Licence,Marié(e),Moins de $40K,Blue,51,2,4,1632,55,0.547
713734758,Client actuel,35,F,2,Licence,Marié(e),Non connu,Blue,23,2,2,2375,50,0.353
709085358,Client actuel,36,M,1,Licence,Célibataire,$60K - $80K,Blue,36,3,4,1817,67,0.699
715785933,Client actuel,54,M,3,Niveau Bac+2,Marié(e),$80K - $120K,Blue,45,3,0,1655,58,0.49
717159858,Client actuel,27,M,1,Lycée (équivalent baccalauréat),Célibataire,$60K - $80K,Blue,18,2,2,1351,61,0.495
713259858,Client perdu,26,M,0,Lycée (équivalent baccalauréat),Célibataire,$40K - $60K,Blue,15,1,3,0,22,0.0
787516908,Client actuel,56,F,2,Licence,Marié(e),Moins de $40K,Blue,45,3,3,1844,58,0.692
711145008,Client actuel,60,F,1,Licence,Marié(e),$40K - $60K,Blue,47,3,2,2053,29,0.409
715013733,Client actuel,54,M,4,Licence,Marié(e),$60K - $80K,Blue,36,3,3,2303,25,0.334
717098208,Client actuel,48,M,3,Non connu,Célibataire,$80K - $120K,Blue,41,2,2,950,51,0.162
737982408,Client actuel,33,M,1,Niveau Bac+2,Célibataire,$80K - $120K,Blue,26,3,4,1608,55,0.084
713216883,Client actuel,64,F,0,Non connu,Marié(e),Moins de $40K,Blue,55,3,4,1904,41,0.544
709361058,Client actuel,35,M,2,Licence,Marié(e),$60K - $80K,Blue,24,1,3,0,47,0.0
710312658,Client actuel,54,F,2,Non connu,Marié(e),Moins de $40K,Blue,43,3,3,1819,27,0.29
773383158,Client actuel,29,F,1,Niveau Bac+2,Célibataire,Moins de $40K,Blue,23,3,4,0,69,0.0
716053083,Client perdu,33,M,2,Licence,Marié(e),$120K +,Blue,21,2,5,0,18,0.0
717667833,Client actuel,34,M,1,Licence,Marié(e),$40K - $60K,Blue,36,2,3,1285,33,0.344
716998608,Client actuel,48,M,3,Licence,Non connu,$60K - $80K,Blue,36,3,2,1252,44,0.187
772086408,Client actuel,38,M,3,Lycée (équivalent baccalauréat),Célibataire,$80K - $120K,Blue,27,1,4,943,35,0.153
708597558,Client actuel,42,M,3,Lycée (équivalent baccalauréat),Célibataire,$60K - $80K,Blue,36,4,3,795,68,0.238
718011783,Client actuel,55,M,3,Licence,Marié(e),$40K - $60K,Blue,36,3,3,1337,38,0.606
714360033,Client actuel,62,M,1,Lycée (équivalent baccalauréat),Marié(e),$40K - $60K,Blue,43,1,3,1444,44,0.324
811005858,Client actuel,33,F,0,Non connu,Marié(e),Moins de $40K,Blue,28,2,4,0,70,0.0
794485158,Client actuel,38,M,2,Non connu,Célibataire,$80K - $120K,Blue,18,1,2,1475,46,0.679
708513183,Client actuel,39,M,1,Sans diplôme,Marié(e),$40K - $60K,Blue,29,2,2,1267,58,0.293
719353158,Client actuel,56,M,1,Niveau Bac+2,Marié(e),$80K - $120K,Blue,45,1,3,1468,36,0.354
711436083,Client actuel,36,M,1,Licence,Marié(e),Moins de $40K,Blue,18,3,3,1003,46,0.494
780374133,Client actuel,29,M,1,Niveau Bac+2,Célibataire,$80K - $120K,Blue,19,3,3,2103,48,0.3
739117233,Client actuel,57,M,3,Lycée (équivalent baccalauréat),Marié(e),$120K +,Blue,50,3,2,1530,58,0.477
708486033,Client actuel,55,F,3,Master,Marié(e),Non connu,Blue,36,2,3,1521,48,0.092
795237183,Client actuel,51,F,2,Licence,Marié(e),$40K - $60K,Blue,45,2,4,0,32,0.0
788788758,Client actuel,57,F,3,Niveau Bac+2,Célibataire,Non connu,Blue,39,1,2,1752,46,0.235
709635858,Client actuel,56,F,3,Licence,Marié(e),Moins de $40K,Blue,45,2,3,0,27,0.0
789701658,Client actuel,26,M,0,Niveau Bac+2,Célibataire,$40K - $60K,Blue,13,2,2,1196,33,0.584
713484483,Client actuel,36,F,4,Sans diplôme,Célibataire,Non connu,Silver,21,1,2,907,55,0.026
711954558,Client actuel,53,F,3,Licence,Marié(e),$40K - $60K,Blue,44,3,4,2357,34,0.894
712655583,Client actuel,41,M,3,Licence,Marié(e),$40K - $60K,Blue,32,3,2,915,44,0.142
779686683,Client actuel,26,F,0,Master,Célibataire,Moins de $40K,Blue,13,3,2,1668,34,0.575
711226758,Client actuel,51,F,1,Niveau Bac+2,Divorcé(e),Moins de $40K,Blue,42,2,3,1669,53,0.417
713241033,Client actuel,34,M,0,Licence,Marié(e),$60K - $80K,Blue,26,3,3,977,49,0.189
788754108,Client actuel,65,F,1,Non connu,Célibataire,$40K - $60K,Blue,48,2,4,637,78,0.139
717013383,Client actuel,52,M,2,Lycée (équivalent baccalauréat),Célibataire,$80K - $120K,Blue,43,3,4,1518,53,0.049
712634133,Client actuel,54,F,2,Licence,Marié(e),Moins de $40K,Blue,45,2,4,1671,37,0.623
709537683,Client perdu,37,M,3,Niveau Bac+2,Marié(e),$80K - $120K,Blue,30,6,3,926,15,0.08
778627983,Client actuel,40,F,3,Licence,Marié(e),Non connu,Blue,20,1,3,1140,49,0.623
720241758,Client actuel,55,M,0,Doctorat,Célibataire,$80K - $120K,Blue,36,1,3,1671,25,0.202
720814233,Client actuel,45,M,4,Lycée (équivalent baccalauréat),Non connu,$80K - $120K,Blue,34,3,3,1261,38,0.054
785080308,Client actuel,37,F,2,Lycée (équivalent baccalauréat),Marié(e),Moins de $40K,Blue,31,3,3,0,48,0.0
713358633,Client actuel,30,M,1,Licence,Célibataire,$60K - $80K,Blue,36,1,2,1015,68,0.089
720392433,Client actuel,55,F,1,Non connu,Marié(e),Moins de $40K,Blue,36,6,2,2517,47,0.881
720282558,Client actuel,36,M,2,Licence,Célibataire,$80K - $120K,Silver,27,2,4,1568,73,0.045
821370858,Client actuel,39,M,1,Licence,Marié(e),$40K - $60K,Blue,35,3,4,1884,39,0.282
799249833,Client actuel,34,M,2,Licence,Célibataire,Moins de $40K,Blue,28,1,4,844,71,0.19
713016633,Client actuel,47,M,3,Lycée (équivalent baccalauréat),Célibataire,$60K - $80K,Blue,36,3,2,1582,36,0.296
814471983,Client actuel,42,M,3,Lycée (équivalent baccalauréat),Divorcé(e),$80K - $120K,Blue,37,3,3,0,41,0.0
779612808,Client actuel,61,M,1,Licence,Marié(e),$40K - $60K,Blue,50,2,4,2360,35,0.932
716692683,Client actuel,31,M,1,Niveau Bac+2,Célibataire,$40K - $60K,Blue,22,1,3,0,54,0.0
790145733,Client perdu,40,M,3,Niveau Bac+2,Marié(e),$80K - $120K,Silver,33,5,5,0,26,0.0
716038533,Client actuel,42,F,3,Licence,Non connu,Moins de $40K,Blue,32,1,2,902,35,0.126
714421233,Client actuel,54,F,0,Licence,Marié(e),Moins de $40K,Blue,36,3,4,1723,34,0.319
709783908,Client actuel,52,F,3,Non connu,Marié(e),Moins de $40K,Blue,47,3,2,1170,50,0.513
812788233,Client actuel,31,F,0,Licence,Marié(e),Moins de $40K,Blue,21,1,4,1305,43,0.207
772452783,Client actuel,43,M,3,Non connu,Marié(e),$40K - $60K,Blue,33,1,2,1640,46,0.373
714002658,Client actuel,49,M,2,Non connu,Marié(e),$120K +,Blue,34,4,2,1623,31,0.059
713464983,Client actuel,45,F,2,Licence,Non connu,$40K - $60K,Blue,36,3,4,1053,76,0.213
713910108,Client actuel,38,M,1,Licence,Célibataire,$80K - $120K,Blue,28,2,3,2375,43,0.602
808169358,Client actuel,57,M,2,Sans diplôme,Célibataire,$40K - $60K,Blue,52,3,4,2289,50,0.186
714013083,Client actuel,63,F,2,Licence,Marié(e),$40K - $60K,Blue,53,2,4,1874,32,0.611
715381533,Client actuel,42,F,4,Master,Célibataire,Moins de $40K,Blue,36,2,3,674,55,0.469
717678408,Client actuel,61,F,1,Doctorat,Marié(e),$40K - $60K,Blue,47,2,4,2517,51,0.292
719143308,Client actuel,37,M,2,Non connu,Célibataire,$40K - $60K,Blue,28,4,3,0,85,0.0
711509658,Client perdu,61,M,2,Licence,Marié(e),$120K +,Blue,49,0,5,2517,26,0.221
757481283,Client actuel,35,M,3,Niveau Bac+2,Marié(e),$60K - $80K,Blue,28,3,4,2159,35,0.312
808681158,Client actuel,57,M,0,Licence,Célibataire,$80K - $120K,Blue,52,6,4,2379,35,0.928
718867683,Client actuel,64,M,1,Non connu,Marié(e),Moins de $40K,Blue,55,3,4,1904,43,0.7
714618333,Client actuel,39,F,2,Doctorat,Marié(e),Non connu,Blue,36,2,4,2154,35,0.219
794562783,Client actuel,28,F,0,Non connu,Célibataire,Non connu,Blue,13,3,2,661,51,0.03
708208758,Client actuel,53,M,1,Licence,Célibataire,$80K - $120K,Blue,45,3,2,883,48,0.484
794504658,Client actuel,39,M,1,Non connu,Marié(e),$60K - $80K,Blue,24,3,0,1829,44,0.318
714772758,Client actuel,35,F,3,Licence,Marié(e),Moins de $40K,Blue,27,2,4,1346,48,0.46
713830233,Client actuel,47,F,5,Lycée (équivalent baccalauréat),Marié(e),$40K - $60K,Blue,36,3,2,1813,60,0.257
713577483,Client actuel,47,M,4,Non connu,Marié(e),$80K - $120K,Blue,35,3,4,1430,31,0.256
814513008,Client actuel,38,M,2,Licence,Marié(e),$80K - $120K,Blue,33,3,3,2033,43,0.211
712765158,Client actuel,26,F,1,Lycée (équivalent baccalauréat),Célibataire,Moins de $40K,Blue,15,3,3,2162,47,0.852
714411108,Client actuel,37,F,3,Licence,Célibataire,Non connu,Blue,28,2,3,610,68,0.167
720231108,Client actuel,57,M,2,Licence,Célibataire,Moins de $40K,Blue,39,4,3,0,57,0.0
709035708,Client actuel,38,F,0,Non connu,Marié(e),Moins de $40K,Blue,36,2,3,1246,35,0.677
720662508,Client actuel,39,M,1,Licence,Célibataire,$120K +,Blue,25,3,2,1529,38,0.265
708623283,Client actuel,35,M,2,Sans diplôme,Célibataire,$60K - $80K,Blue,16,3,2,0,61,0.0
813247083,Client actuel,38,M,2,Licence,Célibataire,$80K - $120K,Blue,33,3,2,618,26,0.038
780078333,Client actuel,56,M,2,Non connu,Marié(e),$60K - $80K,Blue,41,2,2,659,26,0.112
811915383,Client actuel,36,M,3,Sans diplôme,Marié(e),$40K - $60K,Blue,31,2,2,1986,50,0.63
719818983,Client perdu,39,M,1,Niveau Bac+2,Divorcé(e),$80K - $120K,Blue,28,5,5,0,35,0.0
716349183,Client actuel,58,F,1,Sans diplôme,Marié(e),Non connu,Blue,36,2,3,0,54,0.0
710067183,Client actuel,28,M,1,Lycée (équivalent baccalauréat),Célibataire,Moins de $40K,Blue,36,2,3,0,81,0.0
771234558,Client actuel,65,F,0,Licence,Célibataire,Moins de $40K,Blue,56,3,2,0,62,0.0
820288233,Client actuel,26,F,0,Sans diplôme,Célibataire,Moins de $40K,Blue,20,3,4,0,39,0.0
717511533,Client actuel,28,M,0,Licence,Célibataire,Moins de $40K,Blue,36,2,4,1191,87,0.698
711642108,Client actuel,30,F,1,Sans diplôme,Marié(e),Non connu,Blue,13,2,2,917,35,0.228
712495233,Client actuel,31,F,0,Sans diplôme,Marié(e),Moins de $40K,Blue,19,3,2,1699,53,0.717
718484283,Client actuel,57,M,3,Master,Marié(e),$60K - $80K,Blue,36,1,4,2517,49,0.724
717413658,Client actuel,43,M,4,Lycée (équivalent baccalauréat),Marié(e),$40K - $60K,Blue,32,2,2,989,47,0.643
804668658,Client perdu,26,F,0,Sans diplôme,Célibataire,$60K - $80K,Blue,20,2,6,0,20,0.0
715934283,Client actuel,39,F,2,Lycée (équivalent baccalauréat),Célibataire,$40K - $60K,Blue,26,3,2,1639,56,0.522
717499083,Client actuel,35,M,0,Non connu,Célibataire,$60K - $80K,Blue,36,1,2,0,78,0.0
715279683,Client actuel,52,F,2,Sans diplôme,Marié(e),$40K - $60K,Blue,36,1,4,0,39,0.0
718971333,Client actuel,33,M,1,Licence,Célibataire,$80K - $120K,Blue,20,3,2,925,51,0.07
709219533,Client actuel,53,M,3,Lycée (équivalent baccalauréat),Marié(e),$60K - $80K,Blue,41,1,0,1351,36,0.545
709150608,Client actuel,30,F,0,Non connu,Marié(e),Moins de $40K,Blue,19,1,4,0,64,0.0
788259558,Client actuel,59,M,0,Non connu,Marié(e),Moins de $40K,Blue,51,3,4,1028,28,0.655
802464033,Client actuel,65,F,0,Licence,Marié(e),Moins de $40K,Blue,56,3,3,1262,41,0.283
712757808,Client actuel,33,F,2,Sans diplôme,Marié(e),Moins de $40K,Blue,22,2,4,0,40,0.0
714457083,Client actuel,52,F,2,Lycée (équivalent baccalauréat),Marié(e),Non connu,Blue,44,3,2,2219,24,0.642
713413758,Client actuel,26,F,1,Niveau Bac+2,Célibataire,Non connu,Blue,16,3,3,1599,44,0.581
708741633,Client actuel,52,M,4,Lycée (équivalent baccalauréat),Marié(e),$60K - $80K,Blue,44,3,4,0,41,0.0
714043833,Client actuel,37,F,3,Licence,Célibataire,Moins de $40K,Blue,36,2,4,1396,85,0.379
789577833,Client actuel,56,M,2,Licence,Marié(e),$120K +,Blue,49,1,4,1932,29,0.217
787570758,Client actuel,35,M,2,Sans diplôme,Marié(e),$120K +,Blue,26,3,4,1596,44,0.542
720371733,Client actuel,58,F,0,Licence,Marié(e),Moins de $40K,Blue,47,3,2,786,39,0.352
819117183,Client actuel,34,F,3,Non connu,Marié(e),$40K - $60K,Blue,29,2,4,909,48,0.579
711776433,Client actuel,37,M,3,Sans diplôme,Célibataire,$80K - $120K,Blue,26,2,2,1153,65,0.049
709583133,Client actuel,53,M,3,Sans diplôme,Marié(e),$40K - $60K,Blue,40,3,3,1442,54,0.434
719521983,Client actuel,38,M,2,Sans diplôme,Marié(e),$40K - $60K,Blue,31,3,3,1698,32,0.278
718415133,Client actuel,38,M,1,Sans diplôme,Célibataire,$80K - $120K,Blue,25,1,3,0,34,0.0
710594358,Client actuel,28,F,0,Non connu,Célibataire,Moins de $40K,Silver,36,3,4,873,72,0.059
709730508,Client actuel,39,F,0,Lycée (équivalent baccalauréat),Célibataire,Non connu,Blue,27,3,3,0,61,0.0
720462633,Client actuel,43,F,3,Sans diplôme,Célibataire,Moins de $40K,Blue,29,2,3,643,49,0.155
715005558,Client actuel,36,M,2,Niveau Bac+2,Célibataire,$80K - $120K,Blue,36,2,2,2147,65,0.256
779993208,Client actuel,38,F,2,Sans diplôme,Marié(e),Moins de $40K,Blue,28,3,3,0,27,0.0
787543008,Client actuel,37,M,1,Licence,Célibataire,$40K - $60K,Blue,27,3,4,1695,61,0.44
743265108,Client actuel,37,M,4,Niveau Bac+2,Célibataire,$60K - $80K,Blue,30,1,4,827,49,0.052
713770383,Client actuel,29,F,0,Sans diplôme,Divorcé(e),Moins de $40K,Blue,19,4,4,0,74,0.0
712392108,Client actuel,51,M,3,Lycée (équivalent baccalauréat),Marié(e),$60K - $80K,Blue,36,2,4,691,25,0.067
720145683,Client actuel,54,M,1,Niveau Bac+2,Marié(e),$60K - $80K,Blue,42,2,2,2517,35,0.843
714832383,Client actuel,35,M,0,Lycée (équivalent baccalauréat),Célibataire,$80K - $120K,Gold,29,2,3,1965,70,0.057
772706283,Client actuel,38,F,2,Niveau Bac+2,Marié(e),$40K - $60K,Blue,28,3,4,1579,43,0.252
795920358,Client actuel,33,F,2,Lycée (équivalent baccalauréat),Marié(e),Moins de $40K,Blue,27,2,3,0,45,0.0
716277558,Client actuel,45,F,1,Sans diplôme,Célibataire,Moins de $40K,Blue,36,3,4,1961,47,0.598
764776833,Client actuel,61,M,0,Licence,Marié(e),$40K - $60K,Blue,54,3,2,1646,30,0.535
710795883,Client actuel,33,F,3,Sans diplôme,Marié(e),Moins de $40K,Blue,16,1,4,1864,50,0.913
710428308,Client actuel,55,M,4,Lycée (équivalent baccalauréat),Célibataire,$60K - $80K,Blue,51,1,4,1553,51,0.776
721096983,Client actuel,34,F,2,Licence,Célibataire,Moins de $40K,Blue,36,3,4,2517,46,0.694
715760733,Client actuel,58,M,4,Lycée (équivalent baccalauréat),Marié(e),$40K - $60K,Blue,47,3,4,1885,25,0.242
718227033,Client actuel,38,F,4,Licence,Marié(e),Moins de $40K,Blue,30,1,2,1702,53,0.286
720610008,Client perdu,59,M,1,Niveau Bac+2,Marié(e),$120K +,Blue,50,6,6,812,23,0.051
719517258,Client actuel,57,M,4,Non connu,Marié(e),$80K - $120K,Blue,36,3,4,1364,67,0.18
714111333,Client actuel,55,M,1,Lycée (équivalent baccalauréat),Marié(e),$60K - $80K,Blue,46,1,3,0,38,0.0
717551358,Client actuel,63,M,0,Licence,Marié(e),$60K - $80K,Blue,55,1,4,2517,56,0.708
813573333,Client actuel,60,M,1,Lycée (équivalent baccalauréat),Marié(e),Moins de $40K,Blue,55,1,4,1466,25,0.551
711709683,Client actuel,53,F,2,Sans diplôme,Marié(e),Moins de $40K,Blue,36,1,4,1405,48,0.401
712902483,Client actuel,35,M,3,Lycée (équivalent baccalauréat),Marié(e),$60K - $80K,Blue,24,2,2,1699,43,0.822
710893533,Client actuel,53,M,1,Non connu,Célibataire,$120K +,Blue,42,1,4,877,56,0.105
719883858,Client actuel,58,M,2,Licence,Marié(e),Moins de $40K,Blue,48,1,0,0,33,0.0
719628033,Client actuel,33,F,1,Master,Marié(e),Non connu,Blue,36,3,3,1130,52,0.273
712043433,Client actuel,53,M,1,Licence,Célibataire,$80K - $120K,Blue,36,2,2,1180,33,0.104
769095558,Client actuel,59,M,1,Doctorat,Célibataire,$60K - $80K,Blue,53,2,2,1560,45,0.172
816094233,Client actuel,37,M,1,Lycée (équivalent baccalauréat),Célibataire,$120K +,Blue,32,2,2,1409,38,0.081
758417508,Client actuel,50,F,4,Lycée (équivalent baccalauréat),Divorcé(e),Moins de $40K,Blue,43,3,4,0,72,0.0
721234308,Client actuel,35,F,2,Sans diplôme,Marié(e),Moins de $40K,Blue,21,2,3,1815,62,0.312
717138558,Client actuel,28,M,0,Master,Marié(e),$40K - $60K,Blue,16,1,3,0,31,0.0
798120858,Client actuel,37,M,3,Sans diplôme,Célibataire,$80K - $120K,Blue,31,2,2,1425,44,0.375
709997958,Client actuel,39,M,3,Licence,Marié(e),$40K - $60K,Blue,28,3,4,0,54,0.0
712617408,Client actuel,31,M,1,Master,Célibataire,$40K - $60K,Blue,20,3,3,0,74,0.0
720158208,Client actuel,37,M,3,Licence,Marié(e),$60K - $80K,Blue,23,3,2,2167,49,0.714
716548083,Client actuel,39,M,4,Licence,Marié(e),Moins de $40K,Blue,32,1,4,2360,57,0.794
717631008,Client actuel,38,M,2,Licence,Célibataire,$80K - $120K,Blue,31,1,2,0,48,0.0
813964383,Client actuel,35,M,3,Licence,Célibataire,$40K - $60K,Blue,30,1,3,1226,59,0.137
719952408,Client actuel,30,M,0,Licence,Marié(e),Moins de $40K,Blue,36,3,2,1623,51,0.636
771028533,Client perdu,48,F,3,Master,Marié(e),$60K - $80K,Silver,35,1,3,0,25,0.0
771823308,Client actuel,33,F,2,Sans diplôme,Non connu,Moins de $40K,Blue,21,1,4,986,33,0.668
719854008,Client actuel,47,M,3,Non connu,Célibataire,$40K - $60K,Blue,36,6,2,1407,32,0.273
713998233,Client actuel,37,F,2,Lycée (équivalent baccalauréat),Célibataire,Moins de $40K,Blue,36,2,4,1414,57,0.394
714746358,Client actuel,38,M,3,Non connu,Marié(e),$60K - $80K,Blue,28,1,2,1680,35,0.362
713574708,Client actuel,39,M,3,Niveau Bac+2,Célibataire,$40K - $60K,Blue,28,2,2,1177,66,0.718
714753258,Client actuel,34,M,2,Non connu,Marié(e),$60K - $80K,Blue,36,2,4,1982,50,0.833
712004208,Client actuel,65,M,0,Licence,Célibataire,Moins de $40K,Blue,56,3,2,0,59,0.0
719621958,Client actuel,43,M,3,Licence,Non connu,$60K - $80K,Blue,28,2,3,0,40,0.0
819610908,Client perdu,38,M,2,Sans diplôme,Marié(e),$80K - $120K,Blue,33,6,6,2089,26,0.063
823948308,Client actuel,48,M,4,Master,Non connu,$40K - $60K,Blue,44,2,4,1942,37,0.289
712064358,Client actuel,38,M,1,Licence,Marié(e),$60K - $80K,Blue,36,3,4,1544,34,0.616
816013383,Client perdu,65,F,0,Licence,Divorcé(e),$60K - $80K,Blue,56,8,3,0,27,0.0
758765808,Client actuel,36,F,2,Non connu,Marié(e),Moins de $40K,Blue,29,3,4,1190,40,0.586
780881358,Client actuel,35,M,3,Licence,Célibataire,$40K - $60K,Silver,17,3,2,0,74,0.0
709422183,Client actuel,58,F,1,Licence,Marié(e),Moins de $40K,Blue,46,2,2,1394,45,0.633
779951058,Client actuel,54,F,3,Lycée (équivalent baccalauréat),Marié(e),Non connu,Blue,38,2,4,1642,39,0.321
809941233,Client actuel,53,M,1,Licence,Célibataire,$80K - $120K,Blue,48,1,3,2390,38,0.777
710844408,Client actuel,38,M,3,Master,Marié(e),$60K - $80K,Blue,36,3,2,0,28,0.0
819002508,Client actuel,31,M,1,Non connu,Célibataire,$40K - $60K,Blue,26,1,2,0,64,0.0
807141183,Client actuel,34,M,1,Licence,Marié(e),$120K +,Blue,29,3,2,1412,36,0.095
711119358,Client actuel,38,M,3,Non connu,Marié(e),$60K - $80K,Blue,31,1,2,896,52,0.445
808273533,Client perdu,39,M,2,Lycée (équivalent baccalauréat),Célibataire,$60K - $80K,Blue,34,6,3,0,55,0.0
716297658,Client actuel,37,M,2,Licence,Célibataire,$80K - $120K,Blue,36,1,4,0,55,0.0
716532258,Client actuel,51,F,1,Lycée (équivalent baccalauréat),Célibataire,Moins de $40K,Blue,43,3,2,1308,55,0.463
720540708,Client actuel,53,F,3,Sans diplôme,Marié(e),Moins de $40K,Blue,42,2,4,1507,25,0.543
720904233,Client actuel,53,M,0,Licence,Célibataire,$80K - $120K,Blue,41,3,2,560,31,0.035
720863133,Client actuel,65,M,1,Licence,Marié(e),Moins de $40K,Blue,54,3,4,2517,39,0.783
714957108,Client actuel,33,F,3,Lycée (équivalent baccalauréat),Divorcé(e),Moins de $40K,Blue,26,1,3,0,72,0.0
790102008,Client actuel,37,M,3,Doctorat,Célibataire,$60K - $80K,Blue,30,1,3,1023,80,0.173
781933983,Client actuel,47,M,4,Licence,Marié(e),$40K - $60K,Blue,41,3,4,0,76,0.0
712643358,Client actuel,59,F,0,Lycée (équivalent baccalauréat),Marié(e),Moins de $40K,Blue,49,2,4,1609,23,0.568
716686158,Client actuel,59,F,0,Master,Marié(e),Moins de $40K,Blue,49,2,3,601,32,0.406
806894133,Client actuel,34,F,3,Master,Célibataire,Non connu,Blue,29,1,4,1347,55,0.833
721344858,Client actuel,26,M,0,Sans diplôme,Célibataire,Moins de $40K,Blue,13,4,4,451,36,0.202
813230208,Client actuel,45,M,4,Niveau Bac+2,Célibataire,$120K +,Blue,40,3,3,1782,64,0.614
716835033,Client actuel,54,F,2,Licence,Marié(e),Non connu,Blue,45,3,2,2086,37,0.159
787500333,Client actuel,52,M,2,Master,Célibataire,$80K - $120K,Blue,40,1,3,1407,58,0.162
768582033,Client actuel,47,M,3,Lycée (équivalent baccalauréat),Marié(e),$40K - $60K,Blue,41,3,4,1897,76,0.283
713992158,Client actuel,57,F,4,Non connu,Marié(e),Moins de $40K,Blue,36,1,2,1004,30,0.465
719916408,Client actuel,34,M,5,Licence,Marié(e),$60K - $80K,Blue,27,2,2,1909,34,0.763
789433758,Client actuel,36,M,0,Niveau Bac+2,Célibataire,$80K - $120K,Blue,27,3,2,2379,39,0.375
785011383,Client perdu,36,F,0,Sans diplôme,Divorcé(e),$40K - $60K,Blue,30,5,6,0,38,0.0
719283633,Client actuel,57,F,3,Sans diplôme,Marié(e),$40K - $60K,Blue,49,2,3,1628,29,0.215
710816358,Client actuel,29,M,1,Master,Marié(e),Moins de $40K,Blue,18,3,2,1466,48,0.495
779653458,Client actuel,37,M,3,Licence,Célibataire,$80K - $120K,Blue,20,3,3,2077,47,0.251
716382708,Client perdu,46,F,2,Licence,Célibataire,$60K - $80K,Blue,36,6,3,858,35,0.103
710387583,Client actuel,55,M,0,Lycée (équivalent baccalauréat),Célibataire,$80K - $120K,Blue,35,1,4,1901,32,0.492
718772133,Client actuel,56,M,3,Licence,Célibataire,$80K - $120K,Blue,47,3,3,1082,34,0.106
711224733,Client perdu,32,M,0,Lycée (équivalent baccalauréat),Marié(e),$120K +,Blue,27,5,6,0,10,0.0
718360083,Client actuel,39,M,4,Sans diplôme,Marié(e),$120K +,Blue,36,3,2,1798,70,0.07
716102583,Client actuel,63,F,1,Licence,Marié(e),Moins de $40K,Blue,53,1,3,2517,56,0.941
720673008,Client actuel,49,F,3,Non connu,Divorcé(e),Moins de $40K,Blue,38,3,4,812,47,0.492
708459633,Client actuel,38,M,2,Lycée (équivalent baccalauréat),Marié(e),$60K - $80K,Blue,26,1,3,1698,42,0.292
712868733,Client actuel,60,M,0,Sans diplôme,Marié(e),Moins de $40K,Blue,52,1,2,2189,27,0.844
713790708,Client actuel,38,M,3,Sans diplôme,Marié(e),$60K - $80K,Blue,36,2,3,2308,39,0.675
717648783,Client actuel,63,M,2,Lycée (équivalent baccalauréat),Célibataire,$80K - $120K,Blue,51,2,3,1704,28,0.246
714709983,Client actuel,43,F,2,Niveau Bac+2,Marié(e),Moins de $40K,Blue,36,2,4,898,44,0.129
819409608,Client actuel,39,F,2,Licence,Marié(e),Moins de $40K,Blue,34,3,4,0,43,0.0
717585858,Client actuel,35,F,4,Lycée (équivalent baccalauréat),Célibataire,Non connu,Blue,24,2,4,1679,55,0.099
791856033,Client perdu,45,M,2,Niveau Bac+2,Divorcé(e),$80K - $120K,Blue,39,6,6,0,27,0.0
714474483,Client actuel,35,F,1,Licence,Marié(e),$40K - $60K,Blue,29,2,2,1877,50,0.744
716448783,Client perdu,48,F,3,Licence,Marié(e),$40K - $60K,Blue,39,5,3,0,34,0.0
711065133,Client actuel,26,M,1,Lycée (équivalent baccalauréat),Célibataire,$40K - $60K,Blue,13,2,4,0,39,0.0
713769258,Client actuel,36,M,3,Niveau Bac+2,Marié(e),$120K +,Blue,26,2,3,939,45,0.055
712288158,Client actuel,37,M,2,Niveau Bac+2,Marié(e),$80K - $120K,Blue,17,3,2,1991,37,0.43
714130233,Client actuel,39,M,2,Non connu,Marié(e),$60K - $80K,Blue,19,3,2,2150,37,0.706
789127533,Client actuel,49,M,4,Lycée (équivalent baccalauréat),Divorcé(e),$80K - $120K,Blue,37,2,2,1664,83,0.051
717038733,Client actuel,56,M,3,Sans diplôme,Marié(e),$60K - $80K,Blue,36,3,3,1375,38,0.61
804840033,Client actuel,45,M,2,Niveau Bac+2,Marié(e),$60K - $80K,Blue,38,6,4,0,48,0.0
709363383,Client actuel,34,M,2,Lycée (équivalent baccalauréat),Célibataire,Non connu,Blue,36,4,2,836,61,0.037
789760233,Client actuel,29,M,0,Non connu,Divorcé(e),$80K - $120K,Blue,14,3,3,0,63,0.0
712058958,Client actuel,28,M,0,Lycée (équivalent baccalauréat),Célibataire,Moins de $40K,Blue,19,3,4,0,75,0.0
708295533,Client actuel,65,F,0,Master,Marié(e),Moins de $40K,Blue,56,3,2,1880,22,0.53
817686633,Client actuel,26,F,1,Niveau Bac+2,Célibataire,Moins de $40K,Blue,15,2,4,737,39,0.512
713738883,Client actuel,57,F,3,Sans diplôme,Marié(e),Moins de $40K,Blue,36,2,3,1422,34,0.453
721310283,Client actuel,47,M,3,Licence,Célibataire,$120K +,Blue,36,2,4,933,32,0.027
803132733,Client actuel,54,F,1,Licence,Marié(e),Moins de $40K,Blue,48,3,2,1570,30,0.23
779852133,Client actuel,48,M,2,Non connu,Marié(e),$120K +,Silver,32,2,4,2098,66,0.061
716210283,Client actuel,36,F,1,Lycée (équivalent baccalauréat),Marié(e),Non connu,Blue,36,3,4,2517,37,0.296
711615933,Client actuel,43,M,3,Licence,Marié(e),$80K - $120K,Blue,33,3,2,1859,28,0.066
785311158,Client actuel,54,F,2,Licence,Célibataire,Moins de $40K,Blue,48,1,4,928,69,0.14
717267108,Client actuel,37,M,1,Niveau Bac+2,Célibataire,$60K - $80K,Blue,26,3,2,1410,61,0.089
711636558,Client actuel,33,M,3,Licence,Marié(e),$80K - $120K,Blue,36,3,4,2073,42,0.765
717504258,Client actuel,38,M,2,Niveau Bac+2,Marié(e),$40K - $60K,Blue,25,1,4,1199,35,0.321
718242333,Client actuel,36,M,4,Licence,Marié(e),$80K - $120K,Blue,36,3,2,1822,69,0.178
771844458,Client actuel,40,F,3,Licence,Marié(e),Non connu,Blue,28,1,2,1657,41,0.081
708892833,Client perdu,37,M,2,Licence,Marié(e),$120K +,Blue,30,6,6,0,22,0.0
779465358,Client actuel,26,F,0,Lycée (équivalent baccalauréat),Célibataire,Non connu,Blue,13,3,3,1460,38,0.481
720191883,Client actuel,45,M,3,Lycée (équivalent baccalauréat),Célibataire,$60K - $80K,Blue,35,3,3,659,36,0.093
710934033,Client actuel,26,M,0,Lycée (équivalent baccalauréat),Célibataire,Moins de $40K,Blue,13,1,4,1162,43,0.655
714473658,Client actuel,42,M,3,Licence,Célibataire,$40K - $60K,Blue,30,2,2,1054,26,0.118
716569983,Client actuel,33,M,2,Niveau Bac+2,Célibataire,$80K - $120K,Blue,36,1,2,1773,27,0.753
789833583,Client actuel,57,F,4,Lycée (équivalent baccalauréat),Marié(e),$40K - $60K,Blue,47,2,4,1332,30,0.196
818923158,Client actuel,55,M,2,Licence,Marié(e),$60K - $80K,Blue,50,2,4,1207,31,0.563
716596308,Client actuel,40,M,3,Sans diplôme,Célibataire,$80K - $120K,Blue,36,2,3,1640,51,0.418
716620458,Client actuel,32,M,1,Lycée (équivalent baccalauréat),Célibataire,Moins de $40K,Blue,23,2,3,0,63,0.0
710251608,Client actuel,62,F,1,Lycée (équivalent baccalauréat),Marié(e),Moins de $40K,Blue,54,3,4,1173,27,0.399
710633808,Client actuel,26,M,0,Licence,Célibataire,$60K - $80K,Blue,13,3,3,0,41,0.0
719318583,Client perdu,37,M,3,Lycée (équivalent baccalauréat),Marié(e),Moins de $40K,Blue,26,6,6,2389,13,0.348
819202533,Client actuel,57,M,1,Doctorat,Marié(e),$80K - $120K,Blue,52,2,3,1540,32,0.148
827360883,Client actuel,47,F,3,Lycée (équivalent baccalauréat),Marié(e),Non connu,Blue,43,3,2,1335,46,0.099
771196083,Client actuel,47,M,4,Licence,Marié(e),$80K - $120K,Blue,34,3,3,0,37,0.0
809962908,Client actuel,48,F,2,Licence,Célibataire,Non connu,Blue,43,3,4,852,52,0.104
788965683,Client actuel,49,F,4,Sans diplôme,Marié(e),Moins de $40K,Blue,36,3,3,0,41,0.0
817142433,Client actuel,35,M,3,Licence,Marié(e),$80K - $120K,Blue,20,3,4,2307,29,0.285
716993058,Client actuel,57,M,3,Non connu,Divorcé(e),$60K - $80K,Blue,48,2,3,1640,78,0.067
771040758,Client actuel,62,F,0,Licence,Célibataire,Non connu,Silver,49,1,2,0,91,0.0
713309583,Client actuel,55,F,2,Niveau Bac+2,Marié(e),Moins de $40K,Blue,36,3,4,2129,59,0.718
710273658,Client actuel,36,M,2,Licence,Marié(e),$60K - $80K,Blue,17,2,3,1825,61,0.59
771429408,Client actuel,54,M,1,Lycée (équivalent baccalauréat),Célibataire,$80K - $120K,Blue,42,3,2,668,31,0.413
719452308,Client actuel,30,F,0,Licence,Marié(e),Moins de $40K,Blue,23,2,3,1632,35,0.653
818908833,Client actuel,46,M,3,Licence,Marié(e),$40K - $60K,Blue,41,2,2,0,45,0.0
780998133,Client actuel,43,M,3,Licence,Marié(e),$80K - $120K,Blue,34,4,4,1489,45,0.141
801726933,Client actuel,34,M,2,Licence,Marié(e),$120K +,Blue,28,3,3,1853,33,0.138
788474658,Client actuel,55,M,3,Licence,Célibataire,$80K - $120K,Blue,48,2,4,1278,56,0.079
708438033,Client actuel,36,F,2,Non connu,Marié(e),Moins de $40K,Blue,27,3,4,2198,48,0.721
710562258,Client actuel,44,M,1,Licence,Célibataire,$80K - $120K,Blue,33,4,3,0,47,0.0
770764908,Client actuel,39,M,2,Non connu,Marié(e),$60K - $80K,Blue,25,2,3,2517,36,0.82
814776033,Client actuel,34,M,2,Licence,Célibataire,$80K - $120K,Blue,29,1,3,1678,69,0.125
715057383,Client actuel,40,M,3,Licence,Marié(e),$60K - $80K,Blue,31,3,4,1201,79,0.07
717970158,Client actuel,42,M,2,Niveau Bac+2,Célibataire,$60K - $80K,Blue,36,3,2,0,84,0.0
715168008,Client actuel,36,M,3,Licence,Divorcé(e),$40K - $60K,Blue,28,2,3,1547,61,0.172
720802833,Client actuel,26,F,1,Lycée (équivalent baccalauréat),Célibataire,Moins de $40K,Blue,13,2,3,1198,63,0.498
789370383,Client actuel,42,M,1,Lycée (équivalent baccalauréat),Marié(e),$40K - $60K,Blue,32,2,2,1845,26,0.657
711782733,Client actuel,55,M,0,Licence,Marié(e),$40K - $60K,Blue,36,3,2,827,24,0.267
709000008,Client actuel,45,M,3,Non connu,Célibataire,$80K - $120K,Blue,37,2,2,672,54,0.063
719381733,Client actuel,61,M,2,Lycée (équivalent baccalauréat),Célibataire,$60K - $80K,Blue,47,2,3,1404,64,0.646
771169458,Client actuel,41,M,4,Niveau Bac+2,Marié(e),$120K +,Blue,28,3,0,1470,36,0.052
709974108,Client actuel,35,F,1,Licence,Célibataire,Moins de $40K,Blue,23,3,3,1051,80,0.398
757024233,Client actuel,34,M,2,Licence,Célibataire,$120K +,Blue,27,1,4,2152,62,0.069
768928833,Client actuel,37,M,2,Lycée (équivalent baccalauréat),Célibataire,$80K - $120K,Blue,31,2,4,0,63,0.0
720504633,Client perdu,46,M,2,Sans diplôme,Non connu,$60K - $80K,Blue,32,2,3,0,24,0.0
812441358,Client actuel,26,M,1,Niveau Bac+2,Divorcé(e),$40K - $60K,Blue,21,3,2,0,89,0.0
713287608,Client actuel,54,F,3,Lycée (équivalent baccalauréat),Marié(e),Moins de $40K,Blue,41,4,4,1220,62,0.386
711357858,Client perdu,47,F,3,Licence,Marié(e),$60K - $80K,Blue,36,6,5,0,13,0.0
715478733,Client actuel,56,F,5,Licence,Marié(e),Moins de $40K,Blue,36,4,4,2517,54,0.815
780382008,Client actuel,42,F,4,Non connu,Célibataire,Moins de $40K,Silver,32,3,2,1384,63,0.101
715749858,Client actuel,30,M,1,Non connu,Marié(e),$40K - $60K,Blue,18,1,3,1380,31,0.292
710951808,Client actuel,32,M,1,Non connu,Marié(e),Moins de $40K,Blue,36,3,3,1520,32,0.249
713469333,Client actuel,40,M,2,Lycée (équivalent baccalauréat),Célibataire,$80K - $120K,Blue,28,2,4,1427,56,0.074
719243808,Client actuel,33,F,1,Licence,Marié(e),Moins de $40K,Blue,20,2,4,1625,39,0.429
772202058,Client actuel,64,M,0,Licence,Marié(e),Moins de $40K,Blue,53,3,4,1647,37,0.79
711346383,Client actuel,33,M,1,Lycée (équivalent baccalauréat),Célibataire,$80K - $120K,Blue,28,3,3,0,70,0.0
711405333,Client actuel,52,M,3,Master,Marié(e),$80K - $120K,Blue,43,2,2,2126,43,0.31
778407033,Client actuel,59,F,0,Sans diplôme,Marié(e),Moins de $40K,Blue,39,3,4,1932,50,0.799
714862083,Client actuel,41,F,4,Sans diplôme,Célibataire,Non connu,Blue,33,4,3,2490,53,0.429
711199008,Client actuel,38,M,2,Non connu,Marié(e),$40K - $60K,Blue,31,2,2,2192,57,0.751
709858533,Client actuel,29,M,2,Licence,Divorcé(e),Moins de $40K,Blue,20,1,2,2021,57,0.821
718627458,Client actuel,43,F,3,Doctorat,Marié(e),Non connu,Blue,38,4,2,0,52,0.0
711816108,Client perdu,40,M,3,Lycée (équivalent baccalauréat),Marié(e),$80K - $120K,Blue,29,2,5,0,45,0.0
717105258,Client actuel,37,F,1,Licence,Marié(e),Moins de $40K,Blue,36,3,3,1289,32,0.323
715822008,Client actuel,32,M,1,Lycée (équivalent baccalauréat),Marié(e),Moins de $40K,Blue,14,2,2,2175,35,0.61
714971583,Client actuel,36,M,2,Licence,Célibataire,$60K - $80K,Blue,27,3,2,831,87,0.107
713663508,Client perdu,58,M,0,Lycée (équivalent baccalauréat),Non connu,$40K - $60K,Blue,42,2,3,0,22,0.0
709025583,Client actuel,53,M,3,Lycée (équivalent baccalauréat),Marié(e),$80K - $120K,Blue,36,3,3,715,38,0.076
812809083,Client actuel,37,F,3,Non connu,Célibataire,Non connu,Blue,32,4,4,1566,58,0.08
714073983,Client actuel,47,M,2,Non connu,Célibataire,$40K - $60K,Blue,36,3,3,0,46,0.0
789297558,Client actuel,36,M,1,Sans diplôme,Célibataire,$120K +,Blue,25,3,2,1932,51,0.274
710375283,Client actuel,26,F,0,Sans diplôme,Célibataire,$40K - $60K,Blue,18,3,2,1471,55,0.724
712189233,Client actuel,38,F,1,Licence,Marié(e),$40K - $60K,Blue,20,1,3,2517,63,0.488
713767383,Client actuel,32,F,0,Lycée (équivalent baccalauréat),Marié(e),$40K - $60K,Blue,22,2,2,1665,41,0.807
797414733,Client actuel,37,F,3,Licence,Célibataire,Moins de $40K,Blue,31,3,4,1517,61,0.757
712452033,Client actuel,26,M,1,Non connu,Célibataire,Moins de $40K,Blue,13,2,3,828,44,0.334
714151533,Client actuel,55,F,1,Licence,Marié(e),$40K - $60K,Blue,46,4,4,1622,33,0.353
720440583,Client actuel,35,M,2,Non connu,Célibataire,$80K - $120K,Blue,36,2,2,1188,47,0.525
787494783,Client actuel,58,M,3,Lycée (équivalent baccalauréat),Marié(e),$60K - $80K,Blue,46,3,2,1205,49,0.147
819966033,Client actuel,32,M,0,Licence,Célibataire,Non connu,Blue,27,3,3,0,68,0.0
710297133,Client actuel,47,M,3,Lycée (équivalent baccalauréat),Célibataire,$80K - $120K,Blue,36,3,3,1194,65,0.04
793355508,Client actuel,32,M,0,Licence,Célibataire,Moins de $40K,Blue,26,3,3,0,71,0.0
708580908,Client actuel,56,M,3,Lycée (équivalent baccalauréat),Marié(e),$60K - $80K,Blue,37,3,3,2517,35,0.173
719826333,Client actuel,34,F,2,Doctorat,Célibataire,Moins de $40K,Blue,13,1,2,0,67,0.0
780689733,Client actuel,65,M,0,Non connu,Célibataire,Non connu,Blue,56,2,2,633,56,0.056
744764433,Client actuel,55,M,2,Sans diplôme,Marié(e),$120K +,Blue,48,2,3,817,35,0.026
714902283,Client actuel,43,M,0,Lycée (équivalent baccalauréat),Célibataire,$80K - $120K,Blue,36,3,3,0,53,0.0
789309558,Client actuel,31,M,2,Niveau Bac+2,Marié(e),Moins de $40K,Blue,21,2,4,1920,49,0.706
713188383,Client actuel,54,F,1,Niveau Bac+2,Marié(e),Moins de $40K,Blue,36,2,4,2517,22,0.816
719506983,Client actuel,52,M,3,Licence,Marié(e),$80K - $120K,Blue,42,2,4,1339,30,0.077
714804483,Client actuel,48,M,3,Niveau Bac+2,Divorcé(e),$40K - $60K,Blue,36,3,3,1665,34,0.137
748503708,Client actuel,54,F,1,Lycée (équivalent baccalauréat),Célibataire,Moins de $40K,Blue,47,4,3,1627,36,0.582
803587533,Client actuel,33,M,1,Sans diplôme,Célibataire,$60K - $80K,Blue,28,3,4,1812,86,0.692
789777408,Client perdu,26,F,0,Master,Célibataire,$60K - $80K,Blue,15,2,3,1428,26,0.99
716811483,Client actuel,30,F,2,Sans diplôme,Marié(e),Moins de $40K,Blue,24,2,1,0,43,0.0
714118383,Client actuel,49,F,5,Licence,Marié(e),Moins de $40K,Blue,43,2,3,0,72,0.0
720532908,Client actuel,36,F,2,Non connu,Divorcé(e),$40K - $60K,Blue,20,3,2,1245,80,0.128
765055833,Client actuel,56,M,4,Non connu,Marié(e),$80K - $120K,Blue,49,4,2,2229,33,0.517
715310208,Client actuel,53,M,3,Sans diplôme,Célibataire,$80K - $120K,Blue,36,3,1,2129,45,0.186
718577958,Client perdu,39,M,2,Sans diplôme,Marié(e),$120K +,Blue,26,6,5,0,15,0.0
789167658,Client actuel,34,M,3,Niveau Bac+2,Marié(e),$60K - $80K,Blue,23,3,2,1815,34,0.428
789987183,Client actuel,53,M,2,Niveau Bac+2,Célibataire,$80K - $120K,Blue,45,4,4,1311,37,0.06
717730533,Client actuel,32,M,0,Licence,Célibataire,$40K - $60K,Blue,21,1,3,925,63,0.573
708668283,Client actuel,39,M,2,Licence,Marié(e),$80K - $120K,Blue,22,4,2,2517,36,0.49
772360683,Client actuel,57,M,1,Lycée (équivalent baccalauréat),Célibataire,$120K +,Blue,46,3,4,2517,36,0.079
712500933,Client actuel,48,F,4,Licence,Célibataire,Non connu,Blue,40,4,4,648,56,0.055
804867183,Client actuel,37,M,3,Non connu,Marié(e),$60K - $80K,Blue,30,2,4,0,47,0.0
826068183,Client actuel,36,M,1,Licence,Célibataire,$80K - $120K,Blue,32,4,3,1463,50,0.094
820044333,Client actuel,39,M,3,Niveau Bac+2,Divorcé(e),$40K - $60K,Blue,34,3,2,2185,58,0.873
714211533,Client actuel,31,M,0,Licence,Divorcé(e),Moins de $40K,Blue,36,3,2,2491,50,0.752
710287533,Client actuel,31,M,2,Licence,Célibataire,$40K - $60K,Blue,36,2,4,1169,57,0.186
720603558,Client actuel,36,M,4,Licence,Célibataire,$60K - $80K,Blue,36,2,1,1605,74,0.079
819258408,Client actuel,47,F,5,Licence,Célibataire,Moins de $40K,Blue,42,2,4,1106,41,0.497
717664008,Client perdu,37,M,3,Niveau Bac+2,Marié(e),$60K - $80K,Blue,19,6,5,2517,12,0.812
717437058,Client actuel,38,M,2,Non connu,Divorcé(e),$60K - $80K,Silver,26,2,0,681,57,0.026
717327783,Client actuel,39,M,2,Licence,Célibataire,$80K - $120K,Blue,27,2,2,1476,44,0.148
712887633,Client actuel,39,M,1,Non connu,Célibataire,$80K - $120K,Blue,36,3,3,876,43,0.035
716129208,Client actuel,37,M,3,Licence,Marié(e),$40K - $60K,Blue,36,3,3,0,36,0.0
718037433,Client actuel,58,M,1,Licence,Marié(e),$80K - $120K,Blue,49,4,2,1253,60,0.758
709839858,Client actuel,58,F,2,Licence,Marié(e),Moins de $40K,Blue,39,4,3,1077,31,0.234
719686458,Client actuel,37,M,3,Licence,Marié(e),$40K - $60K,Blue,36,4,1,1629,30,0.417
721434483,Client actuel,54,M,3,Licence,Marié(e),$80K - $120K,Blue,46,3,2,1256,55,0.449
716096358,Client actuel,45,F,3,Sans diplôme,Célibataire,Moins de $40K,Blue,39,4,1,2253,63,0.883
718244958,Client actuel,36,F,2,Licence,Marié(e),Non connu,Blue,26,2,2,1251,37,0.145
711315783,Client actuel,53,M,3,Licence,Marié(e),$40K - $60K,Blue,43,4,2,683,49,0.092
821296083,Client actuel,34,F,1,Niveau Bac+2,Marié(e),Moins de $40K,Blue,30,3,3,1010,47,0.386
711562833,Client perdu,35,M,4,Licence,Marié(e),$80K - $120K,Blue,24,6,5,0,18,0.0
716447733,Client actuel,32,M,3,Licence,Marié(e),$40K - $60K,Blue,18,3,3,963,43,0.15
719591283,Client actuel,38,M,2,Sans diplôme,Marié(e),Moins de $40K,Blue,27,2,4,0,58,0.0
789911808,Client actuel,37,M,3,Sans diplôme,Célibataire,$80K - $120K,Blue,28,2,2,1259,52,0.471
713195808,Client actuel,37,F,3,Lycée (équivalent baccalauréat),Marié(e),Non connu,Blue,36,3,4,1281,51,0.107
717866133,Client actuel,47,F,2,Licence,Célibataire,Moins de $40K,Blue,36,3,3,1390,63,0.519
716670783,Client actuel,52,F,3,Doctorat,Célibataire,Non connu,Blue,36,2,1,1085,63,0.044
789197508,Client actuel,54,M,3,Lycée (équivalent baccalauréat),Marié(e),$60K - $80K,Blue,43,3,4,1580,36,0.705
713108433,Client actuel,53,M,3,Niveau Bac+2,Marié(e),$80K - $120K,Blue,40,4,4,1720,37,0.284
711403383,Client actuel,33,F,3,Niveau Bac+2,Célibataire,Moins de $40K,Blue,23,4,1,1968,70,0.768
768212583,Client actuel,49,M,2,Licence,Marié(e),$60K - $80K,Blue,43,4,4,1516,49,0.099
720181758,Client perdu,37,M,0,Doctorat,Marié(e),$120K +,Blue,22,5,5,0,18,0.0
710632683,Client actuel,31,M,1,Sans diplôme,Marié(e),$40K - $60K,Blue,24,2,3,0,49,0.0
711836733,Client actuel,43,M,3,Licence,Célibataire,$120K +,Blue,31,3,3,0,45,0.0
771183933,Client actuel,39,M,1,Sans diplôme,Célibataire,$80K - $120K,Blue,26,2,3,1220,49,0.076
711327558,Client actuel,38,M,2,Lycée (équivalent baccalauréat),Marié(e),$40K - $60K,Blue,36,3,1,1980,45,0.707
788971308,Client actuel,62,F,1,Sans diplôme,Marié(e),Moins de $40K,Blue,49,4,2,1158,41,0.436
718950483,Client actuel,58,F,1,Non connu,Marié(e),$40K - $60K,Blue,48,3,2,1910,38,0.154
714278958,Client actuel,39,F,2,Lycée (équivalent baccalauréat),Marié(e),Non connu,Blue,27,1,3,1988,46,0.213
711817158,Client actuel,30,M,2,Niveau Bac+2,Divorcé(e),$40K - $60K,Blue,22,3,4,1075,57,0.342
765824058,Client actuel,46,M,4,Doctorat,Marié(e),$80K - $120K,Blue,39,3,1,1539,74,0.301
710109633,Client actuel,39,M,2,Niveau Bac+2,Marié(e),$60K - $80K,Blue,31,3,2,1061,34,0.107
713643858,Client actuel,53,F,1,Niveau Bac+2,Marié(e),$40K - $60K,Blue,43,4,2,1411,47,0.925
716399583,Client actuel,34,M,1,Sans diplôme,Marié(e),$120K +,Blue,36,2,1,1251,39,0.064
714516783,Client actuel,54,F,0,Licence,Divorcé(e),Moins de $40K,Silver,36,3,1,1378,56,0.11
710490708,Client actuel,54,M,3,Lycée (équivalent baccalauréat),Célibataire,$80K - $120K,Blue,36,1,3,0,46,0.0
780662133,Client actuel,39,M,2,Sans diplôme,Marié(e),$60K - $80K,Blue,28,3,5,2517,35,0.773
715389708,Client actuel,36,F,3,Licence,Marié(e),Moins de $40K,Blue,28,3,2,2517,32,0.522
789607983,Client actuel,38,M,3,Lycée (équivalent baccalauréat),Marié(e),$40K - $60K,Blue,32,6,2,1046,40,0.122
720171033,Client actuel,45,M,4,Non connu,Marié(e),$60K - $80K,Blue,36,1,1,1577,70,0.137
815104608,Client actuel,28,F,0,Licence,Divorcé(e),Moins de $40K,Blue,23,1,3,584,87,0.153
719660658,Client actuel,37,F,1,Lycée (équivalent baccalauréat),Célibataire,Non connu,Blue,36,2,2,1931,47,0.116
714159858,Client actuel,57,M,0,Licence,Marié(e),$40K - $60K,Blue,48,2,2,2047,36,0.38
714225333,Client actuel,48,F,4,Licence,Marié(e),Moins de $40K,Blue,36,1,1,773,21,0.264
712204308,Client actuel,33,M,0,Non connu,Célibataire,$40K - $60K,Blue,36,1,1,504,65,0.05
718468158,Client actuel,38,M,1,Sans diplôme,Marié(e),$60K - $80K,Blue,25,2,3,1599,37,0.172
711575058,Client actuel,36,M,3,Non connu,Marié(e),$60K - $80K,Blue,36,2,2,2411,31,0.816
735417408,Client actuel,37,M,2,Lycée (équivalent baccalauréat),Marié(e),$60K - $80K,Blue,30,1,2,1266,58,0.571
717171408,Client actuel,36,M,1,Non connu,Célibataire,$80K - $120K,Blue,26,2,1,0,41,0.0
814312308,Client actuel,54,F,3,Sans diplôme,Marié(e),$40K - $60K,Blue,49,3,2,1373,29,0.257
711786108,Client actuel,52,M,1,Licence,Marié(e),$60K - $80K,Blue,43,3,2,2014,26,0.28
712905708,Client actuel,53,F,1,Licence,Marié(e),Moins de $40K,Blue,39,2,4,1564,40,0.604
720050208,Client actuel,27,F,1,Lycée (équivalent baccalauréat),Célibataire,Moins de $40K,Blue,19,1,3,1748,57,0.411
793952133,Client actuel,32,F,0,Lycée (équivalent baccalauréat),Marié(e),Moins de $40K,Blue,26,2,3,2312,33,0.832
798140283,Client actuel,57,M,4,Licence,Marié(e),$120K +,Blue,51,3,1,1970,29,0.184
720427683,Client perdu,58,M,2,Sans diplôme,Célibataire,$120K +,Blue,46,5,5,0,48,0.0
789970233,Client actuel,54,F,2,Lycée (équivalent baccalauréat),Marié(e),Moins de $40K,Blue,45,1,1,1126,30,0.448
713893308,Client actuel,45,M,3,Licence,Divorcé(e),$60K - $80K,Blue,37,1,1,1607,38,0.488
718843608,Client actuel,36,F,2,Master,Divorcé(e),Moins de $40K,Blue,25,2,4,1091,80,0.122
752085108,Client actuel,39,F,2,Licence,Marié(e),$40K - $60K,Blue,29,5,2,1157,38,0.234
789435783,Client actuel,39,F,1,Licence,Marié(e),$40K - $60K,Blue,30,1,2,1274,26,0.438
711032058,Client actuel,34,M,3,Lycée (équivalent baccalauréat),Célibataire,$80K - $120K,Silver,21,4,3,2517,75,0.073
784719708,Client actuel,54,F,2,Sans diplôme,Marié(e),$40K - $60K,Blue,43,1,1,0,41,0.0
804663258,Client actuel,54,M,2,Lycée (équivalent baccalauréat),Célibataire,$80K - $120K,Blue,49,1,4,2065,49,0.147
716900433,Client actuel,36,M,2,Licence,Marié(e),$60K - $80K,Blue,28,2,2,1402,61,0.552
720909408,Client actuel,37,M,2,Lycée (équivalent baccalauréat),Divorcé(e),$120K +,Blue,24,2,2,1665,61,0.476
712187808,Client actuel,27,M,0,Sans diplôme,Marié(e),$40K - $60K,Blue,15,3,4,0,35,0.0
718428033,Client actuel,55,F,4,Licence,Célibataire,Moins de $40K,Blue,41,2,1,1543,70,0.348
714892533,Client actuel,26,M,0,Non connu,Célibataire,Non connu,Blue,16,3,2,0,33,0.0
714985458,Client actuel,56,M,1,Licence,Marié(e),$60K - $80K,Blue,36,2,3,1974,44,0.131
716647983,Client actuel,58,F,2,Licence,Marié(e),Moins de $40K,Blue,53,3,1,962,34,0.125
712340733,Client actuel,42,F,2,Licence,Non connu,Non connu,Blue,34,2,2,1142,48,0.059
719293533,Client actuel,30,M,1,Niveau Bac+2,Célibataire,Non connu,Blue,13,3,3,2517,70,0.117
715257708,Client actuel,38,M,1,Lycée (équivalent baccalauréat),Marié(e),$60K - $80K,Blue,32,2,1,1687,55,0.461
708331758,Client actuel,47,F,2,Sans diplôme,Divorcé(e),Non connu,Silver,35,1,4,1843,60,0.057
709501683,Client actuel,33,F,1,Licence,Célibataire,$40K - $60K,Blue,24,1,2,1665,60,0.286
711692508,Client perdu,54,F,2,Master,Marié(e),$60K - $80K,Blue,47,5,3,0,22,0.0
715612983,Client actuel,65,F,1,Licence,Célibataire,Non connu,Blue,55,2,4,1660,49,0.257
709674333,Client actuel,33,M,2,Lycée (équivalent baccalauréat),Célibataire,$60K - $80K,Blue,23,2,1,0,70,0.0
805522758,Client actuel,44,F,1,Doctorat,Divorcé(e),Moins de $40K,Blue,39,2,4,1830,33,0.792
781013958,Client actuel,57,F,3,Non connu,Marié(e),$40K - $60K,Blue,48,2,2,1244,37,0.347
717495258,Client actuel,34,M,3,Sans diplôme,Marié(e),$80K - $120K,Blue,25,3,2,916,36,0.1
795052083,Client actuel,63,F,0,Sans diplôme,Célibataire,$40K - $60K,Blue,56,6,4,0,71,0.0
773389908,Client actuel,37,F,3,Lycée (équivalent baccalauréat),Célibataire,Moins de $40K,Blue,31,1,3,0,66,0.0
719320833,Client actuel,39,M,2,Master,Marié(e),$60K - $80K,Blue,36,3,2,2056,46,0.376
816843933,Client actuel,39,M,2,Lycée (équivalent baccalauréat),Marié(e),$80K - $120K,Blue,34,3,3,1541,32,0.175
789196158,Client actuel,55,M,1,Licence,Marié(e),$60K - $80K,Blue,44,2,4,1520,26,0.699
717930483,Client perdu,37,M,2,Licence,Marié(e),$120K +,Blue,25,5,0,0,31,0.0
773442258,Client actuel,57,M,1,Doctorat,Célibataire,$80K - $120K,Blue,51,2,2,1616,28,0.189
719872833,Client actuel,45,F,2,Licence,Divorcé(e),Moins de $40K,Blue,36,6,3,0,71,0.0
721491258,Client actuel,53,M,4,Licence,Marié(e),$80K - $120K,Blue,36,2,2,2517,30,0.641
770575233,Client actuel,37,M,2,Licence,Célibataire,$60K - $80K,Blue,23,1,2,1149,61,0.203
715800708,Client actuel,60,F,0,Sans diplôme,Marié(e),Moins de $40K,Blue,49,1,2,2000,43,0.506
719996958,Client actuel,29,F,0,Sans diplôme,Célibataire,Moins de $40K,Blue,23,3,4,0,56,0.0
719889408,Client actuel,56,F,4,Sans diplôme,Marié(e),Moins de $40K,Blue,36,1,5,1351,39,0.37
708811233,Client actuel,37,M,2,Licence,Célibataire,$80K - $120K,Blue,27,2,1,2008,40,0.158
794627208,Client actuel,43,M,1,Lycée (équivalent baccalauréat),Marié(e),$60K - $80K,Blue,23,3,2,1550,52,0.216
719020983,Client actuel,58,M,1,Licence,Marié(e),$80K - $120K,Blue,42,3,1,2517,49,0.203
719131533,Client actuel,29,F,0,Master,Divorcé(e),Moins de $40K,Blue,17,2,4,2008,73,0.777
710449983,Client actuel,38,M,2,Lycée (équivalent baccalauréat),Marié(e),$120K +,Blue,29,1,2,1656,45,0.588
715651833,Client perdu,65,M,1,Non connu,Célibataire,Moins de $40K,Blue,36,6,5,0,35,0.0
720714933,Client actuel,62,F,1,Licence,Marié(e),Moins de $40K,Blue,49,2,2,2517,25,0.801
789170283,Client actuel,53,M,1,Licence,Non connu,$80K - $120K,Blue,42,5,4,978,63,0.15
810201783,Client actuel,26,F,0,Licence,Célibataire,$40K - $60K,Blue,17,3,3,1328,62,0.426
715517733,Client perdu,46,F,3,Lycée (équivalent baccalauréat),Marié(e),$60K - $80K,Silver,39,0,5,1962,25,0.15
709042908,Client actuel,51,F,1,Niveau Bac+2,Marié(e),$40K - $60K,Blue,44,2,1,0,68,0.0
715023333,Client actuel,39,M,2,Sans diplôme,Marié(e),Moins de $40K,Blue,34,2,4,1118,64,0.302
720801033,Client actuel,51,F,1,Lycée (équivalent baccalauréat),Marié(e),Non connu,Blue,36,2,3,2517,27,0.277
714345783,Client actuel,59,M,2,Lycée (équivalent baccalauréat),Marié(e),$40K - $60K,Blue,50,3,2,1572,36,0.582
779209083,Client actuel,56,M,3,Non connu,Marié(e),$40K - $60K,Blue,45,2,4,1387,32,0.765
713972658,Client actuel,56,F,2,Licence,Marié(e),Non connu,Blue,36,3,2,996,43,0.187
710782458,Client actuel,31,M,1,Licence,Marié(e),$40K - $60K,Blue,20,2,5,1695,36,0.687
711142308,Client actuel,37,M,0,Lycée (équivalent baccalauréat),Divorcé(e),$40K - $60K,Blue,36,1,5,0,65,0.0
824789283,Client actuel,36,M,2,Lycée (équivalent baccalauréat),Célibataire,$40K - $60K,Blue,32,5,2,1533,73,0.571
715187733,Client actuel,26,F,1,Non connu,Célibataire,Non connu,Blue,15,4,3,0,46,0.0
721014858,Client actuel,61,F,0,Licence,Marié(e),Moins de $40K,Blue,53,1,2,2022,28,0.687
710363433,Client actuel,26,M,0,Lycée (équivalent baccalauréat),Célibataire,Moins de $40K,Blue,36,3,3,1348,58,0.493
715479483,Client actuel,35,M,2,Niveau Bac+2,Célibataire,$80K - $120K,Blue,36,2,4,1496,57,0.098
708243483,Client actuel,53,M,3,Niveau Bac+2,Marié(e),$120K +,Blue,43,2,5,1155,51,0.077
714770808,Client actuel,59,M,2,Lycée (équivalent baccalauréat),Marié(e),Moins de $40K,Blue,42,3,5,670,54,0.155
720626058,Client actuel,37,M,1,Licence,Célibataire,$80K - $120K,Blue,24,4,4,934,52,0.027
709185108,Client actuel,38,M,3,Lycée (équivalent baccalauréat),Marié(e),$60K - $80K,Blue,26,4,2,1542,44,0.265
719596908,Client actuel,56,F,5,Doctorat,Marié(e),Non connu,Blue,48,2,2,2118,30,0.188
719273733,Client actuel,37,M,2,Sans diplôme,Marié(e),$60K - $80K,Blue,36,3,5,998,29,0.125
717348258,Client actuel,33,M,1,Licence,Marié(e),$120K +,Blue,21,1,3,1899,48,0.426
770882508,Client actuel,38,M,2,Niveau Bac+2,Célibataire,$80K - $120K,Blue,24,1,5,773,54,0.045
799026633,Client actuel,56,M,1,Sans diplôme,Marié(e),$120K +,Blue,50,3,5,1518,55,0.093
718777008,Client actuel,59,M,0,Lycée (équivalent baccalauréat),Célibataire,$80K - $120K,Blue,47,1,2,1306,32,0.398
713352183,Client actuel,30,M,1,Master,Marié(e),Moins de $40K,Blue,17,1,2,1227,33,0.171
716128083,Client actuel,56,M,2,Lycée (équivalent baccalauréat),Marié(e),$40K - $60K,Blue,36,2,3,2002,34,0.608
721288158,Client actuel,33,M,2,Non connu,Célibataire,$120K +,Blue,15,2,2,2300,71,0.092
757881258,Client actuel,31,M,0,Licence,Divorcé(e),$60K - $80K,Blue,24,2,2,2092,69,0.494
715843533,Client actuel,26,M,1,Niveau Bac+2,Célibataire,$40K - $60K,Blue,36,4,3,1256,29,0.465
717234183,Client actuel,29,M,1,Licence,Marié(e),Moins de $40K,Blue,18,1,4,629,37,0.232
717260058,Client actuel,53,F,2,Sans diplôme,Marié(e),Moins de $40K,Blue,42,1,5,1284,27,0.553
709710783,Client actuel,35,F,0,Lycée (équivalent baccalauréat),Célibataire,Moins de $40K,Blue,36,3,4,0,71,0.0
787284858,Client actuel,35,M,2,Sans diplôme,Non connu,$120K +,Blue,29,1,2,1731,27,0.525
815845758,Client actuel,56,F,4,Lycée (équivalent baccalauréat),Marié(e),Moins de $40K,Blue,51,2,3,0,24,0.0
720639783,Client actuel,35,F,1,Sans diplôme,Célibataire,Non connu,Silver,27,3,2,0,62,0.0
713331408,Client actuel,35,M,3,Sans diplôme,Marié(e),$40K - $60K,Blue,36,2,5,1647,36,0.19
778693458,Client perdu,32,M,1,Lycée (équivalent baccalauréat),Divorcé(e),$60K - $80K,Blue,13,5,3,0,29,0.0
788610258,Client actuel,49,M,4,Niveau Bac+2,Non connu,Moins de $40K,Blue,43,2,4,2517,73,0.261
711173883,Client actuel,36,M,4,Licence,Divorcé(e),$120K +,Blue,29,2,2,770,54,0.466
717628608,Client actuel,37,M,3,Non connu,Marié(e),$60K - $80K,Blue,29,1,5,1640,34,0.637
789261558,Client actuel,58,M,1,Lycée (équivalent baccalauréat),Marié(e),$60K - $80K,Blue,47,1,4,1392,34,0.629
770647233,Client actuel,35,F,2,Lycée (équivalent baccalauréat),Marié(e),Moins de $40K,Blue,21,6,3,1188,59,0.551
712826208,Client actuel,39,F,2,Licence,Marié(e),$40K - $60K,Blue,26,1,2,1424,33,0.553
718181433,Client actuel,65,F,0,Sans diplôme,Célibataire,Moins de $40K,Blue,56,1,2,1453,88,0.167
714460683,Client actuel,65,M,0,Lycée (équivalent baccalauréat),Marié(e),Moins de $40K,Blue,56,3,5,1736,29,0.452
716460933,Client actuel,51,M,2,Non connu,Marié(e),$120K +,Blue,42,1,4,1427,44,0.138
710787708,Client actuel,56,F,1,Sans diplôme,Marié(e),$40K - $60K,Blue,40,2,5,1271,38,0.237
713800158,Client actuel,58,M,0,Lycée (équivalent baccalauréat),Célibataire,$80K - $120K,Blue,36,3,2,2351,32,0.785
712551258,Client perdu,39,M,1,Sans diplôme,Marié(e),$60K - $80K,Blue,36,6,3,0,17,0.0
715379133,Client actuel,51,F,1,Niveau Bac+2,Célibataire,Moins de $40K,Blue,36,4,2,1145,42,0.659
712091433,Client actuel,58,M,4,Sans diplôme,Célibataire,$40K - $60K,Silver,50,2,3,902,61,0.049
771756333,Client actuel,34,F,3,Licence,Marié(e),Moins de $40K,Blue,23,3,3,1794,37,0.793
779895108,Client actuel,39,M,3,Non connu,Célibataire,$80K - $120K,Blue,23,1,4,2156,36,0.793
771976683,Client actuel,54,F,1,Niveau Bac+2,Marié(e),Non connu,Blue,43,3,2,2130,44,0.365
716800908,Client actuel,26,F,2,Lycée (équivalent baccalauréat),Célibataire,Non connu,Blue,13,0,3,0,49,0.0
789413958,Client actuel,53,M,1,Licence,Célibataire,$80K - $120K,Blue,43,2,3,1018,53,0.085
711574008,Client actuel,32,M,3,Niveau Bac+2,Célibataire,$80K - $120K,Blue,21,3,5,0,59,0.0
714138408,Client actuel,49,M,3,Lycée (équivalent baccalauréat),Marié(e),$60K - $80K,Blue,39,1,4,629,79,0.068
709334658,Client actuel,39,F,2,Sans diplôme,Marié(e),Moins de $40K,Blue,26,2,5,2517,51,0.459
709564683,Client perdu,32,M,2,Licence,Marié(e),$40K - $60K,Blue,22,6,6,0,21,0.0
772292358,Client perdu,30,M,1,Niveau Bac+2,Divorcé(e),$60K - $80K,Blue,19,6,3,0,30,0.0
712933083,Client actuel,37,M,1,Sans diplôme,Célibataire,$80K - $120K,Blue,36,1,2,2378,49,0.76
710497608,Client actuel,38,M,2,Sans diplôme,Célibataire,$40K - $60K,Blue,36,1,2,1670,51,0.215
721443408,Client actuel,46,M,2,Sans diplôme,Célibataire,$120K +,Blue,33,2,3,676,58,0.02
709149408,Client actuel,36,M,2,Sans diplôme,Marié(e),$60K - $80K,Blue,36,3,4,1322,41,0.236
708446808,Client actuel,33,M,1,Master,Marié(e),$80K - $120K,Blue,36,3,2,1359,48,0.461
824192658,Client actuel,58,F,3,Master,Célibataire,Moins de $40K,Blue,54,2,3,0,79,0.0
711625683,Client actuel,46,M,4,Doctorat,Marié(e),$120K +,Blue,36,2,5,862,74,0.278
717487983,Client actuel,39,M,5,Non connu,Marié(e),$80K - $120K,Blue,36,3,3,2120,55,0.109
717301908,Client actuel,54,F,2,Doctorat,Marié(e),Moins de $40K,Blue,46,3,3,1624,55,0.49
718435158,Client actuel,50,M,3,Lycée (équivalent baccalauréat),Marié(e),$120K +,Blue,40,1,4,0,36,0.0
714797733,Client actuel,41,M,3,Niveau Bac+2,Célibataire,$60K - $80K,Blue,33,1,4,0,56,0.0
719213133,Client actuel,53,M,1,Licence,Non connu,$60K - $80K,Blue,41,1,2,1554,60,0.639
798962058,Client actuel,36,F,5,Licence,Marié(e),Moins de $40K,Blue,30,3,3,2399,48,0.773
718970058,Client actuel,38,M,3,Non connu,Marié(e),$120K +,Blue,33,3,4,1168,43,0.038
713021208,Client perdu,55,F,2,Niveau Bac+2,Célibataire,Non connu,Silver,36,6,3,0,40,0.0
810856833,Client actuel,45,M,4,Niveau Bac+2,Non connu,$120K +,Blue,40,2,2,1025,52,0.086
787868958,Client actuel,36,M,2,Lycée (équivalent baccalauréat),Célibataire,$80K - $120K,Blue,27,3,3,979,68,0.067
708161133,Client actuel,45,M,1,Licence,Célibataire,$40K - $60K,Blue,32,1,2,1389,69,0.21
708174708,Client actuel,38,M,4,Licence,Marié(e),$40K - $60K,Blue,27,2,4,1276,38,0.231
708735183,Client actuel,35,F,2,Lycée (équivalent baccalauréat),Marié(e),Moins de $40K,Blue,22,3,3,1848,49,0.726
708445608,Client actuel,48,M,3,Niveau Bac+2,Marié(e),Moins de $40K,Blue,37,3,3,2517,57,0.762
778943883,Client actuel,51,M,2,Sans diplôme,Célibataire,$120K +,Blue,36,2,4,888,42,0.026
788810658,Client actuel,37,F,1,Niveau Bac+2,Célibataire,Non connu,Blue,20,2,5,0,70,0.0
789050883,Client actuel,33,F,2,Doctorat,Célibataire,Non connu,Blue,21,3,4,0,62,0.0
714531108,Client actuel,31,M,1,Niveau Bac+2,Célibataire,$80K - $120K,Blue,36,3,3,1775,52,0.417
711635358,Client actuel,40,F,4,Niveau Bac+2,Célibataire,Moins de $40K,Blue,26,1,2,2517,56,0.345
803648508,Client actuel,43,M,4,Lycée (équivalent baccalauréat),Non connu,$80K - $120K,Blue,37,2,3,758,42,0.055
813200058,Client actuel,63,M,0,Licence,Marié(e),$40K - $60K,Blue,56,2,5,1786,27,0.275
805261983,Client actuel,35,F,4,Non connu,Marié(e),Moins de $40K,Blue,30,3,4,979,61,0.602
715206408,Client actuel,31,F,1,Lycée (équivalent baccalauréat),Célibataire,Moins de $40K,Blue,22,1,5,0,83,0.0
788684508,Client actuel,36,M,4,Sans diplôme,Marié(e),$80K - $120K,Blue,25,3,3,1732,41,0.296
737933883,Client actuel,34,M,1,Lycée (équivalent baccalauréat),Marié(e),$60K - $80K,Blue,27,1,2,2149,49,0.267
768655158,Client actuel,29,M,0,Non connu,Marié(e),$60K - $80K,Blue,23,3,2,1092,39,0.175
774437583,Client actuel,55,M,1,Doctorat,Marié(e),$60K - $80K,Blue,49,2,4,2442,38,0.531
713104458,Client perdu,46,M,2,Licence,Célibataire,$40K - $60K,Blue,31,6,6,0,25,0.0
715462008,Client actuel,45,M,2,Niveau Bac+2,Marié(e),$60K - $80K,Blue,35,3,2,2096,49,0.117
715366083,Client perdu,52,F,0,Doctorat,Célibataire,$60K - $80K,Blue,36,2,3,978,33,0.68
712322058,Client actuel,40,F,3,Lycée (équivalent baccalauréat),Marié(e),Moins de $40K,Blue,32,1,3,1694,49,0.828
719737833,Client actuel,46,F,4,Sans diplôme,Marié(e),Moins de $40K,Blue,36,2,2,0,40,0.0
789530208,Client actuel,54,F,2,Licence,Marié(e),Moins de $40K,Blue,46,2,2,2517,37,0.92
717885183,Client actuel,36,M,1,Licence,Célibataire,Moins de $40K,Blue,25,1,2,2489,79,0.949
716244033,Client perdu,44,M,3,Licence,Marié(e),$40K - $60K,Blue,33,6,3,906,27,0.125
711614658,Client actuel,37,F,2,Sans diplôme,Célibataire,Moins de $40K,Blue,30,3,3,1338,55,0.593
804598908,Client actuel,35,M,3,Licence,Célibataire,$80K - $120K,Blue,25,2,3,2055,49,0.316
719161683,Client actuel,64,F,0,Non connu,Marié(e),Non connu,Blue,55,1,4,1580,44,0.63
719327808,Client actuel,52,F,2,Sans diplôme,Marié(e),Non connu,Blue,36,1,2,2517,34,0.628
714038433,Client actuel,37,F,5,Lycée (équivalent baccalauréat),Célibataire,$40K - $60K,Blue,19,1,2,1987,72,0.611
710129283,Client actuel,45,F,4,Sans diplôme,Marié(e),Non connu,Blue,26,3,1,0,71,0.0
709367433,Client actuel,28,M,1,Non connu,Célibataire,$40K - $60K,Blue,15,3,1,1542,56,0.731
719729433,Client actuel,65,F,1,Licence,Marié(e),Moins de $40K,Blue,56,2,0,1726,51,0.246
717192933,Client actuel,55,M,0,Licence,Marié(e),$120K +,Blue,42,2,1,2517,34,0.303
711734508,Client actuel,55,M,2,Licence,Célibataire,$80K - $120K,Blue,47,3,3,1209,28,0.121
715153158,Client actuel,41,M,4,Sans diplôme,Célibataire,$40K - $60K,Blue,36,3,4,1884,79,0.518
712149033,Client actuel,57,F,2,Lycée (équivalent baccalauréat),Marié(e),Moins de $40K,Blue,46,1,1,1856,55,0.358
713901108,Client actuel,37,M,2,Lycée (équivalent baccalauréat),Célibataire,$60K - $80K,Blue,29,1,4,0,80,0.0
719415858,Client actuel,29,M,0,Niveau Bac+2,Divorcé(e),Non connu,Blue,15,3,2,1720,71,0.554
719385558,Client actuel,62,F,0,Niveau Bac+2,Marié(e),$40K - $60K,Blue,49,1,2,0,32,0.0
779528658,Client actuel,42,M,4,Niveau Bac+2,Non connu,$60K - $80K,Blue,25,3,3,1115,41,0.361
721508283,Client actuel,47,F,1,Licence,Marié(e),Moins de $40K,Blue,36,2,1,0,62,0.0
757753083,Client actuel,44,F,0,Licence,Marié(e),Moins de $40K,Silver,36,3,2,1229,74,0.122
797753283,Client actuel,34,F,1,Lycée (équivalent baccalauréat),Marié(e),Moins de $40K,Blue,28,3,4,2036,33,0.752
807523008,Client actuel,37,M,1,Licence,Célibataire,Non connu,Blue,32,1,3,2007,47,0.456
711416958,Client actuel,33,F,2,Licence,Célibataire,Non connu,Blue,21,3,2,0,65,0.0
780865308,Client actuel,40,M,4,Sans diplôme,Marié(e),$80K - $120K,Blue,23,3,2,1657,86,0.17
708423933,Client actuel,51,M,2,Doctorat,Célibataire,$40K - $60K,Blue,40,2,0,0,64,0.0
714321408,Client actuel,65,M,1,Lycée (équivalent baccalauréat),Marié(e),$40K - $60K,Blue,56,2,2,1326,32,0.59
771852483,Client actuel,46,M,3,Licence,Célibataire,$80K - $120K,Blue,35,3,4,0,77,0.0
708185208,Client actuel,27,M,0,Licence,Célibataire,$40K - $60K,Blue,16,1,2,1118,31,0.352
714920208,Client actuel,37,F,1,Lycée (équivalent baccalauréat),Non connu,Moins de $40K,Blue,30,5,0,1810,68,0.603
789952158,Client actuel,34,F,1,Doctorat,Marié(e),Non connu,Blue,25,3,3,2069,57,0.893
713237958,Client actuel,34,M,0,Licence,Marié(e),$40K - $60K,Blue,17,1,4,2092,43,0.793
715956258,Client actuel,35,F,1,Sans diplôme,Marié(e),Moins de $40K,Blue,36,2,4,0,60,0.0
769196433,Client actuel,55,F,2,Master,Marié(e),Moins de $40K,Blue,49,1,1,2276,62,0.943
778942233,Client actuel,60,F,0,Doctorat,Marié(e),Moins de $40K,Blue,45,2,4,648,27,0.451
708651933,Client actuel,56,M,2,Licence,Marié(e),$60K - $80K,Blue,44,1,2,1928,57,0.944
720467583,Client actuel,52,M,2,Lycée (équivalent baccalauréat),Célibataire,$80K - $120K,Blue,46,3,2,2517,67,0.073
716549058,Client actuel,45,F,4,Sans diplôme,Marié(e),$40K - $60K,Blue,36,1,3,2290,41,0.736
713533983,Client actuel,56,M,1,Licence,Marié(e),$120K +,Blue,48,3,4,1207,33,0.467
787463508,Client perdu,26,M,0,Licence,Célibataire,$60K - $80K,Blue,13,2,5,2410,20,0.976
710256708,Client actuel,30,M,1,Non connu,Célibataire,Moins de $40K,Blue,19,2,0,1712,68,0.196
708980283,Client actuel,34,M,3,Lycée (équivalent baccalauréat),Marié(e),$80K - $120K,Blue,23,1,4,2517,55,0.601
719484408,Client actuel,39,M,3,Sans diplôme,Marié(e),$60K - $80K,Blue,36,2,4,1459,57,0.307
710023233,Client actuel,36,M,3,Licence,Célibataire,$120K +,Blue,36,2,4,1300,65,0.053
789101883,Client actuel,32,M,3,Non connu,Célibataire,$120K +,Blue,20,2,2,1673,66,0.117
778381608,Client perdu,48,M,4,Doctorat,Marié(e),$80K - $120K,Blue,28,6,5,417,46,0.063
787492908,Client actuel,50,F,2,Sans diplôme,Marié(e),Non connu,Blue,34,3,2,905,73,0.039
709932558,Client actuel,39,F,2,Sans diplôme,Marié(e),Moins de $40K,Blue,26,3,2,2517,34,0.725
780219483,Client actuel,61,F,0,Licence,Marié(e),Moins de $40K,Blue,51,2,1,1041,28,0.463
708590658,Client actuel,65,F,1,Non connu,Marié(e),Non connu,Blue,53,3,2,2312,40,0.145
715143333,Client actuel,45,F,1,Lycée (équivalent baccalauréat),Divorcé(e),Moins de $40K,Blue,36,2,2,1578,81,0.167
801048483,Client actuel,34,M,3,Sans diplôme,Divorcé(e),$120K +,Blue,28,3,3,1814,49,0.198
711913833,Client actuel,37,M,3,Licence,Marié(e),$40K - $60K,Blue,36,2,4,1437,31,0.163
715413483,Client actuel,44,F,3,Licence,Célibataire,Moins de $40K,Blue,36,1,3,1028,77,0.253
715750758,Client actuel,56,M,1,Sans diplôme,Marié(e),$80K - $120K,Blue,36,1,1,1535,35,0.17
714062958,Client actuel,36,M,4,Non connu,Célibataire,$40K - $60K,Blue,36,1,2,994,64,0.101
710458758,Client actuel,65,F,0,Licence,Marié(e),Moins de $40K,Blue,53,3,5,2491,30,0.599
719494983,Client actuel,26,M,0,Licence,Célibataire,Moins de $40K,Blue,15,3,3,2069,44,0.755
710586483,Client perdu,26,F,0,Lycée (équivalent baccalauréat),Célibataire,Non connu,Blue,13,2,5,0,23,0.0
772637058,Client actuel,34,M,3,Sans diplôme,Marié(e),$60K - $80K,Blue,24,1,4,1740,51,0.213
718229133,Client actuel,51,M,2,Niveau Bac+2,Marié(e),$120K +,Blue,41,2,4,0,57,0.0
718423533,Client actuel,57,M,3,Niveau Bac+2,Non connu,$60K - $80K,Blue,50,3,4,1181,74,0.07
781089708,Client actuel,30,M,0,Licence,Divorcé(e),$80K - $120K,Blue,23,1,2,1285,46,0.048
773082033,Client actuel,35,M,1,Master,Célibataire,$80K - $120K,Blue,27,3,4,1363,38,0.053
815288583,Client actuel,32,M,0,Licence,Marié(e),$40K - $60K,Blue,27,3,2,1591,36,0.33
720431433,Client actuel,62,M,1,Licence,Marié(e),Non connu,Blue,36,2,2,2308,35,0.722
709164408,Client perdu,32,M,1,Sans diplôme,Marié(e),$60K - $80K,Blue,23,6,3,1696,20,0.765
710567508,Client actuel,53,M,3,Lycée (équivalent baccalauréat),Célibataire,$80K - $120K,Blue,44,2,3,2202,33,0.094
719427333,Client actuel,55,M,3,Niveau Bac+2,Marié(e),$60K - $80K,Blue,36,4,4,1737,27,0.771
714765408,Client actuel,26,F,1,Non connu,Célibataire,Moins de $40K,Blue,36,3,3,1990,57,0.778
709785783,Client perdu,35,F,0,Licence,Célibataire,$60K - $80K,Blue,25,5,5,0,34,0.0
809290308,Client actuel,31,F,0,Licence,Marié(e),Moins de $40K,Blue,26,1,1,1173,45,0.331
779598183,Client actuel,53,M,3,Non connu,Célibataire,$60K - $80K,Blue,42,1,2,1700,54,0.074
779783508,Client actuel,45,M,2,Licence,Marié(e),$40K - $60K,Blue,34,1,3,901,56,0.069
719568333,Client actuel,39,M,3,Non connu,Célibataire,$80K - $120K,Silver,36,3,2,1900,36,0.055
719207733,Client actuel,61,F,0,Lycée (équivalent baccalauréat),Marié(e),Moins de $40K,Blue,53,2,0,802,36,0.236
715533108,Client actuel,31,F,0,Sans diplôme,Célibataire,Moins de $40K,Blue,20,3,4,955,62,0.203
714816258,Client actuel,37,M,2,Licence,Célibataire,$60K - $80K,Blue,36,2,2,947,58,0.124
787573683,Client actuel,41,M,3,Master,Marié(e),$60K - $80K,Blue,34,2,2,1319,74,0.503
804310758,Client actuel,58,M,3,Licence,Marié(e),$120K +,Blue,52,2,5,1578,48,0.088
792912708,Client actuel,45,M,5,Licence,Marié(e),$40K - $60K,Silver,39,1,5,2098,64,0.138
719078283,Client actuel,57,F,4,Lycée (équivalent baccalauréat),Marié(e),Moins de $40K,Blue,47,3,4,2517,35,0.789
708620283,Client actuel,35,M,1,Non connu,Célibataire,$60K - $80K,Blue,25,3,2,2001,59,0.331
770985633,Client actuel,39,M,2,Non connu,Marié(e),$40K - $60K,Blue,26,1,2,2027,42,0.368
780094008,Client actuel,55,M,3,Doctorat,Marié(e),$120K +,Blue,40,3,1,1119,40,0.087
716420358,Client actuel,41,F,2,Lycée (équivalent baccalauréat),Marié(e),$40K - $60K,Blue,36,2,4,1490,78,0.573
825756333,Client actuel,55,F,0,Sans diplôme,Marié(e),Moins de $40K,Blue,51,3,1,1885,48,0.924
755273658,Client actuel,52,F,2,Licence,Marié(e),Moins de $40K,Blue,45,3,3,1683,54,0.661
709096908,Client actuel,57,M,2,Licence,Marié(e),$120K +,Blue,49,3,1,984,35,0.209
714840858,Client actuel,40,F,3,Lycée (équivalent baccalauréat),Non connu,Moins de $40K,Blue,31,2,4,1551,65,0.698
721205508,Client actuel,47,M,4,Lycée (équivalent baccalauréat),Marié(e),$80K - $120K,Blue,36,3,4,0,56,0.0
786493908,Client actuel,42,F,4,Sans diplôme,Célibataire,Moins de $40K,Silver,36,3,3,0,64,0.0
803963808,Client actuel,39,M,3,Licence,Célibataire,$80K - $120K,Blue,34,3,5,0,74,0.0
806170158,Client actuel,39,M,4,Licence,Célibataire,$60K - $80K,Gold,34,3,2,542,78,0.016
751469808,Client actuel,36,M,3,Licence,Marié(e),$120K +,Blue,29,2,4,1945,33,0.151
721055058,Client actuel,36,M,2,Sans diplôme,Marié(e),$60K - $80K,Blue,21,1,5,2517,46,0.197
709794333,Client actuel,29,M,0,Licence,Marié(e),Moins de $40K,Blue,19,2,4,1430,30,0.506
718361583,Client actuel,56,F,2,Sans diplôme,Marié(e),Non connu,Blue,36,3,5,0,44,0.0
714327183,Client actuel,37,F,4,Licence,Marié(e),Moins de $40K,Blue,28,3,1,1389,54,0.761
808909008,Client actuel,61,M,0,Master,Marié(e),Moins de $40K,Blue,56,3,4,0,31,0.0
716207508,Client actuel,36,M,3,Lycée (équivalent baccalauréat),Marié(e),$60K - $80K,Blue,36,2,4,1517,38,0.276
768965208,Client actuel,51,F,1,Licence,Marié(e),$40K - $60K,Blue,45,2,2,865,71,0.128
720185058,Client perdu,46,M,3,Licence,Marié(e),$60K - $80K,Blue,36,5,5,0,23,0.0
715220508,Client actuel,31,F,0,Lycée (équivalent baccalauréat),Marié(e),Moins de $40K,Blue,22,2,1,2517,57,0.769
712112733,Client actuel,33,M,2,Doctorat,Célibataire,$40K - $60K,Blue,25,2,2,1541,67,0.164
712298883,Client actuel,50,F,3,Lycée (équivalent baccalauréat),Célibataire,Moins de $40K,Blue,38,3,1,663,73,0.461
717813558,Client perdu,57,F,3,Lycée (équivalent baccalauréat),Marié(e),Non connu,Blue,36,7,2,1960,38,0.234
716823408,Client actuel,65,M,0,Doctorat,Célibataire,Non connu,Blue,56,2,2,1608,77,0.057
719089383,Client actuel,48,M,2,Lycée (équivalent baccalauréat),Marié(e),$40K - $60K,Blue,29,2,1,2371,80,0.384
710039208,Client actuel,57,F,3,Non connu,Célibataire,Non connu,Blue,40,3,1,966,87,0.458
780237033,Client actuel,63,F,1,Non connu,Marié(e),$40K - $60K,Blue,49,1,3,1819,35,0.579
720986958,Client actuel,50,F,2,Licence,Divorcé(e),$40K - $60K,Blue,40,2,5,2517,36,0.303
709473708,Client actuel,39,M,3,Licence,Célibataire,$80K - $120K,Blue,31,2,3,1661,33,0.054
708593883,Client actuel,39,M,2,Niveau Bac+2,Marié(e),$60K - $80K,Blue,26,1,4,1573,38,0.576
710241858,Client actuel,39,F,4,Non connu,Marié(e),Moins de $40K,Blue,31,1,4,0,36,0.0
715392558,Client actuel,52,M,1,Non connu,Célibataire,$120K +,Blue,44,1,2,0,56,0.0
717399183,Client actuel,37,M,1,Licence,Marié(e),$80K - $120K,Blue,26,3,1,1176,52,0.146
817925058,Client actuel,50,F,2,Sans diplôme,Marié(e),Non connu,Blue,45,1,4,2401,35,0.424
716029158,Client actuel,59,M,0,Non connu,Marié(e),$60K - $80K,Blue,36,4,5,1366,35,0.323
715043508,Client actuel,38,M,2,Licence,Non connu,$40K - $60K,Blue,36,3,4,0,61,0.0
716610558,Client actuel,65,F,0,Lycée (équivalent baccalauréat),Célibataire,$40K - $60K,Blue,36,3,3,1559,71,0.142
716768808,Client actuel,57,M,1,Non connu,Marié(e),$120K +,Blue,36,2,4,1967,43,0.082
795810633,Client actuel,65,M,0,Sans diplôme,Marié(e),Non connu,Blue,56,3,2,1295,24,0.128
779925033,Client actuel,38,F,4,Licence,Marié(e),$40K - $60K,Blue,22,3,4,1969,60,0.657
790225758,Client actuel,41,M,2,Niveau Bac+2,Célibataire,$80K - $120K,Blue,35,3,3,620,47,0.234
713879283,Client actuel,55,F,2,Licence,Marié(e),Moins de $40K,Blue,47,1,2,1300,34,0.284
715968858,Client actuel,28,M,0,Master,Marié(e),Non connu,Blue,13,1,2,1630,33,0.625
767687208,Client actuel,31,M,2,Non connu,Célibataire,$80K - $120K,Blue,24,3,3,1180,69,0.034
778728783,Client actuel,39,F,2,Non connu,Marié(e),Moins de $40K,Blue,19,3,1,2095,56,0.664
713637783,Client actuel,44,F,3,Licence,Marié(e),Non connu,Blue,31,2,0,2053,38,0.082
718162908,Client actuel,55,M,3,Niveau Bac+2,Marié(e),$80K - $120K,Blue,42,2,1,614,48,0.024
708664008,Client actuel,57,M,3,Niveau Bac+2,Marié(e),$80K - $120K,Blue,45,3,4,0,37,0.0
711929058,Client actuel,28,M,0,Lycée (équivalent baccalauréat),Marié(e),Non connu,Blue,21,3,5,1209,49,0.047
770781558,Client actuel,35,F,2,Licence,Marié(e),Moins de $40K,Blue,21,1,2,2517,31,0.779
790048158,Client actuel,46,F,4,Niveau Bac+2,Marié(e),Moins de $40K,Blue,38,3,3,1865,54,0.21
721258158,Client actuel,65,F,1,Sans diplôme,Célibataire,Non connu,Blue,51,3,5,1491,63,0.135
786480183,Client actuel,50,F,2,Sans diplôme,Marié(e),Non connu,Blue,44,2,5,0,69,0.0
721378008,Client actuel,31,M,0,Sans diplôme,Divorcé(e),$40K - $60K,Blue,21,2,2,1461,71,0.557
786566733,Client actuel,49,M,2,Non connu,Célibataire,$80K - $120K,Blue,43,3,5,1190,64,0.241
794551383,Client actuel,50,F,3,Niveau Bac+2,Célibataire,Moins de $40K,Blue,32,3,4,1218,75,0.276
820981383,Client actuel,44,F,4,Lycée (équivalent baccalauréat),Divorcé(e),Moins de $40K,Blue,39,1,4,1796,42,0.194
713366583,Client actuel,63,F,1,Lycée (équivalent baccalauréat),Marié(e),Moins de $40K,Blue,56,1,3,1685,40,0.552
767311008,Client actuel,41,M,1,Licence,Divorcé(e),$80K - $120K,Blue,35,2,3,770,41,0.04
716624133,Client actuel,56,M,1,Non connu,Célibataire,$80K - $120K,Blue,36,1,3,1880,19,0.147
712727283,Client actuel,55,M,1,Licence,Marié(e),$60K - $80K,Blue,36,2,3,1275,28,0.273
716059608,Client actuel,48,F,4,Niveau Bac+2,Célibataire,Moins de $40K,Blue,38,3,3,1505,67,0.308
708292833,Client actuel,35,M,2,Lycée (équivalent baccalauréat),Célibataire,$120K +,Blue,36,2,3,1250,60,0.046
720013083,Client actuel,30,F,0,Master,Célibataire,Moins de $40K,Blue,18,3,2,797,74,0.374
710540883,Client actuel,37,M,3,Lycée (équivalent baccalauréat),Célibataire,$80K - $120K,Blue,24,3,2,0,67,0.0
709212183,Client actuel,53,F,2,Licence,Marié(e),Moins de $40K,Blue,36,1,3,1470,53,0.463
713424108,Client actuel,37,M,1,Licence,Célibataire,$60K - $80K,Blue,27,1,3,2349,57,0.548
718476033,Client actuel,65,F,0,Sans diplôme,Célibataire,Non connu,Blue,56,3,5,2355,49,0.117
815001108,Client actuel,48,M,2,Doctorat,Célibataire,Moins de $40K,Blue,43,3,2,1685,67,0.283
709802208,Client actuel,37,M,1,Licence,Marié(e),$40K - $60K,Blue,17,1,4,0,61,0.0
713445183,Client actuel,35,M,1,Lycée (équivalent baccalauréat),Marié(e),$60K - $80K,Blue,26,3,2,1841,58,0.459
717310458,Client actuel,35,F,3,Licence,Célibataire,Moins de $40K,Blue,27,3,2,938,65,0.162
789158433,Client actuel,49,F,2,Lycée (équivalent baccalauréat),Non connu,$40K - $60K,Blue,38,1,2,1674,53,0.67
788761608,Client actuel,26,F,0,Lycée (équivalent baccalauréat),Célibataire,Non connu,Blue,13,3,4,2286,57,0.222
709916058,Client actuel,58,M,1,Non connu,Marié(e),$60K - $80K,Blue,36,1,3,2163,40,0.922
789804933,Client actuel,29,F,2,Sans diplôme,Célibataire,Non connu,Blue,18,1,2,1236,69,0.053
780070833,Client actuel,58,F,2,Non connu,Marié(e),Moins de $40K,Blue,43,2,2,2517,29,0.83
772776033,Client actuel,33,M,2,Niveau Bac+2,Célibataire,$80K - $120K,Blue,23,4,3,1874,47,0.265
719804208,Client actuel,36,M,2,Licence,Marié(e),$40K - $60K,Blue,28,1,3,1873,48,0.274
715077483,Client actuel,47,F,3,Doctorat,Marié(e),Moins de $40K,Blue,36,3,4,772,40,0.537
717000858,Client actuel,41,M,2,Licence,Marié(e),Moins de $40K,Blue,29,2,2,1738,52,0.648
792402483,Client actuel,46,M,4,Licence,Célibataire,$60K - $80K,Blue,40,2,1,985,70,0.08
712973733,Client actuel,58,M,4,Licence,Marié(e),$60K - $80K,Blue,36,2,2,1480,38,0.101
813213558,Client actuel,53,F,1,Doctorat,Célibataire,Moins de $40K,Blue,48,3,3,1469,64,0.648
718215033,Client actuel,54,F,3,Non connu,Marié(e),Moins de $40K,Blue,36,2,4,2260,30,0.884
717207408,Client actuel,39,F,1,Sans diplôme,Divorcé(e),Non connu,Blue,34,1,2,666,60,0.053
711426033,Client actuel,49,M,2,Licence,Célibataire,$80K - $120K,Blue,39,2,2,946,65,0.083
719233833,Client actuel,35,F,3,Lycée (équivalent baccalauréat),Marié(e),Moins de $40K,Blue,23,3,4,526,55,0.171
716864733,Client actuel,47,M,3,Niveau Bac+2,Marié(e),$120K +,Silver,27,3,3,2315,46,0.067
821168733,Client actuel,38,M,3,Licence,Marié(e),$60K - $80K,Blue,34,3,3,2301,33,0.432
710135058,Client actuel,56,M,1,Licence,Célibataire,$80K - $120K,Blue,44,1,0,1501,34,0.165
720228708,Client actuel,56,M,2,Lycée (équivalent baccalauréat),Marié(e),$120K +,Blue,46,1,3,1347,27,0.05
718618458,Client actuel,38,M,3,Lycée (équivalent baccalauréat),Célibataire,$60K - $80K,Blue,25,1,4,1305,72,0.132
719470458,Client perdu,46,M,3,Niveau Bac+2,Marié(e),$80K - $120K,Blue,39,7,3,243,27,0.06
719587158,Client actuel,37,M,1,Lycée (équivalent baccalauréat),Célibataire,$40K - $60K,Blue,25,2,3,1799,72,0.69
715499808,Client actuel,63,F,0,Non connu,Marié(e),Moins de $40K,Blue,36,1,4,2517,26,0.709
718589133,Client actuel,65,F,1,Licence,Célibataire,Moins de $40K,Blue,56,2,2,1619,62,0.351
789235383,Client actuel,38,M,4,Niveau Bac+2,Marié(e),$80K - $120K,Blue,27,2,4,1909,52,0.184
773364483,Client actuel,45,F,4,Doctorat,Non connu,Non connu,Silver,39,1,2,1298,39,0.038
713548158,Client actuel,26,M,0,Niveau Bac+2,Célibataire,$40K - $60K,Blue,36,2,3,1611,41,0.606
720264783,Client actuel,58,F,2,Licence,Marié(e),Moins de $40K,Blue,44,2,3,1327,34,0.264
715319958,Client perdu,48,M,3,Sans diplôme,Marié(e),$120K +,Blue,36,2,5,787,32,0.023
710528583,Client actuel,26,F,0,Non connu,Célibataire,$40K - $60K,Blue,16,2,4,835,40,0.518
809990883,Client actuel,48,F,3,Licence,Célibataire,Moins de $40K,Blue,43,2,2,1773,64,0.732
714412308,Client perdu,33,M,3,Licence,Marié(e),$80K - $120K,Blue,36,5,6,0,18,0.0
772303458,Client actuel,62,F,0,Doctorat,Marié(e),$40K - $60K,Blue,51,3,2,948,44,0.281
721243083,Client perdu,55,M,3,Sans diplôme,Divorcé(e),$80K - $120K,Blue,41,5,5,2408,40,0.07
711990933,Client actuel,40,F,2,Licence,Célibataire,Moins de $40K,Blue,29,3,2,0,62,0.0
819977058,Client actuel,46,M,2,Lycée (équivalent baccalauréat),Célibataire,$40K - $60K,Blue,41,3,2,1543,71,0.49
721467258,Client actuel,58,M,1,Lycée (équivalent baccalauréat),Marié(e),$40K - $60K,Blue,36,2,5,1135,33,0.524
719976558,Client actuel,47,M,2,Licence,Non connu,$60K - $80K,Blue,34,2,4,1562,49,0.368
718824783,Client actuel,50,M,2,Non connu,Divorcé(e),$60K - $80K,Blue,41,1,3,1433,50,0.483
713303733,Client actuel,53,M,1,Licence,Célibataire,$120K +,Blue,41,3,2,744,33,0.462
711129483,Client actuel,45,M,3,Licence,Marié(e),$60K - $80K,Blue,36,1,3,1504,72,0.103
779618433,Client actuel,48,M,4,Sans diplôme,Célibataire,$40K - $60K,Blue,38,3,2,1551,82,0.186
797757333,Client actuel,43,M,3,Master,Marié(e),$60K - $80K,Gold,37,1,2,1580,86,0.046
814497483,Client actuel,60,M,0,Sans diplôme,Marié(e),$60K - $80K,Blue,55,1,2,1393,47,0.215
709623483,Client actuel,56,M,2,Lycée (équivalent baccalauréat),Marié(e),$120K +,Blue,41,1,3,1470,36,0.08
709056558,Client actuel,43,F,3,Niveau Bac+2,Marié(e),$40K - $60K,Blue,31,3,2,2517,41,0.899
708238833,Client actuel,57,F,3,Lycée (équivalent baccalauréat),Marié(e),Moins de $40K,Blue,36,2,3,2215,30,0.731
813261408,Client actuel,52,F,1,Sans diplôme,Marié(e),$40K - $60K,Blue,47,3,3,1338,58,0.622
720424608,Client actuel,56,F,1,Non connu,Marié(e),Non connu,Blue,36,3,2,1084,37,0.045
798022683,Client perdu,43,M,1,Licence,Marié(e),$80K - $120K,Blue,37,2,3,321,44,0.013
769756983,Client actuel,38,M,3,Licence,Marié(e),$60K - $80K,Blue,32,1,2,2227,61,0.289
712674183,Client actuel,53,M,2,Niveau Bac+2,Marié(e),$40K - $60K,Blue,33,3,1,2180,36,0.536
708900408,Client actuel,52,F,1,Licence,Divorcé(e),Non connu,Blue,35,2,4,1499,83,0.114
713625483,Client actuel,58,M,2,Niveau Bac+2,Marié(e),$80K - $120K,Blue,44,2,2,2508,29,0.212
716869458,Client actuel,34,F,3,Niveau Bac+2,Célibataire,Moins de $40K,Blue,36,6,1,704,63,0.095
788723133,Client actuel,36,M,1,Lycée (équivalent baccalauréat),Célibataire,$40K - $60K,Blue,20,1,2,976,53,0.077
794462133,Client actuel,55,F,0,Licence,Célibataire,$40K - $60K,Blue,35,1,3,1978,41,0.53
712604133,Client actuel,54,M,1,Sans diplôme,Célibataire,$80K - $120K,Blue,43,1,4,1699,48,0.066
714397983,Client actuel,36,M,2,Niveau Bac+2,Marié(e),$40K - $60K,Blue,36,3,1,1495,42,0.386
788269158,Client actuel,35,F,2,Licence,Célibataire,Non connu,Blue,27,3,0,1806,78,0.551
715898058,Client actuel,53,M,2,Licence,Marié(e),$120K +,Blue,36,1,3,0,41,0.0
711906033,Client actuel,48,F,3,Licence,Non connu,Moins de $40K,Blue,36,2,2,1131,63,0.183
711367308,Client actuel,37,M,3,Sans diplôme,Célibataire,$40K - $60K,Blue,19,3,4,1185,67,0.542
790186458,Client actuel,45,M,3,Sans diplôme,Célibataire,$80K - $120K,Blue,39,1,0,864,30,0.048
712040433,Client actuel,54,F,1,Lycée (équivalent baccalauréat),Marié(e),Moins de $40K,Blue,43,2,3,2200,57,0.954
709616958,Client actuel,38,M,2,Lycée (équivalent baccalauréat),Célibataire,$60K - $80K,Silver,30,3,4,1583,73,0.06
714633858,Client actuel,35,F,2,Niveau Bac+2,Marié(e),Moins de $40K,Blue,18,3,2,2517,32,0.436
794818833,Client actuel,36,F,1,Sans diplôme,Célibataire,Moins de $40K,Blue,30,1,2,2078,58,0.378
711219333,Client actuel,33,M,1,Master,Célibataire,$120K +,Blue,14,1,0,2264,49,0.299
713384508,Client actuel,28,M,1,Lycée (équivalent baccalauréat),Célibataire,Moins de $40K,Blue,14,3,1,1398,73,0.483
772514808,Client actuel,36,F,2,Sans diplôme,Célibataire,$40K - $60K,Blue,26,2,4,2379,63,0.76
710808108,Client actuel,34,F,3,Niveau Bac+2,Divorcé(e),Moins de $40K,Blue,27,3,2,2517,54,0.589
778973658,Client actuel,55,M,0,Doctorat,Marié(e),$60K - $80K,Blue,36,6,4,906,66,0.182
712005108,Client actuel,61,F,0,Master,Marié(e),Moins de $40K,Blue,48,3,3,2155,44,0.683
804577833,Client actuel,44,F,2,Licence,Marié(e),Moins de $40K,Blue,39,1,0,2101,63,0.306
715028283,Client actuel,54,M,1,Licence,Célibataire,$80K - $120K,Blue,46,3,2,2497,61,0.161
789786258,Client actuel,39,M,2,Lycée (équivalent baccalauréat),Célibataire,$80K - $120K,Blue,28,2,4,1915,33,0.072
715421058,Client actuel,51,M,1,Non connu,Marié(e),$60K - $80K,Blue,36,2,4,979,69,0.044
797166633,Client actuel,47,M,2,Non connu,Célibataire,$80K - $120K,Blue,41,2,4,1713,61,0.162
711041508,Client actuel,37,F,1,Lycée (équivalent baccalauréat),Marié(e),$40K - $60K,Blue,25,3,4,2517,47,0.429
712847208,Client actuel,47,F,3,Licence,Non connu,$40K - $60K,Blue,36,2,3,1854,50,0.345
779174133,Client actuel,56,M,3,Sans diplôme,Marié(e),$120K +,Blue,43,1,5,753,30,0.145
715680933,Client actuel,53,M,1,Licence,Célibataire,$80K - $120K,Blue,36,2,4,1463,55,0.082
770871708,Client actuel,62,M,0,Licence,Marié(e),$40K - $60K,Blue,48,1,5,0,56,0.0
772643058,Client actuel,58,F,3,Licence,Marié(e),Moins de $40K,Blue,48,2,3,1834,36,0.655
718199133,Client actuel,57,M,1,Lycée (équivalent baccalauréat),Célibataire,$80K - $120K,Blue,36,2,2,2260,31,0.345
721475133,Client actuel,54,F,1,Doctorat,Célibataire,Non connu,Blue,36,3,4,829,70,0.032
766322883,Client actuel,33,F,3,Niveau Bac+2,Célibataire,$40K - $60K,Blue,26,3,5,1344,71,0.213
771197433,Client actuel,54,F,1,Licence,Marié(e),Moins de $40K,Blue,41,2,4,588,30,0.126
709516458,Client actuel,30,M,0,Licence,Divorcé(e),$60K - $80K,Blue,22,3,3,0,66,0.0
716456808,Client actuel,36,F,2,Lycée (équivalent baccalauréat),Célibataire,Moins de $40K,Blue,36,2,5,1263,69,0.156
716819958,Client actuel,60,M,2,Licence,Marié(e),$60K - $80K,Blue,50,1,2,845,35,0.094
779449308,Client actuel,46,F,4,Lycée (équivalent baccalauréat),Célibataire,Moins de $40K,Blue,28,3,4,0,72,0.0
784891458,Client actuel,55,M,1,Licence,Marié(e),$80K - $120K,Blue,49,3,3,2158,34,0.075
790004883,Client actuel,55,M,1,Lycée (équivalent baccalauréat),Célibataire,$80K - $120K,Blue,47,3,3,1995,30,0.679
770262183,Client actuel,31,M,0,Sans diplôme,Célibataire,Moins de $40K,Blue,25,2,2,1741,67,0.305
715277583,Client actuel,55,F,3,Sans diplôme,Divorcé(e),Moins de $40K,Blue,36,2,1,1209,61,0.573
815510883,Client actuel,36,M,2,Master,Célibataire,$40K - $60K,Blue,31,2,5,2282,74,0.192
713997183,Client actuel,34,F,2,Non connu,Célibataire,Moins de $40K,Blue,36,3,2,2160,56,0.774
715107033,Client actuel,33,F,1,Licence,Célibataire,Moins de $40K,Blue,36,2,4,1440,77,0.22
720706008,Client actuel,30,M,2,Master,Célibataire,$40K - $60K,Blue,16,3,5,1977,69,0.436
710108133,Client actuel,54,F,2,Licence,Marié(e),$40K - $60K,Blue,36,3,0,1528,39,0.824
718983333,Client actuel,53,M,2,Sans diplôme,Marié(e),$80K - $120K,Blue,43,1,3,1354,30,0.202
714030183,Client actuel,59,M,0,Licence,Célibataire,$80K - $120K,Silver,36,3,3,1494,65,0.043
710496708,Client actuel,41,M,2,Niveau Bac+2,Célibataire,$120K +,Blue,32,3,2,1513,65,0.276
714935883,Client actuel,45,M,3,Sans diplôme,Marié(e),$40K - $60K,Blue,36,1,1,607,65,0.057
718972758,Client actuel,50,F,2,Licence,Marié(e),Moins de $40K,Blue,40,3,3,1287,51,0.519
711827958,Client actuel,57,M,2,Sans diplôme,Marié(e),$60K - $80K,Blue,47,4,1,1970,26,0.386
778724058,Client actuel,63,M,0,Doctorat,Célibataire,$40K - $60K,Blue,49,4,3,726,65,0.123
809620833,Client actuel,35,F,3,Non connu,Célibataire,Non connu,Blue,30,3,2,0,59,0.0
718920708,Client actuel,35,M,3,Licence,Marié(e),$60K - $80K,Blue,25,3,3,1451,38,0.277
771051783,Client actuel,53,M,3,Lycée (équivalent baccalauréat),Marié(e),$120K +,Blue,40,2,5,741,24,0.177
715970133,Client actuel,33,F,4,Niveau Bac+2,Divorcé(e),Moins de $40K,Blue,24,2,2,0,103,0.0
806889633,Client actuel,38,M,2,Sans diplôme,Célibataire,$80K - $120K,Blue,33,1,4,1226,58,0.061
717338733,Client actuel,31,M,0,Lycée (équivalent baccalauréat),Divorcé(e),Moins de $40K,Blue,22,2,3,0,72,0.0
779223858,Client actuel,37,M,2,Licence,Marié(e),$60K - $80K,Blue,27,2,4,0,47,0.0
769980333,Client actuel,36,M,1,Sans diplôme,Célibataire,$80K - $120K,Blue,30,2,5,2152,53,0.165
716112933,Client perdu,39,F,3,Licence,Marié(e),Non connu,Blue,36,2,3,592,15,0.376
788783133,Client actuel,58,F,0,Master,Marié(e),Moins de $40K,Blue,39,3,3,1207,29,0.181
816325533,Client actuel,39,F,1,Licence,Marié(e),Moins de $40K,Blue,34,3,5,1802,49,0.279
720113433,Client actuel,61,M,0,Non connu,Célibataire,$60K - $80K,Blue,48,2,4,1446,43,0.07
717233058,Client actuel,34,M,4,Non connu,Marié(e),$40K - $60K,Blue,26,2,4,1240,31,0.224
710233683,Client actuel,55,M,3,Licence,Marié(e),$80K - $120K,Blue,36,3,4,2403,44,0.858
778327908,Client actuel,50,M,2,Sans diplôme,Célibataire,Moins de $40K,Blue,40,3,5,2380,73,0.984
716400633,Client actuel,33,M,3,Lycée (équivalent baccalauréat),Célibataire,$40K - $60K,Blue,24,3,3,1427,54,0.277
787488108,Client actuel,48,F,1,Lycée (équivalent baccalauréat),Marié(e),Non connu,Blue,36,4,4,1953,51,0.137
771649083,Client actuel,63,M,0,Lycée (équivalent baccalauréat),Célibataire,$80K - $120K,Blue,51,3,4,1021,30,0.1
789853533,Client perdu,54,M,3,Lycée (équivalent baccalauréat),Marié(e),$40K - $60K,Blue,44,1,6,0,14,0.0
806256333,Client perdu,41,M,4,Licence,Non connu,$60K - $80K,Blue,36,4,7,312,26,0.217
796336833,Client actuel,51,M,3,Doctorat,Marié(e),$80K - $120K,Blue,45,2,4,0,69,0.0
713763633,Client actuel,54,F,2,Licence,Marié(e),Non connu,Blue,46,3,2,794,30,0.263
710942358,Client actuel,47,M,4,Non connu,Célibataire,$40K - $60K,Blue,36,3,3,1890,88,0.328
713974533,Client actuel,52,F,3,Master,Célibataire,Moins de $40K,Blue,45,1,3,1701,45,0.666
787231233,Client actuel,34,M,5,Master,Marié(e),$80K - $120K,Silver,28,3,2,1731,63,0.05
719810583,Client actuel,64,M,0,Lycée (équivalent baccalauréat),Marié(e),Moins de $40K,Blue,54,3,2,1361,34,0.636
717124983,Client actuel,62,F,1,Sans diplôme,Marié(e),$40K - $60K,Blue,43,1,1,0,20,0.0
787523283,Client actuel,38,M,1,Licence,Célibataire,$80K - $120K,Blue,27,2,5,1365,56,0.052
719493858,Client actuel,52,F,2,Licence,Marié(e),Moins de $40K,Blue,43,2,2,654,63,0.08
709897983,Client actuel,35,F,2,Doctorat,Marié(e),$40K - $60K,Blue,24,2,3,1527,26,0.575
717225258,Client actuel,35,M,2,Licence,Célibataire,$120K +,Blue,27,2,2,1048,59,0.077
803148033,Client actuel,54,M,1,Niveau Bac+2,Célibataire,$80K - $120K,Blue,48,1,5,1935,38,0.159
779474958,Client actuel,35,F,3,Non connu,Célibataire,Moins de $40K,Blue,17,1,1,1823,58,0.617
712060158,Client actuel,35,M,0,Doctorat,Célibataire,$60K - $80K,Blue,18,2,3,1645,59,0.633
713292933,Client actuel,36,F,3,Licence,Célibataire,Non connu,Blue,36,2,2,726,64,0.069
710982858,Client actuel,33,F,3,Licence,Célibataire,$40K - $60K,Blue,36,1,2,2259,67,0.274
714542058,Client actuel,53,M,1,Licence,Non connu,$60K - $80K,Silver,44,2,1,680,68,0.026
712319058,Client actuel,37,F,1,Sans diplôme,Marié(e),Moins de $40K,Blue,29,3,0,1933,58,0.414
744483633,Client actuel,35,M,3,Licence,Marié(e),$120K +,Blue,28,3,2,0,48,0.0
714947883,Client actuel,59,M,1,Licence,Marié(e),$40K - $60K,Blue,36,2,2,1965,27,0.854
788776908,Client actuel,47,M,1,Non connu,Non connu,$80K - $120K,Blue,28,1,4,1802,63,0.644
714802458,Client actuel,48,F,3,Lycée (équivalent baccalauréat),Célibataire,$40K - $60K,Blue,30,2,1,2115,77,0.796
721485708,Client actuel,58,M,2,Sans diplôme,Célibataire,$80K - $120K,Blue,46,1,3,1806,36,0.197
716378658,Client actuel,55,F,2,Non connu,Marié(e),Moins de $40K,Blue,36,2,3,1476,41,0.561
713375658,Client actuel,37,M,2,Licence,Divorcé(e),$40K - $60K,Blue,17,3,3,0,67,0.0
717828108,Client actuel,57,M,2,Licence,Marié(e),$80K - $120K,Blue,42,1,0,2517,31,0.115
788784258,Client actuel,60,M,2,Lycée (équivalent baccalauréat),Marié(e),Non connu,Blue,41,2,4,1664,31,0.553
718875483,Client actuel,50,M,1,Niveau Bac+2,Marié(e),$60K - $80K,Blue,40,2,4,1745,78,0.1
811111083,Client actuel,56,M,2,Lycée (équivalent baccalauréat),Marié(e),$60K - $80K,Blue,51,6,3,2517,39,0.879
715749108,Client actuel,48,M,3,Licence,Marié(e),$60K - $80K,Gold,37,1,2,2429,57,0.07
780197133,Client actuel,40,M,4,Licence,Célibataire,$60K - $80K,Blue,30,1,1,1266,67,0.091
719146008,Client perdu,48,M,3,Licence,Marié(e),$80K - $120K,Blue,39,7,3,2517,35,0.135
717727308,Client actuel,50,F,1,Sans diplôme,Marié(e),Moins de $40K,Blue,36,2,2,499,67,0.119
718445883,Client actuel,61,F,1,Sans diplôme,Marié(e),Moins de $40K,Blue,36,2,4,2489,26,0.363
795997908,Client actuel,36,M,2,Lycée (équivalent baccalauréat),Célibataire,$80K - $120K,Blue,30,3,3,1480,56,0.092
710159658,Client actuel,46,M,5,Lycée (équivalent baccalauréat),Marié(e),$120K +,Blue,32,2,2,1024,71,0.03
716068683,Client actuel,28,M,0,Sans diplôme,Divorcé(e),Non connu,Blue,36,3,3,1535,77,0.092
778844433,Client actuel,49,M,5,Non connu,Marié(e),$80K - $120K,Blue,30,2,1,1808,65,0.087
715161633,Client actuel,44,F,4,Lycée (équivalent baccalauréat),Célibataire,$40K - $60K,Blue,38,3,3,2517,77,0.319
773270058,Client actuel,57,M,5,Lycée (équivalent baccalauréat),Marié(e),$80K - $120K,Blue,50,2,3,0,27,0.0
714120258,Client actuel,37,M,2,Sans diplôme,Divorcé(e),$80K - $120K,Blue,36,3,2,1677,58,0.735
720076458,Client actuel,57,M,2,Sans diplôme,Marié(e),$80K - $120K,Blue,52,2,4,0,26,0.0
720693033,Client perdu,33,M,1,Non connu,Marié(e),$60K - $80K,Blue,36,5,5,168,10,0.019
719978583,Client actuel,46,M,2,Lycée (équivalent baccalauréat),Marié(e),$60K - $80K,Blue,40,1,3,0,68,0.0
712784058,Client perdu,45,F,2,Lycée (équivalent baccalauréat),Divorcé(e),Non connu,Blue,36,7,3,2517,33,0.147
717261708,Client actuel,53,M,1,Non connu,Célibataire,$80K - $120K,Blue,36,2,3,1248,41,0.093
803665983,Client actuel,52,M,0,Non connu,Marié(e),$60K - $80K,Blue,46,2,4,2184,72,0.796
815838633,Client actuel,34,M,1,Non connu,Marié(e),$60K - $80K,Blue,29,2,3,2286,51,0.588
826706208,Client actuel,55,M,3,Licence,Célibataire,$80K - $120K,Blue,51,2,3,0,62,0.0
721218408,Client actuel,53,M,4,Lycée (équivalent baccalauréat),Marié(e),$120K +,Blue,41,3,4,1713,54,0.504
779484408,Client actuel,37,M,1,Non connu,Marié(e),$60K - $80K,Blue,19,1,2,1243,58,0.066
710416533,Client actuel,58,F,3,Non connu,Célibataire,$40K - $60K,Blue,52,1,1,888,56,0.611
719706483,Client actuel,33,M,3,Lycée (équivalent baccalauréat),Marié(e),$120K +,Blue,20,3,2,1188,46,0.043
712206858,Client actuel,39,M,3,Licence,Marié(e),$120K +,Blue,36,3,2,2231,45,0.068
709886583,Client actuel,37,F,2,Lycée (équivalent baccalauréat),Célibataire,Moins de $40K,Blue,28,2,1,633,77,0.085
711040758,Client actuel,32,M,0,Sans diplôme,Célibataire,$40K - $60K,Blue,36,3,3,0,83,0.0
817197333,Client actuel,26,F,1,Sans diplôme,Célibataire,Non connu,Blue,13,2,3,956,50,0.08
718929708,Client actuel,60,F,0,Licence,Marié(e),Moins de $40K,Blue,50,2,2,1602,23,0.509
721150833,Client actuel,37,M,1,Licence,Célibataire,$80K - $120K,Blue,18,2,5,1942,76,0.38
714514983,Client actuel,43,F,5,Licence,Marié(e),Moins de $40K,Blue,35,6,4,2214,75,0.407
779888658,Client actuel,56,M,1,Sans diplôme,Marié(e),$80K - $120K,Blue,40,1,1,2193,38,0.126
715883358,Client actuel,52,M,3,Niveau Bac+2,Marié(e),$80K - $120K,Blue,39,3,2,1509,29,0.082
713363583,Client actuel,34,M,2,Sans diplôme,Célibataire,$120K +,Blue,17,1,2,2326,69,0.462
772935108,Client actuel,47,M,1,Non connu,Divorcé(e),$80K - $120K,Silver,38,2,3,802,27,0.023
820075983,Client actuel,26,M,0,Licence,Célibataire,Moins de $40K,Blue,21,3,2,1535,49,0.968
721502958,Client actuel,54,M,1,Lycée (équivalent baccalauréat),Célibataire,$120K +,Blue,42,3,3,1919,31,0.59
708596283,Client actuel,35,F,3,Sans diplôme,Célibataire,Moins de $40K,Blue,23,2,2,1251,73,0.438
710325258,Client actuel,52,M,1,Non connu,Célibataire,$80K - $120K,Silver,36,1,0,1847,65,0.054
708823908,Client actuel,41,M,3,Licence,Célibataire,$60K - $80K,Blue,28,1,3,1363,64,0.083
826401858,Client actuel,36,F,0,Sans diplôme,Divorcé(e),Moins de $40K,Blue,32,2,3,1655,63,0.449
709554483,Client actuel,53,F,1,Licence,Marié(e),Moins de $40K,Blue,36,1,3,2517,22,0.52
710545158,Client actuel,42,M,3,Non connu,Célibataire,$120K +,Blue,36,3,2,0,68,0.0
788621658,Client actuel,54,M,1,Niveau Bac+2,Marié(e),$60K - $80K,Blue,37,3,2,1753,24,0.918
716713533,Client actuel,53,M,3,Master,Célibataire,$80K - $120K,Blue,44,2,2,1236,58,0.065
712338033,Client actuel,36,M,2,Lycée (équivalent baccalauréat),Célibataire,$80K - $120K,Blue,26,2,4,1691,40,0.106
711639708,Client actuel,42,M,3,Licence,Célibataire,$60K - $80K,Blue,32,2,2,0,45,0.0
720216108,Client actuel,27,F,2,Niveau Bac+2,Divorcé(e),Moins de $40K,Blue,14,3,3,2130,61,0.836
718708908,Client actuel,58,M,4,Licence,Marié(e),$60K - $80K,Blue,36,2,4,2350,29,0.394
802890333,Client actuel,59,M,1,Sans diplôme,Marié(e),$40K - $60K,Blue,53,1,3,1558,34,0.714
712965183,Client actuel,63,F,2,Licence,Marié(e),Moins de $40K,Blue,52,2,3,2101,35,0.781
796170933,Client actuel,57,M,2,Sans diplôme,Célibataire,$80K - $120K,Blue,51,2,4,0,66,0.0
712816833,Client actuel,56,F,0,Lycée (équivalent baccalauréat),Marié(e),Non connu,Blue,48,1,2,1965,32,0.468
814829583,Client actuel,42,F,3,Non connu,Célibataire,Moins de $40K,Blue,37,1,3,0,74,0.0
798769458,Client actuel,29,F,1,Lycée (équivalent baccalauréat),Célibataire,Moins de $40K,Blue,23,1,2,927,83,0.279
818034558,Client actuel,44,M,2,Non connu,Non connu,$60K - $80K,Blue,39,3,3,1506,40,0.068
719483358,Client actuel,33,M,1,Niveau Bac+2,Marié(e),$40K - $60K,Blue,14,2,2,1750,54,0.259
719647383,Client actuel,35,M,2,Licence,Marié(e),$80K - $120K,Blue,36,2,2,1463,49,0.332
714909108,Client actuel,33,F,3,Licence,Célibataire,Moins de $40K,Blue,36,3,3,1338,67,0.277
793678608,Client actuel,46,M,4,Licence,Marié(e),$80K - $120K,Silver,40,1,4,0,57,0.0
720854358,Client actuel,27,M,0,Non connu,Marié(e),$40K - $60K,Blue,14,1,4,2130,49,0.557
709126833,Client actuel,42,M,3,Niveau Bac+2,Non connu,$120K +,Blue,36,2,1,2183,81,0.101
788896983,Client actuel,53,M,2,Licence,Marié(e),$60K - $80K,Blue,38,3,2,1228,37,0.155
715731033,Client actuel,50,M,3,Licence,Célibataire,$120K +,Blue,42,1,3,949,77,0.028
717636933,Client actuel,48,F,5,Niveau Bac+2,Divorcé(e),$40K - $60K,Blue,40,1,1,0,57,0.0
772658658,Client actuel,57,M,2,Lycée (équivalent baccalauréat),Célibataire,$60K - $80K,Blue,47,3,4,0,77,0.0
755943033,Client actuel,34,F,2,Licence,Célibataire,Moins de $40K,Blue,27,1,1,1176,52,0.619
772399983,Client actuel,55,M,2,Niveau Bac+2,Célibataire,$80K - $120K,Silver,45,1,4,1433,31,0.042
826130133,Client actuel,58,M,2,Licence,Marié(e),$120K +,Blue,54,2,4,1812,25,0.057
719238183,Client actuel,55,F,3,Licence,Marié(e),Moins de $40K,Blue,35,2,3,1167,45,0.623
802666083,Client actuel,48,F,2,Sans diplôme,Non connu,Moins de $40K,Blue,42,2,2,0,63,0.0
713682708,Client actuel,45,M,2,Niveau Bac+2,Divorcé(e),$40K - $60K,Blue,37,1,2,1328,60,0.121
712774008,Client actuel,59,M,0,Sans diplôme,Marié(e),Moins de $40K,Blue,46,1,2,2517,34,0.639
717627333,Client actuel,53,F,2,Master,Marié(e),$40K - $60K,Blue,40,1,4,1995,37,0.938
779542608,Client actuel,47,M,4,Sans diplôme,Marié(e),$80K - $120K,Blue,32,3,2,1340,39,0.039
715322958,Client actuel,43,F,3,Non connu,Marié(e),Non connu,Blue,36,2,1,1506,67,0.216
779100408,Client actuel,33,F,1,Master,Marié(e),Moins de $40K,Blue,15,2,0,1328,61,0.763
715352883,Client actuel,49,F,2,Master,Célibataire,Non connu,Blue,36,3,2,0,71,0.0
789963033,Client perdu,54,F,1,Licence,Célibataire,$80K - $120K,Blue,45,6,7,0,39,0.0
710687508,Client actuel,65,M,0,Lycée (équivalent baccalauréat),Marié(e),Moins de $40K,Blue,56,3,1,1858,47,0.709
789656358,Client actuel,49,F,5,Licence,Marié(e),$40K - $60K,Blue,35,2,1,1292,74,0.116
715720083,Client actuel,47,M,5,Non connu,Marié(e),$80K - $120K,Blue,39,2,3,0,76,0.0
716584158,Client actuel,51,M,4,Lycée (équivalent baccalauréat),Marié(e),$80K - $120K,Blue,42,1,2,2517,47,0.174
815727183,Client actuel,36,M,3,Lycée (équivalent baccalauréat),Célibataire,$80K - $120K,Blue,31,1,1,1443,62,0.276
717066408,Client actuel,36,M,2,Licence,Marié(e),$60K - $80K,Blue,36,1,4,1518,62,0.274
708104658,Client actuel,46,M,1,Licence,Non connu,$40K - $60K,Blue,36,3,2,890,48,0.619
718016808,Client actuel,62,F,0,Non connu,Marié(e),Moins de $40K,Blue,55,1,0,1282,27,0.621
814571058,Client actuel,30,F,1,Niveau Bac+2,Célibataire,Moins de $40K,Blue,24,3,0,2517,64,0.73
714757908,Client actuel,46,M,4,Licence,Marié(e),$120K +,Silver,36,1,3,1380,56,0.04
710345808,Client actuel,41,M,4,Sans diplôme,Divorcé(e),$80K - $120K,Blue,36,2,2,2028,38,0.068
814752558,Client actuel,50,M,1,Sans diplôme,Marié(e),$40K - $60K,Blue,45,3,3,1163,62,0.541
721284258,Client actuel,53,M,2,Non connu,Célibataire,$80K - $120K,Blue,44,1,3,2517,39,0.351
719336583,Client actuel,55,M,2,Sans diplôme,Marié(e),$120K +,Blue,44,3,3,1300,21,0.047
797638383,Client actuel,49,F,4,Lycée (équivalent baccalauréat),Marié(e),Moins de $40K,Blue,43,3,2,2016,73,0.415
708434733,Client actuel,56,M,1,Licence,Marié(e),$60K - $80K,Blue,50,3,3,2289,28,0.34
711802758,Client actuel,63,M,1,Licence,Marié(e),$40K - $60K,Blue,53,1,2,1895,42,0.309
720620058,Client actuel,41,M,4,Lycée (équivalent baccalauréat),Non connu,$80K - $120K,Blue,36,3,2,1746,50,0.076
819169683,Client actuel,34,M,2,Non connu,Marié(e),$40K - $60K,Blue,29,2,2,1650,37,0.48
709757583,Client actuel,35,M,0,Non connu,Marié(e),$120K +,Blue,36,2,1,1510,48,0.475
789307833,Client actuel,44,M,4,Niveau Bac+2,Non connu,$120K +,Blue,34,3,3,1590,56,0.179
823912308,Client actuel,38,F,3,Licence,Marié(e),Moins de $40K,Blue,34,1,0,1813,28,0.533
720746208,Client actuel,52,M,1,Licence,Marié(e),$80K - $120K,Blue,43,1,1,2077,33,0.772
709121283,Client actuel,54,M,3,Sans diplôme,Marié(e),Moins de $40K,Blue,36,3,2,1278,35,0.821
714093108,Client actuel,58,F,2,Lycée (équivalent baccalauréat),Célibataire,$40K - $60K,Blue,36,3,3,1210,56,0.164
718368333,Client actuel,26,M,0,Niveau Bac+2,Non connu,Moins de $40K,Blue,13,1,2,789,61,0.138
806752533,Client actuel,27,F,1,Master,Célibataire,Moins de $40K,Blue,22,1,3,1635,59,0.551
758521983,Client actuel,33,M,1,Non connu,Célibataire,$80K - $120K,Blue,26,2,2,1200,40,0.122
779473308,Client actuel,32,M,0,Sans diplôme,Célibataire,$60K - $80K,Blue,14,3,3,0,67,0.0
709376508,Client actuel,58,F,1,Niveau Bac+2,Marié(e),Moins de $40K,Blue,49,3,2,1285,47,0.334
712589658,Client actuel,45,F,4,Sans diplôme,Non connu,Moins de $40K,Silver,30,2,2,1965,37,0.15
712141683,Client actuel,48,F,3,Lycée (équivalent baccalauréat),Célibataire,Moins de $40K,Blue,28,2,1,753,61,0.256
712494108,Client actuel,38,M,2,Master,Célibataire,$60K - $80K,Silver,36,3,4,1954,52,0.057
721350783,Client actuel,54,M,2,Lycée (équivalent baccalauréat),Célibataire,$80K - $120K,Blue,38,3,4,2006,39,0.354
710133858,Client actuel,40,F,1,Licence,Non connu,Moins de $40K,Blue,30,1,1,1848,64,0.245
719152383,Client actuel,35,F,4,Sans diplôme,Marié(e),Moins de $40K,Blue,26,1,4,1316,57,0.528
715174158,Client actuel,31,M,1,Niveau Bac+2,Célibataire,$80K - $120K,Blue,36,1,0,1445,48,0.057
780040758,Client actuel,40,F,4,Niveau Bac+2,Marié(e),$40K - $60K,Blue,24,3,2,1818,50,0.698
719525358,Client actuel,52,M,0,Licence,Célibataire,$80K - $120K,Blue,43,3,3,1942,76,0.239
710892408,Client actuel,57,F,1,Lycée (équivalent baccalauréat),Marié(e),Moins de $40K,Blue,36,2,2,1257,32,0.405
713295183,Client actuel,48,M,2,Licence,Divorcé(e),$80K - $120K,Blue,29,2,3,1854,75,0.076
789871233,Client actuel,49,M,3,Lycée (équivalent baccalauréat),Marié(e),$80K - $120K,Blue,39,3,2,1342,78,0.568
712663533,Client actuel,40,M,4,Lycée (équivalent baccalauréat),Célibataire,$40K - $60K,Blue,32,4,2,1656,62,0.678
820906233,Client actuel,45,M,2,Licence,Marié(e),$40K - $60K,Blue,41,2,2,2165,63,0.254
821163408,Client actuel,41,M,3,Non connu,Marié(e),$80K - $120K,Blue,37,3,3,1588,60,0.094
708947208,Client actuel,36,M,2,Licence,Célibataire,$80K - $120K,Blue,17,3,1,2029,72,0.7
715261458,Client actuel,37,F,1,Licence,Célibataire,Moins de $40K,Blue,36,2,4,0,49,0.0
789310833,Client actuel,44,F,3,Niveau Bac+2,Divorcé(e),$40K - $60K,Blue,34,2,5,1950,62,0.432
818294958,Client actuel,52,M,2,Niveau Bac+2,Marié(e),$120K +,Blue,47,3,2,719,77,0.026
713902983,Client actuel,42,F,3,Lycée (équivalent baccalauréat),Marié(e),Moins de $40K,Blue,36,3,1,1372,77,0.819
771693933,Client actuel,62,F,1,Licence,Marié(e),Moins de $40K,Blue,50,6,4,1977,33,0.706
827984658,Client perdu,49,M,3,Master,Marié(e),$80K - $120K,Blue,45,0,6,0,39,0.0
789012633,Client actuel,30,F,0,Licence,Célibataire,Moins de $40K,Blue,17,2,1,1090,69,0.224
807237783,Client actuel,50,M,3,Sans diplôme,Célibataire,$60K - $80K,Blue,45,3,5,1020,66,0.05
803408733,Client actuel,32,M,2,Lycée (équivalent baccalauréat),Divorcé(e),$60K - $80K,Blue,26,1,4,1338,60,0.598
824667708,Client actuel,32,F,1,Licence,Célibataire,Moins de $40K,Blue,28,3,3,1027,84,0.423
807165033,Client actuel,49,M,3,Master,Célibataire,$60K - $80K,Blue,44,1,5,0,59,0.0
809984133,Client actuel,37,M,2,Doctorat,Célibataire,$120K +,Blue,32,3,5,1887,68,0.059
718949433,Client actuel,42,F,3,Niveau Bac+2,Célibataire,Non connu,Silver,31,2,2,919,79,0.027
751227183,Client actuel,36,M,2,Non connu,Célibataire,$80K - $120K,Blue,29,3,5,1539,51,0.288
716331408,Client perdu,52,F,4,Non connu,Marié(e),Moins de $40K,Blue,36,7,7,0,36,0.0
714199983,Client actuel,48,M,3,Sans diplôme,Célibataire,$60K - $80K,Gold,40,2,5,2317,68,0.067
774172158,Client actuel,29,M,1,Non connu,Célibataire,$60K - $80K,Blue,19,1,2,1990,65,0.085
708171858,Client actuel,33,F,3,Master,Marié(e),$40K - $60K,Blue,28,2,3,1081,44,0.58
709074108,Client actuel,36,M,2,Niveau Bac+2,Célibataire,$60K - $80K,Blue,24,2,5,840,73,0.036
721304133,Client actuel,36,F,4,Lycée (équivalent baccalauréat),Marié(e),Moins de $40K,Blue,36,1,3,1578,49,0.369
787430733,Client actuel,56,F,2,Lycée (équivalent baccalauréat),Marié(e),$40K - $60K,Blue,41,3,2,1446,27,0.522
711225933,Client actuel,28,M,1,Lycée (équivalent baccalauréat),Divorcé(e),Moins de $40K,Blue,36,3,4,1935,61,0.854
717478983,Client actuel,31,F,2,Sans diplôme,Divorcé(e),Moins de $40K,Blue,19,2,0,1961,68,0.687
720949083,Client actuel,44,F,3,Sans diplôme,Célibataire,Moins de $40K,Blue,33,3,5,2517,53,0.819
712851108,Client actuel,51,F,3,Lycée (équivalent baccalauréat),Marié(e),Non connu,Blue,31,1,5,2331,51,0.152
713151258,Client actuel,55,M,3,Licence,Célibataire,$40K - $60K,Blue,35,1,4,0,69,0.0
799731033,Client actuel,34,F,2,Doctorat,Célibataire,Moins de $40K,Blue,28,3,2,0,91,0.0
822138333,Client actuel,61,F,0,Licence,Célibataire,$40K - $60K,Blue,56,3,5,813,66,0.114
708532308,Client actuel,37,M,2,Sans diplôme,Célibataire,$60K - $80K,Blue,36,2,2,2517,70,0.22
713718558,Client actuel,46,M,3,Licence,Marié(e),$40K - $60K,Blue,37,2,5,0,64,0.0
778939683,Client actuel,47,F,3,Sans diplôme,Marié(e),Moins de $40K,Blue,32,3,2,951,38,0.337
713322633,Client actuel,54,M,1,Licence,Marié(e),$40K - $60K,Blue,43,3,3,2517,39,0.93
754671558,Client actuel,50,F,3,Non connu,Célibataire,Moins de $40K,Blue,43,1,4,1958,48,0.653
719291283,Client actuel,36,F,4,Lycée (équivalent baccalauréat),Célibataire,Moins de $40K,Blue,28,1,2,1607,62,0.722
720659283,Client actuel,37,M,5,Licence,Marié(e),$60K - $80K,Blue,31,3,4,1847,43,0.551
719535558,Client actuel,47,M,4,Niveau Bac+2,Divorcé(e),$40K - $60K,Blue,36,1,1,1858,72,0.334
771032658,Client actuel,54,M,3,Non connu,Célibataire,$80K - $120K,Blue,41,3,2,1569,39,0.15
709468683,Client actuel,64,F,0,Lycée (équivalent baccalauréat),Marié(e),Moins de $40K,Blue,56,2,2,1397,39,0.643
719455908,Client actuel,48,M,3,Licence,Marié(e),$80K - $120K,Blue,38,3,3,0,75,0.0
816890883,Client actuel,35,M,2,Sans diplôme,Célibataire,$60K - $80K,Blue,30,3,3,1257,74,0.058
709826058,Client actuel,49,M,2,Non connu,Marié(e),$80K - $120K,Blue,36,1,1,2435,34,0.071
735008958,Client actuel,42,M,5,Non connu,Marié(e),$60K - $80K,Blue,35,3,2,1253,53,0.092
713766183,Client actuel,49,M,0,Sans diplôme,Célibataire,$80K - $120K,Blue,36,3,4,2517,81,0.156
719148633,Client actuel,53,F,2,Licence,Marié(e),Moins de $40K,Blue,46,2,4,2015,24,0.835
789266208,Client actuel,56,M,2,Lycée (équivalent baccalauréat),Célibataire,$80K - $120K,Blue,45,2,3,1589,28,0.268
718373658,Client actuel,41,M,3,Niveau Bac+2,Célibataire,$60K - $80K,Blue,28,3,0,2463,81,0.422
712255458,Client actuel,37,M,3,Lycée (équivalent baccalauréat),Célibataire,$60K - $80K,Blue,36,1,5,2051,63,0.244
789494133,Client actuel,30,M,0,Lycée (équivalent baccalauréat),Marié(e),Moins de $40K,Blue,21,4,3,1259,53,0.506
714178458,Client actuel,45,M,3,Master,Marié(e),$80K - $120K,Blue,35,3,2,1603,53,0.078
717595908,Client actuel,54,M,1,Lycée (équivalent baccalauréat),Marié(e),$60K - $80K,Blue,37,1,1,2188,45,0.231
798114033,Client actuel,46,M,2,Licence,Marié(e),$60K - $80K,Blue,40,2,4,1514,58,0.19
709479558,Client actuel,36,F,4,Niveau Bac+2,Célibataire,Moins de $40K,Blue,36,2,1,2168,86,0.786
778148283,Client actuel,48,M,2,Doctorat,Célibataire,$120K +,Blue,41,2,1,1084,74,0.054
719363283,Client actuel,59,F,0,Doctorat,Célibataire,Moins de $40K,Blue,36,1,2,0,47,0.0
716225433,Client actuel,60,M,1,Sans diplôme,Célibataire,$80K - $120K,Blue,51,3,4,2517,65,0.095
719882583,Client actuel,44,M,5,Licence,Célibataire,$60K - $80K,Blue,34,3,5,2057,67,0.153
711076533,Client actuel,65,M,0,Niveau Bac+2,Divorcé(e),Moins de $40K,Blue,42,3,2,1968,58,0.203
820651908,Client actuel,46,F,3,Licence,Célibataire,$40K - $60K,Blue,41,2,4,0,64,0.0
710884683,Client actuel,48,M,4,Licence,Marié(e),$80K - $120K,Silver,40,2,5,807,80,0.023
797468658,Client actuel,53,M,3,Lycée (équivalent baccalauréat),Marié(e),$120K +,Blue,47,1,3,2431,31,0.127
716375883,Client actuel,53,F,3,Sans diplôme,Marié(e),Non connu,Blue,36,2,2,1558,38,0.637
711534183,Client actuel,41,M,2,Lycée (équivalent baccalauréat),Célibataire,$80K - $120K,Blue,36,2,4,0,57,0.0
721083258,Client actuel,37,F,4,Lycée (équivalent baccalauréat),Divorcé(e),$40K - $60K,Blue,22,1,3,1638,46,0.639
717986058,Client actuel,29,F,0,Lycée (équivalent baccalauréat),Célibataire,Moins de $40K,Blue,13,3,5,1608,64,0.307
804610908,Client actuel,49,F,2,Doctorat,Marié(e),Moins de $40K,Blue,44,3,0,1962,66,0.578
717602733,Client actuel,47,M,3,Doctorat,Célibataire,Moins de $40K,Blue,35,3,2,0,67,0.0
770952933,Client actuel,53,F,1,Non connu,Marié(e),Moins de $40K,Blue,40,2,4,1938,37,0.813
713233908,Client actuel,33,M,2,Licence,Divorcé(e),$60K - $80K,Blue,21,3,3,0,93,0.0
755365233,Client actuel,34,M,1,Licence,Non connu,$60K - $80K,Blue,27,2,4,1581,96,0.079
715105908,Client actuel,28,F,0,Licence,Célibataire,Non connu,Silver,15,3,3,1232,64,0.038
712658283,Client actuel,36,F,3,Licence,Célibataire,$40K - $60K,Blue,28,2,3,969,86,0.262
708796458,Client actuel,30,F,2,Licence,Célibataire,Moins de $40K,Blue,18,1,4,1903,67,0.453
713557533,Client actuel,34,M,3,Lycée (équivalent baccalauréat),Célibataire,$40K - $60K,Blue,21,1,3,1655,81,0.38
710524533,Client perdu,38,F,4,Niveau Bac+2,Marié(e),$40K - $60K,Blue,36,7,6,2517,28,0.512
713412558,Client actuel,39,F,4,Master,Marié(e),Moins de $40K,Blue,22,3,1,1108,67,0.203
720000708,Client actuel,32,F,0,Licence,Marié(e),Non connu,Blue,26,3,2,1381,69,0.636
718934058,Client actuel,36,M,2,Doctorat,Célibataire,$40K - $60K,Blue,26,3,2,2517,51,0.885
710607408,Client actuel,37,F,3,Lycée (équivalent baccalauréat),Célibataire,Non connu,Blue,28,1,4,1524,96,0.082
717613233,Client actuel,45,M,4,Sans diplôme,Marié(e),$60K - $80K,Silver,33,2,4,745,56,0.029
821710308,Client actuel,38,F,3,Sans diplôme,Célibataire,Moins de $40K,Blue,33,3,2,2018,35,0.915
716089983,Client actuel,31,M,0,Licence,Célibataire,$40K - $60K,Blue,24,1,4,1732,46,0.144
720430083,Client actuel,65,M,0,Lycée (équivalent baccalauréat),Non connu,Moins de $40K,Blue,36,3,2,1008,67,0.478
712071708,Client actuel,63,F,0,Licence,Marié(e),Moins de $40K,Blue,36,3,4,1351,35,0.641
770721858,Client actuel,65,M,1,Licence,Marié(e),Moins de $40K,Blue,56,2,5,2517,31,0.711
751381458,Client actuel,43,F,3,Niveau Bac+2,Marié(e),Non connu,Blue,36,3,4,775,72,0.029
715629783,Client actuel,51,M,1,Licence,Marié(e),$40K - $60K,Silver,36,2,2,980,64,0.055
768886533,Client actuel,37,M,3,Licence,Marié(e),$60K - $80K,Blue,31,1,3,1199,57,0.243
711023508,Client actuel,55,F,1,Licence,Marié(e),Non connu,Blue,43,4,2,1389,30,0.439
711291558,Client actuel,27,M,0,Sans diplôme,Célibataire,$60K - $80K,Blue,36,3,3,0,50,0.0
714929283,Client actuel,34,F,0,Lycée (équivalent baccalauréat),Marié(e),$40K - $60K,Blue,36,1,3,2229,52,0.696
716285358,Client actuel,32,F,1,Niveau Bac+2,Divorcé(e),Moins de $40K,Blue,36,5,4,1017,79,0.554
710958033,Client actuel,49,F,5,Sans diplôme,Célibataire,Moins de $40K,Blue,39,2,2,0,76,0.0
711368283,Client actuel,39,M,2,Non connu,Marié(e),$80K - $120K,Blue,27,3,2,1629,53,0.047
807275733,Client actuel,27,M,0,Master,Célibataire,Non connu,Blue,22,2,2,873,37,0.122
708231183,Client actuel,30,M,1,Sans diplôme,Divorcé(e),Non connu,Blue,22,3,4,910,72,0.073
789690483,Client actuel,39,M,4,Lycée (équivalent baccalauréat),Marié(e),$80K - $120K,Blue,25,2,3,0,39,0.0
789338583,Client actuel,42,M,2,Doctorat,Célibataire,$80K - $120K,Blue,32,2,2,1073,30,0.041
717411483,Client actuel,55,M,4,Niveau Bac+2,Divorcé(e),$80K - $120K,Blue,36,2,3,1194,69,0.035
720799608,Client actuel,57,F,2,Licence,Marié(e),$40K - $60K,Blue,49,1,2,1720,32,0.509
714112383,Client actuel,53,M,2,Licence,Marié(e),$120K +,Blue,43,3,2,2335,30,0.397
717994608,Client actuel,51,M,0,Licence,Célibataire,$80K - $120K,Blue,40,3,2,0,60,0.0
798558783,Client actuel,47,M,3,Licence,Marié(e),Moins de $40K,Blue,41,1,4,1747,75,0.3
716875083,Client actuel,26,F,0,Lycée (équivalent baccalauréat),Célibataire,$40K - $60K,Blue,36,3,4,0,42,0.0
714603558,Client actuel,37,M,2,Lycée (équivalent baccalauréat),Célibataire,$40K - $60K,Blue,24,2,3,1758,46,0.15
789903708,Client actuel,45,F,2,Sans diplôme,Célibataire,$40K - $60K,Blue,35,3,2,1562,68,0.347
801989733,Client actuel,55,M,2,Sans diplôme,Célibataire,$60K - $80K,Blue,48,3,2,1193,76,0.156
789504183,Client actuel,37,M,4,Licence,Célibataire,$120K +,Blue,28,3,4,0,62,0.0
714574083,Client actuel,36,F,3,Licence,Célibataire,Moins de $40K,Blue,31,2,3,2159,51,0.735
717978033,Client actuel,36,F,1,Lycée (équivalent baccalauréat),Célibataire,Moins de $40K,Blue,36,3,4,1572,73,0.299
711256908,Client actuel,39,M,2,Lycée (équivalent baccalauréat),Célibataire,$60K - $80K,Blue,28,3,3,957,81,0.093
721023708,Client actuel,47,M,4,Sans diplôme,Marié(e),$60K - $80K,Blue,36,3,3,0,62,0.0
714522258,Client actuel,56,F,2,Licence,Marié(e),Moins de $40K,Blue,48,3,2,1590,37,0.364
714247458,Client actuel,56,F,4,Sans diplôme,Célibataire,Non connu,Blue,46,2,2,2276,71,0.283
780416433,Client actuel,38,M,2,Non connu,Marié(e),Moins de $40K,Blue,25,1,3,734,38,0.084
713644758,Client actuel,49,M,3,Licence,Célibataire,$120K +,Blue,36,2,3,2013,74,0.236
712700358,Client actuel,36,F,4,Sans diplôme,Célibataire,Moins de $40K,Blue,26,3,2,1377,60,0.688
779873508,Client actuel,51,F,0,Lycée (équivalent baccalauréat),Marié(e),Moins de $40K,Blue,35,3,4,1815,60,0.58
779342958,Client actuel,26,F,0,Niveau Bac+2,Marié(e),$40K - $60K,Blue,13,3,3,1070,85,0.532
711738333,Client actuel,34,M,2,Licence,Marié(e),$80K - $120K,Blue,23,2,3,1776,45,0.235
709413933,Client perdu,56,M,2,Lycée (équivalent baccalauréat),Célibataire,$40K - $60K,Blue,40,8,6,651,46,0.273
720323208,Client actuel,43,M,2,Licence,Marié(e),$120K +,Silver,31,2,4,2398,88,0.069
708132783,Client actuel,47,F,3,Sans diplôme,Célibataire,Non connu,Blue,42,2,2,1179,71,0.072
713372583,Client actuel,42,F,4,Lycée (équivalent baccalauréat),Célibataire,Moins de $40K,Blue,19,2,0,0,67,0.0
710092683,Client actuel,38,M,2,Niveau Bac+2,Célibataire,$80K - $120K,Blue,30,3,2,1421,47,0.38
779284833,Client actuel,55,M,2,Master,Célibataire,$60K - $80K,Blue,37,3,1,1799,63,0.081
713426358,Client actuel,28,F,0,Niveau Bac+2,Marié(e),Non connu,Blue,36,2,3,0,62,0.0
717132633,Client actuel,62,M,0,Sans diplôme,Célibataire,$40K - $60K,Blue,50,2,2,1466,61,0.2
714967233,Client perdu,52,M,2,Doctorat,Marié(e),$120K +,Blue,34,2,3,0,47,0.0
767587833,Client actuel,44,M,3,Non connu,Célibataire,$120K +,Blue,37,1,5,2512,75,0.688
714954033,Client actuel,29,F,0,Master,Célibataire,Moins de $40K,Blue,36,2,3,1223,57,0.241
716154258,Client actuel,48,M,4,Doctorat,Non connu,$60K - $80K,Silver,38,2,2,1482,37,0.045
755399433,Client actuel,43,M,3,Sans diplôme,Marié(e),$80K - $120K,Blue,36,1,2,926,68,0.032
709876008,Client actuel,49,F,2,Master,Célibataire,Moins de $40K,Blue,36,1,3,1473,49,0.431
709918158,Client actuel,43,M,3,Lycée (équivalent baccalauréat),Célibataire,$80K - $120K,Blue,23,6,1,0,51,0.0
713350908,Client actuel,41,F,2,Sans diplôme,Marié(e),$40K - $60K,Blue,36,3,3,1912,68,0.711
715759458,Client actuel,43,M,3,Licence,Célibataire,$80K - $120K,Blue,31,2,4,0,74,0.0
713976258,Client actuel,51,F,3,Licence,Célibataire,Moins de $40K,Blue,46,1,3,989,63,0.552
790174608,Client actuel,37,M,1,Doctorat,Célibataire,$80K - $120K,Blue,30,3,2,1181,70,0.061
771335358,Client actuel,37,M,2,Niveau Bac+2,Divorcé(e),$40K - $60K,Blue,24,3,4,2098,54,0.258
708382083,Client actuel,49,M,5,Lycée (équivalent baccalauréat),Marié(e),$80K - $120K,Blue,36,2,2,0,60,0.0
771829758,Client actuel,36,M,3,Sans diplôme,Célibataire,$80K - $120K,Blue,25,3,3,1345,46,0.063
767333808,Client actuel,50,F,2,Licence,Non connu,Moins de $40K,Blue,43,3,4,0,74,0.0
721385433,Client actuel,64,M,0,Non connu,Marié(e),Moins de $40K,Blue,51,3,4,1201,39,0.431
794293908,Client actuel,36,F,3,Niveau Bac+2,Célibataire,Non connu,Blue,30,2,3,1482,67,0.17
720409608,Client actuel,45,M,3,Lycée (équivalent baccalauréat),Marié(e),$120K +,Blue,35,2,3,1974,39,0.061
717830583,Client actuel,41,M,2,Licence,Marié(e),$80K - $120K,Blue,36,3,3,2140,88,0.234
715455708,Client actuel,47,M,3,Licence,Célibataire,$80K - $120K,Blue,37,3,2,1468,49,0.287
719108358,Client actuel,39,M,2,Master,Célibataire,$80K - $120K,Blue,31,2,1,2517,56,0.133
769323183,Client actuel,51,M,4,Sans diplôme,Célibataire,$120K +,Blue,45,2,3,2517,44,0.208
820020258,Client actuel,55,F,1,Lycée (équivalent baccalauréat),Célibataire,$40K - $60K,Blue,46,3,4,962,40,0.179
719234883,Client actuel,57,M,3,Licence,Célibataire,$120K +,Blue,49,3,3,2134,88,0.065
807349158,Client actuel,36,M,4,Doctorat,Divorcé(e),$120K +,Blue,31,3,4,1491,60,0.043
710799783,Client actuel,35,M,2,Non connu,Marié(e),$120K +,Blue,36,3,4,1779,60,0.117
778456983,Client actuel,38,F,2,Non connu,Célibataire,Moins de $40K,Blue,23,3,3,1205,49,0.542
708644208,Client actuel,39,F,2,Licence,Célibataire,$40K - $60K,Blue,34,2,4,0,77,0.0
711659958,Client actuel,65,F,0,Licence,Marié(e),$40K - $60K,Blue,56,2,1,1869,36,0.694
798988983,Client actuel,51,F,2,Sans diplôme,Marié(e),Moins de $40K,Blue,45,3,2,2037,78,0.284
710760258,Client actuel,50,F,3,Lycée (équivalent baccalauréat),Marié(e),Moins de $40K,Blue,38,3,4,0,81,0.0
799700208,Client actuel,38,M,2,Licence,Célibataire,$60K - $80K,Silver,32,1,1,1587,70,0.059
772401933,Client actuel,36,F,1,Non connu,Célibataire,Moins de $40K,Blue,26,3,2,0,62,0.0
787460883,Client perdu,41,M,3,Sans diplôme,Marié(e),$40K - $60K,Blue,28,5,6,0,34,0.0
770937183,Client actuel,40,F,4,Licence,Célibataire,Moins de $40K,Silver,27,1,2,2084,87,0.194
715468083,Client actuel,40,F,2,Doctorat,Marié(e),Non connu,Silver,36,2,4,1686,66,0.049
807161508,Client actuel,26,M,1,Non connu,Célibataire,Moins de $40K,Blue,20,3,2,1748,52,0.675
772268058,Client actuel,46,F,4,Sans diplôme,Célibataire,Moins de $40K,Blue,35,2,3,1473,69,0.541
710166783,Client actuel,49,F,1,Licence,Marié(e),Moins de $40K,Blue,36,3,0,0,80,0.0
804820233,Client actuel,38,M,2,Non connu,Divorcé(e),$80K - $120K,Blue,33,3,2,1781,62,0.151
708758658,Client actuel,49,M,4,Licence,Marié(e),$80K - $120K,Blue,39,1,1,543,76,0.016
714011358,Client actuel,38,M,3,Licence,Divorcé(e),$80K - $120K,Blue,24,1,3,0,60,0.0
712401033,Client actuel,36,M,1,Non connu,Célibataire,Moins de $40K,Blue,23,3,1,928,59,0.645
771212508,Client actuel,34,F,2,Non connu,Célibataire,Moins de $40K,Blue,21,3,4,1270,93,0.207
821150958,Client actuel,52,M,5,Licence,Marié(e),$80K - $120K,Blue,47,1,1,665,66,0.325
792272658,Client actuel,40,M,3,Licence,Célibataire,$80K - $120K,Blue,34,3,4,1220,73,0.055
809818008,Client actuel,36,M,3,Sans diplôme,Marié(e),$80K - $120K,Blue,31,3,5,1620,60,0.126
803231058,Client actuel,53,M,3,Lycée (équivalent baccalauréat),Célibataire,Moins de $40K,Blue,47,1,1,1474,66,0.44
715698633,Client actuel,40,F,2,Non connu,Marié(e),Moins de $40K,Blue,36,1,1,2376,57,0.467
720450108,Client actuel,54,M,1,Licence,Marié(e),$40K - $60K,Blue,44,1,1,0,37,0.0
719076858,Client actuel,34,M,4,Niveau Bac+2,Célibataire,$60K - $80K,Blue,20,1,2,1952,81,0.902
720016308,Client actuel,62,F,1,Non connu,Célibataire,Moins de $40K,Blue,54,2,2,1319,77,0.684
712443558,Client actuel,39,F,1,Niveau Bac+2,Célibataire,Non connu,Blue,36,1,1,0,57,0.0
711835758,Client actuel,50,M,3,Licence,Marié(e),$120K +,Blue,42,5,3,2099,35,0.061
709284333,Client actuel,36,M,1,Sans diplôme,Divorcé(e),$120K +,Blue,28,3,2,1116,62,0.212
788122533,Client actuel,56,F,1,Licence,Marié(e),Moins de $40K,Blue,48,2,2,0,32,0.0
709206333,Client perdu,44,F,4,Licence,Marié(e),$40K - $60K,Blue,30,6,6,0,40,0.0
713039808,Client actuel,45,M,4,Niveau Bac+2,Marié(e),Moins de $40K,Blue,32,2,1,0,48,0.0
801700233,Client actuel,36,M,2,Licence,Célibataire,$120K +,Blue,28,3,0,2462,74,0.776
716815308,Client actuel,44,F,2,Sans diplôme,Marié(e),Moins de $40K,Blue,36,2,5,1489,69,0.339
821149008,Client perdu,52,M,2,Licence,Célibataire,$80K - $120K,Blue,48,2,6,0,40,0.0
720580383,Client actuel,50,F,3,Licence,Marié(e),Moins de $40K,Blue,37,2,4,0,80,0.0
780202908,Client actuel,53,F,2,Licence,Célibataire,Moins de $40K,Blue,43,3,4,1480,70,0.216
787504158,Client actuel,36,F,0,Non connu,Marié(e),Moins de $40K,Blue,24,3,2,2230,42,0.868
716183283,Client actuel,27,F,1,Niveau Bac+2,Divorcé(e),Moins de $40K,Blue,15,3,2,890,70,0.411
824168808,Client actuel,31,F,1,Niveau Bac+2,Divorcé(e),Non connu,Blue,27,6,3,1480,60,0.406
712936908,Client actuel,36,M,3,Non connu,Célibataire,$60K - $80K,Blue,36,1,1,1786,88,0.153
719855958,Client actuel,41,M,4,Lycée (équivalent baccalauréat),Célibataire,$60K - $80K,Blue,28,1,4,0,66,0.0
710112933,Client actuel,28,M,1,Sans diplôme,Célibataire,$60K - $80K,Blue,18,3,2,1716,61,0.103
768364233,Client actuel,59,M,1,Lycée (équivalent baccalauréat),Marié(e),$40K - $60K,Blue,53,2,5,1885,33,0.346
771725808,Client actuel,43,M,3,Sans diplôme,Non connu,$80K - $120K,Blue,31,1,4,769,71,0.027
780686358,Client actuel,41,M,3,Non connu,Marié(e),$60K - $80K,Blue,30,1,1,1676,58,0.58
712762758,Client actuel,46,M,2,Licence,Marié(e),$60K - $80K,Blue,34,2,0,1280,79,0.135
714392808,Client actuel,51,M,3,Non connu,Marié(e),$80K - $120K,Blue,43,4,5,1019,62,0.073
713089458,Client actuel,44,M,1,Lycée (équivalent baccalauréat),Marié(e),Moins de $40K,Blue,33,2,2,808,78,0.132
826780683,Client actuel,40,M,3,Licence,Marié(e),$60K - $80K,Blue,36,2,2,0,85,0.0
780251658,Client actuel,32,M,1,Lycée (équivalent baccalauréat),Marié(e),$40K - $60K,Blue,18,1,4,1586,57,0.346
772273983,Client perdu,48,M,4,Sans diplôme,Marié(e),$40K - $60K,Blue,37,6,7,2191,40,0.416
737944908,Client actuel,58,M,2,Non connu,Marié(e),$60K - $80K,Blue,51,2,2,1463,36,0.098
720688158,Client actuel,37,F,3,Lycée (équivalent baccalauréat),Célibataire,Moins de $40K,Blue,25,2,4,0,68,0.0
719902908,Client perdu,51,M,3,Non connu,Marié(e),$80K - $120K,Blue,36,6,3,0,31,0.0
771682533,Client actuel,43,F,3,Non connu,Marié(e),Moins de $40K,Blue,31,3,2,0,75,0.0
708193008,Client actuel,41,M,4,Sans diplôme,Marié(e),$80K - $120K,Blue,30,3,4,0,43,0.0
772449858,Client actuel,51,M,3,Licence,Divorcé(e),$40K - $60K,Blue,41,3,4,1388,70,0.183
715992558,Client actuel,52,M,2,Doctorat,Marié(e),$80K - $120K,Blue,38,2,2,1628,59,0.126
708502908,Client actuel,61,M,2,Lycée (équivalent baccalauréat),Célibataire,$60K - $80K,Silver,48,2,3,0,88,0.0
720132258,Client actuel,49,M,3,Master,Célibataire,$120K +,Silver,36,1,5,1323,78,0.038
708704433,Client actuel,36,F,3,Lycée (équivalent baccalauréat),Célibataire,Non connu,Blue,23,3,4,2090,77,0.745
720906033,Client actuel,35,M,1,Licence,Marié(e),$40K - $60K,Blue,25,4,4,1176,52,0.203
719961183,Client actuel,63,F,0,Lycée (équivalent baccalauréat),Marié(e),Moins de $40K,Blue,53,3,2,1278,33,0.563
718838808,Client actuel,36,F,1,Master,Marié(e),Moins de $40K,Blue,23,3,3,2354,48,0.758
710268858,Client actuel,33,F,4,Licence,Célibataire,Moins de $40K,Blue,22,1,2,1217,99,0.608
788360283,Client actuel,33,M,1,Licence,Célibataire,$80K - $120K,Blue,26,1,0,0,55,0.0
717914808,Client actuel,65,M,1,Lycée (équivalent baccalauréat),Célibataire,Non connu,Blue,36,3,5,703,66,0.157
802884933,Client actuel,61,M,1,Licence,Marié(e),$60K - $80K,Blue,55,2,3,1348,32,0.413
714436383,Client actuel,44,M,4,Licence,Non connu,$80K - $120K,Blue,34,3,2,0,75,0.0
718785483,Client actuel,38,M,1,Doctorat,Célibataire,$80K - $120K,Silver,29,3,3,1435,85,0.042
708816408,Client actuel,41,M,4,Sans diplôme,Célibataire,$80K - $120K,Blue,32,6,3,0,71,0.0
715363908,Client actuel,44,F,4,Sans diplôme,Marié(e),Moins de $40K,Blue,26,1,2,1551,70,0.328
709163358,Client perdu,41,M,5,Non connu,Marié(e),$60K - $80K,Gold,32,6,7,2517,35,0.073
827643858,Client actuel,45,F,2,Non connu,Célibataire,Moins de $40K,Blue,41,2,2,0,64,0.0
711251133,Client actuel,37,M,0,Master,Célibataire,$80K - $120K,Blue,27,2,3,0,55,0.0
716896833,Client actuel,51,M,1,Non connu,Célibataire,$80K - $120K,Blue,38,1,4,1319,35,0.116
789193383,Client actuel,65,M,0,Sans diplôme,Célibataire,Moins de $40K,Blue,54,1,5,1691,70,0.64
712801758,Client actuel,37,F,1,Licence,Célibataire,$40K - $60K,Blue,27,1,2,2517,63,0.942
719836083,Client actuel,54,M,4,Non connu,Marié(e),$60K - $80K,Blue,36,4,2,1752,34,0.234
718291233,Client actuel,46,M,4,Licence,Marié(e),$80K - $120K,Blue,33,1,3,917,67,0.057
718682883,Client actuel,41,M,2,Non connu,Célibataire,$80K - $120K,Blue,34,3,1,2449,76,0.128
771503958,Client actuel,49,M,2,Non connu,Célibataire,$40K - $60K,Blue,37,1,3,1265,72,0.423
771960708,Client actuel,51,M,2,Licence,Célibataire,$80K - $120K,Blue,40,2,4,2461,80,0.748
717427983,Client actuel,50,F,3,Lycée (équivalent baccalauréat),Célibataire,Moins de $40K,Silver,39,3,4,2422,64,0.217
712737108,Client actuel,48,F,4,Lycée (équivalent baccalauréat),Marié(e),Non connu,Blue,36,1,2,0,75,0.0
771599283,Client actuel,53,M,2,Licence,Marié(e),$80K - $120K,Blue,41,2,5,1668,32,0.669
717237708,Client actuel,54,M,2,Master,Célibataire,$60K - $80K,Blue,38,3,5,1878,58,0.132
710703708,Client actuel,46,F,4,Non connu,Célibataire,$40K - $60K,Silver,35,3,2,968,56,0.057
712513458,Client actuel,47,F,4,Lycée (équivalent baccalauréat),Célibataire,Moins de $40K,Blue,38,1,4,1899,70,0.254
709690158,Client actuel,52,F,4,Licence,Marié(e),Moins de $40K,Blue,36,1,2,2517,33,0.548
709959858,Client actuel,43,F,4,Licence,Célibataire,Moins de $40K,Blue,32,3,4,0,63,0.0
720683958,Client actuel,41,M,4,Sans diplôme,Divorcé(e),$80K - $120K,Gold,36,2,2,0,67,0.0
780704358,Client actuel,34,M,3,Master,Non connu,$60K - $80K,Silver,23,3,0,0,73,0.0
717843783,Client actuel,33,F,1,Niveau Bac+2,Célibataire,Moins de $40K,Silver,17,3,2,1583,71,0.118
718318383,Client actuel,49,M,1,Lycée (équivalent baccalauréat),Non connu,$60K - $80K,Blue,36,3,4,1499,69,0.567
708849858,Client actuel,44,M,3,Doctorat,Célibataire,$120K +,Blue,35,1,5,1435,73,0.102
712652283,Client actuel,36,M,1,Sans diplôme,Divorcé(e),$80K - $120K,Blue,28,1,3,774,74,0.022
793461933,Client actuel,37,M,3,Lycée (équivalent baccalauréat),Célibataire,$80K - $120K,Blue,31,2,4,1006,57,0.177
720084183,Client actuel,46,M,3,Non connu,Divorcé(e),$120K +,Blue,34,2,4,0,75,0.0
767114958,Client actuel,65,M,0,Sans diplôme,Célibataire,Moins de $40K,Blue,56,2,2,2073,70,0.643
709216533,Client actuel,52,M,2,Niveau Bac+2,Célibataire,$80K - $120K,Blue,36,3,4,778,64,0.278
720897783,Client actuel,50,M,1,Sans diplôme,Célibataire,$120K +,Blue,30,2,5,2010,59,0.058
773503308,Client actuel,59,M,1,Sans diplôme,Célibataire,Moins de $40K,Blue,53,5,4,1569,79,0.716
719963433,Client actuel,37,F,3,Non connu,Célibataire,Non connu,Blue,29,2,2,1945,77,0.234
708139833,Client perdu,40,M,3,Licence,Non connu,$60K - $80K,Blue,30,2,3,0,44,0.0
710664558,Client actuel,40,F,3,Lycée (équivalent baccalauréat),Marié(e),Moins de $40K,Blue,31,2,4,945,73,0.2
713687508,Client actuel,59,M,1,Doctorat,Célibataire,$60K - $80K,Blue,49,2,4,1606,69,0.162
816312633,Client actuel,52,F,3,Niveau Bac+2,Marié(e),$40K - $60K,Blue,47,3,3,0,66,0.0
712019883,Client actuel,43,F,4,Non connu,Non connu,Non connu,Blue,34,3,3,1528,69,0.12
718216008,Client actuel,48,M,3,Licence,Marié(e),$60K - $80K,Blue,38,2,3,2157,60,0.127
718345233,Client actuel,45,F,2,Licence,Non connu,Moins de $40K,Blue,35,3,3,2517,41,0.777
771228183,Client actuel,30,F,0,Licence,Divorcé(e),Moins de $40K,Blue,17,1,3,0,87,0.0
789430083,Client actuel,41,F,5,Lycée (équivalent baccalauréat),Célibataire,$40K - $60K,Blue,32,1,2,1425,83,0.095
779524833,Client actuel,51,M,1,Non connu,Célibataire,$80K - $120K,Blue,34,3,3,1563,59,0.44
823621083,Client actuel,46,M,3,Licence,Marié(e),$120K +,Blue,42,3,4,938,74,0.102
715563558,Client actuel,50,M,1,Non connu,Célibataire,$120K +,Blue,40,3,2,1057,62,0.141
715424283,Client actuel,31,F,0,Niveau Bac+2,Marié(e),Moins de $40K,Blue,21,2,2,0,50,0.0
807209808,Client actuel,48,M,1,Lycée (équivalent baccalauréat),Célibataire,$60K - $80K,Blue,40,2,2,1630,68,0.703
716578158,Client actuel,39,F,1,Non connu,Marié(e),Moins de $40K,Blue,29,2,5,1592,49,0.585
708911508,Client actuel,50,F,2,Non connu,Marié(e),Moins de $40K,Blue,39,3,2,0,71,0.0
717332733,Client actuel,47,M,4,Non connu,Célibataire,$80K - $120K,Silver,37,2,4,0,80,0.0
710681808,Client actuel,53,M,3,Lycée (équivalent baccalauréat),Célibataire,$80K - $120K,Blue,42,3,3,1548,52,0.084
708740808,Client actuel,45,M,4,Licence,Marié(e),$40K - $60K,Blue,36,3,4,0,54,0.0
711728208,Client actuel,46,M,4,Licence,Célibataire,$120K +,Blue,34,1,2,0,68,0.0
720562008,Client actuel,34,M,2,Licence,Célibataire,$80K - $120K,Silver,22,3,3,1263,65,0.037
709012083,Client actuel,39,M,1,Sans diplôme,Marié(e),Moins de $40K,Blue,28,3,4,2514,45,0.537
771073908,Client actuel,62,M,0,Non connu,Marié(e),$40K - $60K,Blue,48,1,2,0,27,0.0
718174908,Client actuel,53,F,3,Sans diplôme,Marié(e),Moins de $40K,Blue,36,3,2,2417,29,0.572
709550958,Client actuel,51,M,3,Licence,Marié(e),$60K - $80K,Blue,32,1,4,0,62,0.0
720411183,Client actuel,34,F,1,Lycée (équivalent baccalauréat),Célibataire,Non connu,Blue,22,1,0,1857,66,0.181
720776508,Client actuel,44,F,2,Doctorat,Célibataire,$40K - $60K,Blue,25,3,2,0,65,0.0
755615208,Client actuel,49,M,3,Lycée (équivalent baccalauréat),Célibataire,$120K +,Blue,42,3,2,1822,66,0.144
708147108,Client actuel,26,M,0,Licence,Divorcé(e),Non connu,Blue,36,1,3,2517,71,0.119
827476983,Client perdu,56,F,2,Niveau Bac+2,Célibataire,$40K - $60K,Blue,52,6,1,2178,42,0.599
716682258,Client actuel,52,M,1,Lycée (équivalent baccalauréat),Divorcé(e),$120K +,Blue,36,3,5,1591,62,0.05
708563433,Client perdu,65,F,0,Lycée (équivalent baccalauréat),Célibataire,Non connu,Blue,56,8,3,477,32,0.081
772277508,Client actuel,65,F,1,Non connu,Célibataire,Moins de $40K,Blue,54,2,2,0,52,0.0
712515558,Client actuel,35,M,1,Niveau Bac+2,Célibataire,$60K - $80K,Blue,26,2,3,1515,77,0.065
719342808,Client actuel,48,M,3,Licence,Célibataire,$80K - $120K,Blue,30,2,3,688,76,0.165
788957358,Client actuel,53,F,1,Licence,Célibataire,$40K - $60K,Blue,39,3,2,2227,77,0.452
778386033,Client actuel,38,M,3,Sans diplôme,Marié(e),$60K - $80K,Blue,18,3,4,1749,34,0.512
820060758,Client actuel,50,F,1,Niveau Bac+2,Célibataire,Moins de $40K,Blue,45,2,4,1965,59,0.411
713271708,Client actuel,46,M,3,Sans diplôme,Marié(e),Moins de $40K,Silver,33,2,2,0,74,0.0
720555483,Client actuel,48,M,3,Licence,Célibataire,$80K - $120K,Blue,35,3,3,0,79,0.0
709405758,Client actuel,36,M,2,Licence,Marié(e),$60K - $80K,Blue,28,3,2,1217,49,0.637
769463433,Client actuel,41,F,2,Master,Célibataire,Moins de $40K,Blue,35,3,2,0,71,0.0
786087633,Client actuel,60,M,0,Non connu,Marié(e),$60K - $80K,Blue,54,1,0,2501,34,0.906
738627708,Client perdu,49,F,2,Non connu,Célibataire,Non connu,Blue,41,6,7,0,42,0.0
719527833,Client actuel,45,F,4,Lycée (équivalent baccalauréat),Non connu,Non connu,Blue,36,3,3,1097,70,0.048
715921758,Client actuel,36,M,2,Niveau Bac+2,Célibataire,$60K - $80K,Blue,25,3,2,0,68,0.0
717280158,Client actuel,49,M,3,Licence,Marié(e),Moins de $40K,Blue,36,3,5,1817,60,0.611
714179658,Client actuel,43,M,3,Lycée (équivalent baccalauréat),Célibataire,$120K +,Blue,36,1,3,0,48,0.0
806637558,Client actuel,58,M,1,Lycée (équivalent baccalauréat),Marié(e),$60K - $80K,Blue,53,2,5,0,40,0.0
714828708,Client actuel,46,M,0,Lycée (équivalent baccalauréat),Divorcé(e),$80K - $120K,Blue,36,1,4,0,88,0.0
711989358,Client actuel,50,M,2,Licence,Célibataire,$80K - $120K,Blue,36,2,1,1187,62,0.061
720188508,Client actuel,43,M,4,Licence,Célibataire,$60K - $80K,Blue,25,2,4,1749,64,0.133
719528958,Client actuel,57,F,3,Niveau Bac+2,Célibataire,$40K - $60K,Blue,36,1,3,1508,71,0.184
713110908,Client actuel,30,M,1,Non connu,Marié(e),Moins de $40K,Blue,13,6,5,1966,45,0.754
721179708,Client actuel,48,F,2,Non connu,Marié(e),Moins de $40K,Blue,37,2,3,0,76,0.0
716363658,Client actuel,51,M,2,Doctorat,Célibataire,$120K +,Blue,36,2,5,582,84,0.022
711443808,Client actuel,46,M,2,Non connu,Divorcé(e),$60K - $80K,Blue,37,1,1,1657,53,0.615
778952058,Client actuel,46,M,3,Niveau Bac+2,Célibataire,$80K - $120K,Blue,32,2,5,1496,56,0.072
713642133,Client actuel,45,M,4,Non connu,Marié(e),$40K - $60K,Blue,30,3,3,1049,60,0.554
778908783,Client actuel,52,M,3,Niveau Bac+2,Marié(e),$80K - $120K,Blue,33,3,4,1018,25,0.037
778170633,Client actuel,48,M,5,Licence,Marié(e),$80K - $120K,Blue,38,2,2,657,71,0.019
714670533,Client actuel,47,M,3,Non connu,Célibataire,$80K - $120K,Blue,37,1,5,2517,62,0.102
771833433,Client perdu,49,M,2,Lycée (équivalent baccalauréat),Marié(e),$80K - $120K,Blue,38,2,7,0,48,0.0
772758783,Client actuel,43,M,1,Non connu,Marié(e),$80K - $120K,Blue,33,1,5,735,60,0.035
788959758,Client actuel,47,F,4,Sans diplôme,Célibataire,$40K - $60K,Blue,33,2,1,561,59,0.061
716878533,Client actuel,55,M,2,Non connu,Célibataire,$80K - $120K,Blue,46,1,1,1889,33,0.172
713267133,Client actuel,41,F,5,Master,Marié(e),Moins de $40K,Blue,33,1,2,851,65,0.131
716263533,Client actuel,44,M,5,Lycée (équivalent baccalauréat),Marié(e),$80K - $120K,Blue,36,2,2,1464,72,0.583
719026383,Client actuel,35,F,2,Sans diplôme,Marié(e),Moins de $40K,Blue,36,1,3,0,59,0.0
821755233,Client actuel,40,F,2,Non connu,Marié(e),Non connu,Blue,28,5,2,1123,69,0.075
709683633,Client actuel,32,F,1,Lycée (équivalent baccalauréat),Célibataire,Moins de $40K,Silver,13,1,2,948,67,0.092
714318033,Client actuel,50,M,4,Non connu,Marié(e),$60K - $80K,Blue,36,1,4,1638,57,0.16
828291858,Client perdu,38,M,3,Niveau Bac+2,Marié(e),$60K - $80K,Blue,34,6,7,1821,40,0.151
779647608,Client actuel,39,M,2,Lycée (équivalent baccalauréat),Célibataire,$120K +,Blue,22,2,2,0,92,0.0
787605558,Client actuel,48,F,3,Licence,Divorcé(e),Moins de $40K,Blue,31,2,2,0,81,0.0
771534408,Client actuel,52,F,2,Niveau Bac+2,Célibataire,Moins de $40K,Blue,40,3,3,2379,74,0.855
716219808,Client actuel,49,M,3,Licence,Non connu,$60K - $80K,Blue,36,2,3,0,41,0.0
715690908,Client actuel,46,F,3,Licence,Célibataire,Moins de $40K,Silver,39,3,2,1260,78,0.103
789125733,Client actuel,38,F,4,Doctorat,Marié(e),Moins de $40K,Blue,26,2,4,1402,53,0.35
717271983,Client actuel,60,M,0,Niveau Bac+2,Célibataire,$80K - $120K,Silver,53,3,2,1388,64,0.04
709695333,Client actuel,48,M,2,Lycée (équivalent baccalauréat),Célibataire,$80K - $120K,Blue,36,2,4,1695,82,0.166
712233183,Client actuel,45,F,2,Licence,Célibataire,Moins de $40K,Blue,34,3,1,1622,62,0.38
716645883,Client actuel,47,M,2,Non connu,Non connu,$60K - $80K,Blue,36,2,2,0,68,0.0
711762408,Client actuel,43,M,2,Doctorat,Divorcé(e),$40K - $60K,Blue,34,1,2,0,63,0.0
818305008,Client actuel,41,F,2,Licence,Marié(e),$40K - $60K,Blue,36,1,3,1375,89,0.122
788159433,Client actuel,53,M,2,Non connu,Célibataire,$60K - $80K,Blue,45,1,2,818,70,0.036
709104333,Client actuel,50,M,5,Master,Marié(e),$120K +,Silver,36,2,4,891,64,0.026
708112008,Client actuel,56,M,2,Licence,Marié(e),$80K - $120K,Blue,36,2,3,1049,35,0.045
714731208,Client actuel,63,F,0,Sans diplôme,Non connu,$40K - $60K,Blue,55,2,2,1433,58,0.868
710006958,Client actuel,53,F,1,Lycée (équivalent baccalauréat),Célibataire,Moins de $40K,Blue,41,2,2,796,69,0.092
815062383,Client actuel,35,F,2,Lycée (équivalent baccalauréat),Marié(e),Moins de $40K,Blue,30,3,1,1193,33,0.262
778447908,Client actuel,51,M,2,Niveau Bac+2,Célibataire,$80K - $120K,Blue,33,1,2,0,65,0.0
720725058,Client perdu,51,F,1,Licence,Célibataire,$80K - $120K,Blue,37,6,7,0,33,0.0
803415183,Client actuel,44,M,3,Non connu,Célibataire,$80K - $120K,Silver,38,3,1,657,76,0.019
708582858,Client actuel,38,M,3,Licence,Célibataire,$60K - $80K,Blue,25,3,4,0,63,0.0
779833908,Client actuel,40,F,2,Licence,Divorcé(e),Non connu,Blue,23,2,1,1376,67,0.075
818687958,Client actuel,48,M,2,Licence,Divorcé(e),$80K - $120K,Blue,43,3,2,1436,88,0.225
708714108,Client actuel,42,F,3,Lycée (équivalent baccalauréat),Célibataire,Moins de $40K,Silver,31,2,3,2517,49,0.187
754872333,Client actuel,50,M,2,Licence,Marié(e),$120K +,Blue,43,1,3,0,88,0.0
718637208,Client actuel,54,F,2,Licence,Célibataire,Moins de $40K,Blue,43,2,1,1387,36,0.687
816772908,Client actuel,38,M,3,Lycée (équivalent baccalauréat),Célibataire,$60K - $80K,Silver,33,1,2,1793,78,0.052
711935283,Client perdu,55,M,5,Master,Marié(e),$80K - $120K,Blue,47,1,7,0,36,0.0
716950758,Client perdu,46,M,4,Lycée (équivalent baccalauréat),Marié(e),$60K - $80K,Blue,36,6,2,0,43,0.0
716497908,Client actuel,49,F,1,Doctorat,Marié(e),Non connu,Blue,36,1,2,0,65,0.0
809358708,Client actuel,38,M,3,Non connu,Célibataire,$80K - $120K,Blue,33,2,2,2135,63,0.062
716037708,Client actuel,50,M,0,Sans diplôme,Divorcé(e),$60K - $80K,Blue,39,3,3,1021,54,0.108
717804783,Client actuel,40,F,3,Licence,Célibataire,Moins de $40K,Blue,27,3,4,824,70,0.125
715338783,Client actuel,32,M,1,Lycée (équivalent baccalauréat),Célibataire,$60K - $80K,Blue,36,2,2,0,80,0.0
779645658,Client actuel,49,M,3,Licence,Célibataire,$60K - $80K,Blue,32,1,4,1472,59,0.206
787565433,Client actuel,53,M,2,Master,Marié(e),$80K - $120K,Blue,43,2,4,1397,36,0.346
717287883,Client actuel,57,M,3,Licence,Marié(e),$80K - $120K,Blue,46,2,3,2517,24,0.456
715746633,Client actuel,64,F,0,Licence,Célibataire,Moins de $40K,Blue,54,1,2,689,70,0.124
720635883,Client actuel,34,M,3,Non connu,Non connu,$80K - $120K,Blue,24,3,3,1500,60,0.174
710077008,Client actuel,43,M,2,Sans diplôme,Célibataire,$120K +,Blue,33,3,1,1368,74,0.045
804437658,Client actuel,42,F,3,Doctorat,Marié(e),Moins de $40K,Blue,36,2,1,2154,66,0.22
780000258,Client actuel,48,M,3,Sans diplôme,Célibataire,$120K +,Blue,38,2,5,0,84,0.0
825785508,Client actuel,49,M,3,Lycée (équivalent baccalauréat),Célibataire,$120K +,Blue,45,2,2,1049,64,0.071
720252858,Client actuel,57,M,3,Niveau Bac+2,Célibataire,$60K - $80K,Blue,36,3,2,0,63,0.0
710017758,Client actuel,44,M,4,Licence,Célibataire,$40K - $60K,Blue,36,2,3,0,67,0.0
711750183,Client actuel,63,F,2,Licence,Célibataire,Moins de $40K,Gold,55,1,3,1345,56,0.084
718364283,Client actuel,43,M,3,Licence,Célibataire,$60K - $80K,Blue,30,2,4,0,72,0.0
711638658,Client actuel,33,M,4,Lycée (équivalent baccalauréat),Célibataire,$40K - $60K,Blue,25,1,1,1929,63,0.223
711046383,Client actuel,55,M,2,Licence,Célibataire,$80K - $120K,Silver,36,1,1,1316,60,0.038
720877083,Client actuel,50,M,2,Licence,Célibataire,$80K - $120K,Blue,36,1,2,1354,66,0.139
715662258,Client actuel,49,F,3,Non connu,Non connu,Moins de $40K,Blue,36,1,2,2060,75,0.839
715570533,Client perdu,48,M,3,Master,Non connu,$120K +,Blue,35,2,9,0,44,0.0
758202858,Client actuel,47,F,3,Lycée (équivalent baccalauréat),Non connu,Moins de $40K,Blue,40,2,4,1681,72,0.395
712872183,Client actuel,35,F,4,Sans diplôme,Célibataire,Moins de $40K,Blue,24,2,2,1367,92,0.418
710014683,Client actuel,31,F,0,Licence,Célibataire,Moins de $40K,Blue,20,3,2,724,65,0.208
716934333,Client actuel,50,M,3,Sans diplôme,Célibataire,$80K - $120K,Blue,40,1,4,2458,68,0.185
778523733,Client actuel,38,M,3,Licence,Célibataire,$80K - $120K,Blue,31,1,2,0,73,0.0
716353083,Client actuel,39,M,3,Licence,Célibataire,$60K - $80K,Blue,29,2,3,1028,72,0.153
753642933,Client actuel,52,F,3,Lycée (équivalent baccalauréat),Célibataire,Moins de $40K,Blue,45,3,0,1365,83,0.5
708151008,Client actuel,49,F,4,Licence,Marié(e),$40K - $60K,Blue,41,1,2,644,41,0.103
789646158,Client actuel,49,M,4,Sans diplôme,Marié(e),$40K - $60K,Blue,33,1,3,881,66,0.241
712423233,Client actuel,44,M,3,Lycée (équivalent baccalauréat),Divorcé(e),$60K - $80K,Blue,36,3,1,1368,71,0.06
719806233,Client actuel,36,M,1,Licence,Célibataire,$120K +,Blue,20,2,2,0,59,0.0
786509358,Client actuel,44,M,3,Non connu,Célibataire,$80K - $120K,Blue,38,1,4,1782,36,0.424
711502908,Client actuel,44,M,3,Licence,Célibataire,$60K - $80K,Blue,39,2,2,0,68,0.0
748617858,Client actuel,35,M,5,Sans diplôme,Célibataire,$60K - $80K,Blue,28,2,3,1704,65,0.371
721532583,Client perdu,45,M,4,Licence,Marié(e),$80K - $120K,Blue,36,5,7,2165,39,0.177
789244308,Client actuel,56,M,4,Niveau Bac+2,Célibataire,$80K - $120K,Blue,41,1,4,1899,64,0.107
709330383,Client actuel,37,F,1,Licence,Célibataire,Moins de $40K,Silver,19,3,3,2049,74,0.163
719136183,Client actuel,48,F,3,Sans diplôme,Marié(e),Moins de $40K,Blue,38,1,3,1444,69,0.408
716939358,Client actuel,43,F,3,Licence,Divorcé(e),Non connu,Blue,33,3,4,0,67,0.0
778155558,Client actuel,45,M,3,Non connu,Marié(e),$80K - $120K,Blue,38,1,2,0,71,0.0
713461533,Client actuel,54,M,3,Licence,Célibataire,$80K - $120K,Blue,38,2,1,1310,73,0.045
803776533,Client actuel,46,M,2,Master,Célibataire,$60K - $80K,Blue,41,3,2,0,52,0.0
714857508,Client actuel,44,F,4,Doctorat,Marié(e),Non connu,Blue,36,2,4,1775,69,0.205
720348933,Client actuel,44,M,3,Licence,Célibataire,$60K - $80K,Blue,31,3,4,758,60,0.059
721158108,Client actuel,38,M,2,Licence,Célibataire,$60K - $80K,Blue,30,2,4,0,72,0.0
789043008,Client actuel,55,F,2,Master,Divorcé(e),Moins de $40K,Blue,43,2,4,0,70,0.0
713362158,Client actuel,50,M,3,Non connu,Célibataire,$120K +,Blue,33,1,4,0,70,0.0
712623258,Client perdu,42,F,3,Licence,Marié(e),$60K - $80K,Blue,36,5,3,2517,42,0.457
708494583,Client actuel,49,F,3,Sans diplôme,Divorcé(e),Moins de $40K,Blue,36,1,3,0,53,0.0
718394658,Client actuel,31,F,0,Licence,Célibataire,Moins de $40K,Blue,22,1,1,2464,62,0.579
719398158,Client actuel,51,M,2,Non connu,Non connu,$80K - $120K,Blue,39,1,3,1886,76,0.191
711885258,Client actuel,47,F,4,Lycée (équivalent baccalauréat),Marié(e),Moins de $40K,Blue,31,3,4,988,42,0.128
789161358,Client actuel,30,F,0,Licence,Marié(e),Moins de $40K,Blue,19,1,4,2517,46,0.783
787581858,Client actuel,46,M,2,Non connu,Non connu,$120K +,Blue,37,2,4,1466,59,0.468
779198133,Client actuel,45,F,3,Lycée (équivalent baccalauréat),Divorcé(e),Moins de $40K,Blue,33,3,2,2088,61,0.209
708314808,Client actuel,53,F,2,Niveau Bac+2,Marié(e),Non connu,Blue,41,1,3,1393,40,0.246
720508233,Client perdu,62,M,0,Non connu,Célibataire,$80K - $120K,Silver,42,6,7,0,42,0.0
717134058,Client actuel,65,F,1,Non connu,Célibataire,Non connu,Blue,36,1,2,1131,81,0.225
783366483,Client actuel,44,F,3,Non connu,Marié(e),Non connu,Blue,38,3,3,1063,74,0.093
715412583,Client actuel,51,M,3,Master,Marié(e),$40K - $60K,Blue,36,1,4,1445,65,0.182
719562108,Client actuel,28,F,0,Sans diplôme,Célibataire,Moins de $40K,Silver,20,3,3,1650,67,0.129
754457883,Client actuel,49,M,2,Non connu,Célibataire,Moins de $40K,Blue,42,2,2,0,35,0.0
742552683,Client actuel,44,F,3,Lycée (équivalent baccalauréat),Marié(e),Moins de $40K,Blue,31,2,5,688,86,0.478
711455133,Client actuel,55,M,3,Niveau Bac+2,Célibataire,$120K +,Blue,36,3,3,1839,42,0.142
716387733,Client perdu,49,M,4,Licence,Marié(e),$60K - $80K,Blue,36,5,7,1484,25,0.262
772571508,Client actuel,34,F,2,Lycée (équivalent baccalauréat),Célibataire,Moins de $40K,Blue,24,1,0,0,43,0.0
718815108,Client actuel,50,M,2,Non connu,Marié(e),$80K - $120K,Blue,38,3,1,1315,81,0.218
719266158,Client actuel,42,M,2,Licence,Divorcé(e),$80K - $120K,Blue,35,3,1,1359,65,0.2
720708183,Client actuel,53,F,1,Sans diplôme,Divorcé(e),$40K - $60K,Silver,36,1,1,1242,83,0.081
767523933,Client actuel,53,M,3,Lycée (équivalent baccalauréat),Célibataire,$60K - $80K,Blue,45,1,0,0,69,0.0
797466033,Client actuel,32,M,1,Lycée (équivalent baccalauréat),Marié(e),$40K - $60K,Blue,26,2,3,1754,69,0.681
771886233,Client actuel,48,M,1,Non connu,Marié(e),$60K - $80K,Silver,37,3,5,1090,51,0.043
712612233,Client actuel,35,M,4,Licence,Célibataire,$60K - $80K,Blue,22,3,3,719,59,0.082
716516208,Client actuel,45,M,4,Licence,Célibataire,$80K - $120K,Blue,36,2,3,0,64,0.0
709950858,Client actuel,45,M,5,Niveau Bac+2,Marié(e),$80K - $120K,Blue,35,2,1,2301,71,0.068
779882508,Client actuel,53,F,2,Non connu,Célibataire,$40K - $60K,Blue,37,3,4,0,69,0.0
717472833,Client actuel,42,M,4,Non connu,Célibataire,$80K - $120K,Blue,32,3,5,713,73,0.098
712665633,Client actuel,43,F,3,Licence,Marié(e),Moins de $40K,Silver,30,1,4,1864,51,0.144
709562358,Client actuel,55,F,2,Non connu,Célibataire,Moins de $40K,Blue,43,1,5,1594,79,0.298
715391433,Client actuel,38,M,0,Licence,Marié(e),$60K - $80K,Blue,33,4,4,1560,41,0.133
708722583,Client actuel,39,F,4,Sans diplôme,Célibataire,Moins de $40K,Blue,36,3,1,1656,64,0.635
720452508,Client actuel,51,F,1,Niveau Bac+2,Marié(e),Non connu,Blue,37,3,1,0,74,0.0
714566958,Client actuel,44,M,3,Lycée (équivalent baccalauréat),Marié(e),$80K - $120K,Blue,36,2,5,1420,40,0.068
816084333,Client actuel,42,M,2,Non connu,Célibataire,$120K +,Gold,37,2,2,1230,63,0.036
806179683,Client actuel,63,F,1,Niveau Bac+2,Célibataire,$40K - $60K,Blue,56,3,2,2044,68,0.666
806244183,Client actuel,39,M,2,Licence,Divorcé(e),$60K - $80K,Blue,34,1,4,0,84,0.0
787999533,Client actuel,52,M,2,Lycée (équivalent baccalauréat),Célibataire,$120K +,Blue,44,2,2,2517,68,0.38
718358808,Client actuel,57,F,2,Lycée (équivalent baccalauréat),Divorcé(e),Moins de $40K,Blue,50,3,5,0,61,0.0
718474683,Client actuel,36,M,0,Lycée (équivalent baccalauréat),Marié(e),$120K +,Blue,24,3,2,2139,67,0.212
716908158,Client actuel,42,F,3,Niveau Bac+2,Marié(e),Moins de $40K,Blue,36,2,1,2517,64,0.305
713984208,Client actuel,52,M,4,Licence,Marié(e),$40K - $60K,Blue,33,2,1,874,72,0.151
713013483,Client actuel,40,F,4,Licence,Divorcé(e),Moins de $40K,Blue,36,3,3,915,58,0.636
754599558,Client actuel,40,F,3,Niveau Bac+2,Célibataire,Moins de $40K,Blue,33,3,1,2002,70,0.278
788739633,Client perdu,38,M,1,Non connu,Marié(e),$120K +,Blue,16,1,7,238,40,0.113
712411908,Client actuel,44,M,3,Lycée (équivalent baccalauréat),Marié(e),$60K - $80K,Blue,34,2,5,0,67,0.0
717538683,Client actuel,43,M,3,Licence,Marié(e),$120K +,Blue,36,2,2,1132,64,0.049
709447908,Client actuel,45,M,2,Licence,Marié(e),$60K - $80K,Blue,33,3,4,2309,63,0.872
816834933,Client actuel,34,F,4,Licence,Célibataire,Non connu,Silver,29,2,2,673,64,0.022
718963158,Client actuel,49,M,1,Non connu,Célibataire,$120K +,Blue,40,3,1,0,64,0.0
714358008,Client actuel,53,F,1,Niveau Bac+2,Divorcé(e),Non connu,Blue,36,1,3,0,72,0.0
720758808,Client perdu,38,M,3,Niveau Bac+2,Marié(e),$60K - $80K,Blue,18,1,7,0,54,0.0
708255633,Client actuel,36,M,1,Licence,Célibataire,$80K - $120K,Blue,27,2,4,1710,65,0.455
716101308,Client actuel,48,M,3,Non connu,Marié(e),$40K - $60K,Blue,35,3,4,0,60,0.0
715986258,Client actuel,53,F,1,Sans diplôme,Célibataire,$40K - $60K,Silver,41,3,2,1675,68,0.106
715858008,Client perdu,49,F,1,Sans diplôme,Marié(e),$40K - $60K,Blue,39,5,3,2517,31,0.312
806226933,Client actuel,37,M,2,Lycée (équivalent baccalauréat),Non connu,$120K +,Blue,32,1,1,0,59,0.0
708361833,Client actuel,44,M,4,Licence,Marié(e),$80K - $120K,Blue,36,2,3,0,80,0.0
778422933,Client actuel,42,F,1,Non connu,Célibataire,Non connu,Blue,22,2,2,985,56,0.051
708957183,Client actuel,48,M,0,Non connu,Divorcé(e),$40K - $60K,Blue,36,1,0,2517,41,0.929
718000383,Client actuel,60,F,1,Licence,Célibataire,Non connu,Blue,51,3,4,1147,64,0.049
714466458,Client actuel,49,F,2,Lycée (équivalent baccalauréat),Marié(e),Non connu,Blue,35,3,2,2124,76,0.839
719608308,Client actuel,37,M,2,Lycée (équivalent baccalauréat),Célibataire,$60K - $80K,Blue,29,2,3,2517,73,0.256
792995808,Client actuel,57,F,3,Master,Célibataire,$40K - $60K,Blue,51,4,5,1689,67,0.234
716211258,Client actuel,59,F,1,Niveau Bac+2,Non connu,Moins de $40K,Blue,49,5,4,0,43,0.0
779289033,Client actuel,46,F,3,Sans diplôme,Célibataire,Non connu,Blue,28,1,5,1778,61,0.082
719356008,Client actuel,39,F,3,Licence,Célibataire,Moins de $40K,Blue,36,3,4,0,69,0.0
718503108,Client actuel,40,M,3,Non connu,Marié(e),$120K +,Blue,26,3,1,1994,77,0.142
779661033,Client actuel,49,M,4,Non connu,Marié(e),$60K - $80K,Silver,32,2,3,1107,66,0.043
813053733,Client perdu,53,M,4,Non connu,Marié(e),$120K +,Blue,48,5,7,278,49,0.008
718354683,Client actuel,59,F,0,Licence,Célibataire,$40K - $60K,Silver,45,3,3,1225,77,0.057
720529308,Client perdu,63,M,0,Lycée (équivalent baccalauréat),Célibataire,$60K - $80K,Blue,48,5,1,0,46,0.0
787578183,Client actuel,36,M,3,Lycée (équivalent baccalauréat),Célibataire,$80K - $120K,Blue,28,3,2,0,68,0.0
737952333,Client actuel,64,M,1,Licence,Célibataire,Moins de $40K,Blue,56,1,5,0,65,0.0
779498058,Client actuel,39,M,2,Licence,Célibataire,$80K - $120K,Blue,21,3,3,1272,34,0.388
799707858,Client actuel,50,F,1,Lycée (équivalent baccalauréat),Marié(e),Moins de $40K,Blue,42,1,2,2000,57,0.281
719543208,Client actuel,38,F,3,Sans diplôme,Célibataire,Non connu,Blue,36,3,3,848,72,0.064
797743233,Client actuel,45,M,3,Sans diplôme,Non connu,$60K - $80K,Blue,39,2,3,865,77,0.144
710658483,Client perdu,47,M,4,Licence,Non connu,$40K - $60K,Blue,34,6,9,2174,46,0.239
715399908,Client actuel,54,F,2,Lycée (équivalent baccalauréat),Célibataire,Non connu,Blue,45,3,5,1465,67,0.194
710288883,Client actuel,40,F,1,Licence,Marié(e),Moins de $40K,Blue,32,1,5,1654,73,0.189
719912808,Client actuel,52,M,2,Lycée (équivalent baccalauréat),Célibataire,$60K - $80K,Blue,39,3,4,0,72,0.0
720247158,Client actuel,63,M,0,Licence,Célibataire,Non connu,Blue,36,3,2,600,68,0.084
718672233,Client actuel,48,F,1,Licence,Célibataire,Non connu,Blue,38,2,2,1239,63,0.054
789593058,Client actuel,46,M,5,Niveau Bac+2,Marié(e),$60K - $80K,Blue,39,2,3,1020,84,0.042
710278458,Client perdu,52,M,2,Lycée (équivalent baccalauréat),Célibataire,$80K - $120K,Blue,43,6,3,2517,43,0.217
714467733,Client actuel,45,M,2,Licence,Marié(e),$60K - $80K,Silver,36,2,3,1721,69,0.057
803026008,Client actuel,48,M,3,Non connu,Célibataire,$80K - $120K,Blue,42,6,2,1448,65,0.213
772000533,Client actuel,59,M,1,Licence,Marié(e),$60K - $80K,Blue,48,3,2,1113,23,0.078
811035483,Client perdu,47,M,3,Sans diplôme,Divorcé(e),$120K +,Silver,42,5,7,0,35,0.0
715480983,Client actuel,55,F,2,Niveau Bac+2,Célibataire,Moins de $40K,Blue,36,2,3,892,68,0.156
819997983,Client actuel,53,M,5,Non connu,Marié(e),$80K - $120K,Blue,48,1,0,1869,26,0.196
807593058,Client perdu,41,F,3,Non connu,Marié(e),$40K - $60K,Blue,36,2,7,0,29,0.0
720437358,Client actuel,40,M,3,Licence,Célibataire,$40K - $60K,Blue,32,1,2,2303,69,0.912
719465733,Client actuel,52,F,2,Lycée (équivalent baccalauréat),Célibataire,Moins de $40K,Blue,44,3,3,0,63,0.0
711978858,Client actuel,59,M,2,Licence,Célibataire,Moins de $40K,Blue,49,3,2,900,70,0.132
814364808,Client actuel,36,F,2,Sans diplôme,Marié(e),Non connu,Blue,31,3,1,1002,46,0.334
788820933,Client actuel,59,M,2,Licence,Célibataire,$60K - $80K,Blue,42,2,2,1380,73,0.083
713316558,Client actuel,41,M,4,Lycée (équivalent baccalauréat),Marié(e),$60K - $80K,Blue,29,2,2,0,70,0.0
779856483,Client actuel,38,M,2,Master,Célibataire,$80K - $120K,Blue,22,1,2,0,69,0.0
717085983,Client actuel,44,F,2,Lycée (équivalent baccalauréat),Célibataire,$40K - $60K,Blue,25,2,3,2517,84,0.763
788030208,Client perdu,42,F,2,Sans diplôme,Célibataire,$60K - $80K,Silver,33,2,3,2517,42,0.187
709914858,Client actuel,48,F,2,Licence,Marié(e),Moins de $40K,Blue,36,1,2,1705,84,0.268
716111808,Client actuel,57,F,2,Non connu,Marié(e),Moins de $40K,Blue,49,3,1,2011,28,0.751
708618933,Client actuel,34,M,2,Sans diplôme,Célibataire,$120K +,Blue,13,3,2,2049,80,0.469
720446508,Client actuel,50,F,2,Sans diplôme,Célibataire,Moins de $40K,Blue,36,3,2,1037,57,0.603
756488883,Client actuel,41,M,2,Sans diplôme,Célibataire,$80K - $120K,Blue,34,2,2,1619,65,0.737
708414033,Client actuel,50,M,4,Licence,Marié(e),$40K - $60K,Blue,38,3,3,1153,66,0.405
756727233,Client actuel,49,M,2,Lycée (équivalent baccalauréat),Célibataire,$120K +,Blue,42,2,4,1190,66,0.056
720379533,Client perdu,47,M,3,Non connu,Non connu,$120K +,Blue,36,6,4,0,37,0.0
720340383,Client actuel,45,F,2,Licence,Marié(e),Moins de $40K,Blue,25,2,2,2035,82,0.578
771453033,Client actuel,47,M,3,Lycée (équivalent baccalauréat),Marié(e),$60K - $80K,Blue,35,1,2,1280,57,0.074
708747708,Client actuel,43,M,3,Licence,Célibataire,$80K - $120K,Blue,33,1,2,0,56,0.0
712460433,Client actuel,39,M,2,Sans diplôme,Célibataire,$40K - $60K,Blue,25,1,3,1426,80,0.156
719801508,Client actuel,36,M,1,Sans diplôme,Non connu,$120K +,Blue,23,3,3,798,82,0.039
720983733,Client perdu,44,M,3,Non connu,Marié(e),$60K - $80K,Blue,36,6,3,864,54,0.056
713657733,Client actuel,47,M,4,Non connu,Célibataire,$60K - $80K,Blue,36,3,1,800,71,0.088
709955958,Client actuel,41,F,1,Lycée (équivalent baccalauréat),Célibataire,Moins de $40K,Blue,33,2,0,1023,45,0.127
719099583,Client perdu,42,M,3,Licence,Marié(e),$40K - $60K,Blue,34,2,3,1444,33,0.88
719513733,Client actuel,48,M,3,Doctorat,Marié(e),$80K - $120K,Blue,41,3,4,0,69,0.0
710654808,Client perdu,46,M,4,Licence,Marié(e),$80K - $120K,Blue,36,1,6,0,44,0.0
719651358,Client actuel,46,F,4,Sans diplôme,Célibataire,Non connu,Blue,33,3,3,1749,77,0.07
718917408,Client actuel,46,F,3,Licence,Marié(e),$40K - $60K,Blue,38,3,3,1136,70,0.365
808753758,Client actuel,52,M,2,Sans diplôme,Divorcé(e),$120K +,Blue,47,2,2,1525,71,0.051
711699183,Client actuel,56,M,2,Sans diplôme,Divorcé(e),$60K - $80K,Blue,50,1,2,1079,58,0.149
711196458,Client perdu,38,F,1,Non connu,Marié(e),Moins de $40K,Blue,20,2,3,580,41,0.358
772565883,Client actuel,41,M,0,Lycée (équivalent baccalauréat),Célibataire,$80K - $120K,Blue,31,5,2,2517,70,0.075
717203958,Client actuel,51,M,3,Licence,Marié(e),$40K - $60K,Blue,36,3,2,988,32,0.086
769701258,Client actuel,26,F,0,Non connu,Non connu,Non connu,Blue,18,3,3,1319,71,0.106
714933783,Client actuel,51,M,2,Licence,Marié(e),$60K - $80K,Blue,37,1,4,0,62,0.0
717650133,Client actuel,41,M,5,Licence,Célibataire,$60K - $80K,Blue,28,1,4,1426,58,0.296
708707808,Client actuel,57,M,2,Licence,Non connu,$60K - $80K,Blue,45,1,2,1584,66,0.639
717331758,Client actuel,44,M,4,Licence,Marié(e),$120K +,Blue,32,3,4,2517,83,0.073
801385458,Client actuel,52,M,1,Sans diplôme,Marié(e),$120K +,Blue,46,2,4,2019,80,0.235
710605458,Client actuel,49,M,2,Lycée (équivalent baccalauréat),Marié(e),$60K - $80K,Blue,39,3,2,1963,70,0.272
719570733,Client actuel,52,M,2,Non connu,Célibataire,$60K - $80K,Blue,39,2,3,978,83,0.6
708646233,Client actuel,44,F,1,Non connu,Divorcé(e),Non connu,Blue,36,2,1,1289,50,0.075
766006758,Client actuel,63,M,1,Lycée (équivalent baccalauréat),Marié(e),$60K - $80K,Blue,56,2,4,2321,38,0.322
710695083,Client actuel,44,M,3,Niveau Bac+2,Célibataire,$60K - $80K,Silver,32,1,3,1421,31,0.05
709224033,Client perdu,53,M,4,Sans diplôme,Marié(e),$60K - $80K,Blue,43,6,2,0,36,0.0
795991758,Client actuel,47,F,3,Non connu,Marié(e),$40K - $60K,Blue,41,3,3,660,67,0.087
709381383,Client actuel,49,M,4,Licence,Marié(e),$60K - $80K,Blue,36,6,2,2517,77,0.853
810321933,Client actuel,35,M,3,Lycée (équivalent baccalauréat),Non connu,$80K - $120K,Blue,30,3,3,1054,36,0.094
716235783,Client actuel,45,M,3,Niveau Bac+2,Marié(e),$40K - $60K,Blue,39,2,4,866,75,0.122
758833758,Client actuel,45,M,4,Non connu,Marié(e),$40K - $60K,Blue,38,3,3,845,68,0.454
713579733,Client actuel,36,M,2,Niveau Bac+2,Célibataire,$60K - $80K,Blue,22,3,3,754,71,0.167
804649833,Client actuel,42,M,3,Master,Marié(e),$40K - $60K,Blue,29,3,4,1126,74,0.445
780971583,Client actuel,46,M,1,Licence,Divorcé(e),$120K +,Blue,30,2,2,797,62,0.395
804673308,Client perdu,49,M,5,Sans diplôme,Marié(e),$40K - $60K,Blue,44,5,6,0,37,0.0
788747358,Client actuel,50,M,0,Lycée (équivalent baccalauréat),Divorcé(e),$40K - $60K,Blue,29,3,2,2034,68,0.368
713199558,Client actuel,57,F,3,Doctorat,Célibataire,Moins de $40K,Blue,44,3,2,813,58,0.468
713777883,Client actuel,46,F,0,Licence,Divorcé(e),Non connu,Blue,36,3,2,1679,52,0.245
771081558,Client actuel,55,M,2,Lycée (équivalent baccalauréat),Divorcé(e),$120K +,Blue,42,2,2,1190,78,0.034
710229333,Client actuel,38,M,2,Niveau Bac+2,Célibataire,$40K - $60K,Blue,20,1,3,1254,64,0.113
720406233,Client actuel,35,F,2,Licence,Marié(e),Moins de $40K,Blue,36,2,4,1829,46,0.33
767784708,Client perdu,48,M,0,Doctorat,Marié(e),$60K - $80K,Blue,41,5,6,504,40,0.069
712052058,Client actuel,57,M,3,Licence,Célibataire,$40K - $60K,Blue,48,3,0,1574,75,0.167
715278708,Client actuel,55,M,2,Non connu,Célibataire,$60K - $80K,Blue,36,3,1,927,65,0.582
827049558,Client actuel,47,M,2,Licence,Non connu,$80K - $120K,Blue,43,2,2,1170,89,0.542
710248233,Client actuel,37,M,3,Niveau Bac+2,Célibataire,$40K - $60K,Blue,28,2,3,1421,80,0.407
712146558,Client actuel,48,F,5,Sans diplôme,Marié(e),Moins de $40K,Blue,30,2,3,1619,65,0.685
715179933,Client actuel,49,F,2,Lycée (équivalent baccalauréat),Marié(e),Non connu,Blue,36,2,3,0,91,0.0
709215708,Client actuel,49,M,2,Master,Non connu,$60K - $80K,Blue,36,2,5,2517,73,0.138
710668458,Client actuel,48,F,4,Licence,Marié(e),Moins de $40K,Blue,36,3,0,0,76,0.0
718828083,Client actuel,52,M,1,Licence,Célibataire,$40K - $60K,Blue,43,3,3,2284,73,0.261
720781158,Client actuel,44,F,2,Sans diplôme,Divorcé(e),$40K - $60K,Blue,27,2,3,1243,74,0.222
716938383,Client actuel,41,M,4,Non connu,Célibataire,$80K - $120K,Blue,28,2,3,0,61,0.0
709976358,Client actuel,51,F,1,Non connu,Célibataire,Moins de $40K,Blue,42,3,3,0,80,0.0
715688958,Client actuel,45,F,2,Master,Célibataire,Moins de $40K,Blue,36,1,3,2043,84,0.747
721493883,Client actuel,49,F,4,Non connu,Célibataire,Moins de $40K,Blue,35,2,2,0,69,0.0
709830783,Client actuel,47,M,5,Non connu,Célibataire,$120K +,Silver,36,2,2,1686,72,0.049
715354983,Client actuel,44,M,3,Licence,Marié(e),$40K - $60K,Blue,35,3,1,0,77,0.0
713532858,Client actuel,42,M,2,Doctorat,Non connu,$80K - $120K,Blue,36,1,2,1386,70,0.293
721295658,Client actuel,62,M,1,Non connu,Célibataire,$80K - $120K,Blue,55,1,4,2517,63,0.073
720313083,Client actuel,32,M,1,Non connu,Célibataire,$120K +,Blue,18,3,2,2289,68,0.365
720724008,Client actuel,43,M,2,Licence,Célibataire,$80K - $120K,Blue,36,1,4,2356,67,0.175
712828533,Client actuel,62,M,1,Licence,Célibataire,$60K - $80K,Blue,36,1,2,0,74,0.0
717007458,Client actuel,46,M,2,Licence,Marié(e),$40K - $60K,Blue,38,3,3,1051,71,0.428
710728458,Client actuel,62,F,1,Non connu,Célibataire,Moins de $40K,Blue,36,3,2,1396,75,0.197
717720108,Client actuel,42,M,2,Licence,Marié(e),$80K - $120K,Blue,31,2,3,980,69,0.079
720648483,Client actuel,39,M,4,Niveau Bac+2,Célibataire,$80K - $120K,Blue,31,3,2,1115,53,0.035
770146008,Client actuel,59,M,1,Licence,Célibataire,$40K - $60K,Blue,53,3,2,1502,37,0.703
714829683,Client actuel,43,M,2,Doctorat,Célibataire,$80K - $120K,Blue,36,3,3,1101,65,0.101
717015333,Client actuel,52,M,1,Non connu,Divorcé(e),$120K +,Blue,41,1,2,1953,70,0.719
757837458,Client actuel,59,F,2,Lycée (équivalent baccalauréat),Célibataire,Non connu,Blue,52,2,4,663,79,0.185
719240358,Client actuel,60,M,1,Non connu,Célibataire,$60K - $80K,Blue,50,3,0,1790,67,0.167
719036883,Client actuel,48,F,1,Sans diplôme,Divorcé(e),Moins de $40K,Blue,38,3,2,0,77,0.0
714000108,Client actuel,40,F,3,Niveau Bac+2,Divorcé(e),Non connu,Blue,36,2,4,0,66,0.0
720786033,Client actuel,55,M,1,Niveau Bac+2,Célibataire,$80K - $120K,Blue,42,2,4,1206,38,0.113
708917133,Client actuel,48,M,3,Lycée (équivalent baccalauréat),Célibataire,$80K - $120K,Blue,35,3,4,0,73,0.0
818929158,Client actuel,36,M,2,Doctorat,Célibataire,$40K - $60K,Blue,31,3,2,0,53,0.0
709513458,Client actuel,49,M,3,Lycée (équivalent baccalauréat),Non connu,$60K - $80K,Blue,36,2,2,1833,52,0.192
717705858,Client actuel,40,M,2,Lycée (équivalent baccalauréat),Non connu,$80K - $120K,Blue,32,3,3,0,52,0.0
716573058,Client perdu,54,F,3,Doctorat,Non connu,$40K - $60K,Blue,36,5,6,0,40,0.0
827695683,Client actuel,40,M,3,Sans diplôme,Célibataire,$120K +,Blue,36,2,5,1329,77,0.039
819189108,Client actuel,63,M,0,Niveau Bac+2,Célibataire,$80K - $120K,Blue,56,2,2,0,85,0.0
716977758,Client perdu,44,F,3,Sans diplôme,Marié(e),Moins de $40K,Blue,36,5,1,2517,35,0.685
714901383,Client actuel,44,M,2,Lycée (équivalent baccalauréat),Célibataire,$80K - $120K,Blue,38,3,3,2191,69,0.239
718500633,Client actuel,45,F,4,Non connu,Marié(e),Moins de $40K,Blue,36,1,1,1896,58,0.239
713516433,Client actuel,36,F,3,Niveau Bac+2,Célibataire,Moins de $40K,Blue,36,1,0,737,80,0.137
715140933,Client actuel,45,F,3,Licence,Célibataire,$40K - $60K,Silver,39,2,4,1459,60,0.068
712642533,Client actuel,38,M,3,Non connu,Non connu,$80K - $120K,Blue,26,1,3,2098,76,0.064
721498008,Client actuel,44,F,3,Sans diplôme,Célibataire,Moins de $40K,Blue,35,2,2,0,57,0.0
717189183,Client actuel,35,M,1,Doctorat,Célibataire,$40K - $60K,Blue,24,3,2,1961,65,0.187
708902883,Client actuel,55,M,2,Licence,Célibataire,$120K +,Blue,36,2,2,0,61,0.0
817889583,Client perdu,61,F,0,Licence,Célibataire,$40K - $60K,Blue,56,5,5,0,46,0.0
717242058,Client perdu,43,F,5,Licence,Marié(e),$40K - $60K,Blue,39,5,5,0,42,0.0
715628733,Client actuel,40,F,4,Non connu,Célibataire,Moins de $40K,Blue,36,3,4,0,59,0.0
716613933,Client actuel,51,F,3,Lycée (équivalent baccalauréat),Célibataire,$40K - $60K,Blue,36,5,2,1482,60,0.434
712709508,Client actuel,48,F,2,Non connu,Célibataire,Non connu,Blue,40,3,4,0,63,0.0
716306583,Client perdu,64,M,0,Licence,Célibataire,$60K - $80K,Blue,36,6,7,2517,45,0.66
720026058,Client actuel,49,M,3,Licence,Marié(e),$80K - $120K,Blue,36,1,3,1284,64,0.06
756397458,Client actuel,54,F,1,Licence,Célibataire,Moins de $40K,Silver,47,3,4,0,70,0.0
712644483,Client actuel,46,M,3,Lycée (équivalent baccalauréat),Célibataire,$60K - $80K,Blue,39,3,1,1217,62,0.06
814489683,Client actuel,34,F,2,Non connu,Célibataire,Moins de $40K,Blue,29,1,0,795,59,0.148
789111483,Client actuel,46,M,3,Licence,Non connu,$80K - $120K,Blue,34,3,4,1850,75,0.112
709573533,Client actuel,48,M,3,Sans diplôme,Marié(e),$40K - $60K,Blue,34,1,2,0,71,0.0
807137808,Client actuel,45,M,3,Lycée (équivalent baccalauréat),Divorcé(e),$60K - $80K,Blue,40,1,2,0,67,0.0
711861258,Client actuel,65,F,1,Sans diplôme,Célibataire,Moins de $40K,Blue,36,2,3,0,57,0.0
716660583,Client actuel,45,M,0,Licence,Célibataire,$40K - $60K,Blue,37,5,2,1746,72,0.17
717222033,Client actuel,40,F,3,Non connu,Célibataire,Moins de $40K,Blue,28,1,4,1198,76,0.727
716617608,Client actuel,50,F,1,Lycée (équivalent baccalauréat),Célibataire,Moins de $40K,Blue,36,3,3,995,58,0.638
716786808,Client actuel,40,M,5,Master,Célibataire,$60K - $80K,Blue,30,2,2,0,66,0.0
718882008,Client actuel,38,M,1,Lycée (équivalent baccalauréat),Célibataire,$120K +,Blue,27,2,2,889,73,0.04
770975133,Client actuel,36,M,0,Licence,Non connu,Moins de $40K,Blue,23,2,4,1854,74,0.343
715234008,Client actuel,54,F,1,Lycée (équivalent baccalauréat),Célibataire,$40K - $60K,Blue,36,3,3,1590,67,0.337
709326183,Client actuel,50,M,2,Lycée (équivalent baccalauréat),Célibataire,$60K - $80K,Blue,40,2,2,1211,74,0.234
721233033,Client perdu,50,M,2,Lycée (équivalent baccalauréat),Célibataire,$80K - $120K,Blue,38,2,3,464,36,0.094
712319958,Client actuel,41,M,4,Lycée (équivalent baccalauréat),Célibataire,$80K - $120K,Blue,29,2,1,2517,71,0.207
712198983,Client actuel,46,M,4,Licence,Marié(e),$60K - $80K,Blue,36,3,3,0,67,0.0
772103208,Client actuel,44,F,5,Lycée (équivalent baccalauréat),Non connu,Non connu,Blue,33,3,2,0,78,0.0
779502333,Client perdu,50,M,4,Licence,Marié(e),$120K +,Silver,32,6,2,0,37,0.0
718737708,Client actuel,45,M,4,Licence,Célibataire,$80K - $120K,Blue,33,5,3,1202,66,0.038
821351958,Client actuel,40,F,4,Niveau Bac+2,Marié(e),Moins de $40K,Blue,36,1,2,0,54,0.0
716142858,Client actuel,46,F,4,Sans diplôme,Marié(e),Moins de $40K,Silver,36,1,4,1391,77,0.127
826079508,Client actuel,48,M,2,Non connu,Non connu,$60K - $80K,Blue,44,3,3,1886,65,0.212
773236983,Client actuel,47,M,4,Lycée (équivalent baccalauréat),Marié(e),$40K - $60K,Blue,40,2,3,2258,29,0.904
826717533,Client actuel,42,M,3,Licence,Non connu,$80K - $120K,Blue,38,1,1,724,76,0.045
789334458,Client actuel,43,F,3,Licence,Non connu,Non connu,Silver,33,1,3,1858,67,0.054
814092858,Client actuel,49,F,3,Licence,Non connu,Non connu,Blue,44,2,1,694,65,0.312
708355683,Client actuel,46,F,4,Licence,Marié(e),Non connu,Blue,38,2,3,0,65,0.0
803124408,Client perdu,41,F,3,Non connu,Marié(e),Non connu,Blue,35,6,7,0,53,0.0
789964983,Client perdu,45,M,2,Licence,Divorcé(e),$40K - $60K,Blue,36,2,5,0,35,0.0
720303933,Client actuel,40,M,2,Licence,Marié(e),$80K - $120K,Blue,36,1,3,1282,82,0.384
708665133,Client actuel,40,M,2,Licence,Célibataire,$80K - $120K,Blue,28,2,3,1172,67,0.321
828236133,Client actuel,49,M,2,Licence,Marié(e),$40K - $60K,Blue,45,2,0,1387,92,0.132
712000758,Client actuel,51,M,4,Sans diplôme,Célibataire,$120K +,Silver,39,2,1,1959,54,0.057
715378383,Client actuel,43,F,4,Licence,Célibataire,Non connu,Silver,36,3,4,1893,76,0.055
769985883,Client actuel,45,M,2,Licence,Célibataire,$80K - $120K,Blue,39,3,3,0,65,0.0
709297608,Client perdu,38,M,3,Niveau Bac+2,Marié(e),$80K - $120K,Blue,26,6,2,0,32,0.0
716971833,Client actuel,40,F,2,Sans diplôme,Marié(e),Non connu,Blue,29,3,3,0,61,0.0
801373833,Client actuel,49,M,4,Niveau Bac+2,Divorcé(e),$40K - $60K,Blue,43,2,3,710,46,0.369
716040783,Client actuel,45,F,3,Licence,Non connu,Moins de $40K,Silver,36,2,2,0,66,0.0
817977933,Client perdu,63,F,0,Licence,Célibataire,$60K - $80K,Blue,56,8,3,1531,48,0.793
827055333,Client actuel,43,M,3,Licence,Célibataire,$40K - $60K,Blue,39,3,5,1042,37,0.122
772116408,Client actuel,50,M,1,Lycée (équivalent baccalauréat),Célibataire,$40K - $60K,Blue,39,1,1,1029,56,0.425
734924658,Client actuel,47,F,5,Lycée (équivalent baccalauréat),Marié(e),Moins de $40K,Blue,36,3,1,792,67,0.536
711775383,Client actuel,63,M,1,Licence,Célibataire,$60K - $80K,Blue,36,1,4,0,66,0.0
715019058,Client actuel,30,F,2,Master,Divorcé(e),Moins de $40K,Blue,36,1,2,1845,65,0.738
780715683,Client actuel,41,M,3,Doctorat,Célibataire,$60K - $80K,Blue,30,1,3,0,69,0.0
827341383,Client actuel,38,M,3,Licence,Célibataire,Moins de $40K,Blue,34,3,2,1317,81,0.426
708757233,Client actuel,44,F,2,Lycée (équivalent baccalauréat),Marié(e),Moins de $40K,Blue,32,2,3,1489,77,0.599
710504283,Client actuel,50,M,1,Sans diplôme,Célibataire,$80K - $120K,Blue,39,3,4,1463,70,0.099
713919183,Client actuel,50,M,3,Non connu,Marié(e),$80K - $120K,Blue,39,3,4,1582,74,0.114
713171358,Client actuel,46,F,4,Niveau Bac+2,Célibataire,Moins de $40K,Blue,36,1,2,0,74,0.0
773140683,Client actuel,51,M,0,Non connu,Marié(e),$60K - $80K,Blue,43,1,2,1202,65,0.317
716358033,Client actuel,53,F,1,Licence,Célibataire,Moins de $40K,Blue,43,3,4,0,65,0.0
826410708,Client actuel,40,M,4,Non connu,Marié(e),$60K - $80K,Blue,36,2,3,1407,64,0.061
789717708,Client actuel,49,F,1,Non connu,Marié(e),$40K - $60K,Blue,37,2,4,1135,82,0.288
711679533,Client actuel,54,M,2,Master,Divorcé(e),$120K +,Blue,43,2,2,968,60,0.174
711342483,Client actuel,50,M,1,Niveau Bac+2,Célibataire,$80K - $120K,Blue,36,2,3,1720,58,0.711
720242733,Client actuel,45,M,4,Non connu,Célibataire,Moins de $40K,Blue,36,2,3,1549,75,0.789
721213833,Client actuel,46,F,2,Lycée (équivalent baccalauréat),Non connu,Non connu,Blue,32,1,3,1423,75,0.179
756624183,Client actuel,51,F,3,Licence,Marié(e),Moins de $40K,Blue,44,1,3,2024,69,0.261
717622308,Client actuel,63,F,0,Lycée (équivalent baccalauréat),Célibataire,Moins de $40K,Blue,36,3,3,1688,75,0.814
714629358,Client perdu,54,F,3,Licence,Divorcé(e),$40K - $60K,Blue,34,6,5,0,41,0.0
744307008,Client actuel,51,M,1,Sans diplôme,Marié(e),$60K - $80K,Blue,44,2,3,0,74,0.0
708871158,Client actuel,60,M,1,Licence,Célibataire,$60K - $80K,Silver,42,3,4,0,57,0.0
710979033,Client actuel,30,M,0,Non connu,Célibataire,$40K - $60K,Blue,20,1,3,2517,73,0.381
818903583,Client actuel,44,M,5,Sans diplôme,Divorcé(e),$60K - $80K,Blue,39,2,0,1597,59,0.1
712980333,Client actuel,33,M,3,Licence,Divorcé(e),$60K - $80K,Blue,36,3,3,1848,66,0.077
717655458,Client actuel,40,F,2,Sans diplôme,Non connu,$40K - $60K,Silver,28,3,4,1507,61,0.089
822112383,Client actuel,52,M,3,Niveau Bac+2,Marié(e),$60K - $80K,Blue,48,1,2,0,73,0.0
711538758,Client perdu,39,M,5,Licence,Marié(e),$60K - $80K,Blue,36,6,3,633,46,0.026
719987733,Client perdu,51,F,3,Non connu,Marié(e),$40K - $60K,Blue,38,5,3,0,37,0.0
719184783,Client actuel,51,F,1,Licence,Célibataire,Non connu,Blue,41,2,2,1429,71,0.153
715857183,Client actuel,46,M,2,Niveau Bac+2,Célibataire,$60K - $80K,Blue,36,3,2,1296,43,0.262
719657583,Client perdu,44,M,3,Licence,Marié(e),$40K - $60K,Blue,40,2,9,2457,57,0.259
789713208,Client perdu,62,F,0,Doctorat,Célibataire,$60K - $80K,Blue,50,5,7,326,29,0.111
802031583,Client actuel,53,M,2,Sans diplôme,Célibataire,$80K - $120K,Blue,47,1,1,0,83,0.0
711529383,Client actuel,47,F,3,Licence,Marié(e),$40K - $60K,Blue,41,1,4,1224,73,0.185
715371108,Client perdu,45,M,3,Licence,Marié(e),$80K - $120K,Blue,40,5,2,0,42,0.0
712988958,Client actuel,42,M,4,Licence,Célibataire,$60K - $80K,Blue,33,2,0,1731,62,0.857
713005908,Client actuel,47,F,2,Licence,Marié(e),$40K - $60K,Blue,36,2,3,1733,83,0.769
712236483,Client actuel,41,F,2,Licence,Célibataire,Moins de $40K,Gold,36,3,4,1991,71,0.127
711852783,Client actuel,46,M,2,Non connu,Marié(e),$60K - $80K,Blue,36,2,2,1572,56,0.274
780056733,Client actuel,36,M,3,Non connu,Célibataire,$40K - $60K,Blue,22,6,3,2517,63,0.298
796903083,Client perdu,47,F,1,Doctorat,Marié(e),$40K - $60K,Blue,36,3,2,0,42,0.0
716014983,Client actuel,56,F,3,Lycée (équivalent baccalauréat),Célibataire,Moins de $40K,Blue,48,5,3,1902,77,0.228
712521783,Client actuel,54,M,3,Licence,Non connu,$80K - $120K,Blue,47,2,4,1288,65,0.085
780045708,Client actuel,42,F,3,Licence,Célibataire,$40K - $60K,Silver,26,2,2,1204,79,0.08
719488008,Client actuel,39,F,1,Licence,Marié(e),Moins de $40K,Blue,36,3,1,1281,34,0.514
771575058,Client actuel,45,M,1,Licence,Marié(e),Moins de $40K,Blue,33,3,4,1795,55,0.893
772137183,Client perdu,52,M,2,Licence,Marié(e),$120K +,Blue,41,6,1,810,36,0.026
779709033,Client actuel,46,M,4,Non connu,Marié(e),$60K - $80K,Blue,29,3,2,2410,75,0.42
709716258,Client actuel,48,M,3,Lycée (équivalent baccalauréat),Non connu,$80K - $120K,Blue,36,1,3,1707,58,0.224
737986083,Client actuel,46,M,3,Lycée (équivalent baccalauréat),Célibataire,$60K - $80K,Blue,39,1,4,2049,54,0.087
713343333,Client actuel,42,M,3,Non connu,Marié(e),$40K - $60K,Blue,29,3,4,1327,77,0.198
779331558,Client actuel,45,F,2,Non connu,Célibataire,Moins de $40K,Blue,27,3,3,0,59,0.0
714973758,Client actuel,50,F,3,Licence,Célibataire,Moins de $40K,Blue,36,3,2,1002,25,0.697
718009158,Client actuel,50,F,3,Sans diplôme,Célibataire,Moins de $40K,Blue,41,2,2,1860,83,0.726
789597408,Client actuel,39,F,1,Master,Célibataire,$40K - $60K,Silver,32,2,3,0,76,0.0
712165308,Client actuel,45,F,2,Doctorat,Célibataire,Non connu,Blue,36,2,4,947,61,0.122
821768658,Client perdu,52,M,0,Non connu,Célibataire,$120K +,Blue,48,6,7,2247,51,0.171
719341683,Client actuel,42,M,2,Non connu,Marié(e),$120K +,Blue,31,2,4,1067,72,0.031
708637758,Client actuel,49,F,3,Licence,Célibataire,Non connu,Blue,37,3,4,545,64,0.031
779974758,Client actuel,51,M,2,Niveau Bac+2,Célibataire,$120K +,Blue,40,3,3,868,54,0.1
821815458,Client actuel,48,M,3,Lycée (équivalent baccalauréat),Célibataire,$60K - $80K,Blue,44,1,1,1519,67,0.079
711708408,Client actuel,52,F,3,Lycée (équivalent baccalauréat),Marié(e),Non connu,Blue,43,3,2,0,72,0.0
812449758,Client perdu,43,M,3,Lycée (équivalent baccalauréat),Marié(e),$60K - $80K,Blue,38,6,2,0,42,0.0
715682208,Client actuel,49,M,3,Doctorat,Célibataire,$80K - $120K,Blue,36,1,4,0,76,0.0
719914908,Client actuel,37,M,2,Sans diplôme,Divorcé(e),Moins de $40K,Silver,36,3,2,1846,44,0.16
714744783,Client actuel,48,F,3,Non connu,Marié(e),Moins de $40K,Blue,36,1,4,1219,67,0.197
710809833,Client actuel,40,M,3,Licence,Marié(e),$80K - $120K,Silver,27,1,2,0,53,0.0
720942333,Client actuel,49,M,2,Non connu,Marié(e),$40K - $60K,Blue,36,3,4,0,52,0.0
709423158,Client actuel,46,M,4,Licence,Célibataire,$80K - $120K,Blue,26,3,0,1337,46,0.747
718307433,Client actuel,50,F,0,Licence,Célibataire,Moins de $40K,Blue,36,1,4,2111,36,0.292
772607433,Client actuel,50,M,3,Lycée (équivalent baccalauréat),Célibataire,$80K - $120K,Blue,40,2,4,2016,59,0.447
801709308,Client actuel,44,F,4,Sans diplôme,Marié(e),Non connu,Blue,38,1,2,968,56,0.18
778502958,Client actuel,47,M,3,Non connu,Divorcé(e),$60K - $80K,Silver,35,2,5,2031,50,0.068
806656083,Client actuel,48,F,2,Licence,Marié(e),$40K - $60K,Blue,43,2,4,1514,70,0.158
823635033,Client actuel,49,F,2,Lycée (équivalent baccalauréat),Marié(e),Moins de $40K,Blue,45,2,5,1535,83,0.184
718739508,Client actuel,51,F,5,Non connu,Marié(e),Moins de $40K,Blue,39,2,4,1217,67,0.223
709272333,Client actuel,59,F,1,Sans diplôme,Non connu,Moins de $40K,Blue,45,3,3,2023,73,0.204
721538883,Client actuel,45,M,4,Licence,Célibataire,$40K - $60K,Silver,37,3,4,0,81,0.0
718835583,Client actuel,50,F,1,Licence,Marié(e),Non connu,Blue,41,2,2,2379,76,0.152
827970933,Client actuel,46,F,4,Licence,Marié(e),Moins de $40K,Blue,42,2,0,1698,70,0.485
719888358,Client actuel,47,M,1,Non connu,Divorcé(e),$80K - $120K,Blue,38,3,5,1422,58,0.077
717030633,Client actuel,46,M,4,Niveau Bac+2,Célibataire,$60K - $80K,Blue,34,3,4,1405,51,0.593
815085708,Client perdu,60,F,0,Lycée (équivalent baccalauréat),Célibataire,$40K - $60K,Blue,55,6,7,2517,46,0.231
716332533,Client actuel,38,F,3,Non connu,Non connu,$40K - $60K,Blue,36,1,3,1819,84,0.518
822964683,Client actuel,51,F,1,Licence,Célibataire,Moins de $40K,Blue,47,3,4,1491,62,0.604
719335233,Client actuel,47,F,3,Sans diplôme,Marié(e),Moins de $40K,Silver,27,3,4,938,75,0.065
779683683,Client actuel,47,M,3,Lycée (équivalent baccalauréat),Célibataire,$40K - $60K,Blue,31,3,2,1985,34,0.496
712653183,Client actuel,49,F,4,Non connu,Célibataire,Moins de $40K,Blue,36,1,4,1694,81,0.857
715485483,Client perdu,39,F,5,Licence,Marié(e),$40K - $60K,Blue,36,6,3,0,44,0.0
788912658,Client actuel,44,F,2,Non connu,Marié(e),Moins de $40K,Blue,30,1,4,0,62,0.0
711396483,Client actuel,40,M,2,Licence,Célibataire,$40K - $60K,Blue,36,2,3,0,74,0.0
789220008,Client actuel,56,M,3,Lycée (équivalent baccalauréat),Marié(e),$80K - $120K,Blue,45,2,2,0,27,0.0
716436483,Client actuel,45,F,3,Sans diplôme,Non connu,Moins de $40K,Blue,36,4,3,0,50,0.0
717661908,Client actuel,37,M,5,Doctorat,Marié(e),$80K - $120K,Silver,36,1,1,0,55,0.0
778459833,Client actuel,42,M,5,Licence,Marié(e),$60K - $80K,Blue,27,2,3,2025,42,0.17
769448658,Client actuel,43,F,2,Non connu,Marié(e),Moins de $40K,Blue,37,2,3,0,69,0.0
820346133,Client actuel,59,F,2,Sans diplôme,Célibataire,Moins de $40K,Blue,54,1,2,1334,60,0.143
720119808,Client actuel,42,M,3,Lycée (équivalent baccalauréat),Célibataire,$80K - $120K,Blue,36,2,2,948,52,0.039
721523658,Client actuel,46,M,5,Lycée (équivalent baccalauréat),Non connu,$120K +,Blue,26,3,3,772,77,0.022
711176133,Client actuel,28,M,0,Lycée (équivalent baccalauréat),Célibataire,Moins de $40K,Blue,36,3,4,1015,82,0.442
794560833,Client perdu,47,F,3,Licence,Marié(e),$40K - $60K,Blue,31,6,9,0,34,0.0
718197108,Client perdu,54,M,2,Licence,Marié(e),$80K - $120K,Blue,36,6,3,0,37,0.0
713750583,Client actuel,55,F,1,Niveau Bac+2,Non connu,Moins de $40K,Blue,36,2,4,1125,30,0.584
769576608,Client actuel,62,M,1,Sans diplôme,Célibataire,$60K - $80K,Blue,49,1,2,1010,76,0.079
708626058,Client actuel,49,F,2,Sans diplôme,Marié(e),Moins de $40K,Blue,34,2,4,1465,68,0.279
710333883,Client perdu,48,M,3,Licence,Marié(e),$60K - $80K,Blue,37,2,2,390,42,0.044
715401633,Client actuel,43,F,3,Licence,Célibataire,Moins de $40K,Blue,35,1,2,2002,38,0.448
755220783,Client actuel,51,M,1,Doctorat,Marié(e),$80K - $120K,Blue,44,2,4,1167,77,0.145
789603183,Client actuel,48,M,4,Lycée (équivalent baccalauréat),Non connu,$60K - $80K,Blue,41,1,3,0,57,0.0
767564358,Client actuel,47,F,5,Doctorat,Marié(e),$40K - $60K,Blue,40,1,1,1008,70,0.212
789744033,Client actuel,50,M,2,Licence,Célibataire,$80K - $120K,Blue,38,1,1,1007,69,0.05
709887483,Client actuel,56,M,2,Sans diplôme,Divorcé(e),$40K - $60K,Blue,45,1,3,1420,69,0.224
779765058,Client actuel,43,M,2,Non connu,Célibataire,$40K - $60K,Blue,31,1,1,817,70,0.085
789177333,Client perdu,47,F,2,Licence,Marié(e),$40K - $60K,Blue,36,6,2,1088,40,0.643
717262833,Client actuel,49,F,3,Non connu,Marié(e),Moins de $40K,Blue,36,2,4,2043,69,0.689
714878508,Client actuel,48,F,2,Lycée (équivalent baccalauréat),Célibataire,Moins de $40K,Blue,36,3,3,535,49,0.098
711079308,Client perdu,40,M,3,Licence,Marié(e),$60K - $80K,Blue,27,2,3,0,33,0.0
794510358,Client actuel,41,M,3,Licence,Marié(e),$80K - $120K,Blue,26,3,3,0,77,0.0
715033533,Client actuel,43,F,2,Lycée (équivalent baccalauréat),Marié(e),Moins de $40K,Blue,37,2,2,2517,71,0.805
779400183,Client actuel,42,M,3,Licence,Célibataire,$60K - $80K,Blue,31,3,4,2517,55,0.858
716636808,Client actuel,39,M,3,Licence,Célibataire,$120K +,Blue,36,2,2,0,55,0.0
708733983,Client perdu,50,F,1,Doctorat,Célibataire,$40K - $60K,Blue,36,6,2,2391,46,0.447
710521383,Client actuel,50,M,3,Sans diplôme,Célibataire,$80K - $120K,Blue,38,2,0,1838,41,0.187
720075558,Client actuel,50,M,4,Niveau Bac+2,Marié(e),$120K +,Blue,36,1,4,0,66,0.0
716468658,Client actuel,51,F,2,Non connu,Célibataire,Moins de $40K,Blue,36,1,3,0,80,0.0
717569283,Client actuel,47,M,5,Doctorat,Célibataire,Moins de $40K,Blue,36,1,2,1338,70,0.15
787491483,Client actuel,41,M,3,Non connu,Divorcé(e),$80K - $120K,Blue,29,2,3,1153,80,0.038
779995833,Client actuel,49,M,0,Non connu,Marié(e),$60K - $80K,Blue,39,2,4,1748,64,0.172
714215058,Client actuel,42,F,3,Lycée (équivalent baccalauréat),Marié(e),Moins de $40K,Blue,33,2,4,0,82,0.0
789407958,Client actuel,42,M,1,Licence,Marié(e),$60K - $80K,Blue,33,2,3,1153,62,0.067
715118058,Client actuel,45,M,3,Licence,Célibataire,$80K - $120K,Blue,36,3,1,2100,66,0.104
713672208,Client actuel,50,M,1,Doctorat,Divorcé(e),$60K - $80K,Blue,33,5,2,0,76,0.0
720865383,Client actuel,53,M,3,Licence,Célibataire,$120K +,Blue,45,3,1,1852,50,0.548
713701533,Client actuel,51,M,2,Non connu,Célibataire,$80K - $120K,Blue,39,3,2,1998,71,0.204
778895883,Client actuel,50,F,1,Non connu,Marié(e),Non connu,Blue,31,3,1,0,76,0.0
719655258,Client actuel,64,M,0,Licence,Célibataire,Moins de $40K,Blue,36,2,4,0,72,0.0
711205758,Client perdu,45,M,3,Niveau Bac+2,Marié(e),$80K - $120K,Silver,33,5,3,0,43,0.0
806264958,Client actuel,52,F,2,Lycée (équivalent baccalauréat),Célibataire,Moins de $40K,Blue,47,2,3,994,69,0.141
714659133,Client perdu,47,M,5,Lycée (équivalent baccalauréat),Marié(e),$80K - $120K,Blue,37,2,2,0,41,0.0
716425833,Client perdu,38,M,2,Licence,Marié(e),$120K +,Blue,36,2,1,1229,35,0.036
712166583,Client actuel,45,F,0,Licence,Marié(e),Moins de $40K,Blue,38,3,3,1468,66,0.358
713124558,Client actuel,43,F,2,Licence,Marié(e),Non connu,Blue,34,1,4,782,75,0.108
714048783,Client actuel,57,M,2,Lycée (équivalent baccalauréat),Célibataire,$80K - $120K,Blue,36,3,0,2202,72,0.274
708784908,Client actuel,47,F,3,Licence,Non connu,Non connu,Blue,34,1,4,2039,88,0.113
714332658,Client actuel,42,F,3,Licence,Célibataire,Moins de $40K,Blue,35,2,4,1086,65,0.194
719169783,Client actuel,52,F,2,Sans diplôme,Marié(e),Moins de $40K,Blue,43,3,3,640,57,0.093
718270833,Client actuel,48,F,3,Master,Marié(e),Moins de $40K,Silver,40,3,3,1580,74,0.113
721268133,Client actuel,44,M,3,Master,Marié(e),$40K - $60K,Blue,36,2,2,2109,70,0.186
795343683,Client actuel,40,F,3,Lycée (équivalent baccalauréat),Célibataire,Moins de $40K,Blue,34,1,3,989,76,0.579
715611933,Client actuel,50,F,4,Doctorat,Marié(e),Non connu,Blue,38,4,2,2402,62,0.101
711184983,Client actuel,41,M,5,Non connu,Non connu,$80K - $120K,Blue,29,2,1,0,73,0.0
779601783,Client actuel,42,F,5,Niveau Bac+2,Marié(e),Moins de $40K,Blue,31,1,2,700,88,0.201
784263558,Client actuel,43,M,2,Sans diplôme,Célibataire,$60K - $80K,Silver,37,3,3,0,61,0.0
720795858,Client actuel,44,M,4,Licence,Célibataire,$60K - $80K,Blue,25,3,2,0,72,0.0
756629133,Client actuel,61,F,1,Licence,Célibataire,Moins de $40K,Blue,54,2,2,0,37,0.0
714387108,Client actuel,51,M,3,Licence,Célibataire,$80K - $120K,Blue,43,2,3,0,51,0.0
712164333,Client perdu,40,M,4,Lycée (équivalent baccalauréat),Marié(e),$60K - $80K,Blue,29,5,2,1636,51,0.13
714429258,Client actuel,46,M,5,Doctorat,Célibataire,$60K - $80K,Blue,39,3,3,0,55,0.0
796791258,Client actuel,50,M,1,Sans diplôme,Marié(e),$120K +,Blue,44,2,4,1791,76,0.577
711220683,Client actuel,48,M,1,Non connu,Marié(e),$60K - $80K,Blue,36,1,3,1813,70,0.154
717582558,Client actuel,50,M,1,Licence,Célibataire,$120K +,Blue,40,2,3,1185,72,0.034
714779733,Client actuel,44,M,4,Non connu,Célibataire,$60K - $80K,Blue,36,1,4,1586,33,0.144
817965858,Client actuel,42,F,4,Non connu,Marié(e),Moins de $40K,Blue,37,1,3,1785,69,0.647
717358158,Client actuel,46,M,3,Sans diplôme,Célibataire,$60K - $80K,Blue,36,1,2,1189,64,0.217
720301458,Client actuel,52,M,1,Lycée (équivalent baccalauréat),Célibataire,$120K +,Blue,38,1,2,1924,64,0.098
826471458,Client perdu,42,M,3,Licence,Marié(e),$40K - $60K,Blue,38,5,3,1767,38,0.254
794579658,Client actuel,47,M,3,Lycée (équivalent baccalauréat),Marié(e),$80K - $120K,Blue,32,2,2,2517,73,0.107
717052158,Client actuel,39,M,3,Lycée (équivalent baccalauréat),Célibataire,$60K - $80K,Blue,32,2,2,2386,66,0.11
818311533,Client actuel,53,F,3,Sans diplôme,Célibataire,Moins de $40K,Blue,48,3,1,1429,65,0.291
716156508,Client actuel,52,M,2,Lycée (équivalent baccalauréat),Célibataire,$40K - $60K,Blue,36,1,3,0,63,0.0
711191808,Client actuel,39,M,0,Licence,Célibataire,$80K - $120K,Gold,32,1,4,1793,82,0.052
712084383,Client actuel,63,M,1,Licence,Célibataire,Moins de $40K,Blue,56,2,2,2081,81,0.262
788641758,Client actuel,53,M,4,Niveau Bac+2,Célibataire,$60K - $80K,Blue,45,3,2,888,66,0.062
788768883,Client actuel,54,F,0,Non connu,Célibataire,$40K - $60K,Blue,35,1,3,1642,68,0.178
713277783,Client actuel,45,F,4,Sans diplôme,Marié(e),$40K - $60K,Silver,36,2,2,905,55,0.048
717451833,Client actuel,45,F,3,Sans diplôme,Divorcé(e),Non connu,Blue,36,3,2,2517,67,0.124
712291308,Client actuel,52,F,1,Sans diplôme,Célibataire,Non connu,Blue,40,1,3,1721,38,0.762
712852233,Client actuel,64,F,0,Licence,Célibataire,Moins de $40K,Blue,53,3,4,765,78,0.115
712312908,Client actuel,47,F,4,Non connu,Non connu,Moins de $40K,Blue,34,2,4,0,66,0.0
773457558,Client actuel,45,F,5,Niveau Bac+2,Célibataire,$40K - $60K,Silver,39,2,2,1227,81,0.078
716194683,Client actuel,41,M,4,Licence,Divorcé(e),$40K - $60K,Blue,30,2,3,1138,48,0.488
720563058,Client actuel,56,F,3,Niveau Bac+2,Célibataire,Non connu,Blue,43,1,3,1052,65,0.579
719502183,Client actuel,52,F,2,Licence,Marié(e),Moins de $40K,Blue,36,1,3,1829,73,0.369
712287333,Client actuel,39,M,1,Sans diplôme,Célibataire,$80K - $120K,Blue,30,1,4,2055,74,0.06
716944983,Client actuel,61,M,0,Sans diplôme,Marié(e),$120K +,Blue,36,3,4,2517,27,0.104
718115733,Client actuel,57,M,1,Licence,Marié(e),$60K - $80K,Blue,36,1,3,1544,27,0.171
827691858,Client actuel,46,F,3,Niveau Bac+2,Célibataire,Moins de $40K,Blue,42,2,4,1251,52,0.164
716431833,Client actuel,38,M,2,Non connu,Divorcé(e),$40K - $60K,Blue,28,3,4,1165,96,0.104
717265983,Client actuel,44,F,4,Sans diplôme,Divorcé(e),Non connu,Blue,36,2,0,2066,80,0.209
769578858,Client actuel,40,M,2,Licence,Marié(e),$40K - $60K,Silver,33,3,1,0,76,0.0
712815858,Client actuel,57,F,1,Lycée (équivalent baccalauréat),Célibataire,Moins de $40K,Blue,45,2,4,0,79,0.0
815851233,Client perdu,52,M,3,Lycée (équivalent baccalauréat),Marié(e),$120K +,Blue,47,1,3,0,42,0.0
779425608,Client actuel,50,F,1,Non connu,Célibataire,Non connu,Blue,32,1,4,983,75,0.166
811532208,Client actuel,51,M,4,Licence,Marié(e),$40K - $60K,Silver,46,5,2,1170,62,0.072
713896533,Client actuel,42,M,4,Lycée (équivalent baccalauréat),Célibataire,$60K - $80K,Blue,33,1,3,838,63,0.089
712546233,Client actuel,51,F,3,Non connu,Célibataire,Moins de $40K,Blue,39,1,3,0,76,0.0
772148058,Client actuel,45,M,3,Licence,Non connu,$80K - $120K,Blue,34,6,3,759,53,0.343
771776808,Client perdu,44,M,4,Sans diplôme,Marié(e),$40K - $60K,Blue,33,5,3,0,38,0.0
715905633,Client actuel,45,M,1,Licence,Célibataire,$60K - $80K,Blue,36,1,3,1433,68,0.238
778282758,Client actuel,55,M,2,Niveau Bac+2,Divorcé(e),$120K +,Blue,45,2,1,1052,69,0.039
717886008,Client actuel,63,M,1,Lycée (équivalent baccalauréat),Célibataire,Moins de $40K,Blue,51,3,2,0,67,0.0
709985133,Client actuel,33,F,2,Licence,Divorcé(e),Moins de $40K,Blue,24,1,2,2296,47,0.337
709289358,Client actuel,46,M,3,Licence,Célibataire,$80K - $120K,Blue,38,1,2,1266,53,0.156
720457608,Client actuel,41,F,4,Licence,Marié(e),Moins de $40K,Blue,36,1,1,0,63,0.0
780612558,Client actuel,58,F,1,Licence,Célibataire,$40K - $60K,Blue,46,3,3,1850,55,0.927
714216033,Client actuel,51,M,3,Doctorat,Marié(e),$120K +,Blue,42,1,2,738,80,0.064
710577708,Client actuel,35,M,1,Non connu,Célibataire,$40K - $60K,Blue,25,3,3,1983,59,0.746
719462433,Client actuel,42,F,5,Licence,Célibataire,Moins de $40K,Blue,36,2,2,1002,92,0.118
769063308,Client actuel,45,M,3,Master,Célibataire,$80K - $120K,Blue,39,2,2,2323,36,0.08
715136583,Client actuel,51,M,3,Lycée (équivalent baccalauréat),Célibataire,$40K - $60K,Blue,36,3,4,942,81,0.188
710915358,Client actuel,63,F,0,Niveau Bac+2,Célibataire,Non connu,Blue,55,1,2,1616,58,0.108
709841433,Client actuel,45,F,2,Licence,Divorcé(e),Moins de $40K,Blue,33,3,3,1188,83,0.308
710509758,Client actuel,36,M,4,Niveau Bac+2,Célibataire,$120K +,Blue,36,3,3,765,64,0.027
720527058,Client actuel,39,F,1,Licence,Célibataire,Moins de $40K,Blue,24,3,3,1306,74,0.565
711787383,Client actuel,52,F,2,Lycée (équivalent baccalauréat),Célibataire,Moins de $40K,Blue,40,1,3,1428,64,0.729
715824108,Client actuel,52,F,1,Licence,Marié(e),Moins de $40K,Blue,38,1,3,1291,75,0.342
719474583,Client actuel,50,M,1,Licence,Marié(e),$80K - $120K,Blue,30,2,3,1776,53,0.182
719282433,Client actuel,60,F,0,Licence,Célibataire,Non connu,Blue,48,3,4,1372,71,0.214
772669833,Client actuel,43,M,3,Master,Célibataire,$60K - $80K,Blue,33,3,2,0,70,0.0
789365508,Client perdu,49,M,2,Lycée (équivalent baccalauréat),Divorcé(e),$40K - $60K,Blue,39,5,5,512,26,0.035
806641683,Client actuel,44,M,3,Sans diplôme,Marié(e),$80K - $120K,Silver,39,2,2,1461,70,0.042
805534608,Client actuel,54,F,2,Niveau Bac+2,Célibataire,$40K - $60K,Blue,49,3,3,1314,60,0.15
781117533,Client actuel,50,M,1,Non connu,Marié(e),$120K +,Blue,36,3,2,0,61,0.0
710294808,Client actuel,44,M,3,Lycée (équivalent baccalauréat),Marié(e),$60K - $80K,Blue,36,1,2,1241,67,0.567
718788258,Client actuel,52,M,5,Non connu,Marié(e),$80K - $120K,Blue,40,3,4,776,82,0.026
716404383,Client perdu,47,F,2,Licence,Marié(e),Non connu,Blue,36,5,2,2517,52,0.134
824795358,Client actuel,49,F,3,Lycée (équivalent baccalauréat),Marié(e),Moins de $40K,Blue,45,3,0,1038,70,0.634
715196508,Client actuel,45,M,3,Licence,Marié(e),$40K - $60K,Blue,35,3,2,0,74,0.0
779051808,Client actuel,35,F,1,Licence,Célibataire,$40K - $60K,Blue,16,2,2,1348,75,0.529
720695583,Client actuel,65,M,1,Licence,Célibataire,Non connu,Blue,53,2,3,1787,70,0.166
826414083,Client actuel,47,F,4,Non connu,Marié(e),$40K - $60K,Blue,43,3,4,1017,79,0.212
708426483,Client actuel,56,F,2,Licence,Célibataire,Moins de $40K,Blue,36,6,1,716,73,0.123
787472283,Client actuel,49,M,2,Licence,Célibataire,$80K - $120K,Blue,36,2,2,1321,78,0.064
716948283,Client actuel,58,M,1,Niveau Bac+2,Célibataire,$80K - $120K,Blue,49,3,2,0,69,0.0
778375458,Client actuel,52,M,3,Licence,Marié(e),$80K - $120K,Blue,32,3,3,1724,75,0.056
718504983,Client actuel,45,F,2,Licence,Marié(e),Moins de $40K,Blue,37,2,2,0,60,0.0
709625733,Client actuel,50,M,2,Lycée (équivalent baccalauréat),Célibataire,$60K - $80K,Blue,40,2,3,1115,64,0.115
719357058,Client actuel,62,F,2,Doctorat,Célibataire,$40K - $60K,Blue,56,3,2,1428,70,0.21
709626858,Client actuel,44,F,3,Lycée (équivalent baccalauréat),Marié(e),Moins de $40K,Blue,31,3,4,1379,61,0.277
711843708,Client perdu,61,F,0,Licence,Divorcé(e),$40K - $60K,Blue,36,5,3,0,38,0.0
711349083,Client actuel,47,F,4,Doctorat,Marié(e),Moins de $40K,Blue,28,2,4,0,60,0.0
721462458,Client actuel,52,F,3,Lycée (équivalent baccalauréat),Marié(e),Non connu,Blue,42,2,1,1179,69,0.049
780833058,Client actuel,46,M,2,Lycée (équivalent baccalauréat),Marié(e),$40K - $60K,Blue,32,3,2,2271,60,0.867
769962933,Client actuel,40,F,3,Licence,Célibataire,Moins de $40K,Blue,34,1,4,1192,75,0.177
719095533,Client actuel,47,F,4,Sans diplôme,Marié(e),$40K - $60K,Blue,39,3,3,1652,58,0.616
709718058,Client actuel,52,F,4,Sans diplôme,Célibataire,Moins de $40K,Blue,36,1,4,2181,78,0.743
819151083,Client actuel,46,M,5,Lycée (équivalent baccalauréat),Célibataire,$60K - $80K,Blue,41,3,4,1775,79,0.237
770778108,Client actuel,49,M,4,Master,Marié(e),$60K - $80K,Blue,35,2,3,1419,68,0.562
718877883,Client perdu,44,F,3,Non connu,Célibataire,Moins de $40K,Blue,36,1,1,2517,44,0.446
710376708,Client actuel,50,F,5,Sans diplôme,Célibataire,Moins de $40K,Blue,33,3,3,1377,54,0.485
718366983,Client actuel,40,M,3,Licence,Célibataire,$80K - $120K,Blue,31,2,4,2446,64,0.132
719604858,Client perdu,45,F,3,Non connu,Marié(e),Moins de $40K,Blue,31,5,3,0,37,0.0
714549558,Client perdu,41,F,2,Licence,Marié(e),$40K - $60K,Blue,32,2,2,0,49,0.0
822955008,Client perdu,63,M,1,Licence,Célibataire,$60K - $80K,Blue,56,5,2,0,49,0.0
712986483,Client actuel,32,M,3,Niveau Bac+2,Non connu,$80K - $120K,Blue,36,5,2,0,73,0.0
779597133,Client actuel,55,M,1,Licence,Célibataire,$80K - $120K,Blue,44,3,2,1784,81,0.67
758426583,Client actuel,51,F,2,Master,Marié(e),Moins de $40K,Blue,44,3,4,1031,72,0.717
716805408,Client actuel,52,M,3,Doctorat,Marié(e),$60K - $80K,Blue,40,2,2,804,74,0.15
711275433,Client perdu,47,M,4,Sans diplôme,Non connu,Non connu,Blue,36,5,3,0,38,0.0
778968408,Client actuel,39,M,2,Doctorat,Célibataire,$60K - $80K,Blue,27,1,3,0,47,0.0
827117808,Client perdu,45,M,1,Licence,Célibataire,$60K - $80K,Blue,41,5,2,2513,28,0.254
804462633,Client perdu,43,F,3,Lycée (équivalent baccalauréat),Divorcé(e),Moins de $40K,Blue,38,5,3,0,44,0.0
709321908,Client perdu,47,M,3,Lycée (équivalent baccalauréat),Marié(e),$80K - $120K,Blue,29,2,3,2319,51,0.309
714907908,Client actuel,51,F,0,Lycée (équivalent baccalauréat),Marié(e),$40K - $60K,Blue,40,2,2,1674,77,0.307
818336508,Client actuel,50,M,2,Non connu,Célibataire,$120K +,Blue,45,2,4,1650,60,0.05
712597233,Client perdu,37,M,2,Sans diplôme,Non connu,$40K - $60K,Blue,36,5,2,1721,32,0.53
711964533,Client actuel,44,M,3,Niveau Bac+2,Marié(e),$40K - $60K,Blue,36,3,2,2517,68,0.412
716705433,Client actuel,62,F,1,Sans diplôme,Non connu,Moins de $40K,Silver,36,1,3,931,78,0.074
717983058,Client actuel,41,F,3,Licence,Marié(e),$40K - $60K,Blue,29,1,3,1068,58,0.539
709587783,Client actuel,39,M,4,Master,Célibataire,$60K - $80K,Silver,36,3,3,0,73,0.0
709804533,Client actuel,40,M,4,Sans diplôme,Célibataire,$120K +,Blue,34,1,3,1451,74,0.081
712076358,Client actuel,46,M,3,Lycée (équivalent baccalauréat),Célibataire,$120K +,Blue,34,3,2,868,57,0.168
711670308,Client actuel,51,F,3,Non connu,Marié(e),Moins de $40K,Blue,30,2,0,1576,65,0.262
720717108,Client actuel,64,M,1,Sans diplôme,Célibataire,Non connu,Blue,51,3,1,1210,59,0.471
784789758,Client actuel,40,M,2,Non connu,Marié(e),$60K - $80K,Blue,34,3,0,1601,74,0.49
779689233,Client actuel,50,M,3,Licence,Célibataire,$40K - $60K,Blue,33,1,2,1291,69,0.461
788792583,Client actuel,44,F,3,Non connu,Célibataire,$40K - $60K,Blue,26,3,0,0,71,0.0
710657508,Client actuel,32,M,0,Niveau Bac+2,Non connu,Moins de $40K,Blue,36,3,4,1325,65,0.35
716393958,Client actuel,43,M,3,Lycée (équivalent baccalauréat),Célibataire,$80K - $120K,Blue,34,2,0,1483,66,0.052
770708133,Client actuel,47,F,5,Lycée (équivalent baccalauréat),Célibataire,Moins de $40K,Blue,33,2,2,1330,64,0.613
766131033,Client actuel,43,F,4,Licence,Marié(e),Moins de $40K,Blue,29,3,3,976,60,0.259
719816583,Client perdu,46,M,3,Doctorat,Marié(e),$120K +,Blue,38,2,2,552,49,0.061
715376508,Client actuel,47,F,5,Licence,Marié(e),Moins de $40K,Blue,42,5,1,2517,65,0.887
709300458,Client actuel,48,M,1,Licence,Non connu,Moins de $40K,Blue,43,3,3,1031,73,0.143
778340733,Client actuel,44,F,3,Niveau Bac+2,Marié(e),$40K - $60K,Blue,24,1,4,1537,31,0.181
708195633,Client actuel,40,M,2,Lycée (équivalent baccalauréat),Non connu,$80K - $120K,Silver,32,2,3,1182,54,0.034
714729933,Client actuel,46,M,2,Non connu,Marié(e),$80K - $120K,Blue,36,1,2,1525,59,0.108
794514108,Client actuel,50,F,2,Non connu,Marié(e),Non connu,Blue,31,2,2,0,65,0.0
812501358,Client actuel,46,F,4,Master,Divorcé(e),Moins de $40K,Blue,41,1,1,611,76,0.349
718961208,Client actuel,43,F,3,Niveau Bac+2,Célibataire,Moins de $40K,Blue,32,3,3,0,85,0.0
814459833,Client actuel,42,F,3,Licence,Célibataire,Moins de $40K,Blue,37,3,4,0,55,0.0
720363258,Client actuel,43,F,4,Licence,Marié(e),Moins de $40K,Blue,29,3,3,1640,75,0.59
714496083,Client actuel,51,M,3,Non connu,Célibataire,$60K - $80K,Blue,43,2,3,1781,28,0.268
713004933,Client perdu,40,M,3,Lycée (équivalent baccalauréat),Marié(e),$60K - $80K,Blue,27,2,1,2332,51,0.342
712011633,Client actuel,40,F,2,Doctorat,Célibataire,$40K - $60K,Blue,36,1,3,850,64,0.304
772466508,Client perdu,45,M,3,Non connu,Marié(e),$60K - $80K,Blue,35,2,1,2517,45,0.14
708225483,Client actuel,47,M,4,Licence,Marié(e),$80K - $120K,Blue,36,2,4,1561,81,0.139
788923758,Client actuel,26,F,1,Lycée (équivalent baccalauréat),Non connu,Non connu,Blue,13,1,3,2517,76,0.235
789150633,Client actuel,50,F,3,Licence,Marié(e),Moins de $40K,Blue,38,3,2,1888,58,0.624
710809083,Client actuel,37,F,4,Niveau Bac+2,Marié(e),Moins de $40K,Blue,36,3,1,787,58,0.547
787669233,Client actuel,51,M,2,Doctorat,Célibataire,$80K - $120K,Blue,41,3,2,1046,76,0.03
708119658,Client actuel,49,F,4,Licence,Marié(e),$40K - $60K,Blue,38,2,1,1034,53,0.081
737921733,Client perdu,62,F,1,Non connu,Célibataire,Moins de $40K,Blue,55,6,3,1604,34,0.848
765940683,Client actuel,37,M,3,Sans diplôme,Célibataire,$80K - $120K,Blue,30,2,2,1747,56,0.155
719732433,Client actuel,54,M,2,Licence,Célibataire,$60K - $80K,Blue,36,3,1,1017,78,0.079
715491483,Client actuel,44,M,2,Licence,Divorcé(e),$120K +,Blue,36,2,0,0,62,0.0
783381933,Client actuel,43,M,4,Sans diplôme,Marié(e),$60K - $80K,Blue,37,1,3,1942,63,0.558
811554708,Client actuel,44,F,3,Lycée (équivalent baccalauréat),Marié(e),Non connu,Blue,38,6,4,1434,76,0.054
719536608,Client actuel,49,F,3,Licence,Célibataire,Moins de $40K,Blue,36,5,1,1931,78,0.845
720753183,Client actuel,48,M,2,Master,Marié(e),$40K - $60K,Blue,36,3,2,2035,76,0.212
714505683,Client actuel,51,M,4,Sans diplôme,Divorcé(e),$80K - $120K,Blue,38,3,2,0,63,0.0
711942783,Client actuel,41,F,3,Lycée (équivalent baccalauréat),Marié(e),Moins de $40K,Blue,28,1,3,1909,61,0.811
714031983,Client actuel,41,F,3,Lycée (équivalent baccalauréat),Célibataire,Moins de $40K,Silver,36,1,3,1418,63,0.123
711372258,Client actuel,59,M,1,Niveau Bac+2,Célibataire,$40K - $60K,Blue,51,2,2,1002,62,0.199
710825658,Client actuel,37,F,3,Sans diplôme,Célibataire,Moins de $40K,Blue,29,3,2,1614,78,0.625
716575758,Client perdu,50,F,2,Niveau Bac+2,Non connu,Non connu,Blue,39,6,2,0,41,0.0
714732183,Client actuel,47,M,4,Sans diplôme,Non connu,$40K - $60K,Blue,36,3,2,1607,65,0.472
714097683,Client perdu,55,F,2,Licence,Marié(e),$40K - $60K,Blue,49,6,5,0,44,0.0
720568083,Client actuel,40,M,2,Licence,Divorcé(e),$60K - $80K,Blue,36,2,4,0,53,0.0
708121908,Client perdu,48,M,4,Non connu,Marié(e),$80K - $120K,Blue,36,6,2,0,45,0.0
778710783,Client actuel,45,M,3,Lycée (équivalent baccalauréat),Divorcé(e),$80K - $120K,Blue,26,2,2,974,83,0.053
713745783,Client actuel,29,F,0,Master,Célibataire,Non connu,Gold,36,1,4,1452,49,0.042
711043983,Client actuel,44,M,3,Lycée (équivalent baccalauréat),Célibataire,$80K - $120K,Blue,29,3,1,1259,67,0.036
716438433,Client actuel,41,M,1,Doctorat,Célibataire,$80K - $120K,Blue,32,3,3,1449,66,0.143
709435533,Client perdu,53,F,1,Non connu,Célibataire,Moins de $40K,Blue,41,6,2,0,44,0.0
711080358,Client actuel,55,M,1,Non connu,Non connu,$120K +,Blue,46,1,2,2205,66,0.111
718677858,Client actuel,39,M,1,Niveau Bac+2,Marié(e),Moins de $40K,Blue,27,2,2,1053,72,0.461
720259308,Client actuel,39,M,3,Lycée (équivalent baccalauréat),Célibataire,$80K - $120K,Blue,30,3,3,569,82,0.09
719346708,Client actuel,41,F,1,Non connu,Divorcé(e),Moins de $40K,Blue,30,2,4,1675,72,0.607
719874633,Client perdu,44,M,1,Lycée (équivalent baccalauréat),Non connu,$80K - $120K,Gold,36,2,3,0,34,0.0
720286908,Client actuel,50,M,3,Sans diplôme,Marié(e),$40K - $60K,Blue,40,2,2,0,80,0.0
719168883,Client perdu,45,F,5,Non connu,Marié(e),Moins de $40K,Blue,34,7,1,0,45,0.0
789893808,Client actuel,52,M,3,Licence,Divorcé(e),$120K +,Silver,42,2,3,1230,38,0.036
772472208,Client actuel,50,M,1,Sans diplôme,Marié(e),$60K - $80K,Blue,40,1,4,996,48,0.243
710402508,Client actuel,52,M,0,Non connu,Célibataire,$80K - $120K,Blue,36,3,4,0,69,0.0
710218233,Client actuel,43,F,3,Lycée (équivalent baccalauréat),Célibataire,$40K - $60K,Blue,35,3,3,1044,65,0.455
714212358,Client perdu,38,F,3,Lycée (équivalent baccalauréat),Marié(e),Non connu,Blue,36,6,2,1706,57,0.324
812956983,Client actuel,51,M,3,Licence,Célibataire,$80K - $120K,Blue,46,3,3,1989,59,0.575
780241758,Client actuel,59,M,1,Lycée (équivalent baccalauréat),Célibataire,$60K - $80K,Blue,45,2,4,2517,59,0.638
711580908,Client actuel,52,F,3,Non connu,Célibataire,$40K - $60K,Blue,42,3,2,2258,81,0.746
712835433,Client actuel,49,F,3,Sans diplôme,Marié(e),Non connu,Blue,36,3,3,0,73,0.0
716461683,Client actuel,47,F,3,Sans diplôme,Marié(e),Moins de $40K,Silver,36,3,1,1339,72,0.113
713617608,Client actuel,43,M,3,Non connu,Marié(e),$120K +,Silver,33,2,3,1844,79,0.053
714622833,Client actuel,47,M,3,Sans diplôme,Célibataire,$80K - $120K,Blue,36,3,2,1664,58,0.064
712115958,Client actuel,47,F,3,Sans diplôme,Célibataire,Moins de $40K,Blue,38,3,4,2264,74,0.806
712033833,Client actuel,42,F,4,Non connu,Non connu,Moins de $40K,Blue,34,3,2,1341,70,0.716
714548733,Client actuel,35,M,0,Niveau Bac+2,Célibataire,$80K - $120K,Silver,16,3,3,0,64,0.0
719523108,Client actuel,61,M,0,Master,Célibataire,$60K - $80K,Blue,36,2,3,576,80,0.051
710881008,Client actuel,42,M,3,Lycée (équivalent baccalauréat),Célibataire,$80K - $120K,Blue,29,1,1,1238,66,0.194
715098333,Client actuel,52,M,2,Lycée (équivalent baccalauréat),Célibataire,$120K +,Blue,43,2,3,761,82,0.022
708211383,Client actuel,35,F,3,Licence,Célibataire,Moins de $40K,Blue,27,3,3,0,74,0.0
715054683,Client actuel,50,M,2,Sans diplôme,Célibataire,$80K - $120K,Blue,42,3,4,0,60,0.0
710670633,Client actuel,40,M,4,Lycée (équivalent baccalauréat),Marié(e),$60K - $80K,Blue,36,3,3,1779,33,0.307
784560258,Client actuel,45,M,1,Sans diplôme,Divorcé(e),$60K - $80K,Blue,39,2,0,1247,63,0.057
710871108,Client actuel,45,M,5,Sans diplôme,Divorcé(e),$60K - $80K,Silver,36,2,4,1459,70,0.046
787770858,Client actuel,43,M,4,Licence,Célibataire,$80K - $120K,Blue,32,2,3,774,81,0.093
721104708,Client perdu,41,F,3,Master,Marié(e),$40K - $60K,Blue,36,4,1,1966,41,0.951
717461283,Client perdu,38,F,2,Licence,Célibataire,Non connu,Blue,24,2,3,570,45,0.257
803028858,Client perdu,38,F,2,Licence,Célibataire,$40K - $60K,Blue,32,4,3,0,36,0.0
716628633,Client actuel,41,M,4,Sans diplôme,Célibataire,$80K - $120K,Blue,33,3,3,1519,74,0.346
813380058,Client actuel,64,F,0,Licence,Célibataire,Non connu,Blue,56,2,4,863,51,0.21
770135358,Client actuel,46,F,1,Licence,Marié(e),Moins de $40K,Blue,40,2,2,1485,77,0.288
719301258,Client actuel,61,M,0,Master,Célibataire,$40K - $60K,Silver,42,3,2,0,68,0.0
711340233,Client actuel,46,F,0,Licence,Célibataire,Non connu,Blue,34,1,2,2059,78,0.223
710002833,Client actuel,32,F,1,Lycée (équivalent baccalauréat),Marié(e),Non connu,Blue,22,2,3,2517,71,0.737
808705758,Client actuel,43,M,3,Non connu,Non connu,$80K - $120K,Blue,38,2,3,1732,27,0.085
710839308,Client actuel,34,F,2,Lycée (équivalent baccalauréat),Célibataire,Moins de $40K,Blue,21,1,3,1671,77,0.333
768687183,Client actuel,54,F,1,Niveau Bac+2,Célibataire,Moins de $40K,Blue,48,1,4,1083,53,0.444
720541758,Client actuel,45,F,4,Niveau Bac+2,Divorcé(e),Moins de $40K,Blue,39,1,2,1655,64,0.334
712263258,Client actuel,49,F,2,Sans diplôme,Marié(e),Moins de $40K,Blue,38,3,3,0,62,0.0
712751133,Client perdu,42,M,3,Doctorat,Marié(e),$60K - $80K,Blue,35,4,3,1369,42,0.121
779662308,Client actuel,49,F,2,Non connu,Marié(e),Moins de $40K,Blue,32,1,3,710,80,0.494
719260608,Client actuel,38,M,3,Sans diplôme,Célibataire,$60K - $80K,Silver,31,3,2,1566,53,0.045
803319633,Client actuel,51,F,2,Lycée (équivalent baccalauréat),Marié(e),Moins de $40K,Blue,45,3,2,1358,81,0.427
708170508,Client perdu,38,M,2,Licence,Marié(e),$60K - $80K,Blue,36,4,2,0,42,0.0
711891933,Client actuel,47,M,3,Lycée (équivalent baccalauréat),Marié(e),$80K - $120K,Blue,40,3,3,1582,59,0.122
802875333,Client actuel,51,M,1,Lycée (équivalent baccalauréat),Célibataire,$60K - $80K,Blue,45,3,4,0,54,0.0
719991783,Client actuel,40,M,2,Lycée (équivalent baccalauréat),Marié(e),$80K - $120K,Silver,36,3,0,2183,67,0.063
745435533,Client actuel,44,M,2,Non connu,Célibataire,$80K - $120K,Blue,37,1,3,2517,70,0.962
718063083,Client actuel,40,M,2,Licence,Marié(e),$40K - $60K,Blue,31,1,2,2025,82,0.312
710713608,Client actuel,60,M,0,Sans diplôme,Célibataire,$80K - $120K,Blue,36,3,2,2396,67,0.098
720487308,Client actuel,49,M,1,Lycée (équivalent baccalauréat),Non connu,$60K - $80K,Blue,38,3,2,0,54,0.0
719770158,Client perdu,54,F,3,Master,Marié(e),$40K - $60K,Blue,49,7,3,0,37,0.0
712283808,Client actuel,50,F,3,Lycée (équivalent baccalauréat),Marié(e),Moins de $40K,Silver,40,2,2,1149,44,0.114
779737233,Client actuel,51,M,1,Licence,Marié(e),$60K - $80K,Blue,35,3,2,628,66,0.065
751076058,Client actuel,44,F,4,Non connu,Marié(e),Non connu,Blue,37,3,3,0,73,0.0
736552308,Client actuel,48,F,4,Licence,Marié(e),Moins de $40K,Blue,41,1,3,672,65,0.191
720578058,Client actuel,53,M,4,Non connu,Célibataire,$60K - $80K,Blue,42,3,4,2375,67,0.283
714932658,Client actuel,42,F,4,Niveau Bac+2,Célibataire,Non connu,Blue,34,3,2,0,81,0.0
804708633,Client actuel,44,F,3,Sans diplôme,Célibataire,Moins de $40K,Blue,39,2,2,0,87,0.0
716271183,Client perdu,45,F,2,Sans diplôme,Célibataire,Moins de $40K,Blue,37,2,2,0,42,0.0
712442508,Client actuel,52,F,4,Master,Marié(e),Moins de $40K,Blue,37,3,4,783,70,0.544
719165508,Client actuel,48,F,3,Licence,Marié(e),$40K - $60K,Silver,40,3,4,2262,69,0.119
826467333,Client actuel,57,M,1,Lycée (équivalent baccalauréat),Célibataire,$80K - $120K,Blue,53,1,3,585,74,0.073
721027083,Client actuel,47,F,4,Master,Célibataire,Non connu,Blue,36,1,0,1862,87,0.61
713764458,Client actuel,53,M,2,Licence,Célibataire,$120K +,Blue,36,2,3,2090,68,0.197
816261858,Client perdu,61,M,0,Licence,Célibataire,$40K - $60K,Blue,56,6,5,2245,39,0.564
710850633,Client actuel,65,M,0,Lycée (équivalent baccalauréat),Célibataire,$40K - $60K,Blue,53,2,2,1613,67,0.643
805282908,Client actuel,43,M,5,Licence,Non connu,$40K - $60K,Blue,38,3,2,1100,71,0.145
771246708,Client actuel,40,M,5,Licence,Non connu,$120K +,Blue,27,2,3,2297,82,0.072
785119833,Client actuel,40,M,3,Niveau Bac+2,Divorcé(e),$60K - $80K,Blue,34,3,3,1180,54,0.06
716780283,Client actuel,39,M,2,Sans diplôme,Célibataire,$40K - $60K,Blue,19,3,3,1735,89,0.262
716546283,Client actuel,39,M,3,Licence,Marié(e),$60K - $80K,Blue,36,3,4,943,72,0.072
721308033,Client perdu,45,F,2,Master,Célibataire,$40K - $60K,Blue,37,4,1,2517,42,0.829
779270883,Client actuel,48,M,4,Lycée (équivalent baccalauréat),Marié(e),$60K - $80K,Blue,30,3,3,0,77,0.0
822061683,Client actuel,38,M,1,Licence,Célibataire,$60K - $80K,Blue,34,3,4,1977,85,0.085
710058033,Client actuel,51,M,0,Sans diplôme,Divorcé(e),$120K +,Blue,41,1,0,0,66,0.0
710678658,Client actuel,47,F,4,Non connu,Non connu,Moins de $40K,Blue,36,3,2,1151,64,0.233
712943508,Client actuel,48,F,5,Licence,Marié(e),Moins de $40K,Blue,36,3,0,1023,79,0.148
816263808,Client actuel,47,M,1,Licence,Célibataire,$80K - $120K,Blue,31,1,2,755,56,0.042
714162033,Client actuel,45,F,3,Master,Divorcé(e),Moins de $40K,Blue,28,4,3,1519,49,0.291
711238908,Client actuel,65,F,0,Sans diplôme,Célibataire,Moins de $40K,Blue,54,5,2,1758,62,0.228
713971608,Client actuel,49,M,4,Sans diplôme,Marié(e),Moins de $40K,Blue,39,1,4,1830,71,0.253
715193433,Client actuel,61,F,0,Lycée (équivalent baccalauréat),Célibataire,Non connu,Blue,51,2,2,0,67,0.0
713111883,Client actuel,51,M,1,Non connu,Marié(e),$120K +,Blue,31,1,2,1812,70,0.07
716911608,Client actuel,48,M,4,Licence,Célibataire,$80K - $120K,Blue,36,1,4,1017,71,0.662
822898758,Client actuel,44,F,5,Master,Marié(e),Moins de $40K,Blue,40,3,4,973,66,0.219
712085733,Client actuel,45,M,4,Licence,Marié(e),$120K +,Blue,36,2,3,880,64,0.025
718583133,Client actuel,49,F,3,Licence,Non connu,Moins de $40K,Blue,39,2,0,981,75,0.224
772095858,Client actuel,38,F,2,Licence,Célibataire,Non connu,Blue,27,2,3,1246,66,0.093
780074733,Client actuel,42,F,1,Doctorat,Marié(e),Moins de $40K,Blue,27,3,3,1565,72,0.851
710182383,Client actuel,44,M,3,Sans diplôme,Divorcé(e),$80K - $120K,Blue,13,2,3,1568,77,0.088
713418558,Client actuel,46,F,3,Licence,Divorcé(e),Moins de $40K,Blue,37,1,0,0,71,0.0
715445883,Client actuel,40,F,2,Licence,Marié(e),Non connu,Blue,29,2,2,2105,86,0.112
718599108,Client actuel,50,F,3,Licence,Marié(e),Non connu,Blue,39,3,2,1172,64,0.363
711546333,Client actuel,46,M,3,Sans diplôme,Marié(e),Moins de $40K,Blue,38,3,1,1559,72,0.196
721513833,Client actuel,35,M,0,Lycée (équivalent baccalauréat),Divorcé(e),$40K - $60K,Blue,36,3,2,1504,72,0.268
771669183,Client actuel,49,M,1,Licence,Marié(e),$60K - $80K,Blue,37,1,4,1212,70,0.25
774760458,Client perdu,62,F,1,Lycée (équivalent baccalauréat),Non connu,$40K - $60K,Blue,56,6,1,2517,36,0.661
713453733,Client actuel,45,F,2,Sans diplôme,Célibataire,$40K - $60K,Blue,37,1,3,1654,84,0.654
804415083,Client perdu,45,M,3,Non connu,Marié(e),$60K - $80K,Blue,40,6,3,655,51,0.16
711419133,Client actuel,56,M,4,Licence,Célibataire,Moins de $40K,Blue,36,2,3,1077,77,0.352
710691633,Client actuel,58,F,1,Lycée (équivalent baccalauréat),Marié(e),Moins de $40K,Blue,43,1,4,1152,78,0.589
715008858,Client actuel,51,F,3,Non connu,Célibataire,Moins de $40K,Blue,41,1,2,655,66,0.223
771424908,Client perdu,38,M,2,Non connu,Non connu,$60K - $80K,Blue,26,2,3,1129,31,0.1
771215583,Client actuel,39,M,3,Lycée (équivalent baccalauréat),Célibataire,$60K - $80K,Blue,26,1,4,1475,60,0.06
711012783,Client perdu,43,M,4,Licence,Marié(e),$120K +,Blue,36,4,7,0,46,0.0
827408058,Client actuel,44,F,3,Licence,Marié(e),Moins de $40K,Blue,40,2,2,2002,68,0.897
713904708,Client actuel,40,F,3,Licence,Marié(e),Moins de $40K,Blue,36,1,3,1942,85,0.256
807596358,Client actuel,49,M,2,Sans diplôme,Marié(e),$80K - $120K,Blue,44,2,2,1204,70,0.087
708788583,Client perdu,64,F,1,Niveau Bac+2,Non connu,$60K - $80K,Blue,56,1,2,0,43,0.0
713446083,Client actuel,49,F,4,Sans diplôme,Non connu,Non connu,Blue,39,2,3,1732,65,0.15
717888108,Client actuel,47,F,3,Doctorat,Célibataire,$40K - $60K,Blue,35,3,2,2517,62,0.876
819714408,Client perdu,44,F,2,Licence,Marié(e),Non connu,Blue,39,4,3,2386,42,0.421
716853258,Client actuel,64,M,1,Licence,Célibataire,Moins de $40K,Blue,45,3,2,0,72,0.0
719455083,Client actuel,48,F,3,Sans diplôme,Célibataire,Moins de $40K,Blue,39,3,4,1508,64,0.504
779299233,Client actuel,52,F,3,Licence,Célibataire,Moins de $40K,Silver,34,2,2,1375,73,0.105
771922008,Client actuel,57,F,2,Non connu,Célibataire,Moins de $40K,Blue,46,2,2,1889,64,0.347
708887433,Client actuel,65,M,0,Licence,Célibataire,Moins de $40K,Blue,56,1,3,0,59,0.0
713214558,Client actuel,52,M,2,Licence,Marié(e),$60K - $80K,Blue,41,3,3,2195,68,0.835
718038483,Client actuel,42,M,3,Sans diplôme,Célibataire,$80K - $120K,Blue,35,1,4,0,75,0.0
714053358,Client actuel,37,M,2,Lycée (équivalent baccalauréat),Célibataire,$40K - $60K,Blue,31,3,4,0,81,0.0
713730933,Client perdu,53,F,4,Licence,Marié(e),$40K - $60K,Blue,36,4,7,0,44,0.0
762775908,Client actuel,46,F,2,Lycée (équivalent baccalauréat),Marié(e),Non connu,Blue,39,1,2,1292,63,0.105
713181558,Client actuel,55,F,2,Doctorat,Marié(e),Non connu,Blue,47,1,3,0,73,0.0
713079108,Client actuel,51,F,0,Licence,Marié(e),Moins de $40K,Blue,42,3,2,925,72,0.498
804426858,Client actuel,35,F,1,Sans diplôme,Marié(e),Moins de $40K,Blue,30,2,1,1660,33,0.64
788379933,Client actuel,41,M,3,Doctorat,Célibataire,$60K - $80K,Blue,34,3,2,0,70,0.0
713740533,Client actuel,41,M,3,Licence,Célibataire,$60K - $80K,Blue,29,3,3,1664,52,0.6
712235433,Client perdu,43,F,1,Licence,Célibataire,$60K - $80K,Blue,36,4,2,0,50,0.0
811705233,Client actuel,45,M,2,Non connu,Célibataire,$40K - $60K,Blue,40,4,3,0,71,0.0
714594933,Client actuel,44,F,2,Licence,Divorcé(e),Moins de $40K,Blue,36,3,0,990,65,0.14
714377058,Client perdu,63,F,1,Non connu,Célibataire,$60K - $80K,Blue,36,4,5,0,50,0.0
827114058,Client actuel,46,M,4,Master,Marié(e),$60K - $80K,Blue,42,2,1,0,74,0.0
708654933,Client perdu,61,F,2,Doctorat,Marié(e),$60K - $80K,Platinum,42,2,3,193,46,0.012
720283758,Client perdu,44,F,2,Sans diplôme,Marié(e),Non connu,Blue,36,4,3,1733,43,0.126
801994458,Client actuel,58,M,1,Non connu,Célibataire,$40K - $60K,Blue,52,2,3,2517,65,0.649
718834233,Client actuel,38,F,2,Niveau Bac+2,Célibataire,Moins de $40K,Blue,21,1,2,0,71,0.0
719196858,Client actuel,50,M,2,Licence,Marié(e),$60K - $80K,Blue,39,1,4,2276,77,0.35
708451233,Client actuel,46,F,3,Licence,Non connu,Moins de $40K,Blue,36,3,4,1650,72,0.324
718735908,Client perdu,47,M,4,Licence,Marié(e),$120K +,Blue,35,7,3,0,51,0.0
789339633,Client actuel,51,M,2,Sans diplôme,Divorcé(e),$120K +,Blue,41,2,3,0,55,0.0
804833058,Client perdu,49,M,3,Non connu,Marié(e),$80K - $120K,Blue,44,4,7,0,49,0.0
712542258,Client actuel,47,F,5,Non connu,Marié(e),Moins de $40K,Blue,40,1,3,2000,79,0.678
713639058,Client perdu,49,M,3,Lycée (équivalent baccalauréat),Marié(e),$60K - $80K,Blue,34,4,3,0,35,0.0
709560258,Client perdu,49,F,3,Licence,Marié(e),Non connu,Blue,31,4,7,0,38,0.0
718317258,Client actuel,54,F,3,Sans diplôme,Célibataire,Moins de $40K,Blue,47,3,3,1960,76,0.262
720362058,Client perdu,57,M,2,Sans diplôme,Célibataire,$60K - $80K,Silver,49,4,3,0,46,0.0
712606158,Client actuel,47,M,4,Sans diplôme,Marié(e),$60K - $80K,Blue,42,1,2,1214,63,0.212
713162358,Client actuel,49,F,4,Non connu,Célibataire,$40K - $60K,Blue,36,3,2,509,72,0.053
710673558,Client actuel,37,M,1,Lycée (équivalent baccalauréat),Célibataire,$60K - $80K,Blue,21,2,2,1600,70,0.073
710096658,Client actuel,45,F,3,Non connu,Marié(e),Moins de $40K,Blue,39,3,3,1978,42,0.759
721313808,Client actuel,50,M,1,Doctorat,Célibataire,$80K - $120K,Blue,41,1,2,1741,73,0.616
778924158,Client actuel,45,F,2,Lycée (équivalent baccalauréat),Célibataire,Moins de $40K,Blue,26,3,4,0,77,0.0
719602908,Client perdu,42,F,2,Master,Célibataire,$40K - $60K,Blue,34,6,3,812,42,0.143
820383558,Client actuel,45,M,4,Lycée (équivalent baccalauréat),Célibataire,$80K - $120K,Blue,40,2,3,1344,58,0.211
717953283,Client actuel,41,M,3,Licence,Marié(e),$60K - $80K,Blue,31,2,2,1189,45,0.56
710327508,Client actuel,44,F,4,Sans diplôme,Célibataire,Moins de $40K,Blue,36,2,4,1290,87,0.765
785134758,Client actuel,41,M,2,Niveau Bac+2,Non connu,$80K - $120K,Blue,24,2,4,0,77,0.0
811970808,Client actuel,53,F,0,Licence,Célibataire,Moins de $40K,Blue,48,3,3,1885,65,0.316
718676283,Client actuel,43,F,2,Sans diplôme,Marié(e),Moins de $40K,Blue,34,2,3,1662,72,0.189
720439533,Client actuel,64,F,0,Sans diplôme,Célibataire,Moins de $40K,Blue,36,1,3,1358,73,0.191
793720908,Client actuel,46,M,5,Sans diplôme,Célibataire,$40K - $60K,Blue,40,2,2,875,48,0.119
708937608,Client actuel,37,F,4,Lycée (équivalent baccalauréat),Célibataire,Moins de $40K,Blue,18,1,2,1366,66,0.683
769189083,Client actuel,46,F,2,Licence,Célibataire,Moins de $40K,Blue,40,2,4,639,85,0.444
713455233,Client actuel,48,M,3,Licence,Marié(e),$80K - $120K,Blue,37,2,1,1416,65,0.041
719563158,Client actuel,48,M,2,Lycée (équivalent baccalauréat),Marié(e),$40K - $60K,Blue,36,3,2,1921,75,0.457
753118533,Client actuel,38,F,2,Doctorat,Célibataire,Moins de $40K,Blue,31,3,2,986,75,0.634
713265858,Client actuel,44,M,3,Licence,Marié(e),$120K +,Blue,32,2,2,1344,92,0.039
709713033,Client perdu,55,M,1,Niveau Bac+2,Célibataire,$80K - $120K,Blue,48,5,3,0,35,0.0
711608958,Client actuel,50,M,1,Sans diplôme,Marié(e),$40K - $60K,Blue,36,1,4,1035,74,0.5
708633783,Client perdu,43,M,3,Sans diplôme,Marié(e),$80K - $120K,Blue,30,2,5,0,39,0.0
714532158,Client actuel,55,M,1,Doctorat,Célibataire,$60K - $80K,Blue,36,3,3,1166,68,0.077
720950283,Client perdu,47,M,3,Lycée (équivalent baccalauréat),Marié(e),$80K - $120K,Blue,34,3,3,0,63,0.0
809797158,Client actuel,42,M,2,Sans diplôme,Célibataire,$80K - $120K,Blue,37,3,4,1592,66,0.082
713692683,Client actuel,41,M,2,Sans diplôme,Marié(e),$60K - $80K,Blue,13,2,2,1944,77,0.867
710748483,Client actuel,56,F,1,Lycée (équivalent baccalauréat),Célibataire,Moins de $40K,Blue,43,2,2,1934,68,0.662
720868683,Client actuel,50,F,4,Sans diplôme,Célibataire,$40K - $60K,Blue,22,2,3,1343,37,0.171
787532808,Client actuel,41,M,4,Master,Marié(e),$40K - $60K,Silver,30,3,3,2236,66,0.136
709453833,Client actuel,48,F,4,Licence,Célibataire,Non connu,Blue,40,2,2,859,67,0.077
712114458,Client actuel,49,F,3,Sans diplôme,Marié(e),Moins de $40K,Blue,31,3,3,1835,64,0.62
811013658,Client actuel,41,M,2,Lycée (équivalent baccalauréat),Marié(e),$120K +,Blue,36,3,2,871,68,0.081
789180933,Client actuel,37,F,3,Lycée (équivalent baccalauréat),Célibataire,Moins de $40K,Blue,26,1,2,2216,67,0.76
717151383,Client actuel,44,F,1,Licence,Marié(e),Moins de $40K,Blue,36,3,3,1603,85,0.624
712470033,Client actuel,44,F,3,Niveau Bac+2,Célibataire,Moins de $40K,Blue,30,3,3,2053,67,0.452
717840108,Client perdu,48,M,4,Non connu,Marié(e),$80K - $120K,Blue,41,5,9,1357,35,0.282
709131033,Client actuel,65,F,0,Licence,Non connu,Non connu,Blue,36,3,4,1701,71,0.84
721506708,Client actuel,54,M,1,Sans diplôme,Non connu,$80K - $120K,Blue,46,1,4,2517,68,0.403
716039433,Client actuel,48,F,2,Lycée (équivalent baccalauréat),Célibataire,Moins de $40K,Blue,35,6,1,1271,64,0.754
710874933,Client actuel,41,M,1,Licence,Célibataire,$80K - $120K,Blue,31,3,4,2224,40,0.217
794682483,Client actuel,43,F,3,Master,Non connu,Moins de $40K,Blue,23,3,3,1094,64,0.255
709229358,Client actuel,46,F,5,Sans diplôme,Célibataire,Moins de $40K,Blue,38,1,4,1604,80,0.617
772177308,Client actuel,47,F,2,Non connu,Non connu,Moins de $40K,Blue,36,2,2,0,62,0.0
715016508,Client perdu,42,F,3,Lycée (équivalent baccalauréat),Marié(e),$40K - $60K,Blue,36,5,5,0,37,0.0
716071233,Client actuel,42,M,0,Lycée (équivalent baccalauréat),Non connu,$80K - $120K,Silver,35,2,3,1934,73,0.056
818308533,Client actuel,47,M,5,Master,Marié(e),Moins de $40K,Blue,41,2,1,0,56,0.0
711000933,Client actuel,50,F,2,Licence,Célibataire,Non connu,Blue,41,2,4,2490,61,0.514
760104333,Client actuel,43,F,3,Licence,Marié(e),Moins de $40K,Silver,36,2,2,0,63,0.0
718201383,Client actuel,49,M,1,Niveau Bac+2,Marié(e),$60K - $80K,Blue,43,3,4,1560,48,0.071
779450958,Client actuel,43,F,4,Licence,Marié(e),Moins de $40K,Blue,25,3,2,1782,88,0.643
717990183,Client actuel,52,M,4,Sans diplôme,Célibataire,$80K - $120K,Blue,36,2,2,2444,79,0.327
721252683,Client actuel,40,M,5,Non connu,Marié(e),$80K - $120K,Blue,33,2,4,1501,64,0.043
710505483,Client actuel,46,M,3,Sans diplôme,Marié(e),$60K - $80K,Blue,36,3,3,0,69,0.0
711587433,Client actuel,47,F,4,Licence,Marié(e),Non connu,Blue,33,3,1,2407,71,0.225
720964683,Client actuel,60,M,0,Lycée (équivalent baccalauréat),Célibataire,$40K - $60K,Blue,36,3,2,0,60,0.0
711478233,Client actuel,38,F,1,Master,Célibataire,Moins de $40K,Blue,26,1,3,2496,58,0.941
717096858,Client actuel,51,M,2,Doctorat,Célibataire,$40K - $60K,Blue,40,3,3,719,78,0.111
719739108,Client actuel,62,F,0,Licence,Divorcé(e),$40K - $60K,Blue,50,2,4,2517,56,0.222
717432933,Client actuel,52,F,5,Non connu,Célibataire,Non connu,Blue,36,1,3,1387,76,0.438
721501308,Client actuel,41,M,3,Lycée (équivalent baccalauréat),Célibataire,Moins de $40K,Blue,33,3,1,918,70,0.131
714169083,Client actuel,48,M,4,Master,Célibataire,$120K +,Blue,38,2,0,1639,74,0.047
710194683,Client actuel,43,M,3,Licence,Non connu,$80K - $120K,Blue,30,1,4,2260,39,0.697
715365183,Client actuel,51,F,1,Niveau Bac+2,Marié(e),Moins de $40K,Blue,42,2,2,0,65,0.0
715448058,Client actuel,42,F,1,Niveau Bac+2,Marié(e),Moins de $40K,Blue,36,4,1,1824,50,0.598
779008158,Client actuel,54,F,4,Licence,Célibataire,Moins de $40K,Blue,43,1,4,1655,71,0.755
712822758,Client actuel,52,F,3,Sans diplôme,Marié(e),Moins de $40K,Blue,33,3,3,1403,58,0.247
717466158,Client actuel,48,F,2,Doctorat,Marié(e),Moins de $40K,Blue,40,4,3,1248,62,0.299
798687258,Client actuel,40,M,4,Licence,Marié(e),Moins de $40K,Blue,34,1,2,1812,62,0.703
717380133,Client actuel,65,M,0,Lycée (équivalent baccalauréat),Célibataire,$40K - $60K,Blue,36,4,1,1909,72,0.578
709693833,Client actuel,47,M,4,Licence,Marié(e),$60K - $80K,Blue,34,3,0,1605,44,0.173
804847308,Client actuel,64,F,0,Licence,Célibataire,$40K - $60K,Blue,56,2,1,0,69,0.0
716321583,Client actuel,50,F,3,Non connu,Célibataire,$40K - $60K,Blue,36,3,3,1173,55,0.092
712685733,Client actuel,57,F,3,Non connu,Célibataire,Non connu,Silver,36,3,2,1698,68,0.049
781306758,Client perdu,58,M,2,Sans diplôme,Célibataire,$80K - $120K,Blue,52,2,5,2517,49,0.814
743912958,Client actuel,39,F,1,Licence,Célibataire,$40K - $60K,Blue,32,3,1,1103,65,0.289
712294083,Client perdu,54,F,2,Lycée (équivalent baccalauréat),Célibataire,Non connu,Blue,44,5,5,0,45,0.0
716630508,Client actuel,58,M,3,Lycée (équivalent baccalauréat),Marié(e),$120K +,Blue,50,2,4,2361,75,0.186
711334983,Client perdu,41,F,3,Lycée (équivalent baccalauréat),Marié(e),Non connu,Blue,32,2,5,0,46,0.0
717442758,Client actuel,51,F,4,Lycée (équivalent baccalauréat),Marié(e),$40K - $60K,Blue,43,3,2,1452,79,0.174
709137558,Client actuel,52,M,0,Sans diplôme,Non connu,$80K - $120K,Blue,36,4,4,2084,69,0.386
714366708,Client actuel,58,M,2,Non connu,Divorcé(e),$60K - $80K,Blue,36,1,1,1069,85,0.717
711925608,Client actuel,42,M,4,Licence,Divorcé(e),$80K - $120K,Blue,35,2,2,1623,81,0.089
721202058,Client actuel,62,F,0,Lycée (équivalent baccalauréat),Non connu,$40K - $60K,Blue,49,1,1,785,61,0.178
716931183,Client actuel,45,M,5,Sans diplôme,Marié(e),$80K - $120K,Blue,38,4,4,788,68,0.104
800164083,Client actuel,53,M,1,Sans diplôme,Non connu,$120K +,Blue,47,2,2,1257,76,0.06
719682183,Client actuel,53,F,2,Non connu,Célibataire,$40K - $60K,Blue,43,4,4,2517,43,0.407
710984133,Client actuel,50,M,3,Sans diplôme,Célibataire,$120K +,Blue,36,3,4,557,88,0.02
780307233,Client actuel,44,F,2,Master,Marié(e),Moins de $40K,Blue,30,2,3,1471,58,0.765
716434533,Client perdu,40,M,3,Lycée (équivalent baccalauréat),Marié(e),$80K - $120K,Blue,36,4,5,0,56,0.0
828215508,Client perdu,55,F,2,Licence,Non connu,$40K - $60K,Blue,50,7,3,0,33,0.0
716138958,Client actuel,50,F,1,Sans diplôme,Marié(e),Moins de $40K,Blue,33,4,4,1180,68,0.373
709276908,Client actuel,38,F,2,Lycée (équivalent baccalauréat),Célibataire,$40K - $60K,Blue,25,2,3,0,75,0.0
815767983,Client actuel,45,M,0,Licence,Marié(e),$60K - $80K,Blue,40,3,3,0,66,0.0
712812408,Client perdu,40,F,3,Non connu,Marié(e),Moins de $40K,Blue,28,4,3,0,41,0.0
712403358,Client actuel,55,F,2,Niveau Bac+2,Célibataire,$40K - $60K,Blue,35,4,4,696,76,0.484
717826308,Client actuel,49,F,5,Sans diplôme,Marié(e),Moins de $40K,Blue,36,2,4,1798,66,0.771
753443583,Client actuel,43,F,1,Lycée (équivalent baccalauréat),Célibataire,$40K - $60K,Blue,36,2,1,0,73,0.0
721428333,Client actuel,47,F,3,Non connu,Non connu,Moins de $40K,Blue,34,2,1,541,77,0.067
719910333,Client actuel,43,F,3,Non connu,Non connu,Moins de $40K,Blue,36,4,2,1190,80,0.203
713585958,Client perdu,48,F,4,Niveau Bac+2,Marié(e),$60K - $80K,Blue,36,4,2,0,42,0.0
712866933,Client actuel,51,M,2,Licence,Marié(e),$60K - $80K,Blue,32,3,4,0,73,0.0
719219883,Client actuel,47,M,2,Sans diplôme,Marié(e),$60K - $80K,Blue,36,1,2,769,67,0.083
779170008,Client actuel,51,F,2,Lycée (équivalent baccalauréat),Célibataire,$40K - $60K,Blue,32,1,2,0,78,0.0
779727558,Client actuel,49,F,4,Niveau Bac+2,Célibataire,Moins de $40K,Blue,33,2,3,1250,71,0.596
714373308,Client actuel,53,F,1,Licence,Célibataire,Moins de $40K,Blue,46,4,4,0,66,0.0
715000383,Client actuel,55,M,3,Sans diplôme,Célibataire,$80K - $120K,Blue,46,2,3,852,76,0.063
710493558,Client perdu,46,F,1,Master,Marié(e),$40K - $60K,Blue,38,2,2,0,37,0.0
778839108,Client actuel,50,F,3,Lycée (équivalent baccalauréat),Marié(e),Moins de $40K,Blue,31,1,4,0,74,0.0
715548183,Client actuel,65,M,1,Licence,Célibataire,Non connu,Blue,56,3,3,1670,79,0.071
712545183,Client actuel,51,F,4,Sans diplôme,Célibataire,Moins de $40K,Blue,37,4,2,1487,66,0.842
779032308,Client actuel,46,M,3,Lycée (équivalent baccalauréat),Célibataire,$80K - $120K,Blue,27,2,3,2316,66,0.467
721500108,Client actuel,42,M,1,Licence,Non connu,$60K - $80K,Blue,32,3,2,0,55,0.0
713389233,Client actuel,49,F,3,Lycée (équivalent baccalauréat),Célibataire,Non connu,Silver,36,2,2,0,58,0.0
718811058,Client actuel,40,M,3,Non connu,Marié(e),$80K - $120K,Blue,36,2,2,1887,66,0.376
717084708,Client actuel,45,F,4,Lycée (équivalent baccalauréat),Marié(e),Moins de $40K,Blue,34,4,1,1543,68,0.621
778247358,Client actuel,65,M,1,Licence,Célibataire,Moins de $40K,Blue,56,3,2,0,67,0.0
710702733,Client actuel,46,M,4,Licence,Célibataire,$80K - $120K,Blue,35,3,3,0,69,0.0
815240358,Client actuel,47,F,3,Sans diplôme,Marié(e),Non connu,Blue,42,1,4,1501,62,0.06
715165758,Client actuel,44,M,3,Master,Marié(e),$120K +,Blue,35,4,1,587,56,0.021
827964858,Client perdu,58,F,1,Sans diplôme,Divorcé(e),Non connu,Blue,54,6,3,859,46,0.263
773667708,Client perdu,50,M,1,Licence,Divorcé(e),$60K - $80K,Blue,44,7,3,1008,39,0.143
717400533,Client actuel,54,F,0,Lycée (équivalent baccalauréat),Marié(e),Moins de $40K,Blue,45,2,2,789,92,0.292
713586858,Client actuel,40,M,3,Sans diplôme,Divorcé(e),$80K - $120K,Blue,25,3,4,1175,73,0.1
711393483,Client actuel,49,F,4,Non connu,Divorcé(e),Moins de $40K,Blue,36,3,1,0,76,0.0
812979408,Client perdu,39,F,0,Non connu,Marié(e),$80K - $120K,Silver,34,0,3,0,41,0.0
711877458,Client actuel,51,F,3,Niveau Bac+2,Marié(e),Moins de $40K,Blue,36,2,2,0,72,0.0
714351558,Client actuel,64,F,0,Sans diplôme,Célibataire,Moins de $40K,Blue,36,2,1,0,65,0.0
828343083,Client actuel,43,F,4,Lycée (équivalent baccalauréat),Non connu,Moins de $40K,Blue,39,3,3,1793,68,0.644
790002783,Client actuel,38,F,2,Licence,Célibataire,Non connu,Blue,30,1,4,610,65,0.031
708615183,Client actuel,44,M,2,Non connu,Marié(e),$60K - $80K,Blue,34,4,4,1146,90,0.299
718509858,Client actuel,46,M,3,Licence,Célibataire,$80K - $120K,Blue,37,1,4,0,69,0.0
718540308,Client actuel,44,M,2,Lycée (équivalent baccalauréat),Célibataire,$80K - $120K,Blue,36,3,0,730,62,0.033
778180158,Client actuel,44,M,4,Doctorat,Divorcé(e),$80K - $120K,Blue,34,1,4,1887,69,0.264
778242708,Client actuel,63,M,1,Non connu,Célibataire,$60K - $80K,Silver,53,4,4,1450,81,0.057
806947308,Client perdu,40,M,4,Master,Marié(e),$60K - $80K,Blue,35,6,3,1553,44,0.077
714899283,Client actuel,46,F,2,Non connu,Marié(e),Moins de $40K,Blue,36,2,3,1994,73,0.379
708386958,Client perdu,47,F,3,Non connu,Marié(e),Moins de $40K,Blue,34,4,2,0,28,0.0
710986758,Client actuel,43,M,3,Lycée (équivalent baccalauréat),Célibataire,$60K - $80K,Blue,30,2,4,1505,76,0.13
718220358,Client perdu,58,M,1,Licence,Marié(e),$120K +,Blue,36,3,5,0,41,0.0
710568333,Client actuel,47,M,4,Niveau Bac+2,Non connu,$60K - $80K,Blue,35,2,3,1823,47,0.275
712656783,Client perdu,49,M,1,Licence,Marié(e),$120K +,Blue,36,6,3,2517,40,0.309
717483558,Client actuel,42,M,3,Lycée (équivalent baccalauréat),Marié(e),$120K +,Blue,36,1,2,1353,61,0.071
721440633,Client actuel,55,F,1,Lycée (équivalent baccalauréat),Célibataire,Moins de $40K,Blue,36,2,3,897,71,0.112
738899658,Client perdu,45,F,2,Licence,Célibataire,Non connu,Blue,38,2,3,2517,43,0.807
711423558,Client actuel,60,F,1,Master,Célibataire,$40K - $60K,Blue,50,1,2,0,63,0.0
721522533,Client actuel,48,F,4,Licence,Célibataire,Moins de $40K,Blue,35,3,2,1143,70,0.57
708558408,Client actuel,50,M,3,Lycée (équivalent baccalauréat),Célibataire,$40K - $60K,Blue,31,3,3,1597,83,0.161
714727833,Client perdu,41,F,2,Sans diplôme,Célibataire,Moins de $40K,Blue,36,2,3,2517,48,0.87
714365883,Client actuel,51,F,4,Sans diplôme,Non connu,Moins de $40K,Blue,40,3,4,918,75,0.129
715856208,Client actuel,47,M,3,Licence,Célibataire,$60K - $80K,Blue,36,4,3,1119,76,0.59
708944958,Client actuel,47,M,2,Sans diplôme,Célibataire,$60K - $80K,Blue,40,2,4,1030,75,0.289
771516333,Client actuel,41,F,2,Licence,Non connu,$40K - $60K,Blue,29,2,3,0,81,0.0
772051308,Client actuel,55,F,3,Licence,Célibataire,Non connu,Blue,44,6,3,1823,69,0.714
788350908,Client actuel,38,M,3,Licence,Célibataire,$40K - $60K,Blue,31,1,3,1110,69,0.207
818322033,Client actuel,41,F,3,Licence,Marié(e),Moins de $40K,Blue,36,6,4,1247,80,0.434
716288958,Client actuel,40,M,2,Niveau Bac+2,Marié(e),$80K - $120K,Blue,36,4,3,0,71,0.0
712347258,Client actuel,43,F,2,Licence,Marié(e),Moins de $40K,Blue,35,3,2,0,68,0.0
779072733,Client actuel,36,F,2,Niveau Bac+2,Marié(e),Moins de $40K,Blue,17,2,2,0,77,0.0
710003958,Client actuel,48,F,5,Master,Marié(e),Moins de $40K,Blue,40,3,3,665,84,0.462
715287708,Client actuel,41,F,4,Licence,Marié(e),$40K - $60K,Blue,33,3,2,1173,77,0.188
708774708,Client actuel,47,F,4,Licence,Non connu,$40K - $60K,Blue,29,1,3,1589,70,0.603
713535033,Client actuel,44,M,3,Lycée (équivalent baccalauréat),Marié(e),$80K - $120K,Blue,36,3,2,1377,91,0.062
719314683,Client actuel,50,F,2,Non connu,Divorcé(e),Moins de $40K,Blue,36,2,4,527,69,0.185
789293358,Client actuel,46,F,3,Licence,Marié(e),Moins de $40K,Blue,35,3,4,1794,78,0.237
787638408,Client actuel,47,F,1,Lycée (équivalent baccalauréat),Célibataire,Non connu,Blue,40,4,4,2087,74,0.247
715974783,Client actuel,53,M,1,Licence,Célibataire,$80K - $120K,Blue,40,3,3,0,69,0.0
716134533,Client actuel,44,M,4,Niveau Bac+2,Célibataire,$80K - $120K,Blue,34,4,3,0,80,0.0
708834483,Client perdu,46,M,2,Doctorat,Marié(e),$80K - $120K,Blue,29,2,6,0,42,0.0
780168333,Client actuel,39,M,4,Licence,Marié(e),$120K +,Blue,28,2,3,1829,83,0.069
711557508,Client actuel,51,M,2,Licence,Célibataire,$60K - $80K,Blue,40,3,0,764,74,0.216
772506858,Client actuel,45,F,4,Lycée (équivalent baccalauréat),Célibataire,Non connu,Blue,35,4,2,2517,81,0.286
765692658,Client actuel,49,F,4,Licence,Célibataire,Moins de $40K,Blue,42,3,4,1882,70,0.87
720598308,Client perdu,47,M,4,Sans diplôme,Marié(e),$120K +,Blue,37,2,9,1126,35,0.033
709912683,Client actuel,53,F,4,Licence,Célibataire,Non connu,Gold,41,1,2,2374,77,0.069
815353083,Client perdu,44,M,1,Niveau Bac+2,Divorcé(e),$80K - $120K,Silver,39,3,2,2361,36,0.068
720093333,Client actuel,41,M,3,Master,Divorcé(e),$120K +,Blue,29,1,3,2506,79,0.718
717281658,Client actuel,52,F,3,Licence,Divorcé(e),Moins de $40K,Blue,41,3,4,1687,65,0.278
765731433,Client actuel,48,F,3,Licence,Divorcé(e),Non connu,Blue,41,4,3,0,76,0.0
712050933,Client perdu,48,M,4,Niveau Bac+2,Marié(e),$80K - $120K,Blue,32,2,3,0,41,0.0
787361583,Client actuel,50,M,4,Niveau Bac+2,Divorcé(e),$60K - $80K,Blue,44,2,3,2160,60,0.155
709921158,Client actuel,51,M,1,Lycée (équivalent baccalauréat),Célibataire,$60K - $80K,Blue,36,4,4,1751,76,0.768
714781908,Client actuel,43,M,3,Licence,Célibataire,$60K - $80K,Blue,35,3,2,548,70,0.097
717592758,Client perdu,44,F,3,Non connu,Célibataire,Moins de $40K,Blue,36,2,2,1578,44,0.983
821339433,Client actuel,45,F,3,Licence,Marié(e),Non connu,Blue,41,4,2,2118,64,0.763
715174983,Client actuel,40,M,3,Licence,Marié(e),$60K - $80K,Blue,36,4,4,597,67,0.269
710863308,Client actuel,48,M,4,Master,Marié(e),$40K - $60K,Blue,29,1,2,1074,84,0.368
806824908,Client actuel,45,M,2,Non connu,Marié(e),$120K +,Blue,40,4,4,1374,71,0.083
710592933,Client actuel,44,F,2,Licence,Marié(e),Moins de $40K,Blue,30,2,3,1092,54,0.114
771881283,Client actuel,42,M,1,Sans diplôme,Divorcé(e),$60K - $80K,Blue,30,2,2,1892,78,0.102
708687483,Client perdu,54,F,4,Licence,Marié(e),$60K - $80K,Silver,36,2,3,0,30,0.0
719147208,Client actuel,29,F,2,Non connu,Célibataire,Moins de $40K,Blue,21,3,2,0,88,0.0
709607733,Client actuel,40,F,3,Niveau Bac+2,Marié(e),Non connu,Blue,36,2,4,1666,83,0.181
713184858,Client actuel,58,F,2,Lycée (équivalent baccalauréat),Célibataire,Moins de $40K,Blue,50,3,4,818,71,0.569
719929758,Client actuel,50,F,1,Doctorat,Marié(e),Non connu,Blue,37,4,3,0,54,0.0
759127158,Client actuel,48,M,3,Niveau Bac+2,Marié(e),$40K - $60K,Blue,35,1,3,0,85,0.0
780717483,Client actuel,51,F,3,Lycée (équivalent baccalauréat),Marié(e),Moins de $40K,Blue,40,3,3,773,58,0.103
708507483,Client actuel,43,F,3,Niveau Bac+2,Divorcé(e),Moins de $40K,Blue,31,4,3,0,82,0.0
787617483,Client actuel,58,F,0,Sans diplôme,Célibataire,Moins de $40K,Blue,48,2,4,1542,76,0.587
816608808,Client actuel,46,M,1,Licence,Célibataire,$80K - $120K,Blue,41,2,3,0,62,0.0
716727258,Client actuel,52,F,1,Master,Marié(e),Non connu,Blue,42,1,2,0,67,0.0
813890883,Client actuel,44,F,1,Sans diplôme,Non connu,Moins de $40K,Blue,39,2,1,0,65,0.0
768256908,Client perdu,45,M,3,Sans diplôme,Marié(e),Moins de $40K,Blue,39,3,5,1636,37,0.191
811095483,Client actuel,48,F,4,Licence,Marié(e),$40K - $60K,Silver,43,1,0,2517,35,0.119
720168558,Client actuel,39,F,0,Licence,Marié(e),Moins de $40K,Blue,36,3,3,0,74,0.0
719309133,Client actuel,56,F,1,Licence,Marié(e),Moins de $40K,Blue,51,3,4,0,70,0.0
721451208,Client perdu,54,M,2,Licence,Célibataire,$60K - $80K,Silver,45,3,2,0,36,0.0
772879158,Client actuel,47,M,5,Lycée (équivalent baccalauréat),Marié(e),$60K - $80K,Blue,38,1,2,1069,64,0.145
712934583,Client actuel,44,F,4,Sans diplôme,Marié(e),Moins de $40K,Silver,36,3,0,0,62,0.0
710088483,Client actuel,52,M,3,Sans diplôme,Célibataire,$80K - $120K,Blue,40,1,3,1073,56,0.049
753534633,Client actuel,42,M,3,Lycée (équivalent baccalauréat),Célibataire,$60K - $80K,Blue,35,3,3,0,62,0.0
710932683,Client actuel,55,F,2,Lycée (équivalent baccalauréat),Célibataire,Moins de $40K,Blue,36,1,2,0,69,0.0
714751158,Client perdu,49,M,2,Lycée (équivalent baccalauréat),Divorcé(e),$80K - $120K,Blue,36,2,5,2517,48,0.073
718109808,Client actuel,38,M,5,Niveau Bac+2,Célibataire,$60K - $80K,Blue,25,3,0,1118,89,0.2
713227233,Client actuel,42,M,4,Licence,Célibataire,$80K - $120K,Blue,33,2,2,0,79,0.0
718342158,Client perdu,38,F,4,Licence,Marié(e),$40K - $60K,Blue,26,2,2,1933,36,0.44
804606033,Client actuel,46,M,4,Lycée (équivalent baccalauréat),Non connu,$40K - $60K,Blue,41,1,2,1172,60,0.134
720755658,Client actuel,42,F,2,Doctorat,Marié(e),Moins de $40K,Blue,32,6,0,0,70,0.0
711795633,Client actuel,65,M,0,Doctorat,Célibataire,Moins de $40K,Blue,52,3,4,0,53,0.0
716654808,Client perdu,48,M,4,Lycée (équivalent baccalauréat),Marié(e),$120K +,Blue,39,6,5,0,31,0.0
817616433,Client actuel,55,F,2,Niveau Bac+2,Non connu,Non connu,Blue,41,2,2,0,69,0.0
716390958,Client perdu,45,M,4,Non connu,Marié(e),$120K +,Blue,31,5,3,0,47,0.0
716564433,Client perdu,53,F,1,Licence,Célibataire,$60K - $80K,Blue,36,2,5,0,41,0.0
719530158,Client actuel,57,M,1,Licence,Célibataire,$60K - $80K,Blue,44,3,2,1273,66,0.129
710621283,Client actuel,50,M,2,Lycée (équivalent baccalauréat),Marié(e),$60K - $80K,Blue,32,1,3,783,66,0.073
716714733,Client actuel,41,M,3,Licence,Célibataire,$80K - $120K,Blue,30,2,0,955,69,0.276
720921408,Client actuel,46,F,2,Niveau Bac+2,Célibataire,Moins de $40K,Blue,36,1,4,1544,69,0.774
789185508,Client actuel,49,M,2,Lycée (équivalent baccalauréat),Marié(e),$60K - $80K,Blue,38,2,1,756,70,0.137
807014583,Client actuel,31,F,0,Licence,Divorcé(e),Non connu,Blue,26,3,3,0,89,0.0
721388283,Client actuel,54,M,2,Master,Célibataire,$120K +,Blue,45,1,4,0,58,0.0
716022258,Client perdu,51,F,3,Niveau Bac+2,Marié(e),$40K - $60K,Blue,36,3,3,2222,40,0.248
789362058,Client actuel,52,M,4,Sans diplôme,Marié(e),$60K - $80K,Blue,42,2,0,0,64,0.0
771460158,Client actuel,43,M,3,Licence,Célibataire,Moins de $40K,Blue,31,1,2,1776,84,0.433
714147858,Client actuel,44,M,3,Lycée (équivalent baccalauréat),Célibataire,$80K - $120K,Blue,35,3,4,1044,85,0.057
708394908,Client actuel,44,M,0,Lycée (équivalent baccalauréat),Célibataire,$40K - $60K,Blue,33,1,3,1442,65,0.617
778433283,Client perdu,51,M,3,Lycée (équivalent baccalauréat),Marié(e),$60K - $80K,Blue,31,3,3,0,53,0.0
720637008,Client actuel,51,F,2,Sans diplôme,Marié(e),Moins de $40K,Blue,43,2,3,1426,52,0.671
716877258,Client actuel,55,F,3,Licence,Célibataire,Moins de $40K,Blue,48,3,2,1374,65,0.346
812973708,Client actuel,42,M,3,Lycée (équivalent baccalauréat),Non connu,$40K - $60K,Blue,37,2,4,1661,69,0.595
788760633,Client actuel,53,M,3,Sans diplôme,Divorcé(e),$60K - $80K,Blue,33,2,2,1495,68,0.111
718602708,Client actuel,43,M,3,Licence,Célibataire,$80K - $120K,Blue,33,3,2,1541,82,0.094
712365483,Client actuel,51,M,1,Licence,Célibataire,$60K - $80K,Blue,43,2,4,1731,76,0.18
789154833,Client actuel,56,M,3,Lycée (équivalent baccalauréat),Célibataire,$80K - $120K,Blue,44,2,0,912,72,0.048
715849983,Client actuel,44,F,4,Non connu,Marié(e),Moins de $40K,Blue,36,1,4,0,82,0.0
780336258,Client actuel,55,F,1,Licence,Célibataire,Moins de $40K,Blue,42,3,2,1257,75,0.499
716567433,Client actuel,41,F,4,Licence,Marié(e),$40K - $60K,Blue,36,2,3,1229,82,0.387
713057658,Client actuel,48,F,3,Non connu,Divorcé(e),Moins de $40K,Blue,36,1,4,935,72,0.236
718191483,Client actuel,45,M,3,Licence,Divorcé(e),$60K - $80K,Blue,35,3,2,1362,75,0.269
811527933,Client perdu,65,F,0,Niveau Bac+2,Célibataire,$60K - $80K,Silver,56,6,3,1758,39,0.162
778617708,Client perdu,46,M,3,Niveau Bac+2,Marié(e),$80K - $120K,Blue,26,2,3,864,40,0.601
785055108,Client actuel,52,M,0,Licence,Célibataire,$60K - $80K,Blue,46,2,4,1142,60,0.106
822961533,Client actuel,65,F,0,Niveau Bac+2,Divorcé(e),Non connu,Blue,56,2,3,0,70,0.0
709124883,Client actuel,49,M,3,Niveau Bac+2,Marié(e),$80K - $120K,Blue,37,1,2,1796,93,0.836
772574283,Client perdu,50,F,2,Licence,Marié(e),$40K - $60K,Blue,40,1,5,0,30,0.0
761240358,Client actuel,52,F,2,Non connu,Célibataire,Moins de $40K,Blue,45,2,2,1219,77,0.566
708469533,Client actuel,42,F,3,Non connu,Marié(e),Non connu,Blue,34,3,2,1439,79,0.267
769927533,Client actuel,50,F,1,Lycée (équivalent baccalauréat),Marié(e),Moins de $40K,Blue,44,2,1,1422,72,0.441
718545033,Client actuel,27,F,0,Licence,Marié(e),Moins de $40K,Blue,17,2,2,1567,78,0.767
714972558,Client perdu,37,F,2,Licence,Célibataire,$40K - $60K,Blue,36,3,0,0,45,0.0
772204758,Client actuel,42,F,2,Master,Non connu,Moins de $40K,Blue,31,2,2,1165,46,0.306
709039533,Client actuel,43,F,3,Non connu,Non connu,Moins de $40K,Blue,24,1,4,1095,55,0.198
716492583,Client actuel,37,F,1,Sans diplôme,Célibataire,Moins de $40K,Blue,28,3,4,1708,89,0.715
766381908,Client actuel,49,F,4,Lycée (équivalent baccalauréat),Marié(e),Moins de $40K,Blue,42,1,4,1263,80,0.511
719109783,Client actuel,42,M,3,Sans diplôme,Marié(e),$40K - $60K,Blue,32,3,2,1809,72,0.138
796236258,Client actuel,48,F,5,Lycée (équivalent baccalauréat),Célibataire,$40K - $60K,Blue,42,1,2,1128,86,0.458
709700058,Client actuel,52,F,2,Licence,Célibataire,$40K - $60K,Blue,33,2,2,989,70,0.163
716905158,Client actuel,45,M,2,Non connu,Célibataire,$60K - $80K,Blue,30,1,3,0,72,0.0
718851783,Client actuel,49,M,1,Lycée (équivalent baccalauréat),Marié(e),$80K - $120K,Silver,37,3,2,2386,65,0.069
709709283,Client perdu,38,M,3,Niveau Bac+2,Marié(e),$40K - $60K,Blue,19,2,5,321,40,0.093
711993258,Client actuel,50,F,0,Lycée (équivalent baccalauréat),Célibataire,$40K - $60K,Blue,39,3,2,2057,73,0.249
780105483,Client perdu,65,F,0,Sans diplôme,Célibataire,$60K - $80K,Blue,50,7,5,377,49,0.222
718350033,Client actuel,50,M,3,Niveau Bac+2,Célibataire,$40K - $60K,Blue,36,2,2,1881,58,0.613
715294083,Client perdu,46,M,2,Niveau Bac+2,Marié(e),$80K - $120K,Blue,38,3,2,0,40,0.0
710905908,Client actuel,43,M,4,Lycée (équivalent baccalauréat),Célibataire,$60K - $80K,Blue,36,3,3,1355,30,0.272
721387008,Client actuel,42,M,4,Licence,Marié(e),$120K +,Blue,24,2,3,1783,69,0.575
715411608,Client actuel,45,F,3,Lycée (équivalent baccalauréat),Célibataire,$40K - $60K,Blue,36,1,1,1112,61,0.669
710598408,Client actuel,55,F,0,Licence,Célibataire,Moins de $40K,Blue,36,1,1,0,94,0.0
718521258,Client actuel,50,F,4,Master,Marié(e),Non connu,Blue,41,3,4,0,76,0.0
713138433,Client actuel,50,M,3,Licence,Célibataire,$60K - $80K,Blue,42,2,3,1020,54,0.069
718819158,Client actuel,54,F,3,Sans diplôme,Célibataire,$40K - $60K,Blue,41,1,3,2196,75,0.883
718871358,Client actuel,45,F,2,Licence,Célibataire,Non connu,Blue,36,1,1,0,82,0.0
720186258,Client actuel,45,F,4,Lycée (équivalent baccalauréat),Divorcé(e),$40K - $60K,Blue,31,2,4,1170,77,0.249
710197308,Client actuel,39,F,2,Licence,Marié(e),Moins de $40K,Blue,28,3,0,0,73,0.0
817086783,Client actuel,45,F,3,Lycée (équivalent baccalauréat),Marié(e),Moins de $40K,Blue,27,3,2,2162,32,0.765
749211483,Client actuel,52,F,0,Niveau Bac+2,Marié(e),$40K - $60K,Blue,45,2,1,1905,67,0.414
789749433,Client actuel,33,F,1,Licence,Marié(e),Moins de $40K,Blue,21,3,2,2340,82,0.903
715082133,Client actuel,40,M,2,Licence,Marié(e),$40K - $60K,Blue,36,2,2,1492,61,0.598
714946908,Client actuel,61,M,1,Sans diplôme,Célibataire,$40K - $60K,Blue,36,1,1,1352,68,0.268
716711433,Client perdu,48,M,5,Lycée (équivalent baccalauréat),Marié(e),$40K - $60K,Blue,39,3,1,157,46,0.02
712429458,Client actuel,50,M,2,Licence,Non connu,$60K - $80K,Blue,38,3,3,1770,72,0.371
708406083,Client actuel,35,F,0,Non connu,Marié(e),Moins de $40K,Blue,24,3,1,2493,90,0.726
720029508,Client actuel,50,F,1,Licence,Célibataire,$40K - $60K,Blue,37,1,0,1312,67,0.109
709227033,Client actuel,53,M,3,Licence,Célibataire,$80K - $120K,Blue,46,2,3,1548,73,0.171
720846558,Client actuel,49,M,1,Non connu,Célibataire,$80K - $120K,Blue,36,3,4,0,45,0.0
716475183,Client actuel,45,M,3,Licence,Non connu,$60K - $80K,Blue,35,3,3,753,81,0.073
714296358,Client actuel,52,F,2,Niveau Bac+2,Non connu,Moins de $40K,Blue,44,1,3,2486,78,0.724
719998233,Client actuel,40,M,3,Non connu,Marié(e),$120K +,Silver,30,3,2,964,71,0.028
719217483,Client actuel,45,F,4,Doctorat,Marié(e),Moins de $40K,Blue,36,1,2,1775,67,0.548
720479058,Client actuel,50,F,1,Master,Célibataire,Moins de $40K,Blue,39,2,2,851,64,0.592
779192283,Client actuel,51,F,2,Non connu,Marié(e),Moins de $40K,Blue,39,1,2,2517,77,0.39
716385033,Client actuel,60,F,1,Licence,Célibataire,Non connu,Blue,36,1,3,1201,71,0.272
711588708,Client perdu,50,F,2,Sans diplôme,Marié(e),$40K - $60K,Blue,36,3,1,458,42,0.318
714492783,Client perdu,46,F,4,Sans diplôme,Marié(e),Moins de $40K,Blue,36,3,3,0,38,0.0
709192233,Client perdu,50,F,2,Non connu,Marié(e),Non connu,Blue,39,2,1,0,30,0.0
797998158,Client actuel,52,M,3,Sans diplôme,Célibataire,$80K - $120K,Blue,46,1,2,0,66,0.0
714021183,Client actuel,54,M,4,Licence,Célibataire,$80K - $120K,Blue,36,2,3,1046,66,0.034
780710433,Client actuel,53,M,2,Niveau Bac+2,Célibataire,$80K - $120K,Blue,42,2,2,0,77,0.0
780068283,Client actuel,53,M,1,Licence,Célibataire,$120K +,Blue,38,3,3,922,69,0.488
719930658,Client actuel,40,M,4,Sans diplôme,Marié(e),$120K +,Blue,24,2,2,1946,72,0.117
755593983,Client actuel,50,F,1,Licence,Marié(e),Non connu,Blue,43,1,2,0,72,0.0
770938533,Client actuel,45,M,1,Niveau Bac+2,Non connu,$120K +,Blue,32,1,3,1370,70,0.415
714121083,Client actuel,40,F,3,Licence,Marié(e),$40K - $60K,Blue,20,2,2,1508,68,0.241
779210283,Client actuel,36,M,3,Sans diplôme,Marié(e),$40K - $60K,Blue,25,2,4,2517,74,0.691
709739283,Client actuel,62,M,0,Lycée (équivalent baccalauréat),Célibataire,Non connu,Blue,36,3,3,2119,75,0.099
716230158,Client actuel,35,F,3,Licence,Marié(e),$40K - $60K,Blue,36,1,4,2000,83,0.276
708724908,Client actuel,47,F,2,Lycée (équivalent baccalauréat),Célibataire,Moins de $40K,Blue,35,2,3,0,83,0.0
789025083,Client actuel,40,M,4,Non connu,Non connu,Moins de $40K,Blue,27,3,0,860,82,0.598
713804058,Client actuel,45,F,4,Niveau Bac+2,Marié(e),Moins de $40K,Blue,36,2,3,2199,81,0.525
718791708,Client perdu,48,M,2,Lycée (équivalent baccalauréat),Marié(e),$80K - $120K,Blue,32,2,5,2268,37,0.139
785529708,Client actuel,59,M,1,Licence,Célibataire,$120K +,Blue,53,2,2,0,70,0.0
794528283,Client actuel,44,M,4,Niveau Bac+2,Marié(e),$60K - $80K,Blue,28,2,2,878,67,0.32
794856033,Client actuel,38,M,3,Master,Célibataire,$80K - $120K,Blue,32,2,3,470,77,0.09
712939533,Client actuel,43,M,5,Licence,Marié(e),$60K - $80K,Blue,35,3,0,986,70,0.046
708178608,Client actuel,31,F,0,Licence,Marié(e),Non connu,Blue,36,2,2,0,73,0.0
716556258,Client actuel,50,F,3,Doctorat,Célibataire,Moins de $40K,Blue,39,1,3,0,60,0.0
708404883,Client actuel,45,F,2,Lycée (équivalent baccalauréat),Célibataire,Non connu,Blue,37,2,4,0,57,0.0
709742958,Client actuel,45,M,5,Lycée (équivalent baccalauréat),Marié(e),$60K - $80K,Blue,37,1,3,1148,65,0.073
772695033,Client perdu,47,M,5,Lycée (équivalent baccalauréat),Marié(e),$80K - $120K,Blue,37,7,5,2517,23,0.134
714850158,Client actuel,49,M,4,Licence,Célibataire,$80K - $120K,Blue,36,1,3,1516,75,0.772
708831858,Client perdu,43,F,3,Sans diplôme,Marié(e),Moins de $40K,Blue,30,3,5,1506,44,0.329
718076733,Client actuel,43,M,1,Licence,Célibataire,$60K - $80K,Silver,31,3,3,1170,73,0.045
714336333,Client actuel,48,M,4,Doctorat,Non connu,$80K - $120K,Blue,40,2,2,1268,64,0.37
780006783,Client perdu,59,M,1,Sans diplôme,Célibataire,$80K - $120K,Silver,49,2,2,0,48,0.0
779741883,Client actuel,47,F,2,Non connu,Célibataire,Moins de $40K,Blue,32,1,3,831,68,0.333
780657708,Client actuel,48,M,2,Non connu,Célibataire,$80K - $120K,Blue,37,3,3,0,69,0.0
771342183,Client perdu,53,F,3,Licence,Marié(e),$40K - $60K,Blue,40,3,2,0,43,0.0
712901283,Client perdu,53,F,2,Licence,Célibataire,$40K - $60K,Blue,36,3,2,0,32,0.0
802101858,Client actuel,40,F,2,Non connu,Marié(e),Moins de $40K,Blue,34,3,3,1978,71,0.416
718473558,Client perdu,42,F,3,Doctorat,Marié(e),$40K - $60K,Blue,18,3,5,0,38,0.0
743590608,Client actuel,50,M,2,Lycée (équivalent baccalauréat),Marié(e),$60K - $80K,Blue,43,3,4,950,71,0.043
720146733,Client actuel,45,F,4,Licence,Non connu,Moins de $40K,Blue,34,4,2,1890,66,0.762
788252358,Client actuel,49,M,3,Lycée (équivalent baccalauréat),Célibataire,$60K - $80K,Blue,40,4,2,1716,84,0.21
717740658,Client actuel,55,F,2,Niveau Bac+2,Marié(e),Moins de $40K,Blue,45,2,4,942,78,0.509
714567708,Client actuel,46,F,1,Sans diplôme,Divorcé(e),Moins de $40K,Blue,36,3,3,2049,74,0.825
711208083,Client actuel,40,F,4,Non connu,Marié(e),Moins de $40K,Blue,30,3,2,1447,77,0.495
709708233,Client perdu,49,F,3,Doctorat,Marié(e),$40K - $60K,Blue,29,7,2,0,38,0.0
709957158,Client actuel,48,M,4,Lycée (équivalent baccalauréat),Marié(e),$40K - $60K,Blue,40,1,2,2251,65,0.895
828288333,Client actuel,50,M,0,Sans diplôme,Marié(e),$60K - $80K,Blue,46,1,3,659,70,0.181
709178733,Client perdu,50,F,2,Master,Marié(e),$40K - $60K,Blue,36,2,3,1120,37,0.203
721325133,Client actuel,45,M,2,Niveau Bac+2,Marié(e),$80K - $120K,Blue,36,1,3,0,77,0.0
816606333,Client actuel,57,M,2,Lycée (équivalent baccalauréat),Célibataire,$80K - $120K,Blue,52,3,4,0,66,0.0
720454158,Client actuel,44,M,2,Non connu,Célibataire,$60K - $80K,Blue,30,2,2,600,63,0.061
717444558,Client actuel,50,F,1,Licence,Marié(e),Moins de $40K,Blue,38,1,3,1714,76,0.653
816756783,Client actuel,42,M,2,Lycée (équivalent baccalauréat),Non connu,$40K - $60K,Blue,37,2,3,2249,81,0.751
715474833,Client actuel,37,M,2,Niveau Bac+2,Célibataire,$80K - $120K,Blue,36,2,2,1399,84,0.108
718271958,Client actuel,54,M,2,Sans diplôme,Marié(e),$60K - $80K,Blue,34,1,4,1471,63,0.23
708924783,Client actuel,43,M,3,Licence,Divorcé(e),$80K - $120K,Blue,36,1,0,2129,62,0.387
717669483,Client actuel,52,M,1,Licence,Célibataire,$80K - $120K,Blue,44,3,1,0,38,0.0
809360883,Client actuel,46,M,4,Niveau Bac+2,Célibataire,$60K - $80K,Blue,41,1,1,1783,59,0.101
717176508,Client actuel,43,F,3,Non connu,Célibataire,$40K - $60K,Blue,34,3,4,1166,80,0.439
711571383,Client actuel,46,M,2,Lycée (équivalent baccalauréat),Non connu,Moins de $40K,Blue,37,1,1,1092,81,0.178
713444058,Client actuel,45,M,1,Non connu,Divorcé(e),$40K - $60K,Silver,31,1,1,2225,51,0.128
713253858,Client perdu,50,F,1,Niveau Bac+2,Marié(e),Non connu,Blue,37,2,3,0,40,0.0
719609433,Client actuel,55,F,4,Sans diplôme,Divorcé(e),$40K - $60K,Blue,43,3,2,1525,69,0.776
797234508,Client actuel,51,M,3,Non connu,Célibataire,$60K - $80K,Silver,45,2,4,0,20,0.0
714537258,Client actuel,48,M,3,Doctorat,Marié(e),$60K - $80K,Blue,36,2,1,1132,78,0.128
793412958,Client actuel,44,M,4,Non connu,Marié(e),$60K - $80K,Blue,38,1,3,1501,88,0.615
714680208,Client actuel,50,F,1,Lycée (équivalent baccalauréat),Marié(e),Moins de $40K,Blue,45,3,4,1318,69,0.798
715240683,Client actuel,46,M,4,Lycée (équivalent baccalauréat),Marié(e),$80K - $120K,Blue,37,2,3,1302,66,0.084
803796708,Client perdu,52,M,3,Sans diplôme,Non connu,$120K +,Blue,46,6,5,0,28,0.0
717368208,Client perdu,49,M,1,Licence,Marié(e),$120K +,Blue,36,2,5,0,43,0.0
802662858,Client actuel,55,F,2,Licence,Divorcé(e),Moins de $40K,Blue,49,1,4,2024,64,0.513
780206958,Client actuel,49,M,4,Licence,Marié(e),$60K - $80K,Blue,39,2,2,2120,70,0.357
779906658,Client actuel,40,M,4,Doctorat,Célibataire,Non connu,Blue,24,2,4,1192,62,0.063
772341783,Client perdu,45,F,3,Lycée (équivalent baccalauréat),Marié(e),Non connu,Blue,35,2,9,2517,48,0.717
711491283,Client actuel,44,F,3,Doctorat,Marié(e),Moins de $40K,Blue,36,3,0,1264,63,0.64
720211533,Client actuel,41,F,4,Sans diplôme,Marié(e),Moins de $40K,Blue,33,2,3,821,77,0.284
715409733,Client perdu,47,F,4,Niveau Bac+2,Marié(e),$40K - $60K,Blue,36,2,3,0,33,0.0
710974308,Client actuel,38,M,1,Licence,Non connu,$80K - $120K,Blue,36,3,4,1671,66,0.062
715732533,Client perdu,52,M,4,Licence,Marié(e),$60K - $80K,Blue,36,1,3,1625,51,0.173
713722608,Client perdu,48,F,2,Non connu,Divorcé(e),Moins de $40K,Blue,35,1,5,2514,35,0.896
709101258,Client perdu,41,F,2,Lycée (équivalent baccalauréat),Divorcé(e),Moins de $40K,Blue,28,2,2,524,46,0.355
708588408,Client actuel,53,M,3,Sans diplôme,Célibataire,$60K - $80K,Blue,36,2,2,1607,74,0.235
721427358,Client perdu,47,M,4,Non connu,Divorcé(e),$80K - $120K,Blue,28,1,3,0,47,0.0
717099408,Client actuel,40,M,3,Licence,Marié(e),$60K - $80K,Blue,29,3,2,0,87,0.0
715155033,Client actuel,61,M,0,Lycée (équivalent baccalauréat),Célibataire,$40K - $60K,Blue,49,1,4,975,85,0.459
789586833,Client actuel,45,F,3,Master,Marié(e),Non connu,Blue,38,2,1,1732,85,0.601
709338633,Client perdu,56,F,1,Licence,Célibataire,$40K - $60K,Blue,37,6,3,0,45,0.0
714106833,Client actuel,57,F,3,Licence,Non connu,Moins de $40K,Blue,47,3,1,2290,69,0.438
741116058,Client actuel,48,M,2,Licence,Marié(e),$40K - $60K,Blue,41,2,4,1399,42,0.542
813755658,Client actuel,60,M,1,Licence,Célibataire,$80K - $120K,Blue,55,2,1,0,72,0.0
718855983,Client actuel,49,F,4,Lycée (équivalent baccalauréat),Célibataire,Non connu,Blue,36,3,4,1840,69,0.141
711245433,Client perdu,50,F,4,Licence,Marié(e),Non connu,Blue,41,3,3,0,41,0.0
814219008,Client actuel,65,M,1,Doctorat,Célibataire,$40K - $60K,Blue,56,2,2,867,69,0.595
711916533,Client actuel,57,M,2,Non connu,Célibataire,$120K +,Blue,44,1,2,1884,83,0.336
715182108,Client actuel,51,F,3,Lycée (équivalent baccalauréat),Marié(e),Moins de $40K,Blue,35,1,3,1912,78,0.632
717078933,Client actuel,40,F,5,Licence,Célibataire,Moins de $40K,Blue,29,2,4,2517,69,0.599
719491233,Client actuel,55,M,1,Niveau Bac+2,Célibataire,$120K +,Blue,42,2,3,2517,72,0.716
789520533,Client actuel,52,M,2,Sans diplôme,Célibataire,$120K +,Blue,44,3,2,1864,65,0.071
714738033,Client actuel,44,F,4,Licence,Marié(e),Moins de $40K,Blue,25,3,2,1044,85,0.652
718576908,Client actuel,49,F,4,Sans diplôme,Marié(e),Non connu,Blue,36,1,3,0,63,0.0
715093383,Client actuel,49,F,2,Niveau Bac+2,Marié(e),Moins de $40K,Blue,41,1,3,1598,68,0.756
717195933,Client perdu,42,M,3,Licence,Marié(e),$60K - $80K,Blue,30,2,3,0,37,0.0
747107508,Client actuel,56,F,3,Licence,Célibataire,Moins de $40K,Blue,49,3,1,1947,88,0.8
717920583,Client actuel,60,F,1,Sans diplôme,Divorcé(e),Moins de $40K,Blue,49,2,2,0,59,0.0
710516283,Client actuel,50,M,1,Lycée (équivalent baccalauréat),Célibataire,$120K +,Blue,37,1,4,1792,60,0.184
787593558,Client actuel,42,M,3,Licence,Célibataire,$80K - $120K,Blue,34,3,0,2258,55,0.495
778747608,Client actuel,65,F,1,Non connu,Célibataire,Non connu,Blue,46,3,2,0,61,0.0
714431058,Client actuel,41,F,3,Niveau Bac+2,Célibataire,Non connu,Blue,36,2,4,1597,72,0.379
708801108,Client perdu,57,F,3,Sans diplôme,Marié(e),Moins de $40K,Blue,51,0,3,0,38,0.0
715948833,Client actuel,48,M,4,Licence,Marié(e),$120K +,Blue,39,2,4,1353,79,0.054
770667408,Client actuel,47,M,4,Niveau Bac+2,Marié(e),$80K - $120K,Blue,33,1,3,2382,81,0.269
823590483,Client actuel,62,F,0,Licence,Divorcé(e),Moins de $40K,Blue,56,1,1,1716,75,0.77
710635083,Client actuel,46,M,4,Lycée (équivalent baccalauréat),Célibataire,$80K - $120K,Blue,38,1,2,582,52,0.021
716408058,Client actuel,56,F,2,Sans diplôme,Célibataire,Non connu,Blue,36,3,4,1298,72,0.519
713803158,Client actuel,41,M,3,Lycée (équivalent baccalauréat),Célibataire,$60K - $80K,Blue,33,1,3,0,91,0.0
713593683,Client actuel,43,F,3,Licence,Marié(e),$40K - $60K,Blue,28,3,3,1583,60,0.142
709339758,Client actuel,43,M,3,Non connu,Célibataire,$120K +,Blue,30,2,3,1766,84,0.148
789382758,Client perdu,54,M,3,Licence,Célibataire,$40K - $60K,Blue,44,3,3,0,51,0.0
813427833,Client actuel,45,F,4,Licence,Célibataire,Moins de $40K,Blue,40,2,1,844,77,0.4
717846108,Client actuel,49,M,4,Sans diplôme,Marié(e),$60K - $80K,Blue,34,3,2,904,74,0.07
720968583,Client actuel,52,F,2,Non connu,Marié(e),Non connu,Blue,45,1,2,2095,63,0.071
721437333,Client perdu,46,M,2,Licence,Marié(e),$80K - $120K,Blue,36,2,2,2517,39,0.498
709134333,Client actuel,45,F,2,Licence,Non connu,Moins de $40K,Blue,28,2,3,2253,67,0.718
712630608,Client actuel,43,F,2,Lycée (équivalent baccalauréat),Non connu,Non connu,Blue,35,3,4,1549,69,0.254
712404483,Client actuel,49,M,2,Lycée (équivalent baccalauréat),Célibataire,$80K - $120K,Blue,36,3,1,2514,82,0.63
717812133,Client actuel,33,F,1,Licence,Non connu,Moins de $40K,Blue,13,1,3,1243,65,0.375
714926508,Client actuel,52,M,2,Licence,Marié(e),$80K - $120K,Silver,45,4,2,1938,46,0.056
771474108,Client actuel,40,F,2,Sans diplôme,Marié(e),Moins de $40K,Blue,28,2,2,1019,63,0.568
709774608,Client actuel,51,M,3,Non connu,Marié(e),$60K - $80K,Blue,36,3,4,1582,64,0.264
718802283,Client actuel,44,F,3,Master,Divorcé(e),Moins de $40K,Blue,31,2,1,0,82,0.0
711626658,Client perdu,62,F,1,Lycée (équivalent baccalauréat),Célibataire,$40K - $60K,Blue,36,3,5,0,45,0.0
789354783,Client actuel,45,F,3,Non connu,Célibataire,Moins de $40K,Blue,32,3,0,1465,86,0.629
720486408,Client actuel,55,F,1,Sans diplôme,Célibataire,Moins de $40K,Blue,36,3,0,756,73,0.526
717793983,Client perdu,55,M,3,Licence,Célibataire,$40K - $60K,Silver,45,3,1,0,49,0.0
718582158,Client actuel,48,M,2,Non connu,Marié(e),$120K +,Blue,35,3,4,1715,74,0.161
713127708,Client actuel,38,F,0,Sans diplôme,Marié(e),Moins de $40K,Blue,26,1,4,0,63,0.0
717112533,Client actuel,52,F,1,Licence,Non connu,Moins de $40K,Blue,42,2,0,0,88,0.0
713681433,Client actuel,50,F,2,Lycée (équivalent baccalauréat),Divorcé(e),Non connu,Blue,39,2,4,874,91,0.09
718846008,Client actuel,58,F,0,Non connu,Marié(e),Non connu,Blue,36,3,1,1500,62,0.343
714119283,Client perdu,42,F,2,Non connu,Célibataire,$40K - $60K,Blue,34,3,3,0,51,0.0
713056083,Client actuel,52,M,2,Lycée (équivalent baccalauréat),Célibataire,$120K +,Blue,46,2,4,0,87,0.0
718538958,Client actuel,55,F,3,Niveau Bac+2,Célibataire,Moins de $40K,Blue,43,3,4,0,82,0.0
710353233,Client actuel,48,M,3,Niveau Bac+2,Divorcé(e),$60K - $80K,Blue,39,3,2,1106,47,0.084
713853858,Client actuel,41,M,4,Non connu,Marié(e),$80K - $120K,Silver,31,2,2,1433,57,0.042
710342508,Client actuel,48,F,2,Sans diplôme,Marié(e),$40K - $60K,Blue,36,3,4,0,76,0.0
787563858,Client actuel,50,F,1,Licence,Marié(e),Moins de $40K,Blue,41,2,3,685,63,0.08
799239033,Client perdu,53,F,3,Lycée (équivalent baccalauréat),Célibataire,$40K - $60K,Blue,47,3,5,0,46,0.0
710733183,Client actuel,46,M,3,Master,Non connu,$120K +,Blue,36,1,2,845,67,0.587
718489608,Client actuel,50,F,4,Licence,Marié(e),Moins de $40K,Blue,36,2,2,1948,69,0.801
758824608,Client actuel,47,M,4,Sans diplôme,Célibataire,$80K - $120K,Blue,40,2,4,1746,69,0.083
780984408,Client actuel,65,F,0,Non connu,Divorcé(e),Moins de $40K,Blue,50,3,3,1953,63,0.261
814483608,Client perdu,47,F,4,Licence,Divorcé(e),$40K - $60K,Blue,42,3,3,2517,43,0.434
708848208,Client actuel,52,M,3,Sans diplôme,Célibataire,$80K - $120K,Blue,40,3,2,1757,81,0.051
719713683,Client actuel,52,F,0,Licence,Marié(e),Non connu,Blue,37,2,2,2373,81,0.312
715514133,Client perdu,44,F,4,Licence,Marié(e),$40K - $60K,Blue,31,3,5,0,42,0.0
715955208,Client actuel,35,F,1,Lycée (équivalent baccalauréat),Célibataire,Moins de $40K,Blue,26,3,2,1833,72,0.837
794707083,Client perdu,50,M,2,Niveau Bac+2,Célibataire,$80K - $120K,Blue,44,2,5,0,41,0.0
805313808,Client perdu,52,F,3,Lycée (équivalent baccalauréat),Marié(e),$40K - $60K,Blue,47,2,3,134,38,0.017
772922883,Client perdu,41,M,3,Non connu,Marié(e),$80K - $120K,Blue,22,3,5,0,42,0.0
715716333,Client actuel,62,F,0,Lycée (équivalent baccalauréat),Célibataire,Non connu,Blue,50,2,2,0,87,0.0
714502458,Client actuel,49,M,3,Non connu,Marié(e),$60K - $80K,Blue,36,2,4,643,79,0.036
712444533,Client actuel,43,M,2,Lycée (équivalent baccalauréat),Célibataire,$80K - $120K,Blue,36,2,0,0,68,0.0
797748708,Client actuel,44,M,4,Non connu,Célibataire,$80K - $120K,Blue,38,3,4,2024,66,0.514
780203883,Client actuel,43,F,3,Doctorat,Divorcé(e),Non connu,Blue,33,3,2,0,73,0.0
720616908,Client actuel,54,M,1,Sans diplôme,Célibataire,$120K +,Blue,36,1,2,0,67,0.0
817038333,Client actuel,55,F,0,Licence,Marié(e),Moins de $40K,Blue,40,3,4,725,72,0.479
713333433,Client perdu,49,M,3,Sans diplôme,Non connu,$60K - $80K,Blue,41,6,5,0,30,0.0
710820783,Client actuel,45,F,4,Licence,Marié(e),Non connu,Blue,36,1,2,0,78,0.0
720338658,Client actuel,56,F,3,Master,Célibataire,Moins de $40K,Blue,42,2,2,1623,60,0.652
803938908,Client actuel,49,F,4,Sans diplôme,Célibataire,Moins de $40K,Blue,44,2,2,0,81,0.0
787921383,Client perdu,53,M,0,Lycée (équivalent baccalauréat),Célibataire,$120K +,Silver,44,7,5,2297,43,0.067
787849833,Client actuel,49,M,2,Lycée (équivalent baccalauréat),Célibataire,$80K - $120K,Blue,40,2,0,1672,75,0.124
721143258,Client actuel,46,M,1,Lycée (équivalent baccalauréat),Célibataire,$40K - $60K,Blue,33,4,3,798,66,0.48
709335558,Client actuel,49,M,3,Sans diplôme,Marié(e),$120K +,Blue,37,3,3,1643,65,0.212
806619333,Client actuel,36,F,3,Lycée (équivalent baccalauréat),Célibataire,Moins de $40K,Blue,31,2,3,2085,80,0.717
719378658,Client actuel,57,M,3,Licence,Divorcé(e),$80K - $120K,Silver,36,3,4,1384,69,0.04
720670458,Client actuel,52,F,2,Non connu,Célibataire,$40K - $60K,Blue,45,1,3,1560,58,0.449
716955783,Client actuel,52,M,2,Licence,Célibataire,$80K - $120K,Blue,36,2,2,1160,59,0.072
817970208,Client actuel,45,M,1,Sans diplôme,Divorcé(e),Moins de $40K,Blue,40,3,2,1334,67,0.493
708506508,Client actuel,54,M,3,Lycée (équivalent baccalauréat),Marié(e),$120K +,Blue,43,3,2,1144,90,0.397
750147483,Client actuel,49,M,2,Lycée (équivalent baccalauréat),Célibataire,$80K - $120K,Blue,37,1,4,2517,62,0.104
715540233,Client actuel,43,M,3,Licence,Célibataire,$60K - $80K,Blue,34,1,2,2276,79,0.11
807584958,Client perdu,50,M,3,Sans diplôme,Marié(e),$60K - $80K,Blue,45,2,6,0,39,0.0
720686583,Client actuel,46,M,3,Lycée (équivalent baccalauréat),Divorcé(e),$120K +,Blue,37,3,4,0,73,0.0
820637433,Client actuel,45,F,3,Lycée (équivalent baccalauréat),Marié(e),Moins de $40K,Blue,40,2,3,0,66,0.0
716346183,Client actuel,43,F,3,Non connu,Divorcé(e),Non connu,Blue,37,6,3,1557,72,0.172
715405758,Client perdu,50,F,1,Lycée (équivalent baccalauréat),Célibataire,Non connu,Blue,42,0,5,0,42,0.0
710094108,Client actuel,33,M,3,Licence,Célibataire,$60K - $80K,Blue,27,2,3,1725,79,0.844
713168733,Client actuel,65,F,0,Non connu,Célibataire,Moins de $40K,Blue,56,3,3,2403,61,0.858
708614058,Client actuel,56,F,2,Licence,Divorcé(e),Moins de $40K,Blue,45,2,4,1690,67,0.862
718088133,Client actuel,40,F,3,Non connu,Divorcé(e),Moins de $40K,Blue,36,1,0,1061,27,0.452
720614658,Client actuel,40,M,2,Lycée (équivalent baccalauréat),Divorcé(e),$60K - $80K,Blue,25,4,2,0,95,0.0
716695533,Client actuel,49,F,3,Niveau Bac+2,Marié(e),Moins de $40K,Blue,29,3,3,1557,75,0.772
717091533,Client actuel,29,F,1,Licence,Célibataire,Non connu,Blue,36,2,3,1172,84,0.086
713231658,Client actuel,45,F,2,Doctorat,Célibataire,Moins de $40K,Blue,33,2,3,1117,52,0.201
715675458,Client actuel,51,M,1,Lycée (équivalent baccalauréat),Non connu,$80K - $120K,Blue,41,1,2,578,85,0.091
712463883,Client actuel,45,M,2,Non connu,Marié(e),$120K +,Silver,38,2,3,1406,63,0.041
708489258,Client actuel,40,F,3,Licence,Marié(e),Moins de $40K,Blue,27,3,3,988,72,0.687
708403308,Client actuel,37,M,3,Non connu,Célibataire,$40K - $60K,Silver,24,1,3,1663,68,0.11
769684158,Client actuel,42,M,4,Niveau Bac+2,Célibataire,$40K - $60K,Blue,36,3,2,1488,75,0.595
710349258,Client actuel,45,F,3,Lycée (équivalent baccalauréat),Célibataire,Moins de $40K,Blue,36,2,2,2052,68,0.793
713940033,Client actuel,47,F,3,Licence,Célibataire,Moins de $40K,Blue,36,1,3,1460,79,0.713
713482608,Client actuel,47,M,4,Niveau Bac+2,Marié(e),$40K - $60K,Blue,35,1,2,751,79,0.211
714571008,Client actuel,49,F,3,Non connu,Marié(e),Moins de $40K,Blue,36,2,3,0,78,0.0
715354008,Client actuel,43,M,3,Licence,Non connu,$120K +,Blue,36,1,2,0,68,0.0
819363708,Client actuel,43,M,1,Master,Célibataire,$60K - $80K,Blue,38,2,3,1482,67,0.621
712014708,Client actuel,48,M,4,Licence,Marié(e),Moins de $40K,Blue,36,1,2,1501,90,0.515
788717358,Client actuel,53,M,2,Sans diplôme,Célibataire,$60K - $80K,Blue,38,2,2,1255,68,0.178
710413533,Client actuel,56,M,2,Licence,Marié(e),$80K - $120K,Blue,51,3,3,1080,66,0.089
718515483,Client perdu,64,M,0,Licence,Célibataire,$40K - $60K,Blue,52,3,6,2517,47,0.705
715059258,Client actuel,38,F,3,Doctorat,Célibataire,Non connu,Blue,32,4,4,1970,82,0.641
713852958,Client actuel,51,F,2,Licence,Célibataire,Non connu,Silver,41,3,3,1810,81,0.057
767835558,Client actuel,42,F,2,Non connu,Marié(e),Moins de $40K,Blue,36,1,3,2517,69,0.425
721531683,Client actuel,44,F,4,Licence,Célibataire,Non connu,Blue,36,1,3,0,81,0.0
720660558,Client actuel,50,M,2,Sans diplôme,Marié(e),$120K +,Blue,36,3,4,2100,89,0.088
814845933,Client actuel,62,M,0,Licence,Célibataire,$80K - $120K,Blue,56,3,3,0,74,0.0
773155533,Client actuel,49,F,3,Non connu,Célibataire,Moins de $40K,Blue,42,3,3,814,89,0.25
711199908,Client actuel,41,M,2,Licence,Célibataire,$60K - $80K,Blue,30,1,2,1232,71,0.532
721398858,Client actuel,43,M,2,Non connu,Célibataire,$120K +,Blue,34,3,4,0,76,0.0
715664808,Client perdu,43,M,2,Licence,Marié(e),$80K - $120K,Blue,30,3,3,0,51,0.0
715500558,Client actuel,45,F,3,Licence,Marié(e),Non connu,Blue,36,1,4,774,78,0.473
719239158,Client actuel,48,M,3,Lycée (équivalent baccalauréat),Marié(e),$60K - $80K,Blue,39,3,2,0,72,0.0
820633833,Client actuel,64,F,1,Licence,Célibataire,$40K - $60K,Blue,56,2,4,948,72,0.184
720551733,Client perdu,46,F,4,Doctorat,Marié(e),Non connu,Blue,26,3,9,0,41,0.0
718487958,Client actuel,53,F,2,Lycée (équivalent baccalauréat),Marié(e),Moins de $40K,Blue,41,3,0,1303,76,0.466
710533233,Client perdu,38,F,1,Licence,Marié(e),$40K - $60K,Blue,29,3,5,0,47,0.0
778878633,Client actuel,51,M,3,Non connu,Marié(e),$80K - $120K,Blue,32,3,1,885,67,0.487
720197058,Client perdu,47,F,3,Licence,Non connu,Non connu,Blue,33,3,5,0,45,0.0
716317458,Client perdu,51,F,2,Master,Célibataire,$40K - $60K,Blue,36,3,3,0,44,0.0
718569258,Client actuel,56,F,2,Non connu,Marié(e),Moins de $40K,Blue,36,3,3,974,73,0.48
711649908,Client actuel,33,F,3,Licence,Marié(e),Non connu,Blue,15,3,2,1055,67,0.734
720879708,Client actuel,52,M,2,Lycée (équivalent baccalauréat),Célibataire,$80K - $120K,Blue,44,2,4,1308,64,0.046
815761908,Client actuel,46,F,3,Non connu,Marié(e),Non connu,Silver,41,3,2,0,72,0.0
711850533,Client actuel,46,F,4,Sans diplôme,Célibataire,Non connu,Blue,36,1,4,0,71,0.0
721028283,Client actuel,40,F,4,Lycée (équivalent baccalauréat),Marié(e),$40K - $60K,Blue,28,1,3,1160,86,0.101
710763783,Client actuel,49,M,2,Lycée (équivalent baccalauréat),Célibataire,$80K - $120K,Blue,32,1,3,762,47,0.027
720432858,Client actuel,40,F,4,Master,Marié(e),Moins de $40K,Blue,36,1,3,1510,63,0.652
772525308,Client actuel,43,M,3,Niveau Bac+2,Célibataire,$40K - $60K,Blue,33,2,4,1689,69,0.16
767354208,Client actuel,48,M,4,Licence,Célibataire,$80K - $120K,Blue,41,2,1,0,75,0.0
715670058,Client actuel,50,M,3,Licence,Marié(e),$120K +,Blue,38,2,4,1662,76,0.048
713856708,Client actuel,48,M,4,Lycée (équivalent baccalauréat),Marié(e),$80K - $120K,Blue,36,1,2,2517,79,0.37
758086458,Client actuel,46,F,3,Licence,Marié(e),Non connu,Blue,39,3,4,0,62,0.0
717035283,Client perdu,46,M,1,Licence,Célibataire,$60K - $80K,Blue,37,3,5,848,39,0.347
709604958,Client actuel,51,F,3,Licence,Célibataire,$40K - $60K,Blue,36,3,4,1847,64,0.715
714931458,Client actuel,52,F,2,Master,Célibataire,Non connu,Blue,42,2,3,0,78,0.0
711047658,Client actuel,46,F,3,Lycée (équivalent baccalauréat),Marié(e),Moins de $40K,Blue,38,2,2,1315,83,0.738
718110858,Client perdu,42,M,4,Non connu,Marié(e),$40K - $60K,Blue,36,3,6,0,41,0.0
716385858,Client actuel,42,F,4,Licence,Marié(e),Moins de $40K,Blue,28,2,4,1245,90,0.565
708812133,Client actuel,49,F,3,Licence,Marié(e),Non connu,Blue,39,3,0,1647,75,0.726
787655058,Client actuel,44,F,2,Sans diplôme,Célibataire,Moins de $40K,Blue,37,2,3,1875,85,0.73
803113383,Client perdu,55,F,1,Sans diplôme,Célibataire,Moins de $40K,Blue,49,7,3,0,54,0.0
721273008,Client perdu,54,F,1,Niveau Bac+2,Non connu,$60K - $80K,Silver,43,3,5,1252,38,0.116
715762083,Client actuel,46,M,0,Sans diplôme,Célibataire,$60K - $80K,Silver,36,3,2,2030,45,0.067
711629733,Client actuel,45,F,2,Licence,Marié(e),Moins de $40K,Blue,34,3,1,1499,66,0.279
718410258,Client actuel,37,M,3,Lycée (équivalent baccalauréat),Non connu,$80K - $120K,Blue,28,4,4,0,80,0.0
719745558,Client actuel,52,M,3,Licence,Célibataire,$60K - $80K,Blue,36,2,2,1729,77,0.189
820282383,Client perdu,45,F,2,Licence,Marié(e),$40K - $60K,Blue,40,3,3,2517,32,0.43
793543758,Client actuel,47,M,2,Licence,Célibataire,$120K +,Blue,41,2,4,784,77,0.074
778224858,Client actuel,42,F,2,Niveau Bac+2,Non connu,Non connu,Blue,32,3,4,1003,89,0.249
712555233,Client actuel,59,F,0,Licence,Célibataire,$40K - $60K,Blue,48,1,2,710,38,0.169
718516533,Client actuel,46,F,2,Licence,Célibataire,Moins de $40K,Blue,36,2,3,2196,78,0.849
708923658,Client actuel,41,F,3,Non connu,Non connu,Moins de $40K,Blue,28,2,2,1420,92,0.196
717708783,Client actuel,57,M,2,Licence,Célibataire,$120K +,Silver,51,3,4,1417,77,0.041
780688383,Client actuel,35,M,1,Licence,Non connu,$80K - $120K,Blue,24,2,3,0,56,0.0
718821783,Client actuel,53,M,1,Non connu,Marié(e),$40K - $60K,Blue,48,1,3,1704,73,0.676
718163808,Client actuel,37,M,1,Licence,Célibataire,$80K - $120K,Blue,24,3,4,0,71,0.0
712693908,Client perdu,43,M,3,Licence,Marié(e),$120K +,Blue,31,6,1,783,32,0.056
711286533,Client actuel,43,M,3,Licence,Non connu,$60K - $80K,Blue,31,1,2,0,62,0.0
711655683,Client actuel,55,M,1,Sans diplôme,Célibataire,$60K - $80K,Silver,46,2,4,0,62,0.0
718188858,Client actuel,52,F,0,Licence,Célibataire,Moins de $40K,Blue,36,1,2,1097,84,0.432
718514283,Client actuel,46,M,4,Lycée (équivalent baccalauréat),Célibataire,$40K - $60K,Blue,36,2,2,794,67,0.552
708642708,Client perdu,40,F,2,Sans diplôme,Marié(e),Non connu,Blue,36,2,3,0,33,0.0
811475733,Client perdu,53,F,1,Niveau Bac+2,Marié(e),$40K - $60K,Blue,48,2,3,0,48,0.0
712089108,Client actuel,49,M,3,Sans diplôme,Divorcé(e),$80K - $120K,Blue,37,3,3,1141,76,0.04
710761533,Client actuel,44,M,2,Licence,Non connu,$80K - $120K,Blue,33,2,3,1624,87,0.069
714963558,Client actuel,46,M,3,Licence,Célibataire,$40K - $60K,Blue,36,2,3,0,71,0.0
714834258,Client actuel,43,F,4,Lycée (équivalent baccalauréat),Non connu,Moins de $40K,Blue,36,2,4,1127,83,0.458
713788083,Client perdu,28,F,1,Licence,Célibataire,$60K - $80K,Blue,36,2,6,0,35,0.0
719583558,Client actuel,49,F,3,Sans diplôme,Marié(e),$40K - $60K,Blue,40,2,3,1700,70,0.191
744705408,Client actuel,48,F,4,Licence,Célibataire,Non connu,Blue,41,3,2,1172,61,0.224
713240133,Client actuel,42,F,3,Lycée (équivalent baccalauréat),Marié(e),Moins de $40K,Blue,36,3,1,1482,60,0.158
815015283,Client actuel,43,F,4,Licence,Marié(e),Moins de $40K,Blue,38,2,2,1650,62,0.621
718072758,Client actuel,51,M,2,Master,Marié(e),$120K +,Blue,45,2,1,2517,73,0.793
709127808,Client actuel,48,M,3,Master,Divorcé(e),$60K - $80K,Blue,35,2,1,1331,57,0.213
715080258,Client actuel,37,F,1,Lycée (équivalent baccalauréat),Célibataire,Non connu,Blue,36,2,3,1093,89,0.162
709567758,Client actuel,40,F,3,Sans diplôme,Marié(e),Moins de $40K,Blue,29,1,2,2225,71,0.894
780067158,Client perdu,51,F,2,Sans diplôme,Célibataire,Moins de $40K,Blue,36,3,3,1107,47,0.634
715357308,Client actuel,44,M,2,Licence,Marié(e),$60K - $80K,Blue,36,1,2,1424,65,0.344
720559908,Client actuel,58,F,2,Sans diplôme,Divorcé(e),Moins de $40K,Silver,46,1,4,653,61,0.056
720339558,Client actuel,47,F,2,Licence,Célibataire,Moins de $40K,Blue,36,1,2,494,71,0.209
809599158,Client perdu,48,M,4,Sans diplôme,Célibataire,$80K - $120K,Silver,43,3,5,0,28,0.0
793269933,Client actuel,46,M,3,Licence,Non connu,$60K - $80K,Silver,40,3,2,0,78,0.0
809978733,Client actuel,33,F,2,Lycée (équivalent baccalauréat),Célibataire,$40K - $60K,Blue,28,2,3,746,77,0.519
788996058,Client actuel,47,F,2,Lycée (équivalent baccalauréat),Marié(e),Moins de $40K,Blue,34,2,4,1970,69,0.722
712575708,Client actuel,55,F,2,Lycée (équivalent baccalauréat),Marié(e),Moins de $40K,Blue,36,1,4,1175,82,0.589
789625383,Client actuel,48,M,3,Sans diplôme,Célibataire,$80K - $120K,Blue,42,3,3,1626,62,0.167
719730258,Client actuel,41,M,4,Sans diplôme,Divorcé(e),$60K - $80K,Silver,36,2,3,0,75,0.0
793717608,Client actuel,39,M,0,Doctorat,Célibataire,$60K - $80K,Blue,33,2,0,1120,79,0.107
709798908,Client perdu,45,F,4,Non connu,Marié(e),Moins de $40K,Blue,32,3,5,0,43,0.0
716077458,Client actuel,46,M,3,Sans diplôme,Marié(e),$40K - $60K,Blue,36,2,4,1121,71,0.238
813435108,Client actuel,49,F,1,Licence,Célibataire,Moins de $40K,Blue,44,2,1,0,78,0.0
708084558,Client perdu,46,M,3,Doctorat,Divorcé(e),$80K - $120K,Blue,38,3,3,1771,23,0.214
719880408,Client actuel,46,F,4,Licence,Marié(e),Moins de $40K,Blue,35,3,1,1611,57,0.524
719343633,Client actuel,48,M,3,Lycée (équivalent baccalauréat),Non connu,Moins de $40K,Blue,38,3,3,889,89,0.1
718711158,Client perdu,52,M,3,Licence,Marié(e),$120K +,Blue,36,2,3,2517,51,0.655
717443658,Client actuel,37,F,0,Licence,Divorcé(e),$40K - $60K,Blue,28,3,1,0,81,0.0
715976433,Client actuel,42,M,3,Lycée (équivalent baccalauréat),Non connu,Moins de $40K,Blue,31,2,4,1885,75,0.242
719038008,Client actuel,48,F,4,Licence,Célibataire,Moins de $40K,Blue,35,2,2,1192,41,0.699
709143183,Client perdu,52,F,2,Doctorat,Marié(e),$40K - $60K,Blue,43,2,5,1605,39,0.881
710186958,Client actuel,45,F,3,Non connu,Célibataire,Non connu,Blue,32,3,4,2000,82,0.215
709274583,Client actuel,40,M,2,Lycée (équivalent baccalauréat),Marié(e),$120K +,Blue,27,3,1,1323,91,0.108
816864483,Client actuel,39,F,4,Sans diplôme,Célibataire,$40K - $60K,Blue,34,2,2,803,74,0.078
708271833,Client actuel,42,M,3,Licence,Célibataire,$40K - $60K,Silver,36,2,3,1843,67,0.122
821759658,Client perdu,41,F,4,Lycée (équivalent baccalauréat),Divorcé(e),$40K - $60K,Blue,37,2,3,204,54,0.044
820920408,Client actuel,53,F,2,Licence,Célibataire,Moins de $40K,Blue,48,2,2,0,59,0.0
718403358,Client actuel,49,F,2,Lycée (équivalent baccalauréat),Divorcé(e),$40K - $60K,Blue,33,2,1,2517,67,0.348
713476758,Client actuel,44,M,4,Non connu,Marié(e),$60K - $80K,Blue,32,1,1,1586,77,0.158
720690933,Client actuel,52,M,4,Sans diplôme,Marié(e),$60K - $80K,Blue,39,1,3,1584,67,0.6
719252583,Client actuel,29,F,1,Lycée (équivalent baccalauréat),Célibataire,Moins de $40K,Blue,20,2,1,1488,92,0.481
712783083,Client perdu,48,F,4,Lycée (équivalent baccalauréat),Marié(e),Moins de $40K,Blue,37,2,3,0,35,0.0
771204108,Client actuel,36,F,2,Sans diplôme,Célibataire,Non connu,Blue,23,1,0,1179,67,0.603
817247658,Client actuel,45,M,3,Lycée (équivalent baccalauréat),Non connu,$60K - $80K,Blue,27,2,3,0,67,0.0
821749608,Client perdu,41,M,3,Licence,Marié(e),$80K - $120K,Blue,37,3,3,0,51,0.0
714389883,Client actuel,45,M,4,Licence,Célibataire,$80K - $120K,Blue,36,3,1,1485,77,0.184
713648208,Client actuel,40,F,2,Licence,Non connu,$40K - $60K,Blue,32,2,2,2409,86,0.778
826261008,Client perdu,48,F,3,Licence,Non connu,$40K - $60K,Blue,44,3,2,0,46,0.0
824163333,Client actuel,43,F,5,Sans diplôme,Célibataire,Moins de $40K,Blue,39,2,4,2424,66,0.767
709444983,Client perdu,38,F,3,Sans diplôme,Marié(e),$40K - $60K,Blue,30,2,3,2432,32,0.999
711154908,Client actuel,59,F,0,Non connu,Célibataire,Moins de $40K,Blue,40,2,2,1076,76,0.583
769575783,Client perdu,49,F,3,Niveau Bac+2,Marié(e),$60K - $80K,Blue,41,3,3,749,43,0.467
720334833,Client actuel,39,F,5,Niveau Bac+2,Célibataire,Moins de $40K,Blue,30,1,2,1869,91,0.397
709563258,Client perdu,50,F,2,Sans diplôme,Célibataire,Non connu,Blue,41,3,2,2253,40,0.819
708205083,Client actuel,38,F,1,Lycée (équivalent baccalauréat),Marié(e),Moins de $40K,Blue,28,4,3,0,81,0.0
715276683,Client actuel,52,M,2,Lycée (équivalent baccalauréat),Marié(e),$60K - $80K,Blue,45,1,4,1676,69,0.069
721254858,Client actuel,42,F,5,Licence,Marié(e),Moins de $40K,Blue,18,1,1,1074,70,0.634
712257258,Client perdu,50,F,1,Lycée (équivalent baccalauréat),Célibataire,$60K - $80K,Blue,36,2,6,0,39,0.0
789616158,Client actuel,33,M,3,Non connu,Divorcé(e),Non connu,Blue,27,1,3,0,52,0.0
708773583,Client actuel,52,F,3,Licence,Non connu,$40K - $60K,Blue,45,2,0,1710,64,0.157
711110733,Client actuel,45,M,3,Lycée (équivalent baccalauréat),Marié(e),$40K - $60K,Silver,33,2,1,1519,66,0.09
714043008,Client actuel,37,M,2,Lycée (équivalent baccalauréat),Célibataire,$40K - $60K,Blue,30,3,4,0,76,0.0
780602733,Client actuel,42,M,3,Sans diplôme,Célibataire,$60K - $80K,Blue,30,2,3,1294,66,0.156
823557333,Client actuel,43,F,2,Sans diplôme,Non connu,Moins de $40K,Blue,39,3,3,2517,86,0.921
772825308,Client actuel,40,M,3,Licence,Divorcé(e),$80K - $120K,Blue,31,2,3,1509,60,0.055
713251008,Client actuel,43,F,2,Sans diplôme,Marié(e),Non connu,Blue,38,3,1,1853,63,0.626
711175083,Client actuel,54,M,3,Doctorat,Célibataire,$60K - $80K,Blue,41,2,3,0,75,0.0
756477333,Client actuel,42,F,4,Sans diplôme,Marié(e),Moins de $40K,Blue,35,3,1,0,71,0.0
712294983,Client actuel,39,F,2,Licence,Marié(e),$40K - $60K,Blue,36,2,4,1160,71,0.596
717023508,Client actuel,45,F,3,Non connu,Non connu,$40K - $60K,Blue,36,1,2,1551,85,0.582
709869708,Client actuel,54,F,3,Niveau Bac+2,Célibataire,Moins de $40K,Blue,45,1,4,2039,71,0.666
772133808,Client actuel,47,F,3,Master,Célibataire,$40K - $60K,Blue,36,5,0,1059,62,0.34
768196008,Client actuel,54,M,1,Sans diplôme,Célibataire,$60K - $80K,Blue,48,2,3,2158,56,0.144
708916083,Client perdu,49,F,0,Doctorat,Non connu,$60K - $80K,Blue,37,2,3,0,38,0.0
789526458,Client actuel,44,M,3,Non connu,Marié(e),$40K - $60K,Blue,36,2,1,1706,57,0.673
716079708,Client actuel,46,F,3,Niveau Bac+2,Célibataire,Moins de $40K,Blue,36,2,2,2373,65,0.948
720087708,Client actuel,38,F,3,Lycée (équivalent baccalauréat),Marié(e),Moins de $40K,Blue,31,3,2,0,89,0.0
714259533,Client actuel,43,F,2,Licence,Marié(e),Moins de $40K,Blue,35,1,3,622,88,0.152
714691683,Client actuel,62,M,1,Licence,Célibataire,$60K - $80K,Blue,54,1,4,607,76,0.046
768420558,Client actuel,59,F,0,Licence,Célibataire,Moins de $40K,Blue,53,3,4,1469,63,0.304
778364583,Client perdu,45,F,2,Licence,Marié(e),$40K - $60K,Blue,25,2,3,916,31,0.155
719186433,Client actuel,53,F,1,Niveau Bac+2,Célibataire,Non connu,Blue,44,2,2,1328,86,0.121
719951208,Client actuel,43,M,4,Licence,Célibataire,$60K - $80K,Blue,24,3,2,0,69,0.0
720182658,Client actuel,44,F,3,Sans diplôme,Célibataire,Non connu,Blue,31,2,3,940,72,0.052
789022233,Client actuel,50,F,2,Sans diplôme,Célibataire,Moins de $40K,Blue,37,5,2,754,69,0.524
778353183,Client actuel,31,F,0,Lycée (équivalent baccalauréat),Marié(e),Moins de $40K,Blue,13,2,3,984,77,0.307
713789883,Client actuel,50,F,4,Lycée (équivalent baccalauréat),Marié(e),$40K - $60K,Blue,36,1,1,1004,75,0.679
773018583,Client actuel,38,F,4,Licence,Marié(e),Moins de $40K,Blue,30,1,2,2216,75,0.705
771354633,Client actuel,58,M,1,Niveau Bac+2,Célibataire,$80K - $120K,Blue,45,3,4,1480,73,0.798
717308433,Client perdu,49,M,5,Sans diplôme,Non connu,$60K - $80K,Blue,43,3,3,0,39,0.0
712271958,Client actuel,37,M,3,Sans diplôme,Non connu,$80K - $120K,Blue,36,2,3,1793,75,0.183
716736858,Client actuel,47,F,4,Licence,Marié(e),Moins de $40K,Blue,39,3,2,0,80,0.0
713796033,Client perdu,47,M,2,Licence,Marié(e),$40K - $60K,Blue,42,3,3,0,36,0.0
710812533,Client perdu,46,F,3,Lycée (équivalent baccalauréat),Marié(e),Non connu,Silver,36,2,3,154,46,0.004
782555058,Client actuel,35,F,1,Non connu,Marié(e),Moins de $40K,Blue,29,2,3,856,92,0.595
714864333,Client perdu,43,M,2,Niveau Bac+2,Divorcé(e),$120K +,Blue,37,1,2,0,38,0.0
787918158,Client actuel,32,F,0,Sans diplôme,Marié(e),Moins de $40K,Blue,23,2,4,1114,66,0.517
779070033,Client actuel,63,F,0,Niveau Bac+2,Célibataire,Moins de $40K,Blue,44,4,2,0,56,0.0
789945933,Client actuel,61,F,1,Licence,Célibataire,Moins de $40K,Blue,52,3,1,0,67,0.0
720810783,Client perdu,54,F,2,Licence,Marié(e),Non connu,Blue,44,3,3,1692,43,0.448
715627833,Client actuel,48,M,3,Lycée (équivalent baccalauréat),Marié(e),$60K - $80K,Gold,37,2,0,1948,75,0.056
809538783,Client actuel,49,M,1,Lycée (équivalent baccalauréat),Célibataire,$120K +,Blue,44,2,3,1058,72,0.736
715987758,Client perdu,49,M,3,Licence,Marié(e),$80K - $120K,Blue,36,2,1,0,50,0.0
711967158,Client actuel,35,F,3,Licence,Célibataire,Moins de $40K,Blue,23,3,1,1370,79,0.62
712325433,Client actuel,39,F,2,Non connu,Célibataire,Non connu,Blue,28,2,2,792,80,0.53
716470683,Client actuel,48,F,3,Master,Marié(e),Non connu,Blue,36,1,3,2048,77,0.099
713289183,Client actuel,53,F,3,Doctorat,Marié(e),Moins de $40K,Blue,33,2,1,1647,76,0.73
711549408,Client actuel,51,M,3,Sans diplôme,Marié(e),$80K - $120K,Blue,42,1,3,961,90,0.638
709523508,Client actuel,65,F,0,Sans diplôme,Non connu,Moins de $40K,Silver,53,1,2,0,83,0.0
717578358,Client actuel,49,F,4,Licence,Marié(e),Non connu,Blue,40,1,1,1704,80,0.209
711673983,Client actuel,44,M,4,Non connu,Célibataire,$60K - $80K,Blue,36,1,2,1568,81,0.084
713388108,Client perdu,62,F,0,Lycée (équivalent baccalauréat),Non connu,$60K - $80K,Blue,51,2,3,0,36,0.0
715679733,Client actuel,43,F,2,Sans diplôme,Célibataire,Moins de $40K,Blue,36,2,4,1513,67,0.872
779694183,Client actuel,51,M,3,Niveau Bac+2,Célibataire,$80K - $120K,Blue,34,2,4,1427,73,0.766
788544108,Client actuel,43,F,2,Lycée (équivalent baccalauréat),Célibataire,Moins de $40K,Blue,37,3,0,1041,74,0.157
715583283,Client actuel,34,F,0,Licence,Marié(e),Non connu,Blue,13,1,4,2087,66,0.263
719917233,Client perdu,49,M,3,Master,Marié(e),$80K - $120K,Blue,36,3,2,1159,45,0.087
717103758,Client perdu,63,M,0,Licence,Célibataire,Non connu,Blue,55,0,2,0,42,0.0
714621183,Client actuel,39,F,3,Licence,Célibataire,Moins de $40K,Blue,36,3,4,1646,80,0.621
721365033,Client perdu,37,M,3,Sans diplôme,Marié(e),$40K - $60K,Blue,36,2,5,0,43,0.0
712999008,Client actuel,40,F,3,Licence,Célibataire,Moins de $40K,Blue,33,1,1,1771,72,0.674
780790008,Client actuel,46,F,3,Non connu,Marié(e),$40K - $60K,Blue,39,3,2,563,69,0.386
779499933,Client actuel,46,M,5,Sans diplôme,Non connu,$80K - $120K,Blue,28,1,1,1259,94,0.036
717200508,Client actuel,40,F,4,Sans diplôme,Célibataire,Non connu,Blue,32,1,3,2038,73,0.667
716995083,Client actuel,52,M,2,Lycée (équivalent baccalauréat),Célibataire,$80K - $120K,Blue,44,2,4,1049,64,0.396
718137183,Client actuel,58,F,1,Niveau Bac+2,Marié(e),Moins de $40K,Blue,38,2,3,2251,92,0.676
787507833,Client actuel,49,F,1,Sans diplôme,Non connu,Moins de $40K,Blue,38,2,1,1820,63,0.544
810974958,Client perdu,51,M,2,Lycée (équivalent baccalauréat),Marié(e),$60K - $80K,Blue,46,3,2,1760,40,0.427
717967833,Client actuel,55,F,1,Non connu,Marié(e),Moins de $40K,Blue,36,1,0,1555,81,0.581
712267983,Client perdu,57,F,0,Licence,Célibataire,$60K - $80K,Blue,45,3,3,2517,42,0.833
717376758,Client actuel,56,F,2,Lycée (équivalent baccalauréat),Marié(e),Moins de $40K,Blue,47,3,1,1324,72,0.592
718250883,Client perdu,59,F,2,Lycée (équivalent baccalauréat),Marié(e),Non connu,Blue,51,3,3,1397,49,0.361
717491058,Client actuel,42,M,2,Master,Célibataire,$60K - $80K,Blue,26,2,3,1747,60,0.084
802243458,Client perdu,48,M,2,Doctorat,Célibataire,$40K - $60K,Blue,42,3,2,0,34,0.0
714485508,Client actuel,45,M,3,Doctorat,Célibataire,$80K - $120K,Blue,36,2,4,1254,81,0.138
711377808,Client actuel,47,M,3,Licence,Non connu,$60K - $80K,Blue,36,3,2,0,66,0.0
718565733,Client actuel,62,M,0,Non connu,Célibataire,Moins de $40K,Blue,36,2,4,1769,67,0.484
712723608,Client actuel,44,F,3,Sans diplôme,Non connu,Moins de $40K,Blue,36,2,4,0,66,0.0
789948408,Client actuel,55,M,2,Licence,Célibataire,$80K - $120K,Blue,46,1,4,1718,74,0.05
734909358,Client actuel,43,M,4,Licence,Célibataire,$80K - $120K,Blue,33,1,1,1244,79,0.19
719267283,Client actuel,35,F,2,Doctorat,Marié(e),$40K - $60K,Blue,27,1,0,1554,71,0.796
780684933,Client actuel,49,M,3,Lycée (équivalent baccalauréat),Non connu,$40K - $60K,Blue,38,1,3,1783,69,0.584
720330558,Client perdu,44,M,3,Licence,Marié(e),$80K - $120K,Blue,25,2,3,966,40,0.038
720784833,Client perdu,48,F,3,Licence,Marié(e),Non connu,Blue,36,3,1,1243,43,0.763
789059958,Client actuel,42,M,4,Lycée (équivalent baccalauréat),Marié(e),$120K +,Gold,30,2,4,1045,75,0.03
797138883,Client actuel,43,M,4,Non connu,Marié(e),$40K - $60K,Blue,37,2,3,1491,77,0.138
721448283,Client perdu,39,F,1,Licence,Célibataire,$40K - $60K,Blue,26,3,1,1536,47,0.819
710552733,Client perdu,42,M,5,Non connu,Marié(e),$60K - $80K,Blue,36,3,2,0,40,0.0
742778358,Client actuel,44,M,1,Licence,Célibataire,$60K - $80K,Blue,37,1,4,1229,69,0.073
713933658,Client actuel,56,F,0,Licence,Célibataire,Moins de $40K,Blue,45,6,2,1621,70,0.658
788142483,Client actuel,46,M,3,Niveau Bac+2,Célibataire,$80K - $120K,Silver,38,3,1,1278,73,0.037
789705408,Client actuel,50,M,2,Niveau Bac+2,Marié(e),$60K - $80K,Blue,37,1,2,1687,55,0.356
780378633,Client actuel,43,M,3,Niveau Bac+2,Non connu,$60K - $80K,Blue,33,3,4,1455,71,0.155
817422408,Client actuel,45,F,3,Sans diplôme,Célibataire,Moins de $40K,Blue,30,2,3,1118,71,0.543
781297983,Client actuel,58,M,2,Non connu,Divorcé(e),$60K - $80K,Blue,52,2,3,1196,78,0.059
710671608,Client actuel,39,F,2,Licence,Divorcé(e),Moins de $40K,Blue,31,3,4,918,69,0.135
719967708,Client actuel,44,F,2,Non connu,Célibataire,Moins de $40K,Blue,32,1,4,2128,66,0.329
711879633,Client actuel,45,M,3,Lycée (équivalent baccalauréat),Célibataire,Moins de $40K,Blue,29,1,2,1985,70,0.718
716444733,Client actuel,55,F,2,Licence,Marié(e),Moins de $40K,Blue,46,3,4,0,79,0.0
718460958,Client actuel,49,F,2,Niveau Bac+2,Marié(e),Moins de $40K,Blue,35,3,4,1856,64,0.565
789953733,Client actuel,46,F,3,Licence,Marié(e),Moins de $40K,Blue,37,1,3,1961,78,0.794
770278833,Client actuel,43,M,4,Non connu,Marié(e),$120K +,Blue,37,1,3,1250,82,0.06
787291308,Client actuel,42,F,5,Licence,Marié(e),Moins de $40K,Blue,36,2,4,1709,79,0.404
710644158,Client actuel,45,M,3,Licence,Non connu,$80K - $120K,Blue,28,3,1,1332,73,0.042
717095733,Client actuel,48,F,4,Non connu,Non connu,Moins de $40K,Blue,29,3,4,2517,69,0.784
813338733,Client actuel,47,F,3,Non connu,Célibataire,Non connu,Blue,42,2,2,1382,82,0.235
787536933,Client actuel,44,F,3,Non connu,Célibataire,Moins de $40K,Blue,33,2,3,0,80,0.0
714384783,Client perdu,59,F,1,Licence,Marié(e),$40K - $60K,Blue,36,3,3,0,37,0.0
713847858,Client perdu,49,F,3,Licence,Divorcé(e),$40K - $60K,Blue,36,3,3,0,43,0.0
809809008,Client actuel,47,F,5,Licence,Marié(e),Moins de $40K,Blue,42,1,2,1541,68,0.495
719446833,Client actuel,58,F,1,Lycée (équivalent baccalauréat),Marié(e),Moins de $40K,Blue,46,1,3,1532,83,0.547
720570333,Client actuel,48,F,3,Niveau Bac+2,Marié(e),Moins de $40K,Blue,36,3,0,1163,81,0.608
815308683,Client actuel,46,M,3,Niveau Bac+2,Marié(e),$80K - $120K,Blue,41,3,1,887,54,0.047
810875958,Client perdu,51,F,3,Licence,Marié(e),$40K - $60K,Blue,46,6,3,395,44,0.196
717775608,Client actuel,51,M,2,Master,Non connu,$80K - $120K,Blue,43,2,0,1970,80,0.408
718766058,Client perdu,56,M,2,Licence,Marié(e),$80K - $120K,Blue,36,2,2,0,37,0.0
710656683,Client actuel,50,F,3,Lycée (équivalent baccalauréat),Célibataire,Moins de $40K,Blue,36,3,1,1614,64,0.813
768390708,Client actuel,47,M,2,Non connu,Célibataire,$80K - $120K,Blue,41,1,1,1136,68,0.395
713263758,Client actuel,53,F,1,Niveau Bac+2,Célibataire,Moins de $40K,Blue,45,2,2,1997,78,0.864
754564308,Client actuel,46,F,3,Licence,Marié(e),$40K - $60K,Blue,39,3,2,2126,66,0.804
827890758,Client actuel,39,F,1,Sans diplôme,Célibataire,Moins de $40K,Blue,35,3,0,1302,63,0.631
779945508,Client actuel,50,F,1,Licence,Marié(e),Moins de $40K,Blue,35,2,2,1881,81,0.536
720807183,Client actuel,55,M,2,Licence,Célibataire,$80K - $120K,Blue,36,2,1,916,63,0.061
709309308,Client perdu,50,M,3,Niveau Bac+2,Non connu,$80K - $120K,Blue,37,3,2,0,34,0.0
715844733,Client actuel,45,M,5,Lycée (équivalent baccalauréat),Marié(e),$60K - $80K,Blue,36,3,2,877,71,0.403
712332183,Client actuel,42,M,3,Niveau Bac+2,Célibataire,$80K - $120K,Blue,36,1,0,895,74,0.03
790123983,Client actuel,50,F,2,Lycée (équivalent baccalauréat),Célibataire,Moins de $40K,Blue,43,2,1,2090,88,0.703
711721458,Client perdu,50,F,2,Licence,Non connu,$40K - $60K,Blue,36,2,2,0,43,0.0
716860233,Client actuel,51,F,3,Sans diplôme,Marié(e),Moins de $40K,Blue,39,3,0,701,87,0.086
714678408,Client actuel,48,F,4,Master,Marié(e),Moins de $40K,Blue,31,6,4,1983,83,0.749
708798483,Client perdu,37,F,3,Non connu,Marié(e),Non connu,Blue,24,3,2,0,43,0.0
708501783,Client perdu,43,M,2,Lycée (équivalent baccalauréat),Marié(e),$120K +,Blue,36,2,5,1477,40,0.043
713645883,Client actuel,37,F,1,Lycée (équivalent baccalauréat),Célibataire,Moins de $40K,Blue,23,3,4,1486,88,0.791
718622658,Client actuel,45,M,4,Lycée (équivalent baccalauréat),Célibataire,$80K - $120K,Blue,34,2,3,1696,86,0.107
710641008,Client actuel,44,F,2,Lycée (équivalent baccalauréat),Célibataire,Moins de $40K,Blue,36,3,4,0,56,0.0
718547358,Client actuel,60,F,2,Sans diplôme,Non connu,$40K - $60K,Blue,52,3,2,1740,69,0.65
716177583,Client actuel,58,F,1,Master,Célibataire,Moins de $40K,Blue,36,2,4,0,89,0.0
713417433,Client actuel,42,M,2,Licence,Célibataire,$40K - $60K,Blue,28,1,3,0,77,0.0
713043183,Client actuel,61,M,0,Lycée (équivalent baccalauréat),Célibataire,$40K - $60K,Blue,48,2,4,1969,84,0.766
719328858,Client perdu,56,M,4,Lycée (équivalent baccalauréat),Marié(e),$60K - $80K,Blue,43,2,9,0,40,0.0
718501983,Client actuel,44,M,2,Licence,Marié(e),$60K - $80K,Blue,36,6,1,1117,89,0.188
803800533,Client perdu,39,M,1,Non connu,Célibataire,$40K - $60K,Blue,33,3,5,975,59,0.467
771790083,Client actuel,43,F,3,Non connu,Marié(e),Moins de $40K,Silver,32,3,2,2080,64,0.199
712817808,Client actuel,39,M,2,Licence,Marié(e),$60K - $80K,Blue,23,2,1,1561,53,0.328
811697958,Client actuel,50,F,4,Non connu,Marié(e),Moins de $40K,Blue,45,1,4,755,65,0.507
817089408,Client actuel,44,M,2,Niveau Bac+2,Marié(e),$60K - $80K,Blue,27,1,2,1754,69,0.092
803406558,Client actuel,30,F,1,Sans diplôme,Célibataire,Non connu,Blue,24,5,4,1272,86,0.169
717297708,Client actuel,47,F,1,Licence,Célibataire,Non connu,Blue,37,3,3,1672,74,0.685
808756458,Client actuel,47,M,3,Licence,Célibataire,$80K - $120K,Blue,42,3,3,1205,83,0.091
718352358,Client perdu,49,F,3,Master,Marié(e),$40K - $60K,Blue,35,3,2,0,41,0.0
780638958,Client actuel,42,F,2,Licence,Divorcé(e),$40K - $60K,Blue,31,2,1,1850,77,0.75
721026033,Client actuel,57,F,1,Non connu,Célibataire,Moins de $40K,Blue,44,3,2,1258,43,0.491
719894433,Client perdu,43,F,4,Non connu,Marié(e),Moins de $40K,Blue,24,2,3,951,43,0.566
812493033,Client actuel,44,F,3,Lycée (équivalent baccalauréat),Célibataire,$40K - $60K,Blue,37,1,1,1110,63,0.326
718256658,Client actuel,45,F,3,Sans diplôme,Marié(e),Moins de $40K,Blue,38,5,1,0,75,0.0
711421233,Client actuel,51,M,3,Lycée (équivalent baccalauréat),Célibataire,$60K - $80K,Blue,43,3,3,1513,84,0.213
710335983,Client actuel,57,F,0,Lycée (équivalent baccalauréat),Divorcé(e),Moins de $40K,Blue,36,1,3,869,64,0.246
720108783,Client actuel,60,F,1,Sans diplôme,Célibataire,Non connu,Blue,50,3,3,1717,68,0.23
818259558,Client actuel,64,F,0,Licence,Célibataire,Moins de $40K,Blue,56,2,3,1582,79,0.69
708511983,Client actuel,37,M,3,Licence,Marié(e),$80K - $120K,Blue,18,3,2,0,82,0.0
708838908,Client actuel,49,F,3,Non connu,Célibataire,$40K - $60K,Blue,42,3,4,1654,61,0.322
778720533,Client perdu,53,F,4,Licence,Marié(e),$40K - $60K,Blue,37,2,3,0,35,0.0
793015083,Client actuel,46,F,4,Licence,Marié(e),Non connu,Blue,40,3,4,1270,77,0.491
821336133,Client actuel,50,F,2,Lycée (équivalent baccalauréat),Célibataire,Moins de $40K,Blue,46,3,2,996,60,0.114
713905608,Client actuel,56,F,3,Non connu,Célibataire,Moins de $40K,Blue,50,2,2,0,63,0.0
779164608,Client actuel,45,F,3,Licence,Marié(e),Moins de $40K,Blue,34,2,3,1336,77,0.506
714835833,Client actuel,43,M,4,Lycée (équivalent baccalauréat),Divorcé(e),$80K - $120K,Blue,36,3,2,1048,73,0.03
823863033,Client actuel,52,M,2,Non connu,Marié(e),$80K - $120K,Silver,48,6,1,1473,73,0.043
713321508,Client actuel,47,F,3,Non connu,Célibataire,Moins de $40K,Blue,36,1,4,1175,87,0.598
708992733,Client actuel,50,F,0,Lycée (équivalent baccalauréat),Marié(e),Moins de $40K,Blue,36,3,2,0,98,0.0
709488108,Client perdu,42,M,4,Niveau Bac+2,Marié(e),$40K - $60K,Blue,36,2,3,0,39,0.0
716094333,Client actuel,49,M,1,Licence,Célibataire,$80K - $120K,Blue,42,2,1,1459,57,0.082
778567983,Client actuel,50,F,2,Licence,Célibataire,$40K - $60K,Blue,43,1,3,0,77,0.0
712178883,Client actuel,49,F,2,Niveau Bac+2,Célibataire,$40K - $60K,Blue,36,2,1,1946,79,0.305
717490008,Client actuel,43,M,4,Licence,Divorcé(e),$80K - $120K,Blue,36,1,1,1622,52,0.085
718282983,Client actuel,60,M,0,Niveau Bac+2,Non connu,Moins de $40K,Blue,47,3,3,2257,75,0.734
747208083,Client actuel,49,M,4,Licence,Célibataire,$40K - $60K,Blue,42,3,2,1501,68,0.532
820276908,Client perdu,42,F,4,Niveau Bac+2,Marié(e),$40K - $60K,Blue,37,3,1,0,41,0.0
719960133,Client actuel,42,M,3,Niveau Bac+2,Célibataire,$80K - $120K,Silver,26,2,2,904,68,0.026
711062958,Client actuel,43,M,3,Licence,Célibataire,$120K +,Blue,23,2,2,2084,49,0.506
714917583,Client actuel,42,F,2,Doctorat,Non connu,Moins de $40K,Silver,36,1,2,1079,65,0.107
767256933,Client actuel,43,M,5,Sans diplôme,Marié(e),$60K - $80K,Blue,36,2,4,598,85,0.228
712568358,Client actuel,47,M,1,Lycée (équivalent baccalauréat),Marié(e),$60K - $80K,Blue,29,2,2,0,69,0.0
789182358,Client actuel,56,M,1,Sans diplôme,Célibataire,$80K - $120K,Blue,45,1,2,1414,76,0.08
716989683,Client actuel,56,M,2,Doctorat,Célibataire,$80K - $120K,Blue,48,3,3,2465,74,0.55
827968383,Client actuel,43,F,3,Lycée (équivalent baccalauréat),Non connu,Moins de $40K,Blue,39,3,2,2284,70,0.678
819647358,Client perdu,38,M,2,Non connu,Célibataire,$60K - $80K,Blue,33,3,2,0,53,0.0
788966958,Client actuel,47,F,1,Licence,Marié(e),Non connu,Blue,34,2,2,2023,86,0.65
789502308,Client perdu,57,F,3,Non connu,Marié(e),Moins de $40K,Blue,49,3,6,790,46,0.509
756458508,Client actuel,44,M,3,Licence,Célibataire,$60K - $80K,Blue,37,2,3,930,67,0.553
714643983,Client actuel,42,F,1,Lycée (équivalent baccalauréat),Marié(e),Moins de $40K,Blue,36,3,3,2017,73,0.731
711606558,Client actuel,49,F,1,Lycée (équivalent baccalauréat),Marié(e),Moins de $40K,Blue,39,2,2,866,83,0.454
824155458,Client actuel,48,M,2,Lycée (équivalent baccalauréat),Célibataire,$80K - $120K,Blue,44,1,2,1647,72,0.145
710445183,Client actuel,44,M,5,Doctorat,Célibataire,$120K +,Blue,31,1,2,2496,60,0.33
802834158,Client perdu,42,M,4,Non connu,Marié(e),$60K - $80K,Blue,36,2,2,1737,30,0.258
712038258,Client perdu,48,M,4,Non connu,Marié(e),$80K - $120K,Blue,36,3,3,1717,42,0.052
712864683,Client perdu,42,F,3,Doctorat,Marié(e),$40K - $60K,Blue,30,3,3,0,37,0.0
813971283,Client actuel,43,M,4,Non connu,Célibataire,$80K - $120K,Blue,38,1,2,1508,63,0.601
764211033,Client actuel,50,F,3,Sans diplôme,Non connu,Moins de $40K,Blue,43,2,1,2517,87,0.787
721424583,Client actuel,35,F,1,Lycée (équivalent baccalauréat),Marié(e),Moins de $40K,Blue,26,2,3,900,76,0.469
713886333,Client perdu,47,M,2,Lycée (équivalent baccalauréat),Marié(e),$60K - $80K,Blue,39,3,1,728,43,0.039
711741708,Client perdu,41,M,3,Master,Non connu,$80K - $120K,Blue,33,2,3,0,42,0.0
794217108,Client actuel,43,M,2,Niveau Bac+2,Célibataire,$120K +,Blue,37,3,1,1348,67,0.094
715339758,Client actuel,64,F,1,Lycée (équivalent baccalauréat),Divorcé(e),Non connu,Blue,36,3,1,1184,64,0.066
709610283,Client actuel,42,F,4,Licence,Célibataire,Moins de $40K,Blue,34,2,3,0,72,0.0
714575208,Client actuel,49,M,5,Doctorat,Célibataire,$40K - $60K,Blue,43,1,1,2002,62,0.404
716758908,Client actuel,46,M,3,Sans diplôme,Célibataire,$120K +,Blue,27,2,3,2213,71,0.064
778915233,Client perdu,51,F,0,Licence,Marié(e),$40K - $60K,Blue,32,2,3,331,47,0.188
789466008,Client actuel,47,M,5,Licence,Marié(e),$60K - $80K,Blue,38,3,4,612,75,0.025
716635758,Client actuel,38,F,2,Non connu,Célibataire,$40K - $60K,Blue,29,3,2,2331,68,0.712
771819258,Client actuel,52,M,1,Non connu,Marié(e),$120K +,Blue,40,1,2,0,82,0.0
713451408,Client actuel,47,M,4,Lycée (équivalent baccalauréat),Divorcé(e),$60K - $80K,Blue,36,1,3,1654,70,0.851
780146658,Client perdu,40,F,2,Master,Marié(e),$40K - $60K,Blue,25,2,5,2517,32,0.663
711675108,Client actuel,43,F,3,Licence,Célibataire,Moins de $40K,Blue,30,3,1,2189,71,0.537
755467683,Client perdu,48,F,1,Licence,Célibataire,$40K - $60K,Blue,41,2,5,482,42,0.161
792864858,Client actuel,47,M,4,Non connu,Non connu,Moins de $40K,Blue,37,3,3,834,58,0.146
713009208,Client actuel,54,F,3,Licence,Célibataire,Moins de $40K,Blue,44,2,3,1634,66,0.787
772231233,Client actuel,41,F,2,Licence,Marié(e),Moins de $40K,Blue,30,2,4,721,85,0.334
720510333,Client actuel,40,F,3,Niveau Bac+2,Non connu,$40K - $60K,Blue,20,2,2,1349,84,0.662
780199233,Client actuel,33,M,2,Doctorat,Célibataire,$120K +,Blue,23,1,1,1102,87,0.074
711700158,Client actuel,47,F,2,Lycée (équivalent baccalauréat),Célibataire,Moins de $40K,Blue,39,3,2,620,70,0.392
788275083,Client actuel,46,M,3,Niveau Bac+2,Marié(e),$60K - $80K,Blue,38,3,4,1719,80,0.111
708804633,Client perdu,44,F,2,Doctorat,Divorcé(e),$40K - $60K,Blue,36,2,2,0,39,0.0
714479358,Client perdu,51,M,3,Licence,Marié(e),$80K - $120K,Blue,36,3,3,1554,34,0.43
711406758,Client actuel,48,F,3,Licence,Marié(e),Moins de $40K,Blue,36,2,2,0,80,0.0
821424483,Client actuel,51,F,1,Lycée (équivalent baccalauréat),Célibataire,Moins de $40K,Blue,47,3,1,0,70,0.0
769438608,Client perdu,48,F,1,Licence,Marié(e),$40K - $60K,Blue,42,3,2,860,42,0.443
822068583,Client actuel,48,F,4,Sans diplôme,Célibataire,Non connu,Blue,44,3,0,0,48,0.0
711371208,Client actuel,50,F,4,Niveau Bac+2,Marié(e),Non connu,Blue,36,2,2,1863,68,0.288
788832033,Client actuel,35,M,2,Lycée (équivalent baccalauréat),Non connu,$40K - $60K,Blue,19,3,3,938,64,0.109
713452533,Client actuel,35,F,4,Licence,Célibataire,Moins de $40K,Blue,22,3,3,0,64,0.0
720212508,Client actuel,51,F,1,Licence,Célibataire,Moins de $40K,Blue,37,3,4,697,76,0.158
717825033,Client actuel,50,M,0,Non connu,Divorcé(e),$60K - $80K,Blue,36,3,2,2499,80,0.459
779926608,Client actuel,50,F,2,Lycée (équivalent baccalauréat),Marié(e),Moins de $40K,Blue,36,2,1,0,82,0.0
713608383,Client perdu,54,F,1,Non connu,Marié(e),Moins de $40K,Blue,40,1,5,0,36,0.0
710125608,Client actuel,45,F,5,Non connu,Célibataire,Moins de $40K,Blue,36,2,0,1558,73,0.582
712724733,Client actuel,31,F,0,Master,Célibataire,Moins de $40K,Blue,19,3,1,1731,71,0.626
718286658,Client actuel,42,M,3,Licence,Célibataire,$60K - $80K,Silver,22,3,1,1140,80,0.045
714195108,Client actuel,45,F,2,Master,Célibataire,Non connu,Blue,37,3,4,1796,70,0.663
720867708,Client perdu,45,F,4,Licence,Non connu,$40K - $60K,Blue,33,3,2,1103,41,0.631
752573508,Client actuel,45,F,3,Lycée (équivalent baccalauréat),Célibataire,$40K - $60K,Blue,26,2,4,1867,72,0.463
768661758,Client actuel,53,M,0,Sans diplôme,Divorcé(e),$120K +,Blue,47,2,1,1752,75,0.067
721126833,Client perdu,51,M,2,Lycée (équivalent baccalauréat),Marié(e),$80K - $120K,Blue,41,2,3,0,39,0.0
716093133,Client actuel,38,F,2,Sans diplôme,Célibataire,$40K - $60K,Blue,31,2,2,2137,68,0.175
771092433,Client actuel,55,F,2,Licence,Célibataire,Moins de $40K,Blue,42,3,3,0,67,0.0
712807758,Client perdu,47,F,3,Licence,Marié(e),$40K - $60K,Blue,39,3,3,0,32,0.0
721514883,Client actuel,38,M,1,Licence,Célibataire,$80K - $120K,Blue,25,0,1,1147,78,0.069
824140908,Client perdu,52,M,3,Sans diplôme,Marié(e),$120K +,Blue,48,3,5,0,27,0.0
712971708,Client actuel,43,F,5,Non connu,Célibataire,Moins de $40K,Blue,26,0,3,1089,80,0.347
716471508,Client actuel,54,M,2,Non connu,Célibataire,$120K +,Blue,36,1,2,0,83,0.0
782548758,Client actuel,42,F,5,Lycée (équivalent baccalauréat),Divorcé(e),Moins de $40K,Blue,36,2,3,1288,82,0.623
720444408,Client perdu,35,F,1,Niveau Bac+2,Célibataire,$60K - $80K,Blue,25,2,5,1791,42,0.803
717389433,Client actuel,62,F,0,Lycée (équivalent baccalauréat),Célibataire,Non connu,Silver,51,1,4,0,67,0.0
714292533,Client actuel,48,F,3,Niveau Bac+2,Marié(e),Moins de $40K,Blue,36,1,2,0,64,0.0
709585758,Client actuel,41,M,4,Lycée (équivalent baccalauréat),Célibataire,$120K +,Blue,28,1,4,0,86,0.0
712096758,Client actuel,49,F,2,Licence,Non connu,$40K - $60K,Blue,36,3,1,653,81,0.122
811463283,Client actuel,54,M,0,Licence,Célibataire,$80K - $120K,Blue,42,1,1,1389,50,0.062
789358908,Client perdu,53,F,3,Niveau Bac+2,Marié(e),$60K - $80K,Blue,43,2,2,0,36,0.0
718146258,Client actuel,51,M,2,Licence,Divorcé(e),$60K - $80K,Blue,41,3,1,0,71,0.0
710779083,Client actuel,59,F,0,Licence,Marié(e),Moins de $40K,Blue,48,3,4,0,77,0.0
709166883,Client actuel,39,F,3,Sans diplôme,Célibataire,Non connu,Blue,27,2,1,0,78,0.0
712554183,Client actuel,65,F,2,Niveau Bac+2,Célibataire,$40K - $60K,Blue,54,3,2,721,71,0.24
721315233,Client actuel,47,M,4,Lycée (équivalent baccalauréat),Célibataire,$40K - $60K,Silver,32,3,4,1192,70,0.064
714766383,Client actuel,42,M,3,Lycée (équivalent baccalauréat),Célibataire,Moins de $40K,Blue,24,3,2,1415,77,0.652
797491683,Client perdu,45,M,5,Non connu,Marié(e),$80K - $120K,Silver,39,2,3,1964,49,0.057
714157908,Client actuel,57,F,0,Non connu,Marié(e),Moins de $40K,Blue,42,1,4,1515,71,0.638
714588408,Client actuel,51,F,3,Sans diplôme,Marié(e),Moins de $40K,Blue,43,3,2,0,68,0.0
719627133,Client actuel,50,F,1,Licence,Célibataire,Moins de $40K,Blue,37,3,4,2481,59,0.757
714125883,Client actuel,47,M,2,Non connu,Marié(e),$80K - $120K,Blue,36,2,1,1845,71,0.734
712865583,Client actuel,57,F,5,Licence,Marié(e),$40K - $60K,Blue,49,2,2,2517,69,0.762
779363283,Client actuel,48,M,3,Master,Célibataire,$60K - $80K,Blue,34,3,2,784,86,0.063
779224758,Client actuel,47,F,2,Doctorat,Célibataire,Moins de $40K,Blue,37,3,2,1485,86,0.685
718775808,Client actuel,42,F,3,Non connu,Marié(e),Non connu,Blue,31,1,4,1319,77,0.17
710267583,Client actuel,45,F,3,Doctorat,Divorcé(e),Non connu,Blue,33,3,2,815,83,0.065
711305208,Client actuel,52,M,2,Non connu,Marié(e),$60K - $80K,Blue,36,3,4,1088,70,0.074
717531483,Client actuel,37,M,2,Lycée (équivalent baccalauréat),Célibataire,$60K - $80K,Blue,21,2,2,964,87,0.281
709170108,Client perdu,60,F,1,Non connu,Célibataire,$40K - $60K,Blue,41,2,5,0,36,0.0
716056158,Client perdu,63,M,0,Licence,Célibataire,$60K - $80K,Blue,51,3,3,0,49,0.0
711326583,Client actuel,62,F,0,Lycée (équivalent baccalauréat),Célibataire,Moins de $40K,Blue,50,3,3,0,68,0.0
715406658,Client perdu,47,F,1,Non connu,Célibataire,Moins de $40K,Blue,37,2,1,596,45,0.274
712814658,Client actuel,50,F,0,Licence,Marié(e),Moins de $40K,Blue,43,1,2,1499,82,0.626
773228133,Client perdu,39,F,2,Licence,Marié(e),$40K - $60K,Blue,29,2,2,0,41,0.0
710453283,Client actuel,40,F,3,Sans diplôme,Célibataire,Moins de $40K,Blue,27,4,2,0,82,0.0
795266208,Client actuel,39,M,3,Niveau Bac+2,Célibataire,$120K +,Blue,30,2,1,0,79,0.0
779090883,Client actuel,42,F,2,Non connu,Non connu,Moins de $40K,Blue,23,3,1,1297,64,0.522
712309758,Client actuel,65,M,0,Licence,Célibataire,$40K - $60K,Blue,49,2,3,1201,75,0.086
716625033,Client perdu,32,F,1,Licence,Célibataire,$40K - $60K,Blue,36,3,9,0,43,0.0
790112133,Client actuel,47,F,2,Master,Célibataire,$40K - $60K,Blue,40,3,2,1647,83,0.628
797238108,Client actuel,49,F,4,Non connu,Divorcé(e),Moins de $40K,Blue,43,1,2,824,74,0.255
716782758,Client perdu,48,M,3,Licence,Marié(e),$60K - $80K,Blue,42,2,5,0,32,0.0
715588008,Client actuel,45,M,4,Niveau Bac+2,Marié(e),$80K - $120K,Blue,31,3,3,1659,51,0.052
713977308,Client actuel,62,M,1,Licence,Célibataire,$120K +,Blue,53,3,4,2061,76,0.06
719059083,Client actuel,45,F,3,Lycée (équivalent baccalauréat),Non connu,Moins de $40K,Blue,33,1,1,1596,71,0.256
708797583,Client perdu,49,F,4,Non connu,Marié(e),Non connu,Blue,31,3,3,0,39,0.0
708809283,Client perdu,41,F,4,Licence,Divorcé(e),$40K - $60K,Blue,33,3,1,2517,28,0.243
771529608,Client actuel,50,M,2,Lycée (équivalent baccalauréat),Marié(e),$120K +,Blue,38,6,0,1027,63,0.096
715776033,Client actuel,46,M,5,Sans diplôme,Célibataire,$60K - $80K,Blue,33,1,3,0,68,0.0
778619358,Client actuel,42,F,3,Sans diplôme,Célibataire,Moins de $40K,Blue,22,1,4,860,79,0.598
715717608,Client actuel,41,F,4,Sans diplôme,Non connu,Moins de $40K,Blue,32,3,1,0,86,0.0
789204933,Client actuel,65,M,1,Sans diplôme,Célibataire,Moins de $40K,Blue,55,2,4,0,76,0.0
711100608,Client perdu,55,M,1,Sans diplôme,Célibataire,$60K - $80K,Blue,48,2,2,0,43,0.0
713591283,Client actuel,36,F,3,Sans diplôme,Marié(e),Non connu,Blue,23,6,1,1404,77,0.65
719344608,Client actuel,46,F,3,Licence,Célibataire,Moins de $40K,Blue,27,3,3,1001,72,0.257
787659483,Client actuel,58,F,1,Doctorat,Marié(e),Moins de $40K,Blue,48,2,2,801,60,0.557
822948708,Client actuel,42,F,3,Sans diplôme,Divorcé(e),Moins de $40K,Blue,38,2,2,849,62,0.271
710080383,Client actuel,38,F,2,Licence,Célibataire,$40K - $60K,Blue,36,2,3,1709,69,0.733
715596783,Client actuel,29,F,1,Sans diplôme,Marié(e),Moins de $40K,Blue,18,3,3,1146,72,0.605
798773208,Client actuel,46,F,4,Non connu,Divorcé(e),Non connu,Blue,40,2,3,1406,75,0.053
768624258,Client perdu,55,F,2,Licence,Célibataire,$40K - $60K,Blue,49,1,2,234,36,0.148
721412208,Client actuel,57,F,2,Lycée (équivalent baccalauréat),Marié(e),Moins de $40K,Blue,36,2,2,904,79,0.629
708129933,Client actuel,45,F,4,Licence,Célibataire,Moins de $40K,Blue,36,3,2,1544,64,0.745
719703483,Client actuel,47,F,1,Doctorat,Divorcé(e),Moins de $40K,Blue,37,3,3,1367,73,0.505
708290208,Client actuel,43,F,3,Lycée (équivalent baccalauréat),Marié(e),Moins de $40K,Silver,31,3,4,1190,76,0.087
710431158,Client actuel,52,F,3,Non connu,Célibataire,Non connu,Blue,36,1,2,1657,70,0.161
816528333,Client actuel,64,F,0,Lycée (équivalent baccalauréat),Célibataire,Moins de $40K,Blue,56,6,1,1115,59,0.427
778760808,Client actuel,52,F,2,Licence,Marié(e),Moins de $40K,Blue,39,1,3,1862,37,0.221
718025808,Client actuel,61,M,0,Lycée (équivalent baccalauréat),Divorcé(e),$60K - $80K,Blue,51,3,4,1935,55,0.331
815860008,Client actuel,40,F,3,Sans diplôme,Marié(e),Moins de $40K,Blue,35,2,4,2183,78,0.695
780126033,Client perdu,50,M,4,Non connu,Marié(e),$40K - $60K,Blue,35,1,6,1227,54,0.095
720135333,Client actuel,45,F,5,Licence,Célibataire,Moins de $40K,Blue,34,1,0,961,49,0.111
719174433,Client perdu,36,F,1,Non connu,Célibataire,Moins de $40K,Blue,24,1,2,0,35,0.0
821521983,Client actuel,51,F,3,Lycée (équivalent baccalauréat),Célibataire,Non connu,Blue,46,1,4,1641,89,0.718
716961933,Client actuel,43,F,2,Licence,Marié(e),Moins de $40K,Blue,36,2,4,1808,70,0.504
712834533,Client actuel,51,F,2,Non connu,Célibataire,Moins de $40K,Blue,39,2,4,1275,75,0.477
710544033,Client actuel,47,M,2,Non connu,Célibataire,$80K - $120K,Blue,36,1,3,2024,78,0.214
710622333,Client actuel,39,F,2,Lycée (équivalent baccalauréat),Célibataire,$40K - $60K,Blue,28,2,2,2258,67,0.821
714277758,Client actuel,40,M,1,Lycée (équivalent baccalauréat),Célibataire,$40K - $60K,Blue,28,2,1,1050,75,0.091
713166333,Client actuel,38,F,2,Lycée (équivalent baccalauréat),Marié(e),Non connu,Blue,27,2,1,1302,73,0.088
714346608,Client perdu,51,F,2,Licence,Célibataire,$40K - $60K,Blue,36,1,5,0,50,0.0
778284783,Client actuel,44,M,5,Non connu,Marié(e),$60K - $80K,Blue,34,3,2,1979,70,0.709
714721608,Client actuel,38,M,3,Licence,Célibataire,$120K +,Blue,29,3,0,941,81,0.097
716453883,Client actuel,47,M,5,Non connu,Célibataire,$120K +,Blue,39,3,1,1839,63,0.473
713876958,Client actuel,32,F,0,Non connu,Célibataire,Non connu,Blue,26,2,4,845,76,0.06
794967408,Client actuel,53,M,3,Master,Célibataire,$80K - $120K,Blue,47,2,1,975,74,0.107
798481383,Client perdu,40,F,3,Sans diplôme,Marié(e),Moins de $40K,Blue,34,1,2,0,38,0.0
718697583,Client actuel,45,M,3,Licence,Divorcé(e),$60K - $80K,Blue,36,3,2,0,79,0.0
711799458,Client actuel,41,M,4,Licence,Célibataire,$40K - $60K,Blue,36,1,1,1452,89,0.223
823904133,Client perdu,53,F,2,Niveau Bac+2,Célibataire,Non connu,Blue,49,2,5,0,54,0.0
718005108,Client actuel,44,F,5,Niveau Bac+2,Marié(e),Moins de $40K,Blue,34,1,2,1711,68,0.816
717877533,Client actuel,39,F,2,Licence,Célibataire,$40K - $60K,Blue,36,1,1,0,70,0.0
711883833,Client actuel,50,F,1,Sans diplôme,Célibataire,Moins de $40K,Blue,37,1,1,665,88,0.362
711646908,Client perdu,39,M,3,Non connu,Marié(e),$60K - $80K,Blue,23,2,3,2517,43,0.322
718171308,Client perdu,44,F,3,Licence,Marié(e),$40K - $60K,Blue,36,3,7,0,46,0.0
709627983,Client actuel,56,F,3,Master,Célibataire,Moins de $40K,Blue,36,3,0,1699,68,0.67
716580933,Client actuel,63,M,0,Sans diplôme,Célibataire,$40K - $60K,Blue,36,3,3,1224,65,0.621
713600958,Client actuel,50,M,1,Non connu,Célibataire,$120K +,Blue,38,5,3,2076,65,0.06
772248408,Client actuel,40,F,3,Licence,Célibataire,Moins de $40K,Blue,29,1,4,1833,56,0.68
720196158,Client actuel,48,M,3,Non connu,Célibataire,$60K - $80K,Blue,40,3,3,0,67,0.0
770024733,Client perdu,53,F,2,Sans diplôme,Célibataire,$40K - $60K,Blue,47,2,3,0,49,0.0
710912733,Client actuel,44,F,1,Sans diplôme,Marié(e),Moins de $40K,Blue,36,2,4,1762,91,0.902
712860858,Client actuel,56,F,2,Licence,Non connu,Non connu,Blue,45,1,3,0,70,0.0
708702258,Client perdu,40,F,3,Sans diplôme,Marié(e),Non connu,Blue,36,2,2,478,31,0.129
797169633,Client actuel,41,M,4,Licence,Célibataire,$120K +,Blue,35,3,3,825,51,0.024
709922508,Client actuel,40,F,4,Non connu,Marié(e),Moins de $40K,Blue,28,1,1,0,79,0.0
712802733,Client actuel,45,F,4,Lycée (équivalent baccalauréat),Divorcé(e),Moins de $40K,Blue,36,1,4,685,70,0.125
716981358,Client actuel,40,F,2,Master,Marié(e),Moins de $40K,Blue,32,3,0,941,73,0.447
758787333,Client actuel,52,M,3,Sans diplôme,Non connu,$120K +,Blue,45,1,2,2404,68,0.133
720519333,Client perdu,59,F,2,Non connu,Célibataire,Non connu,Blue,45,3,3,1885,48,0.693
717387933,Client actuel,49,F,2,Lycée (équivalent baccalauréat),Divorcé(e),Moins de $40K,Blue,36,3,3,2257,57,0.758
738195708,Client actuel,47,M,2,Licence,Divorcé(e),$80K - $120K,Blue,40,1,3,1225,56,0.073
708560733,Client actuel,42,F,3,Licence,Divorcé(e),Moins de $40K,Blue,36,2,3,2517,85,0.678
717001908,Client perdu,41,F,5,Licence,Marié(e),$40K - $60K,Blue,28,2,2,0,44,0.0
768972558,Client actuel,43,M,5,Lycée (équivalent baccalauréat),Marié(e),$120K +,Blue,37,3,4,0,77,0.0
716899233,Client actuel,40,F,4,Licence,Célibataire,Moins de $40K,Gold,20,4,3,1965,70,0.123
715567608,Client actuel,45,F,1,Lycée (équivalent baccalauréat),Non connu,Moins de $40K,Blue,35,4,4,1247,76,0.283
713264583,Client actuel,43,M,2,Lycée (équivalent baccalauréat),Marié(e),$120K +,Silver,23,3,2,1153,71,0.033
716769783,Client actuel,48,F,2,Licence,Marié(e),Non connu,Blue,40,2,4,736,78,0.144
719564208,Client perdu,46,F,1,Sans diplôme,Célibataire,$40K - $60K,Blue,30,2,1,0,47,0.0
716680983,Client actuel,41,F,3,Doctorat,Marié(e),Moins de $40K,Blue,36,1,1,1053,70,0.538
715719033,Client actuel,38,F,3,Master,Marié(e),Moins de $40K,Blue,32,3,2,2517,74,0.759
713229633,Client perdu,45,F,0,Non connu,Marié(e),$40K - $60K,Blue,30,2,7,0,47,0.0
788246958,Client actuel,44,F,2,Licence,Marié(e),Non connu,Blue,36,1,2,0,81,0.0
720419358,Client actuel,35,F,2,Sans diplôme,Célibataire,Moins de $40K,Blue,36,2,1,2100,71,0.714
772545858,Client actuel,49,F,4,Licence,Marié(e),Moins de $40K,Blue,39,2,3,0,89,0.0
771431133,Client actuel,47,F,4,Licence,Non connu,Moins de $40K,Blue,35,2,4,0,69,0.0
717800358,Client actuel,48,M,3,Lycée (équivalent baccalauréat),Célibataire,$80K - $120K,Blue,36,3,4,868,68,0.086
798041508,Client perdu,50,F,4,Licence,Marié(e),$40K - $60K,Blue,44,3,2,2517,42,0.786
710626758,Client actuel,44,M,4,Sans diplôme,Non connu,$60K - $80K,Blue,36,1,3,0,65,0.0
718982058,Client actuel,37,M,3,Licence,Divorcé(e),$40K - $60K,Blue,36,2,0,1405,72,0.235
791822733,Client actuel,47,F,3,Lycée (équivalent baccalauréat),Célibataire,Non connu,Blue,41,1,3,748,81,0.133
718762308,Client actuel,35,F,1,Licence,Célibataire,Non connu,Blue,36,2,3,2126,60,0.321
716841783,Client actuel,51,M,0,Licence,Célibataire,$120K +,Blue,36,2,3,1292,85,0.069
794524833,Client actuel,36,F,3,Licence,Célibataire,$40K - $60K,Blue,18,3,3,1345,73,0.594
721359183,Client actuel,33,F,2,Non connu,Marié(e),$40K - $60K,Blue,19,3,4,1537,76,0.529
715014633,Client perdu,32,F,0,Sans diplôme,Marié(e),Non connu,Blue,36,3,2,0,51,0.0
714372333,Client perdu,59,F,0,Doctorat,Marié(e),$40K - $60K,Blue,52,6,2,0,40,0.0
766946058,Client actuel,51,F,2,Non connu,Non connu,$40K - $60K,Blue,44,6,4,1665,75,0.303
708549033,Client actuel,50,F,1,Lycée (équivalent baccalauréat),Marié(e),Moins de $40K,Blue,32,1,3,1276,70,0.621
708378108,Client actuel,39,F,1,Master,Marié(e),$40K - $60K,Blue,36,3,2,771,76,0.359
826168083,Client actuel,49,F,4,Non connu,Divorcé(e),Moins de $40K,Blue,45,3,3,1307,72,0.744
779320008,Client perdu,43,M,3,Niveau Bac+2,Marié(e),$80K - $120K,Blue,25,3,3,2517,31,0.868
715312158,Client actuel,41,F,2,Licence,Célibataire,Moins de $40K,Blue,29,2,3,2079,59,0.779
711688983,Client actuel,51,M,2,Non connu,Divorcé(e),$80K - $120K,Blue,38,2,3,1692,66,0.079
714393708,Client actuel,54,F,0,Niveau Bac+2,Marié(e),$40K - $60K,Blue,46,2,3,533,84,0.236
789477483,Client actuel,40,F,5,Non connu,Célibataire,Non connu,Blue,31,3,1,1488,76,0.336
712481733,Client actuel,55,F,2,Licence,Marié(e),Moins de $40K,Blue,36,2,4,739,77,0.514
713153733,Client perdu,49,F,2,Licence,Non connu,$40K - $60K,Blue,29,3,3,1473,36,0.585
780201633,Client perdu,41,F,3,Licence,Marié(e),$40K - $60K,Blue,31,3,2,1154,51,0.204
709285683,Client actuel,48,M,4,Non connu,Divorcé(e),$60K - $80K,Blue,31,1,1,0,74,0.0
789823383,Client actuel,44,F,3,Non connu,Célibataire,Moins de $40K,Blue,34,3,4,1635,82,0.587
709980783,Client actuel,51,F,3,Lycée (équivalent baccalauréat),Divorcé(e),Moins de $40K,Blue,36,3,0,1729,63,0.437
772054458,Client actuel,43,M,3,Non connu,Non connu,$60K - $80K,Blue,32,1,3,1944,65,0.785
788095158,Client perdu,52,M,3,Sans diplôme,Marié(e),$80K - $120K,Blue,44,3,3,0,39,0.0
717045033,Client actuel,45,F,3,Non connu,Marié(e),Non connu,Blue,36,1,3,757,87,0.089
710503308,Client actuel,48,F,2,Licence,Célibataire,Non connu,Blue,29,1,2,2337,71,0.245
757167633,Client actuel,50,M,2,Sans diplôme,Célibataire,$60K - $80K,Blue,43,3,3,642,81,0.146
779739783,Client actuel,43,M,2,Licence,Marié(e),$60K - $80K,Blue,28,3,2,1389,73,0.07
758653833,Client actuel,34,F,1,Licence,Marié(e),$40K - $60K,Blue,27,1,3,0,83,0.0
771288258,Client actuel,48,F,3,Non connu,Non connu,$40K - $60K,Blue,36,2,2,1894,68,0.744
716855058,Client perdu,49,F,4,Licence,Marié(e),$40K - $60K,Blue,38,2,7,0,45,0.0
708433683,Client actuel,54,M,2,Licence,Marié(e),$80K - $120K,Blue,37,2,3,2201,86,0.696
713175483,Client actuel,44,F,2,Licence,Marié(e),Moins de $40K,Blue,40,2,2,871,74,0.145
709500183,Client perdu,46,F,3,Niveau Bac+2,Marié(e),$60K - $80K,Blue,36,3,7,0,44,0.0
789238683,Client actuel,53,M,2,Sans diplôme,Divorcé(e),$120K +,Blue,42,2,2,0,89,0.0
710502258,Client actuel,39,M,3,Licence,Célibataire,$60K - $80K,Blue,36,3,4,2204,85,0.872
715445058,Client perdu,49,F,0,Doctorat,Marié(e),$40K - $60K,Blue,40,5,7,2517,45,0.71
719464758,Client actuel,52,F,1,Niveau Bac+2,Célibataire,Moins de $40K,Blue,43,2,3,604,83,0.42
708442158,Client actuel,51,F,1,Niveau Bac+2,Marié(e),Non connu,Blue,38,2,4,1516,61,0.245
718524783,Client perdu,40,M,3,Lycée (équivalent baccalauréat),Non connu,$80K - $120K,Blue,34,3,7,0,39,0.0
717093858,Client actuel,49,F,2,Niveau Bac+2,Marié(e),Moins de $40K,Blue,36,3,3,1490,63,0.692
711654558,Client actuel,46,M,3,Licence,Non connu,$60K - $80K,Blue,36,3,4,1632,69,0.749
718924983,Client actuel,59,M,0,Sans diplôme,Célibataire,$60K - $80K,Blue,48,1,3,1302,80,0.265
717463608,Client actuel,38,F,1,Non connu,Marié(e),$40K - $60K,Blue,26,3,1,1407,79,0.6
715779333,Client actuel,45,F,3,Licence,Célibataire,Moins de $40K,Blue,36,2,3,0,71,0.0
708117933,Client perdu,44,F,2,Licence,Divorcé(e),$40K - $60K,Blue,36,2,3,0,34,0.0
789563658,Client actuel,64,M,0,Niveau Bac+2,Célibataire,Moins de $40K,Silver,56,4,4,0,60,0.0
709239483,Client actuel,49,F,1,Licence,Marié(e),$40K - $60K,Blue,36,3,1,1527,88,0.561
766456683,Client actuel,51,F,1,Licence,Marié(e),Moins de $40K,Blue,44,2,0,2258,80,0.367
779703258,Client actuel,41,F,4,Licence,Célibataire,Moins de $40K,Blue,24,3,1,1393,70,0.673
709719333,Client actuel,41,M,2,Lycée (équivalent baccalauréat),Célibataire,$80K - $120K,Blue,29,3,4,1258,80,0.044
717016833,Client actuel,39,M,4,Sans diplôme,Marié(e),$80K - $120K,Blue,27,4,2,0,69,0.0
711017433,Client actuel,41,M,3,Licence,Divorcé(e),Moins de $40K,Blue,23,2,4,0,68,0.0
712777233,Client perdu,65,M,0,Licence,Célibataire,Non connu,Blue,48,5,3,0,51,0.0
712706058,Client perdu,44,F,5,Licence,Marié(e),$40K - $60K,Blue,37,2,7,0,46,0.0
720905133,Client perdu,43,M,3,Licence,Non connu,$80K - $120K,Blue,29,2,9,1095,45,0.096
712947333,Client perdu,54,F,4,Non connu,Marié(e),Moins de $40K,Blue,43,3,0,0,44,0.0
806995683,Client actuel,61,M,0,Doctorat,Célibataire,$60K - $80K,Blue,56,1,3,2517,50,0.526
720575058,Client actuel,47,M,3,Non connu,Célibataire,$60K - $80K,Blue,36,2,1,1693,83,0.654
770828358,Client actuel,38,M,1,Licence,Non connu,$80K - $120K,Blue,25,2,4,0,61,0.0
721361433,Client actuel,51,F,3,Licence,Marié(e),Non connu,Blue,37,1,1,1785,87,0.396
770268933,Client actuel,44,M,5,Non connu,Marié(e),$60K - $80K,Silver,38,2,2,928,66,0.028
789209283,Client actuel,48,F,3,Lycée (équivalent baccalauréat),Célibataire,Moins de $40K,Blue,37,3,0,806,84,0.185
716204883,Client actuel,53,M,4,Niveau Bac+2,Non connu,$60K - $80K,Blue,44,3,1,1728,66,0.246
715506258,Client actuel,50,M,2,Lycée (équivalent baccalauréat),Célibataire,$80K - $120K,Blue,36,2,1,2001,83,0.122
711871758,Client perdu,30,F,1,Licence,Marié(e),$40K - $60K,Blue,36,2,3,2517,39,0.866
772655733,Client actuel,41,M,1,Sans diplôme,Célibataire,$80K - $120K,Blue,31,2,4,1887,75,0.785
719519058,Client perdu,55,F,4,Lycée (équivalent baccalauréat),Marié(e),Moins de $40K,Blue,36,2,3,0,49,0.0
716873733,Client perdu,43,F,4,Master,Divorcé(e),$40K - $60K,Blue,30,3,3,2517,53,0.708
780383358,Client actuel,48,M,3,Licence,Marié(e),$60K - $80K,Blue,38,1,0,748,72,0.132
718522308,Client actuel,41,F,3,Master,Non connu,$40K - $60K,Blue,29,1,3,960,72,0.067
716308683,Client actuel,47,F,3,Lycée (équivalent baccalauréat),Marié(e),Moins de $40K,Blue,36,2,3,1993,66,0.305
719056833,Client actuel,55,F,1,Non connu,Marié(e),Moins de $40K,Blue,46,1,4,920,66,0.403
712303908,Client actuel,47,F,4,Niveau Bac+2,Marié(e),Moins de $40K,Blue,38,1,2,1924,66,0.731
715572783,Client actuel,51,M,3,Licence,Célibataire,$80K - $120K,Blue,31,1,2,0,93,0.0
713641233,Client actuel,44,F,3,Lycée (équivalent baccalauréat),Célibataire,Non connu,Blue,31,6,4,1888,65,0.184
712854633,Client actuel,49,F,2,Non connu,Célibataire,Non connu,Blue,39,1,3,0,57,0.0
779340183,Client actuel,53,F,1,Niveau Bac+2,Célibataire,Moins de $40K,Blue,35,2,4,916,72,0.369
771952683,Client actuel,47,F,3,Lycée (équivalent baccalauréat),Marié(e),Moins de $40K,Blue,36,2,2,0,63,0.0
716639058,Client actuel,51,M,2,Licence,Célibataire,$120K +,Blue,40,3,3,0,53,0.0
779027733,Client actuel,53,F,4,Non connu,Célibataire,Moins de $40K,Blue,34,2,2,1115,51,0.166
713368833,Client actuel,49,M,2,Niveau Bac+2,Célibataire,$60K - $80K,Blue,41,3,4,2233,64,0.36
713926308,Client actuel,35,F,3,Sans diplôme,Célibataire,Moins de $40K,Blue,36,2,3,1458,61,0.556
720206658,Client perdu,40,F,3,Licence,Marié(e),$40K - $60K,Blue,29,2,7,458,44,0.31
708720558,Client actuel,44,M,3,Niveau Bac+2,Marié(e),$60K - $80K,Blue,30,2,0,0,64,0.0
713857758,Client perdu,53,F,1,Licence,Marié(e),Non connu,Blue,36,3,1,198,44,0.034
711255858,Client actuel,42,F,4,Non connu,Marié(e),Moins de $40K,Blue,30,2,3,1668,83,0.19
798717783,Client actuel,51,F,2,Non connu,Célibataire,Moins de $40K,Blue,45,6,1,0,84,0.0
710674533,Client perdu,46,M,1,Sans diplôme,Marié(e),$60K - $80K,Blue,34,3,7,0,42,0.0
718642458,Client actuel,40,M,4,Lycée (équivalent baccalauréat),Non connu,$80K - $120K,Blue,36,1,0,1321,72,0.621
709788783,Client actuel,47,M,4,Non connu,Divorcé(e),$40K - $60K,Blue,35,2,1,773,71,0.158
752199183,Client actuel,51,F,1,Sans diplôme,Marié(e),Non connu,Blue,44,2,1,0,89,0.0
789707433,Client actuel,41,F,4,Lycée (équivalent baccalauréat),Célibataire,Non connu,Blue,28,2,2,1313,68,0.522
717448383,Client perdu,41,M,4,Non connu,Marié(e),$80K - $120K,Blue,28,2,7,0,36,0.0
779468808,Client actuel,43,M,1,Lycée (équivalent baccalauréat),Marié(e),$40K - $60K,Blue,25,3,3,0,78,0.0
790000608,Client actuel,64,F,1,Licence,Célibataire,Moins de $40K,Blue,56,1,1,968,67,0.144
770917608,Client actuel,42,F,1,Sans diplôme,Marié(e),Moins de $40K,Blue,29,4,2,1911,62,0.693
716307558,Client perdu,50,F,3,Lycée (équivalent baccalauréat),Marié(e),$40K - $60K,Blue,40,2,7,1506,46,0.52
719048133,Client actuel,52,F,2,Sans diplôme,Marié(e),Moins de $40K,Blue,42,3,0,0,65,0.0
771488583,Client actuel,46,F,1,Licence,Célibataire,$40K - $60K,Blue,34,2,2,0,72,0.0
717202908,Client actuel,39,M,5,Niveau Bac+2,Marié(e),$80K - $120K,Blue,29,3,4,1804,59,0.053
720696558,Client actuel,44,M,2,Licence,Célibataire,$80K - $120K,Blue,31,2,4,1311,85,0.038
788989083,Client actuel,57,F,3,Niveau Bac+2,Célibataire,$40K - $60K,Blue,44,1,2,1864,82,0.662
720398958,Client actuel,53,F,1,Sans diplôme,Célibataire,Moins de $40K,Blue,43,2,3,1257,70,0.591
716530533,Client actuel,43,F,2,Sans diplôme,Célibataire,Moins de $40K,Blue,36,1,4,1640,77,0.637
714499908,Client actuel,45,F,3,Non connu,Marié(e),$40K - $60K,Blue,31,5,3,1303,63,0.646
708879483,Client actuel,48,F,1,Niveau Bac+2,Divorcé(e),Moins de $40K,Blue,36,3,0,1646,89,0.411
716044383,Client actuel,41,F,3,Lycée (équivalent baccalauréat),Non connu,Non connu,Blue,36,1,2,0,65,0.0
781320783,Client perdu,47,M,2,Licence,Divorcé(e),$80K - $120K,Blue,41,2,3,0,43,0.0
711657783,Client actuel,50,F,2,Niveau Bac+2,Célibataire,Moins de $40K,Blue,41,3,4,0,67,0.0
715423233,Client actuel,46,M,5,Non connu,Marié(e),$60K - $80K,Blue,35,3,3,796,57,0.445
719264058,Client actuel,51,F,0,Licence,Marié(e),Non connu,Blue,36,2,3,2306,51,0.393
711120333,Client actuel,43,M,5,Non connu,Marié(e),$60K - $80K,Blue,36,5,1,1341,80,0.181
714100008,Client perdu,47,F,2,Niveau Bac+2,Marié(e),$40K - $60K,Blue,36,2,3,2517,38,0.444
798030933,Client actuel,47,M,4,Niveau Bac+2,Célibataire,$60K - $80K,Blue,41,2,3,0,75,0.0
708223383,Client perdu,47,F,3,Lycée (équivalent baccalauréat),Marié(e),Non connu,Blue,39,3,7,979,38,0.086
708705783,Client perdu,47,M,3,Doctorat,Marié(e),$60K - $80K,Blue,36,3,1,1214,41,0.766
778949133,Client actuel,44,M,1,Sans diplôme,Célibataire,$80K - $120K,Blue,29,3,3,1694,66,0.127
709017258,Client perdu,51,F,2,Non connu,Marié(e),Moins de $40K,Blue,36,2,2,0,45,0.0
709161108,Client perdu,44,M,1,Non connu,Célibataire,$60K - $80K,Blue,33,2,7,0,31,0.0
716842908,Client actuel,41,F,5,Sans diplôme,Célibataire,Moins de $40K,Blue,30,2,1,1051,80,0.596
787513533,Client actuel,47,F,1,Sans diplôme,Marié(e),Moins de $40K,Blue,36,3,3,1503,54,0.669
717949983,Client actuel,47,M,1,Sans diplôme,Marié(e),$40K - $60K,Blue,36,2,3,2137,82,0.262
714089658,Client perdu,41,M,2,Licence,Célibataire,$60K - $80K,Blue,36,2,1,0,42,0.0
718863258,Client perdu,54,F,2,Doctorat,Marié(e),$40K - $60K,Blue,41,2,3,2517,38,0.649
717549408,Client actuel,44,M,4,Licence,Célibataire,$80K - $120K,Blue,36,1,3,0,51,0.0
807600633,Client actuel,44,F,2,Doctorat,Divorcé(e),Non connu,Blue,39,4,1,671,83,0.068
770293758,Client actuel,44,M,3,Lycée (équivalent baccalauréat),Célibataire,Moins de $40K,Blue,38,1,2,1047,82,0.496
765584208,Client actuel,43,F,3,Non connu,Divorcé(e),Moins de $40K,Blue,30,2,1,2079,84,0.716
811989858,Client actuel,49,M,4,Sans diplôme,Non connu,$60K - $80K,Silver,44,3,2,0,65,0.0
721276383,Client actuel,47,F,2,Master,Divorcé(e),$40K - $60K,Blue,33,2,3,1216,66,0.216
708585933,Client actuel,44,F,4,Lycée (équivalent baccalauréat),Célibataire,Moins de $40K,Blue,36,2,3,1429,77,0.863
713283933,Client perdu,42,M,2,Sans diplôme,Marié(e),$40K - $60K,Blue,30,3,3,0,44,0.0
714915633,Client perdu,42,M,0,Lycée (équivalent baccalauréat),Célibataire,$60K - $80K,Blue,36,3,9,0,40,0.0
709236633,Client actuel,40,F,3,Sans diplôme,Divorcé(e),$40K - $60K,Blue,28,1,3,2270,58,0.344
827948133,Client actuel,47,F,3,Licence,Célibataire,Moins de $40K,Blue,43,2,4,1423,68,0.281
718946358,Client actuel,44,M,3,Sans diplôme,Célibataire,$40K - $60K,Blue,30,3,2,0,63,0.0
714400308,Client actuel,60,F,0,Sans diplôme,Célibataire,Moins de $40K,Silver,49,1,1,1647,83,0.149
789670533,Client actuel,41,F,2,Lycée (équivalent baccalauréat),Marié(e),$40K - $60K,Blue,26,1,2,0,67,0.0
770942283,Client actuel,46,F,2,Non connu,Célibataire,Moins de $40K,Blue,33,3,2,0,68,0.0
827074758,Client actuel,42,F,3,Sans diplôme,Célibataire,Moins de $40K,Blue,38,1,4,868,61,0.564
818326083,Client actuel,54,F,3,Lycée (équivalent baccalauréat),Marié(e),$40K - $60K,Blue,49,1,2,886,91,0.616
712292133,Client perdu,45,F,3,Niveau Bac+2,Marié(e),$60K - $80K,Blue,36,2,7,2294,40,0.985
709449333,Client actuel,49,M,1,Lycée (équivalent baccalauréat),Célibataire,$60K - $80K,Blue,40,2,2,1428,72,0.45
788840283,Client actuel,42,F,2,Master,Divorcé(e),Moins de $40K,Blue,26,2,3,1527,86,0.72
716013858,Client actuel,53,M,0,Licence,Célibataire,$80K - $120K,Blue,34,1,4,1434,78,0.071
712229283,Client perdu,48,F,4,Doctorat,Non connu,Non connu,Blue,24,2,3,0,46,0.0
751422258,Client actuel,45,F,4,Licence,Marié(e),Moins de $40K,Blue,38,3,2,0,71,0.0
715691808,Client actuel,41,F,3,Sans diplôme,Divorcé(e),Moins de $40K,Blue,30,3,4,621,72,0.08
794273283,Client perdu,51,M,3,Sans diplôme,Marié(e),$80K - $120K,Blue,45,3,3,0,51,0.0
788838033,Client perdu,45,M,2,Niveau Bac+2,Célibataire,$60K - $80K,Blue,29,2,7,0,48,0.0
712778658,Client actuel,52,F,3,Licence,Marié(e),Moins de $40K,Blue,39,3,3,909,63,0.454
789580908,Client actuel,44,F,3,Lycée (équivalent baccalauréat),Célibataire,Moins de $40K,Blue,37,2,2,1471,81,0.173
778965183,Client actuel,47,F,3,Sans diplôme,Divorcé(e),$40K - $60K,Blue,30,3,2,2517,85,0.429
714462558,Client actuel,44,F,5,Non connu,Marié(e),Non connu,Blue,36,2,3,0,67,0.0
789013833,Client perdu,50,M,2,Lycée (équivalent baccalauréat),Marié(e),$120K +,Silver,37,2,1,399,41,0.012
800869758,Client actuel,49,M,3,Non connu,Marié(e),$80K - $120K,Blue,43,1,1,1414,76,0.645
807426033,Client actuel,37,M,2,Non connu,Célibataire,$60K - $80K,Blue,32,1,1,1176,61,0.41
720091083,Client actuel,43,M,4,Licence,Marié(e),$120K +,Blue,31,1,3,1887,61,0.292
711918033,Client perdu,37,F,3,Non connu,Marié(e),$40K - $60K,Blue,17,1,3,1074,32,0.732
709679658,Client actuel,58,F,2,Licence,Célibataire,$40K - $60K,Blue,50,3,3,0,84,0.0
779296908,Client actuel,46,F,3,Licence,Célibataire,Moins de $40K,Blue,28,3,3,576,66,0.4
720682308,Client actuel,59,F,0,Sans diplôme,Célibataire,Non connu,Blue,46,1,4,892,83,0.165
714084483,Client perdu,49,F,3,Sans diplôme,Marié(e),Non connu,Blue,36,2,3,211,34,0.055
719495958,Client perdu,42,F,1,Non connu,Marié(e),$40K - $60K,Blue,36,3,6,0,46,0.0
789775308,Client actuel,54,F,2,Doctorat,Divorcé(e),Moins de $40K,Blue,43,1,3,1120,77,0.779
714726858,Client perdu,31,F,0,Master,Divorcé(e),$40K - $60K,Blue,36,3,3,0,34,0.0
709749483,Client actuel,40,F,2,Licence,Non connu,Moins de $40K,Blue,29,1,2,1953,70,0.741
710926383,Client actuel,32,F,2,Master,Marié(e),$40K - $60K,Blue,24,3,1,1177,68,0.758
717172308,Client perdu,45,F,3,Lycée (équivalent baccalauréat),Marié(e),$40K - $60K,Blue,37,2,6,0,32,0.0
771795933,Client perdu,49,M,4,Non connu,Marié(e),$120K +,Blue,38,3,6,2517,55,0.073
785024808,Client actuel,53,F,1,Lycée (équivalent baccalauréat),Célibataire,Moins de $40K,Blue,47,2,3,2134,83,0.632
710277183,Client actuel,34,F,3,Sans diplôme,Célibataire,$40K - $60K,Blue,27,2,4,1775,68,0.767
714647808,Client actuel,49,F,0,Licence,Célibataire,Moins de $40K,Blue,39,3,0,0,73,0.0
709857033,Client actuel,60,F,1,Niveau Bac+2,Célibataire,$40K - $60K,Blue,50,1,3,0,84,0.0
714283458,Client actuel,40,M,2,Niveau Bac+2,Célibataire,$80K - $120K,Blue,36,1,4,0,92,0.0
804829533,Client perdu,59,M,0,Lycée (équivalent baccalauréat),Célibataire,$60K - $80K,Blue,54,8,8,471,51,0.019
716702358,Client actuel,44,F,2,Non connu,Marié(e),Moins de $40K,Blue,33,3,2,698,83,0.299
720028683,Client actuel,49,F,2,Lycée (équivalent baccalauréat),Marié(e),$40K - $60K,Blue,39,3,4,1926,61,0.708
757044033,Client actuel,44,M,2,Licence,Non connu,$80K - $120K,Blue,37,1,3,1021,57,0.52
719672283,Client actuel,47,M,4,Licence,Marié(e),$60K - $80K,Silver,39,2,4,1587,63,0.048
719054733,Client actuel,52,F,0,Master,Célibataire,Moins de $40K,Blue,40,3,2,797,69,0.554
793336383,Client actuel,47,F,1,Lycée (équivalent baccalauréat),Marié(e),Moins de $40K,Blue,41,3,4,2034,92,0.751
795599883,Client perdu,57,F,2,Sans diplôme,Marié(e),Non connu,Blue,51,8,2,284,51,0.118
715650783,Client actuel,41,M,2,Lycée (équivalent baccalauréat),Marié(e),$60K - $80K,Blue,36,2,2,0,75,0.0
711819708,Client perdu,33,F,3,Master,Non connu,Non connu,Blue,25,2,6,2517,55,0.532
713041683,Client perdu,55,M,2,Licence,Marié(e),$120K +,Blue,36,2,6,0,34,0.0
779544708,Client actuel,50,M,2,Non connu,Marié(e),$120K +,Gold,35,5,3,668,77,0.019
712967508,Client actuel,47,M,3,Doctorat,Non connu,$60K - $80K,Blue,36,1,2,1093,86,0.425
710231433,Client actuel,56,M,1,Sans diplôme,Non connu,$60K - $80K,Blue,43,1,4,2378,75,0.765
817960533,Client actuel,41,M,4,Non connu,Marié(e),$60K - $80K,Blue,36,3,2,857,84,0.494
713431008,Client actuel,46,F,5,Lycée (équivalent baccalauréat),Marié(e),Non connu,Blue,36,3,0,0,77,0.0
709663608,Client perdu,43,F,1,Licence,Marié(e),$40K - $60K,Blue,36,2,6,0,36,0.0
754851783,Client actuel,39,M,4,Lycée (équivalent baccalauréat),Marié(e),$60K - $80K,Blue,32,2,2,2218,90,0.116
808743558,Client actuel,42,F,3,Lycée (équivalent baccalauréat),Marié(e),Non connu,Blue,37,3,3,2517,66,0.554
778905033,Client actuel,45,F,5,Licence,Divorcé(e),Moins de $40K,Blue,26,5,2,1226,60,0.852
720844008,Client actuel,54,F,4,Licence,Célibataire,Moins de $40K,Blue,45,2,2,1747,87,0.878
714286383,Client actuel,59,M,0,Lycée (équivalent baccalauréat),Célibataire,$120K +,Blue,36,3,3,1039,65,0.304
718767183,Client actuel,45,F,4,Master,Non connu,Moins de $40K,Blue,36,3,1,1464,89,0.668
712707408,Client actuel,43,F,2,Non connu,Marié(e),Moins de $40K,Blue,33,2,2,1713,57,0.332
789859833,Client actuel,41,M,4,Doctorat,Non connu,Moins de $40K,Blue,31,2,1,1767,67,0.703
812411058,Client perdu,49,F,0,Sans diplôme,Célibataire,Moins de $40K,Blue,44,3,2,0,46,0.0
712311258,Client actuel,48,F,3,Sans diplôme,Célibataire,$40K - $60K,Blue,36,3,3,1259,54,0.661
778397358,Client perdu,42,M,5,Non connu,Marié(e),$60K - $80K,Blue,22,2,6,0,43,0.0
715340733,Client actuel,39,M,1,Lycée (équivalent baccalauréat),Non connu,$40K - $60K,Blue,28,2,4,0,62,0.0
797495958,Client actuel,42,F,3,Non connu,Non connu,$40K - $60K,Blue,36,2,2,0,80,0.0
720384633,Client actuel,48,M,3,Sans diplôme,Célibataire,$40K - $60K,Blue,36,3,2,0,70,0.0
810868758,Client actuel,39,M,3,Sans diplôme,Marié(e),$40K - $60K,Blue,34,1,2,1687,52,0.14
719105433,Client actuel,48,F,3,Niveau Bac+2,Célibataire,Non connu,Blue,38,3,3,1087,85,0.169
715609533,Client perdu,47,F,3,Non connu,Marié(e),Moins de $40K,Blue,35,3,3,0,36,0.0
712160058,Client perdu,59,F,2,Sans diplôme,Marié(e),Moins de $40K,Blue,51,6,6,0,44,0.0
779130108,Client perdu,33,F,0,Sans diplôme,Célibataire,$40K - $60K,Blue,15,2,8,0,49,0.0
712335858,Client actuel,48,F,4,Licence,Marié(e),Moins de $40K,Blue,36,3,2,2081,67,0.794
789643383,Client actuel,49,M,2,Sans diplôme,Marié(e),$60K - $80K,Blue,35,3,3,0,56,0.0
717733158,Client actuel,43,F,3,Doctorat,Marié(e),Moins de $40K,Blue,29,2,3,2517,84,0.79
713205108,Client actuel,42,F,4,Licence,Marié(e),$40K - $60K,Blue,27,1,1,1062,76,0.545
719749083,Client actuel,63,M,0,Doctorat,Célibataire,Moins de $40K,Blue,54,2,0,2224,59,0.313
811762383,Client actuel,42,F,2,Licence,Marié(e),Moins de $40K,Blue,37,2,1,1788,71,0.795
708710283,Client actuel,45,M,5,Doctorat,Marié(e),$120K +,Silver,36,1,4,2038,75,0.059
708542283,Client actuel,58,F,1,Doctorat,Marié(e),Moins de $40K,Blue,47,3,4,2061,70,0.826
720667383,Client actuel,39,F,2,Lycée (équivalent baccalauréat),Marié(e),Moins de $40K,Blue,32,3,1,2213,81,0.717
822952158,Client actuel,53,F,2,Licence,Marié(e),Moins de $40K,Blue,49,2,4,0,73,0.0
716922633,Client perdu,38,M,2,Sans diplôme,Célibataire,$120K +,Blue,30,3,4,2517,47,0.623
709081683,Client actuel,65,M,1,Lycée (équivalent baccalauréat),Célibataire,Moins de $40K,Blue,54,1,3,1438,69,0.313
710211783,Client perdu,38,F,4,Non connu,Marié(e),Moins de $40K,Blue,26,2,2,0,39,0.0
720364158,Client actuel,55,F,3,Licence,Non connu,Non connu,Blue,36,3,3,1251,83,0.159
713064783,Client actuel,60,F,1,Non connu,Non connu,$40K - $60K,Blue,48,3,4,2057,83,0.384
709873683,Client actuel,60,M,0,Doctorat,Non connu,$40K - $60K,Silver,53,2,1,1428,82,0.086
758106108,Client actuel,45,F,2,Sans diplôme,Célibataire,Moins de $40K,Blue,38,2,1,1758,70,0.235
711445233,Client actuel,42,F,5,Sans diplôme,Célibataire,Moins de $40K,Blue,36,3,1,0,78,0.0
778912683,Client actuel,51,F,2,Licence,Célibataire,Non connu,Blue,32,3,1,1504,88,0.18
780496833,Client perdu,56,F,1,Niveau Bac+2,Célibataire,$60K - $80K,Blue,43,2,2,0,44,0.0
720057183,Client actuel,49,F,4,Doctorat,Célibataire,Moins de $40K,Blue,42,1,4,957,70,0.123
789081408,Client perdu,44,F,4,Sans diplôme,Marié(e),Moins de $40K,Blue,32,3,7,170,45,0.118
720634683,Client perdu,48,F,2,Niveau Bac+2,Marié(e),Non connu,Blue,37,2,7,0,45,0.0
808732458,Client actuel,48,M,3,Non connu,Marié(e),$120K +,Blue,43,3,0,1558,49,0.235
719947533,Client actuel,46,F,2,Licence,Marié(e),Non connu,Blue,36,2,1,0,79,0.0
715452408,Client actuel,37,F,2,Licence,Divorcé(e),Moins de $40K,Blue,36,3,3,987,67,0.569
718103733,Client actuel,41,F,4,Non connu,Marié(e),Moins de $40K,Blue,31,3,4,933,66,0.318
788705358,Client actuel,44,M,4,Lycée (équivalent baccalauréat),Marié(e),$120K +,Blue,33,1,4,2070,58,0.142
772105608,Client actuel,48,F,4,Sans diplôme,Célibataire,Moins de $40K,Blue,37,3,4,872,80,0.33
718396533,Client actuel,47,M,3,Niveau Bac+2,Célibataire,$80K - $120K,Blue,38,3,3,1556,83,0.19
712949733,Client actuel,46,M,5,Lycée (équivalent baccalauréat),Célibataire,$40K - $60K,Blue,37,2,3,1985,61,0.313
772036233,Client actuel,62,M,1,Licence,Célibataire,$80K - $120K,Blue,51,2,3,0,72,0.0
713285058,Client actuel,46,F,3,Doctorat,Célibataire,Moins de $40K,Blue,34,3,4,1600,76,0.709
710289783,Client perdu,43,F,2,Sans diplôme,Divorcé(e),Moins de $40K,Blue,25,2,7,2007,48,0.962
780390108,Client actuel,44,F,3,Niveau Bac+2,Marié(e),$40K - $60K,Blue,34,1,2,1013,81,0.311
720585183,Client actuel,50,M,3,Lycée (équivalent baccalauréat),Marié(e),$60K - $80K,Blue,35,3,2,2136,68,0.144
711831558,Client actuel,49,M,4,Niveau Bac+2,Divorcé(e),$120K +,Blue,41,1,1,1207,58,0.168
710854008,Client actuel,48,M,3,Non connu,Non connu,$40K - $60K,Blue,37,2,4,1119,63,0.171
717017808,Client actuel,62,M,0,Sans diplôme,Célibataire,$40K - $60K,Blue,52,1,2,641,83,0.071
823615983,Client perdu,54,M,2,Sans diplôme,Célibataire,$40K - $60K,Blue,50,1,3,2517,35,0.684
807587433,Client perdu,56,F,2,Doctorat,Marié(e),$60K - $80K,Blue,51,8,6,0,40,0.0
709987683,Client perdu,46,F,4,Licence,Marié(e),Non connu,Blue,36,3,7,0,40,0.0
714435408,Client actuel,57,M,3,Lycée (équivalent baccalauréat),Célibataire,$80K - $120K,Blue,38,3,1,1028,54,0.081
718994583,Client actuel,48,F,2,Niveau Bac+2,Célibataire,Moins de $40K,Blue,35,3,1,816,69,0.567
793616883,Client actuel,39,F,5,Licence,Célibataire,Moins de $40K,Blue,33,2,2,668,78,0.464
779978283,Client actuel,45,F,3,Lycée (équivalent baccalauréat),Marié(e),Non connu,Blue,34,2,1,0,78,0.0
713370033,Client perdu,53,F,0,Licence,Célibataire,$80K - $120K,Blue,40,1,8,0,53,0.0
710482533,Client actuel,26,M,0,Non connu,Marié(e),$120K +,Blue,17,2,1,2005,72,0.065
778830933,Client actuel,40,M,3,Licence,Célibataire,$80K - $120K,Blue,21,2,0,1040,78,0.576
736145283,Client actuel,43,M,2,Niveau Bac+2,Marié(e),$80K - $120K,Blue,24,1,4,0,59,0.0
778718658,Client actuel,33,F,2,Lycée (équivalent baccalauréat),Divorcé(e),Non connu,Blue,15,3,4,0,65,0.0
719482008,Client actuel,45,M,1,Sans diplôme,Célibataire,$60K - $80K,Blue,35,3,2,1036,76,0.048
715004808,Client actuel,49,F,2,Lycée (équivalent baccalauréat),Marié(e),Moins de $40K,Blue,39,3,1,1845,84,0.617
720014358,Client actuel,38,F,1,Doctorat,Célibataire,Moins de $40K,Blue,26,2,4,985,78,0.509
718208358,Client actuel,43,M,5,Sans diplôme,Marié(e),$120K +,Blue,31,3,4,830,57,0.024
713380308,Client actuel,42,F,4,Sans diplôme,Célibataire,Moins de $40K,Blue,36,2,1,0,76,0.0
716477133,Client actuel,42,F,4,Sans diplôme,Célibataire,Moins de $40K,Blue,32,3,4,838,75,0.583
713949858,Client perdu,39,F,2,Doctorat,Marié(e),$60K - $80K,Blue,36,3,7,886,42,0.616
827619933,Client actuel,48,M,2,Sans diplôme,Célibataire,$40K - $60K,Blue,44,1,2,0,87,0.0
779135808,Client actuel,56,F,2,Doctorat,Célibataire,$40K - $60K,Blue,38,1,4,1026,81,0.284
719751483,Client perdu,39,F,2,Sans diplôme,Célibataire,Moins de $40K,Blue,36,3,1,576,48,0.4
708219858,Client actuel,39,M,2,Licence,Célibataire,$40K - $60K,Blue,26,3,2,0,70,0.0
779681433,Client perdu,48,F,3,Licence,Marié(e),$40K - $60K,Blue,31,3,7,0,26,0.0
720169383,Client actuel,52,F,2,Niveau Bac+2,Marié(e),$40K - $60K,Blue,41,1,1,2111,74,0.655
718056033,Client actuel,44,F,3,Lycée (équivalent baccalauréat),Marié(e),Moins de $40K,Blue,34,3,2,1606,56,0.388
789226683,Client actuel,44,M,1,Non connu,Marié(e),$60K - $80K,Blue,33,2,3,1187,82,0.239
822902508,Client actuel,41,F,3,Niveau Bac+2,Célibataire,$40K - $60K,Blue,37,3,3,1219,77,0.146
780462183,Client actuel,44,M,2,Non connu,Célibataire,$80K - $120K,Blue,31,5,2,2065,67,0.598
715502808,Client actuel,42,M,3,Lycée (équivalent baccalauréat),Marié(e),$80K - $120K,Blue,36,3,2,1987,76,0.077
788755158,Client actuel,49,M,3,Lycée (équivalent baccalauréat),Marié(e),$60K - $80K,Blue,29,3,1,535,80,0.372
780038058,Client perdu,38,F,0,Lycée (équivalent baccalauréat),Célibataire,Moins de $40K,Blue,22,2,6,0,46,0.0
709536483,Client perdu,57,M,3,Licence,Marié(e),$60K - $80K,Blue,49,0,3,215,41,0.025
712563408,Client perdu,33,M,2,Sans diplôme,Célibataire,$40K - $60K,Blue,18,1,8,2517,46,0.449
771222558,Client actuel,45,F,3,Licence,Non connu,Moins de $40K,Blue,32,1,3,2018,79,0.696
708145908,Client actuel,61,F,0,Licence,Marié(e),$40K - $60K,Blue,50,3,0,2185,71,0.445
717755058,Client actuel,41,F,4,Doctorat,Célibataire,Moins de $40K,Blue,36,3,4,1317,76,0.49
789109983,Client actuel,40,F,3,Lycée (équivalent baccalauréat),Divorcé(e),$40K - $60K,Blue,28,1,4,1418,73,0.318
802600233,Client actuel,51,F,2,Licence,Célibataire,$40K - $60K,Blue,45,1,3,869,59,0.604
720449208,Client actuel,34,F,1,Niveau Bac+2,Marié(e),Moins de $40K,Blue,16,1,4,1814,64,0.817
719557983,Client actuel,42,M,4,Sans diplôme,Marié(e),$60K - $80K,Blue,36,3,3,2371,83,0.799
766111383,Client actuel,38,F,2,Lycée (équivalent baccalauréat),Marié(e),$40K - $60K,Blue,31,2,4,1091,67,0.685
789367083,Client actuel,41,F,2,Sans diplôme,Célibataire,Moins de $40K,Blue,31,3,3,1490,64,0.608
710538183,Client actuel,53,F,3,Licence,Divorcé(e),Moins de $40K,Blue,42,2,4,563,83,0.368
708534033,Client actuel,45,F,3,Licence,Célibataire,$40K - $60K,Blue,36,2,2,883,82,0.141
716739258,Client actuel,43,F,4,Non connu,Célibataire,Moins de $40K,Blue,33,2,4,0,62,0.0
788940558,Client actuel,41,F,3,Licence,Marié(e),Moins de $40K,Blue,27,1,2,1085,75,0.508
714722808,Client actuel,50,M,1,Niveau Bac+2,Célibataire,$80K - $120K,Blue,33,3,2,1211,91,0.071
713249883,Client actuel,51,F,2,Sans diplôme,Marié(e),$40K - $60K,Blue,36,3,3,873,81,0.26
714207483,Client actuel,47,M,3,Licence,Célibataire,$80K - $120K,Blue,41,1,4,1424,80,0.119
720068808,Client actuel,41,F,2,Licence,Marié(e),Moins de $40K,Blue,32,3,2,1980,65,0.6
778601733,Client perdu,55,F,3,Lycée (équivalent baccalauréat),Marié(e),$40K - $60K,Blue,47,5,3,1689,34,0.629
709779258,Client actuel,53,F,3,Master,Marié(e),Moins de $40K,Blue,43,3,4,0,71,0.0
713696808,Client perdu,46,F,3,Lycée (équivalent baccalauréat),Marié(e),Moins de $40K,Blue,39,3,0,316,42,0.175
720044658,Client perdu,53,M,1,Master,Célibataire,$60K - $80K,Blue,46,2,7,2076,46,0.454
716373483,Client perdu,48,F,5,Licence,Marié(e),$60K - $80K,Blue,40,3,2,2517,45,0.88
714305508,Client actuel,46,F,3,Sans diplôme,Marié(e),$40K - $60K,Blue,36,3,2,0,81,0.0
712202433,Client actuel,46,F,2,Lycée (équivalent baccalauréat),Célibataire,Moins de $40K,Blue,36,3,4,1020,68,0.447
716600733,Client perdu,47,F,4,Non connu,Marié(e),Moins de $40K,Blue,36,3,3,228,43,0.112
778372158,Client actuel,49,F,5,Lycée (équivalent baccalauréat),Marié(e),$40K - $60K,Blue,33,3,2,1549,91,0.618
714176133,Client actuel,47,F,1,Sans diplôme,Célibataire,Moins de $40K,Blue,36,2,3,735,87,0.511
708969633,Client actuel,42,M,4,Sans diplôme,Non connu,$80K - $120K,Blue,36,5,1,2195,80,0.897
715765758,Client actuel,54,F,2,Sans diplôme,Célibataire,Moins de $40K,Blue,41,2,4,814,72,0.566
803097333,Client actuel,41,M,2,Licence,Marié(e),$80K - $120K,Blue,35,3,4,1514,82,0.139
710411358,Client perdu,39,F,4,Niveau Bac+2,Marié(e),$40K - $60K,Blue,28,2,7,2199,45,0.289
715660308,Client perdu,54,F,3,Niveau Bac+2,Marié(e),$60K - $80K,Blue,44,3,2,2412,33,0.826
711866358,Client actuel,42,F,3,Lycée (équivalent baccalauréat),Célibataire,$40K - $60K,Blue,30,2,3,0,78,0.0
710738883,Client actuel,52,F,3,Lycée (équivalent baccalauréat),Marié(e),Moins de $40K,Blue,36,2,3,1094,61,0.5
717822108,Client actuel,60,F,0,Sans diplôme,Célibataire,Moins de $40K,Blue,48,2,3,2517,85,0.762
714407058,Client actuel,40,M,3,Sans diplôme,Divorcé(e),$80K - $120K,Blue,29,2,1,2330,81,0.075
710744433,Client actuel,48,F,1,Sans diplôme,Célibataire,Moins de $40K,Blue,38,2,0,2424,78,0.94
778959258,Client perdu,51,F,1,Non connu,Marié(e),Moins de $40K,Blue,32,3,3,0,45,0.0
713320008,Client actuel,48,M,3,Licence,Célibataire,$80K - $120K,Blue,37,3,2,468,66,0.154
766795983,Client actuel,46,F,1,Non connu,Célibataire,Moins de $40K,Blue,40,2,2,0,91,0.0
716256483,Client actuel,50,F,2,Licence,Célibataire,Non connu,Blue,36,2,4,1824,80,0.699
712364283,Client actuel,54,F,2,Doctorat,Marié(e),$40K - $60K,Blue,43,3,2,1398,79,0.629
714620358,Client perdu,37,F,2,Licence,Divorcé(e),$60K - $80K,Blue,30,3,7,2517,47,0.756
709145958,Client perdu,43,F,3,Non connu,Marié(e),Moins de $40K,Blue,36,2,2,1002,42,0.411
709787733,Client actuel,54,F,4,Niveau Bac+2,Célibataire,Non connu,Blue,48,2,2,1307,76,0.134
809071083,Client actuel,60,F,1,Licence,Célibataire,Moins de $40K,Blue,55,1,0,2150,90,0.916
721165608,Client actuel,51,M,2,Licence,Marié(e),$60K - $80K,Silver,36,6,3,0,78,0.0
716668308,Client perdu,39,F,4,Lycée (équivalent baccalauréat),Marié(e),Non connu,Blue,36,2,7,0,39,0.0
708760458,Client actuel,47,M,1,Lycée (équivalent baccalauréat),Célibataire,$80K - $120K,Blue,36,3,4,0,79,0.0
720333783,Client actuel,51,F,2,Non connu,Marié(e),Moins de $40K,Blue,33,1,4,786,50,0.159
789212883,Client perdu,30,F,1,Sans diplôme,Divorcé(e),Moins de $40K,Blue,19,1,2,0,44,0.0
711341433,Client actuel,34,F,2,Licence,Célibataire,Non connu,Blue,24,3,3,2010,77,0.649
720235608,Client actuel,60,F,0,Licence,Non connu,Moins de $40K,Blue,36,3,1,0,58,0.0
716890533,Client actuel,49,F,2,Sans diplôme,Célibataire,Moins de $40K,Blue,36,2,2,1722,86,0.789
708491508,Client actuel,51,M,2,Non connu,Célibataire,$60K - $80K,Blue,42,3,2,1430,68,0.103
718542858,Client actuel,50,M,1,Lycée (équivalent baccalauréat),Célibataire,$80K - $120K,Blue,36,3,2,994,84,0.094
717750858,Client actuel,32,F,2,Master,Célibataire,Moins de $40K,Blue,16,3,2,2446,78,0.823
712450008,Client perdu,50,F,2,Master,Marié(e),Non connu,Blue,36,2,7,0,41,0.0
827628408,Client actuel,40,M,4,Licence,Marié(e),$80K - $120K,Blue,36,3,2,1465,64,0.677
713492583,Client perdu,34,F,2,Licence,Marié(e),$60K - $80K,Blue,29,2,2,0,35,0.0
718054833,Client actuel,50,M,2,Non connu,Célibataire,$120K +,Blue,37,3,4,1016,65,0.066
788770908,Client actuel,45,M,4,Niveau Bac+2,Marié(e),$60K - $80K,Blue,26,2,2,1498,67,0.494
710175783,Client actuel,45,F,3,Lycée (équivalent baccalauréat),Célibataire,Non connu,Blue,25,2,1,1042,59,0.525
715429608,Client actuel,45,F,3,Niveau Bac+2,Marié(e),Moins de $40K,Blue,37,3,1,1517,66,0.33
714058308,Client perdu,43,F,5,Sans diplôme,Marié(e),Moins de $40K,Blue,36,3,7,2384,53,0.887
717965808,Client actuel,65,M,0,Non connu,Célibataire,$40K - $60K,Blue,54,1,4,829,73,0.088
709265208,Client actuel,47,F,4,Licence,Célibataire,Moins de $40K,Blue,37,3,2,780,59,0.542
713114133,Client perdu,42,F,2,Sans diplôme,Célibataire,Moins de $40K,Blue,23,2,3,0,38,0.0
721349883,Client actuel,51,F,4,Licence,Célibataire,Moins de $40K,Blue,39,2,1,2082,59,0.731
758965158,Client actuel,44,M,5,Lycée (équivalent baccalauréat),Marié(e),$80K - $120K,Blue,37,2,3,1729,83,0.111
749722908,Client actuel,43,M,2,Master,Marié(e),$120K +,Blue,36,3,2,1346,68,0.126
709495833,Client perdu,44,F,2,Licence,Célibataire,$60K - $80K,Blue,36,2,6,0,36,0.0
717575958,Client perdu,50,F,1,Master,Marié(e),$40K - $60K,Blue,41,3,3,479,42,0.283
714406158,Client perdu,53,F,3,Lycée (équivalent baccalauréat),Divorcé(e),Non connu,Blue,36,3,8,0,42,0.0
767243208,Client actuel,42,F,3,Licence,Célibataire,Moins de $40K,Blue,35,2,2,1587,79,0.621
711515433,Client actuel,55,F,2,Non connu,Célibataire,Moins de $40K,Blue,36,1,2,2517,85,0.883
720190908,Client actuel,59,M,1,Lycée (équivalent baccalauréat),Célibataire,$60K - $80K,Blue,51,2,4,1300,72,0.145
818814933,Client actuel,58,F,1,Non connu,Célibataire,$40K - $60K,Blue,53,3,1,1536,79,0.221
719794383,Client actuel,60,F,2,Niveau Bac+2,Marié(e),Moins de $40K,Blue,41,2,2,0,85,0.0
709766808,Client actuel,49,F,2,Sans diplôme,Marié(e),Non connu,Blue,36,3,2,1178,82,0.231
709666908,Client actuel,42,F,4,Licence,Divorcé(e),Non connu,Blue,36,3,1,1782,93,0.641
794653983,Client actuel,44,F,3,Licence,Marié(e),Moins de $40K,Blue,27,1,4,1017,80,0.687
716593533,Client actuel,56,M,1,Lycée (équivalent baccalauréat),Célibataire,$80K - $120K,Blue,45,1,3,0,76,0.0
714113658,Client actuel,52,M,2,Non connu,Célibataire,$80K - $120K,Blue,41,3,1,1425,76,0.517
708776658,Client actuel,54,M,2,Non connu,Célibataire,$80K - $120K,Blue,43,3,2,1519,70,0.263
712225008,Client actuel,55,M,2,Licence,Marié(e),$60K - $80K,Blue,44,6,3,1103,80,0.182
787450758,Client actuel,57,M,1,Non connu,Célibataire,$60K - $80K,Blue,43,3,1,0,88,0.0
789099783,Client actuel,43,F,2,Non connu,Marié(e),Moins de $40K,Blue,31,3,3,839,70,0.406
711751533,Client actuel,47,F,4,Licence,Marié(e),Moins de $40K,Blue,37,1,3,1973,75,0.806
708367908,Client actuel,56,F,1,Sans diplôme,Marié(e),Moins de $40K,Blue,47,1,2,1627,82,0.538
714951858,Client actuel,44,F,2,Licence,Marié(e),Moins de $40K,Blue,36,1,3,0,56,0.0
720436008,Client actuel,54,F,1,Doctorat,Non connu,Moins de $40K,Blue,43,6,4,0,81,0.0
718984533,Client actuel,37,M,3,Licence,Célibataire,$80K - $120K,Blue,29,2,4,1274,100,0.177
716982483,Client actuel,49,F,2,Licence,Marié(e),Moins de $40K,Blue,38,4,2,0,79,0.0
708681708,Client perdu,51,F,2,Non connu,Célibataire,Moins de $40K,Blue,43,3,2,0,29,0.0
720202008,Client actuel,47,F,5,Non connu,Célibataire,$40K - $60K,Blue,40,3,4,2517,88,0.647
714483033,Client actuel,45,F,5,Non connu,Marié(e),Non connu,Blue,40,2,2,0,85,0.0
711468708,Client perdu,38,F,4,Lycée (équivalent baccalauréat),Marié(e),$40K - $60K,Blue,31,3,2,0,52,0.0
821724483,Client perdu,48,M,4,Non connu,Marié(e),$40K - $60K,Blue,43,3,2,1744,34,0.155
716402508,Client actuel,49,F,3,Licence,Non connu,Moins de $40K,Blue,36,3,3,1681,87,0.621
721189008,Client actuel,41,M,4,Licence,Célibataire,$80K - $120K,Blue,27,2,4,0,67,0.0
712867983,Client actuel,54,F,2,Sans diplôme,Célibataire,Moins de $40K,Blue,43,1,4,633,66,0.211
713814408,Client actuel,39,M,2,Sans diplôme,Célibataire,$80K - $120K,Blue,36,2,4,1184,66,0.15
716671983,Client actuel,38,M,0,Lycée (équivalent baccalauréat),Célibataire,$80K - $120K,Blue,29,3,2,1885,65,0.315
708252108,Client actuel,64,M,0,Niveau Bac+2,Célibataire,$40K - $60K,Blue,53,3,2,1907,65,0.259
717212958,Client actuel,55,M,2,Doctorat,Célibataire,$80K - $120K,Blue,36,3,3,2415,57,0.793
713048733,Client actuel,50,M,2,Sans diplôme,Marié(e),$120K +,Blue,40,1,1,1871,75,0.054
779841483,Client perdu,55,F,1,Doctorat,Marié(e),Non connu,Blue,39,3,3,1424,36,0.11
710701233,Client actuel,44,F,5,Licence,Célibataire,Non connu,Blue,37,1,1,1259,72,0.071
718837683,Client actuel,55,M,2,Lycée (équivalent baccalauréat),Célibataire,$120K +,Blue,49,3,4,1505,50,0.497
718127958,Client actuel,58,M,0,Licence,Divorcé(e),Non connu,Blue,36,2,2,1656,85,0.182
718685358,Client actuel,51,F,2,Sans diplôme,Célibataire,Moins de $40K,Blue,44,1,4,0,84,0.0
771559158,Client actuel,58,M,3,Sans diplôme,Non connu,$80K - $120K,Blue,46,1,3,1163,80,0.49
710138883,Client perdu,47,F,3,Licence,Non connu,$60K - $80K,Blue,36,2,2,0,43,0.0
711197658,Client actuel,53,F,1,Master,Célibataire,$40K - $60K,Blue,43,1,0,2026,68,0.774
709045683,Client actuel,42,F,3,Sans diplôme,Marié(e),Non connu,Blue,30,2,1,0,63,0.0
708272808,Client actuel,45,M,5,Licence,Célibataire,Moins de $40K,Blue,36,2,1,1474,59,0.542
720292983,Client actuel,60,F,0,Licence,Marié(e),Moins de $40K,Blue,51,1,2,1796,61,0.805
709112508,Client perdu,42,F,3,Niveau Bac+2,Marié(e),$60K - $80K,Blue,36,3,6,1300,36,0.342
712840608,Client actuel,55,F,2,Sans diplôme,Marié(e),Moins de $40K,Blue,43,2,3,993,85,0.363
788920308,Client actuel,51,F,2,Lycée (équivalent baccalauréat),Marié(e),Moins de $40K,Blue,37,2,1,1250,75,0.554
718160358,Client perdu,51,F,1,Licence,Marié(e),$80K - $120K,Blue,39,3,2,0,35,0.0
719325783,Client perdu,65,M,2,Non connu,Célibataire,Moins de $40K,Blue,36,2,3,2517,28,0.852
712885533,Client actuel,50,M,4,Licence,Marié(e),$80K - $120K,Blue,31,3,2,1472,62,0.124
719268333,Client actuel,49,F,3,Sans diplôme,Marié(e),Moins de $40K,Blue,36,3,4,0,88,0.0
721004133,Client actuel,38,F,2,Licence,Célibataire,Moins de $40K,Blue,25,2,2,538,73,0.374
714103908,Client actuel,54,F,3,Doctorat,Célibataire,Moins de $40K,Blue,36,2,2,743,74,0.267
771502383,Client actuel,54,F,1,Lycée (équivalent baccalauréat),Marié(e),Moins de $40K,Blue,42,5,4,1539,80,0.622
713014533,Client actuel,54,F,3,Non connu,Célibataire,$40K - $60K,Blue,43,3,4,1596,64,0.283
713980383,Client perdu,49,F,3,Licence,Célibataire,Non connu,Blue,38,2,4,0,28,0.0
711294258,Client actuel,43,F,1,Licence,Célibataire,Moins de $40K,Blue,38,3,3,2377,88,0.9
719954733,Client actuel,43,M,2,Licence,Marié(e),$80K - $120K,Blue,28,6,3,1255,68,0.041
711561933,Client actuel,57,F,1,Sans diplôme,Divorcé(e),Moins de $40K,Blue,47,6,1,1420,70,0.645
826077033,Client perdu,46,F,2,Non connu,Marié(e),Moins de $40K,Blue,42,0,4,0,39,0.0
711555483,Client actuel,43,F,3,Lycée (équivalent baccalauréat),Non connu,Non connu,Blue,36,3,2,2517,83,0.287
715194183,Client perdu,53,F,2,Non connu,Célibataire,Moins de $40K,Blue,36,3,4,411,43,0.16
716929233,Client actuel,43,F,3,Master,Célibataire,$40K - $60K,Blue,24,3,4,1607,92,0.31
709014558,Client actuel,49,M,2,Sans diplôme,Marié(e),$60K - $80K,Blue,42,3,2,0,82,0.0
710636208,Client actuel,51,M,3,Sans diplôme,Marié(e),$120K +,Blue,40,5,3,0,74,0.0
815525508,Client actuel,46,F,3,Lycée (équivalent baccalauréat),Non connu,Moins de $40K,Blue,41,1,4,0,60,0.0
718746933,Client actuel,56,F,3,Lycée (équivalent baccalauréat),Marié(e),Moins de $40K,Blue,47,3,4,2022,66,0.706
715686183,Client actuel,46,F,4,Licence,Célibataire,$40K - $60K,Blue,34,2,1,0,65,0.0
741778458,Client actuel,54,F,2,Non connu,Célibataire,Moins de $40K,Blue,47,2,3,1550,57,0.662
801056358,Client actuel,51,M,1,Lycée (équivalent baccalauréat),Célibataire,$80K - $120K,Blue,45,1,3,1864,75,0.14
709486158,Client actuel,33,F,3,Licence,Marié(e),Moins de $40K,Blue,20,1,3,0,72,0.0
713826183,Client perdu,41,M,3,Lycée (équivalent baccalauréat),Non connu,$40K - $60K,Blue,33,3,6,0,44,0.0
803342358,Client actuel,55,M,3,Licence,Marié(e),$60K - $80K,Blue,49,1,4,2517,56,0.444
780292683,Client perdu,55,M,1,Sans diplôme,Célibataire,$120K +,Blue,41,5,6,2354,24,0.096
788646858,Client actuel,41,F,3,Licence,Marié(e),Moins de $40K,Blue,29,3,1,1268,61,0.647
711116133,Client perdu,50,F,1,Sans diplôme,Célibataire,Moins de $40K,Blue,37,2,6,0,47,0.0
708584208,Client perdu,36,F,2,Licence,Non connu,$60K - $80K,Blue,36,2,6,2517,41,0.809
789097833,Client actuel,39,F,0,Lycée (équivalent baccalauréat),Célibataire,Moins de $40K,Blue,27,3,3,720,93,0.183
709443633,Client actuel,38,F,1,Sans diplôme,Marié(e),Moins de $40K,Blue,26,1,1,838,62,0.193
767280633,Client actuel,46,F,2,Licence,Non connu,Moins de $40K,Blue,39,2,2,1454,96,0.484
713096583,Client perdu,40,F,1,Lycée (équivalent baccalauréat),Célibataire,Moins de $40K,Blue,36,3,2,544,40,0.378
721033908,Client actuel,58,M,1,Sans diplôme,Célibataire,$60K - $80K,Blue,46,3,1,1053,82,0.414
756025233,Client perdu,43,F,4,Sans diplôme,Célibataire,Moins de $40K,Blue,36,3,2,1014,44,0.419
711977508,Client perdu,56,F,2,Sans diplôme,Célibataire,Moins de $40K,Blue,43,2,6,1211,40,0.841
772076208,Client actuel,58,M,4,Niveau Bac+2,Célibataire,$80K - $120K,Blue,47,3,0,1146,70,0.044
710666583,Client perdu,29,F,1,Sans diplôme,Célibataire,Moins de $40K,Blue,36,2,7,2312,36,0.919
712369308,Client perdu,48,F,4,Doctorat,Divorcé(e),$40K - $60K,Blue,35,3,2,1047,38,0.287
794784633,Client actuel,61,F,0,Sans diplôme,Célibataire,$40K - $60K,Blue,55,1,2,2123,77,0.959
716437533,Client actuel,51,M,2,Niveau Bac+2,Célibataire,$80K - $120K,Blue,43,3,3,0,88,0.0
715109508,Client actuel,44,F,3,Niveau Bac+2,Marié(e),Non connu,Blue,36,1,4,1427,96,0.163
795392433,Client actuel,35,F,2,Sans diplôme,Célibataire,Non connu,Blue,29,1,1,0,69,0.0
712721358,Client perdu,48,F,3,Sans diplôme,Divorcé(e),Moins de $40K,Blue,36,3,2,2517,43,0.618
720118908,Client actuel,26,M,0,Licence,Marié(e),Moins de $40K,Blue,36,2,4,0,65,0.0
799486158,Client actuel,39,F,1,Licence,Marié(e),Moins de $40K,Blue,29,2,4,949,65,0.66
718980633,Client actuel,38,M,2,Niveau Bac+2,Célibataire,$80K - $120K,Blue,36,3,3,1151,84,0.178
717336408,Client perdu,51,F,1,Doctorat,Célibataire,$60K - $80K,Blue,45,3,1,1411,44,0.723
709546608,Client actuel,37,F,2,Sans diplôme,Marié(e),Moins de $40K,Blue,36,5,4,647,64,0.45
823624158,Client actuel,53,F,2,Doctorat,Célibataire,Non connu,Blue,49,2,2,0,78,0.0
771688983,Client actuel,53,F,2,Lycée (équivalent baccalauréat),Célibataire,Moins de $40K,Blue,41,1,2,1811,68,0.804
708701358,Client actuel,39,F,2,Sans diplôme,Célibataire,Moins de $40K,Blue,36,2,3,2031,79,0.857
712048008,Client actuel,56,F,4,Lycée (équivalent baccalauréat),Célibataire,$40K - $60K,Blue,44,2,2,1988,69,0.762
710712783,Client actuel,52,F,4,Non connu,Marié(e),Moins de $40K,Blue,41,3,3,1787,76,0.779
716626008,Client actuel,51,F,2,Licence,Divorcé(e),Non connu,Blue,36,3,4,1659,102,0.328
718284408,Client actuel,43,F,3,Non connu,Marié(e),Moins de $40K,Blue,30,2,2,1452,68,0.601
717414933,Client actuel,51,F,1,Lycée (équivalent baccalauréat),Célibataire,Moins de $40K,Blue,45,3,3,2049,61,0.702
713032233,Client actuel,53,F,2,Licence,Célibataire,Moins de $40K,Blue,36,1,4,2271,83,0.839
714234858,Client actuel,54,F,3,Lycée (équivalent baccalauréat),Marié(e),Moins de $40K,Blue,36,1,4,1739,84,0.474
714818058,Client actuel,36,F,4,Lycée (équivalent baccalauréat),Marié(e),$40K - $60K,Blue,30,3,1,0,74,0.0
708731658,Client perdu,53,F,0,Lycée (équivalent baccalauréat),Marié(e),Moins de $40K,Blue,41,3,6,0,42,0.0
708706833,Client perdu,39,F,3,Sans diplôme,Divorcé(e),Non connu,Blue,36,3,3,0,40,0.0
780100533,Client actuel,46,M,3,Licence,Célibataire,$80K - $120K,Blue,31,2,4,2376,67,0.09
711712983,Client actuel,56,M,2,Licence,Célibataire,$80K - $120K,Blue,46,2,3,0,80,0.0
712549758,Client actuel,40,F,4,Licence,Marié(e),Non connu,Blue,25,2,1,0,61,0.0
713348433,Client actuel,42,F,3,Lycée (équivalent baccalauréat),Célibataire,$40K - $60K,Blue,29,3,2,751,62,0.486
820599333,Client actuel,43,F,5,Licence,Célibataire,Moins de $40K,Blue,38,2,2,604,85,0.42
787261008,Client actuel,43,M,1,Master,Non connu,$60K - $80K,Blue,37,3,4,1128,75,0.274
778343958,Client actuel,47,F,3,Licence,Marié(e),Moins de $40K,Blue,27,3,0,0,72,0.0
788407833,Client actuel,49,F,4,Licence,Célibataire,Non connu,Blue,42,3,2,1368,79,0.083
760807608,Client actuel,48,F,4,Sans diplôme,Marié(e),Moins de $40K,Blue,41,3,4,1680,83,0.718
771108933,Client actuel,47,F,4,Licence,Marié(e),Moins de $40K,Blue,34,3,4,879,71,0.456
715954158,Client perdu,48,M,3,Master,Marié(e),$40K - $60K,Blue,36,2,7,931,29,0.315
715499058,Client perdu,36,F,2,Lycée (équivalent baccalauréat),Marié(e),$40K - $60K,Blue,36,3,2,0,33,0.0
717995958,Client actuel,47,F,3,Non connu,Marié(e),Non connu,Blue,38,1,4,1463,72,0.895
718736883,Client actuel,49,F,3,Sans diplôme,Célibataire,Moins de $40K,Blue,36,1,4,2058,61,0.476
721045608,Client actuel,51,F,3,Lycée (équivalent baccalauréat),Marié(e),Moins de $40K,Blue,32,3,3,2131,75,0.724
715215108,Client actuel,54,F,2,Non connu,Marié(e),Moins de $40K,Blue,46,3,3,1573,68,0.602
795823383,Client actuel,43,F,4,Licence,Célibataire,Moins de $40K,Blue,37,1,3,0,63,0.0
718338708,Client actuel,49,F,1,Licence,Marié(e),$40K - $60K,Blue,38,2,2,0,73,0.0
713588958,Client actuel,40,F,4,Non connu,Célibataire,Moins de $40K,Blue,25,1,1,1507,70,0.708
710120358,Client actuel,40,M,3,Non connu,Marié(e),$60K - $80K,Blue,27,2,4,2312,37,0.256
809582058,Client actuel,48,M,2,Non connu,Non connu,$40K - $60K,Blue,43,2,2,1249,73,0.709
709199358,Client perdu,60,M,1,Sans diplôme,Marié(e),Moins de $40K,Blue,36,3,7,0,19,0.0
821889858,Client perdu,50,F,1,Doctorat,Célibataire,Non connu,Blue,46,6,3,1477,44,0.75
815324433,Client actuel,46,F,4,Lycée (équivalent baccalauréat),Marié(e),Moins de $40K,Blue,41,3,1,0,86,0.0
793656633,Client actuel,35,F,3,Sans diplôme,Marié(e),Non connu,Blue,29,3,1,1303,76,0.572
713246208,Client actuel,65,M,1,Non connu,Célibataire,$40K - $60K,Blue,56,2,4,1318,54,0.099
711493158,Client actuel,52,M,3,Licence,Célibataire,$60K - $80K,Blue,36,2,2,2467,90,0.881
721163133,Client actuel,44,M,2,Licence,Célibataire,Non connu,Blue,36,3,1,0,60,0.0
826417233,Client actuel,35,F,4,Niveau Bac+2,Marié(e),Moins de $40K,Blue,31,3,4,1011,71,0.345
711619608,Client actuel,45,M,3,Licence,Marié(e),$80K - $120K,Blue,36,3,2,0,84,0.0
712244733,Client actuel,56,F,1,Non connu,Marié(e),Moins de $40K,Blue,45,1,2,2230,73,0.712
709638783,Client actuel,50,F,1,Lycée (équivalent baccalauréat),Marié(e),$40K - $60K,Blue,43,3,4,2048,92,0.692
720296808,Client perdu,52,F,3,Licence,Marié(e),Non connu,Blue,39,3,2,1771,47,0.424
718926258,Client actuel,37,F,1,Lycée (équivalent baccalauréat),Célibataire,Non connu,Blue,28,3,2,642,90,0.261
714706083,Client actuel,44,M,2,Niveau Bac+2,Marié(e),$60K - $80K,Blue,36,3,4,997,75,0.082
721473783,Client actuel,35,F,3,Licence,Marié(e),Moins de $40K,Blue,21,1,1,604,75,0.266
712230408,Client actuel,42,M,4,Sans diplôme,Marié(e),$120K +,Blue,37,2,4,1445,80,0.208
716186883,Client actuel,48,F,4,Niveau Bac+2,Marié(e),$40K - $60K,Blue,37,6,2,933,78,0.521
715204083,Client actuel,47,F,4,Doctorat,Célibataire,Moins de $40K,Blue,36,2,2,901,80,0.326
709283358,Client perdu,43,F,4,Non connu,Marié(e),Moins de $40K,Blue,29,2,3,0,42,0.0
817887408,Client actuel,39,F,1,Sans diplôme,Célibataire,Moins de $40K,Blue,34,1,4,1148,84,0.166
789481233,Client perdu,39,M,2,Lycée (équivalent baccalauréat),Marié(e),$40K - $60K,Blue,30,3,3,0,55,0.0
718184883,Client actuel,48,F,3,Lycée (équivalent baccalauréat),Marié(e),Moins de $40K,Blue,34,2,2,0,63,0.0
821157183,Client actuel,42,F,5,Non connu,Marié(e),Moins de $40K,Blue,37,2,3,1398,88,0.55
709837308,Client actuel,34,F,3,Licence,Célibataire,Non connu,Blue,19,1,2,0,71,0.0
779491908,Client actuel,47,F,4,Master,Non connu,Non connu,Blue,29,2,1,1391,59,0.161
718399233,Client actuel,43,F,4,Niveau Bac+2,Célibataire,$40K - $60K,Blue,36,3,1,0,77,0.0
779447358,Client actuel,50,F,2,Licence,Marié(e),Moins de $40K,Blue,32,3,4,2104,93,0.73
710661333,Client perdu,55,F,2,Non connu,Célibataire,Non connu,Blue,36,3,2,1545,47,0.151
789114408,Client actuel,50,F,1,Master,Célibataire,$40K - $60K,Blue,38,1,4,0,82,0.0
710570058,Client perdu,44,F,1,Licence,Célibataire,$60K - $80K,Blue,25,2,7,0,37,0.0
712681608,Client actuel,54,F,3,Sans diplôme,Célibataire,Moins de $40K,Blue,36,4,2,1355,70,0.298
709086933,Client actuel,40,F,3,Niveau Bac+2,Célibataire,Moins de $40K,Blue,22,2,4,2517,72,0.746
709179708,Client actuel,40,M,2,Licence,Divorcé(e),$60K - $80K,Blue,36,1,2,0,75,0.0
711206958,Client actuel,41,F,3,Lycée (équivalent baccalauréat),Divorcé(e),Non connu,Blue,31,1,2,1305,73,0.54
823928058,Client actuel,52,F,2,Sans diplôme,Marié(e),Moins de $40K,Blue,48,2,4,578,79,0.109
796330983,Client actuel,41,F,4,Licence,Célibataire,Moins de $40K,Blue,35,1,4,1283,85,0.6
771284658,Client perdu,47,F,1,Non connu,Marié(e),Moins de $40K,Blue,35,2,7,896,41,0.484
779307558,Client actuel,53,F,1,Niveau Bac+2,Non connu,$40K - $60K,Blue,35,3,3,0,81,0.0
788846508,Client actuel,48,F,4,Sans diplôme,Marié(e),$40K - $60K,Blue,32,1,3,1903,81,0.707
783500283,Client actuel,62,M,0,Licence,Non connu,$80K - $120K,Blue,56,3,2,1228,74,0.042
802247658,Client perdu,59,M,2,Sans diplôme,Célibataire,$40K - $60K,Blue,53,6,4,2422,43,0.897
795573333,Client actuel,41,M,3,Lycée (équivalent baccalauréat),Marié(e),$80K - $120K,Blue,35,2,1,1165,67,0.139
721366308,Client actuel,50,M,3,Non connu,Célibataire,$40K - $60K,Blue,39,3,1,2060,64,0.152
720377433,Client actuel,38,F,3,Licence,Marié(e),Moins de $40K,Blue,36,2,4,2217,74,0.925
711243108,Client actuel,50,M,1,Doctorat,Célibataire,$80K - $120K,Blue,36,3,3,2207,78,0.116
789351783,Client actuel,40,F,5,Licence,Marié(e),Moins de $40K,Blue,30,2,2,1618,88,0.765
719699208,Client actuel,39,F,4,Sans diplôme,Célibataire,Moins de $40K,Blue,36,3,4,729,65,0.449
720774183,Client actuel,40,F,1,Lycée (équivalent baccalauréat),Divorcé(e),Moins de $40K,Blue,30,2,1,1959,69,0.76
713590158,Client perdu,41,M,4,Licence,Célibataire,$60K - $80K,Blue,34,2,7,2080,40,0.412
715547058,Client perdu,35,F,0,Licence,Marié(e),$60K - $80K,Blue,36,3,7,0,51,0.0
815596608,Client actuel,48,F,5,Sans diplôme,Marié(e),$40K - $60K,Blue,43,1,3,921,72,0.321
718921683,Client actuel,49,M,4,Non connu,Marié(e),$80K - $120K,Blue,38,6,3,1835,49,0.188
720031908,Client actuel,55,M,2,Doctorat,Marié(e),$60K - $80K,Blue,36,1,1,0,74,0.0
716716083,Client actuel,58,M,3,Non connu,Célibataire,$80K - $120K,Blue,36,2,3,1878,84,0.56
819969933,Client actuel,43,F,2,Lycée (équivalent baccalauréat),Célibataire,$40K - $60K,Blue,38,2,2,0,67,0.0
714382608,Client actuel,35,F,2,Licence,Marié(e),Moins de $40K,Blue,36,2,0,1161,85,0.451
720092283,Client actuel,40,F,3,Licence,Célibataire,Moins de $40K,Blue,31,2,3,978,78,0.485
720531633,Client perdu,55,F,1,Licence,Non connu,$80K - $120K,Blue,36,2,2,2517,36,0.709
718508883,Client perdu,43,F,3,Non connu,Marié(e),Moins de $40K,Blue,36,3,3,238,47,0.102
708794133,Client actuel,46,F,4,Lycée (équivalent baccalauréat),Non connu,Moins de $40K,Blue,37,1,4,2136,50,0.843
713447583,Client actuel,48,F,3,Lycée (équivalent baccalauréat),Célibataire,$40K - $60K,Blue,36,3,2,2055,58,0.531
716107158,Client perdu,32,F,0,Licence,Célibataire,$60K - $80K,Blue,20,1,6,431,46,0.108
712713108,Client actuel,61,F,0,Licence,Marié(e),Non connu,Blue,36,2,3,1883,85,0.925
719245083,Client actuel,53,F,1,Sans diplôme,Célibataire,Moins de $40K,Blue,39,3,4,1539,74,0.868
708269583,Client actuel,42,F,3,Sans diplôme,Divorcé(e),Moins de $40K,Blue,28,2,4,1377,86,0.679
720234708,Client perdu,45,M,2,Lycée (équivalent baccalauréat),Célibataire,$120K +,Blue,33,3,2,0,50,0.0
709436883,Client actuel,56,F,2,Sans diplôme,Célibataire,$40K - $60K,Blue,48,2,2,1619,87,0.55
714140133,Client actuel,42,F,4,Licence,Non connu,Moins de $40K,Blue,32,1,2,1547,74,0.669
716136333,Client perdu,40,F,4,Sans diplôme,Marié(e),Moins de $40K,Blue,24,2,1,2517,41,0.598
715031433,Client actuel,57,M,2,Licence,Marié(e),$80K - $120K,Blue,36,3,3,1493,60,0.239
810667158,Client actuel,40,M,2,Lycée (équivalent baccalauréat),Divorcé(e),$40K - $60K,Blue,35,1,1,974,75,0.401
715253433,Client actuel,48,M,4,Non connu,Célibataire,$80K - $120K,Blue,38,2,3,1372,79,0.248
809937933,Client actuel,42,F,3,Licence,Marié(e),$40K - $60K,Blue,37,3,2,2013,82,0.815
708997833,Client actuel,49,F,4,Doctorat,Célibataire,$40K - $60K,Blue,39,3,1,603,62,0.185
718296558,Client perdu,44,F,4,Non connu,Marié(e),$40K - $60K,Blue,31,3,7,1327,33,0.785
780086658,Client perdu,43,M,4,Doctorat,Non connu,$60K - $80K,Blue,28,2,7,0,39,0.0
708754833,Client actuel,48,F,3,Sans diplôme,Célibataire,Non connu,Blue,40,4,4,1182,72,0.418
788638908,Client actuel,43,F,2,Licence,Divorcé(e),Moins de $40K,Blue,30,2,4,2127,71,0.905
715607958,Client actuel,45,F,2,Licence,Marié(e),Moins de $40K,Blue,36,1,3,2201,78,0.524
708515358,Client actuel,40,F,1,Lycée (équivalent baccalauréat),Marié(e),Moins de $40K,Blue,36,3,2,0,82,0.0
716357058,Client actuel,53,M,3,Sans diplôme,Célibataire,$80K - $120K,Blue,36,3,1,787,56,0.301
714569958,Client actuel,38,F,2,Non connu,Célibataire,Moins de $40K,Blue,28,2,1,2459,65,0.767
716822583,Client actuel,39,F,2,Lycée (équivalent baccalauréat),Célibataire,Moins de $40K,Blue,36,2,3,802,74,0.153
721109358,Client actuel,39,M,3,Lycée (équivalent baccalauréat),Marié(e),$60K - $80K,Blue,27,2,1,0,87,0.0
827635083,Client actuel,59,F,0,Licence,Non connu,Non connu,Blue,55,3,3,755,75,0.525
715492983,Client actuel,40,M,3,Master,Marié(e),$120K +,Blue,36,2,4,2517,62,0.337
712234308,Client actuel,54,F,3,Licence,Marié(e),Non connu,Blue,36,1,2,1805,90,0.366
708334158,Client actuel,46,F,3,Licence,Divorcé(e),Moins de $40K,Blue,34,2,4,686,58,0.07
812488608,Client actuel,44,F,3,Niveau Bac+2,Non connu,Moins de $40K,Blue,39,1,3,2209,73,0.44
793345008,Client actuel,44,F,3,Sans diplôme,Célibataire,Moins de $40K,Blue,38,1,3,0,80,0.0
715487733,Client perdu,44,F,4,Licence,Marié(e),$40K - $60K,Blue,36,3,3,0,42,0.0
788856408,Client actuel,50,F,5,Sans diplôme,Marié(e),Non connu,Blue,34,5,2,1041,75,0.314
708154833,Client perdu,39,F,2,Licence,Célibataire,$60K - $80K,Blue,27,3,3,811,46,0.564
721147383,Client actuel,37,F,2,Lycée (équivalent baccalauréat),Célibataire,Moins de $40K,Blue,22,2,4,1740,81,0.711
803973483,Client actuel,49,F,3,Non connu,Célibataire,Moins de $40K,Blue,44,2,4,0,83,0.0
788941983,Client perdu,36,F,3,Licence,Célibataire,$40K - $60K,Blue,22,3,1,0,50,0.0
715603233,Client actuel,53,F,3,Sans diplôme,Marié(e),$40K - $60K,Blue,42,1,2,1460,74,0.637
709945458,Client actuel,52,M,3,Sans diplôme,Célibataire,$60K - $80K,Blue,40,1,1,512,82,0.356
714614133,Client perdu,53,F,3,Non connu,Marié(e),Moins de $40K,Blue,36,3,3,0,39,0.0
768167358,Client actuel,37,M,4,Doctorat,Célibataire,$60K - $80K,Blue,31,3,0,1018,86,0.598
737967708,Client actuel,52,F,1,Non connu,Marié(e),$40K - $60K,Blue,45,1,1,938,86,0.582
712920633,Client actuel,49,F,2,Non connu,Marié(e),$40K - $60K,Blue,35,1,1,0,79,0.0
780373233,Client actuel,39,F,4,Non connu,Célibataire,Moins de $40K,Blue,29,3,0,1940,90,0.678
721384308,Client actuel,39,F,1,Sans diplôme,Marié(e),$40K - $60K,Blue,36,1,4,2323,86,0.71
712242633,Client actuel,42,F,2,Non connu,Célibataire,Moins de $40K,Blue,36,1,4,2517,76,0.94
713610933,Client actuel,40,F,2,Sans diplôme,Marié(e),Moins de $40K,Blue,26,2,1,0,90,0.0
714257958,Client actuel,41,F,3,Doctorat,Célibataire,Moins de $40K,Blue,31,2,1,0,68,0.0
772172883,Client actuel,46,F,2,Sans diplôme,Non connu,$40K - $60K,Blue,35,2,1,1349,93,0.22
720204558,Client actuel,45,F,2,Lycée (équivalent baccalauréat),Marié(e),Moins de $40K,Blue,36,1,3,999,77,0.609
779635533,Client actuel,38,F,3,Licence,Célibataire,Non connu,Blue,21,1,3,1028,71,0.438
804658833,Client actuel,53,F,3,Non connu,Marié(e),Moins de $40K,Blue,48,1,2,0,73,0.0
756691608,Client actuel,37,F,3,Licence,Marié(e),Non connu,Blue,30,3,3,780,81,0.171
806219808,Client actuel,52,M,3,Niveau Bac+2,Non connu,$120K +,Blue,47,6,3,1972,88,0.385
826266483,Client actuel,39,F,2,Niveau Bac+2,Célibataire,Non connu,Blue,35,2,2,598,81,0.056
775152708,Client perdu,49,M,3,Master,Non connu,$80K - $120K,Blue,39,3,7,901,43,0.043
787596558,Client actuel,50,M,1,Sans diplôme,Marié(e),$120K +,Blue,23,2,1,981,85,0.138
803205258,Client actuel,51,F,3,Licence,Célibataire,Non connu,Blue,45,3,4,2379,86,0.983
716041908,Client actuel,54,F,1,Lycée (équivalent baccalauréat),Célibataire,Moins de $40K,Blue,43,2,4,805,75,0.387
708837858,Client actuel,44,F,4,Doctorat,Non connu,Moins de $40K,Blue,34,2,2,1718,68,0.632
828227433,Client actuel,50,M,2,Lycée (équivalent baccalauréat),Célibataire,$60K - $80K,Blue,46,2,4,778,84,0.138
714487458,Client perdu,49,F,5,Licence,Divorcé(e),$40K - $60K,Blue,40,6,2,0,39,0.0
711390333,Client perdu,59,M,0,Master,Marié(e),$80K - $120K,Blue,46,7,2,489,45,0.075
787974108,Client perdu,37,F,1,Lycée (équivalent baccalauréat),Célibataire,$40K - $60K,Blue,27,2,2,792,40,0.442
714036258,Client actuel,47,F,3,Non connu,Célibataire,Moins de $40K,Blue,36,1,4,1963,64,0.702
788752833,Client actuel,52,F,2,Lycée (équivalent baccalauréat),Divorcé(e),Moins de $40K,Blue,32,3,4,1581,69,0.651
773108958,Client actuel,55,F,2,Sans diplôme,Marié(e),$40K - $60K,Blue,48,1,1,2138,75,0.71
782437008,Client actuel,41,F,3,Niveau Bac+2,Marié(e),Non connu,Blue,35,2,4,1769,83,0.784
710729358,Client perdu,40,F,2,Lycée (équivalent baccalauréat),Célibataire,Non connu,Blue,30,3,7,0,42,0.0
827423433,Client actuel,41,F,4,Licence,Divorcé(e),Moins de $40K,Blue,37,1,4,1399,67,0.187
756919683,Client actuel,48,F,2,Non connu,Marié(e),Moins de $40K,Blue,41,1,3,1294,86,0.356
779219208,Client actuel,38,F,2,Lycée (équivalent baccalauréat),Célibataire,Moins de $40K,Blue,28,1,3,0,86,0.0
712342833,Client actuel,52,F,2,Licence,Marié(e),Non connu,Blue,36,3,1,2248,80,0.381
721121283,Client actuel,37,F,2,Licence,Célibataire,$40K - $60K,Blue,24,1,4,1280,81,0.497
790006383,Client actuel,45,M,0,Non connu,Célibataire,$80K - $120K,Blue,37,3,2,2035,67,0.211
756989583,Client actuel,41,M,4,Licence,Non connu,$40K - $60K,Blue,24,2,2,0,68,0.0
717477783,Client perdu,49,F,4,Non connu,Célibataire,$60K - $80K,Silver,37,2,2,2389,36,0.234
716614683,Client actuel,49,M,3,Niveau Bac+2,Célibataire,$60K - $80K,Gold,36,3,1,1255,73,0.036
789942033,Client perdu,43,M,4,Licence,Célibataire,$60K - $80K,Blue,34,3,3,0,43,0.0
740784258,Client actuel,47,F,2,Niveau Bac+2,Célibataire,Moins de $40K,Blue,40,3,3,1088,90,0.608
711336033,Client actuel,26,F,0,Non connu,Célibataire,Non connu,Blue,36,3,2,1032,72,0.136
768141558,Client actuel,51,M,3,Niveau Bac+2,Célibataire,$40K - $60K,Blue,45,3,0,1896,74,0.579
717179508,Client actuel,33,F,0,Licence,Célibataire,Moins de $40K,Blue,26,1,3,1565,68,0.657
716520033,Client actuel,52,M,2,Master,Célibataire,$80K - $120K,Blue,36,4,1,1448,61,0.731
783625008,Client actuel,51,M,2,Master,Célibataire,$120K +,Blue,45,2,2,0,71,0.0
769330908,Client actuel,49,F,4,Lycée (équivalent baccalauréat),Marié(e),Moins de $40K,Blue,43,3,4,1555,62,0.604
789396783,Client actuel,30,F,0,Lycée (équivalent baccalauréat),Célibataire,Moins de $40K,Blue,20,3,4,1109,78,0.525
709310433,Client actuel,65,F,0,Non connu,Célibataire,Moins de $40K,Blue,56,2,2,812,76,0.149
713094483,Client actuel,43,F,3,Non connu,Marié(e),$40K - $60K,Blue,32,2,4,0,78,0.0
770753733,Client actuel,42,F,5,Niveau Bac+2,Célibataire,Moins de $40K,Blue,28,3,2,1865,85,0.613
712659408,Client actuel,57,M,1,Lycée (équivalent baccalauréat),Marié(e),$40K - $60K,Blue,45,3,2,2159,81,0.793
768475383,Client actuel,62,F,0,Non connu,Célibataire,$40K - $60K,Blue,56,1,2,0,74,0.0
779655183,Client actuel,48,M,4,Niveau Bac+2,Célibataire,$80K - $120K,Blue,31,1,3,0,82,0.0
711278283,Client actuel,61,F,1,Lycée (équivalent baccalauréat),Non connu,Moins de $40K,Blue,50,1,2,1075,65,0.125
713345508,Client actuel,43,F,2,Lycée (équivalent baccalauréat),Célibataire,Moins de $40K,Blue,36,3,2,1662,83,0.715
711379083,Client actuel,60,F,0,Doctorat,Célibataire,Moins de $40K,Blue,42,3,3,1429,74,0.518
789144633,Client actuel,45,M,1,Licence,Marié(e),$80K - $120K,Blue,34,2,2,850,34,0.088
708393633,Client actuel,41,F,0,Lycée (équivalent baccalauréat),Marié(e),Moins de $40K,Blue,31,2,4,1647,94,0.613
708657033,Client actuel,60,F,2,Niveau Bac+2,Célibataire,Moins de $40K,Blue,54,3,2,1923,71,0.714
717949008,Client perdu,40,F,4,Lycée (équivalent baccalauréat),Célibataire,$40K - $60K,Blue,29,2,3,412,43,0.265
788866983,Client actuel,63,F,0,Non connu,Célibataire,Moins de $40K,Blue,48,2,1,0,61,0.0
751283658,Client actuel,42,F,4,Non connu,Célibataire,$40K - $60K,Blue,35,3,3,1316,73,0.737
718243533,Client actuel,48,M,3,Master,Divorcé(e),$60K - $80K,Blue,36,3,4,0,74,0.0
779754408,Client actuel,44,M,3,Licence,Célibataire,$40K - $60K,Blue,33,2,2,2123,69,0.857
794866983,Client actuel,51,F,1,Doctorat,Marié(e),Non connu,Blue,45,2,1,1031,67,0.141
711832533,Client actuel,42,M,3,Lycée (équivalent baccalauréat),Célibataire,$80K - $120K,Silver,32,3,3,1396,62,0.04
788552658,Client actuel,46,F,4,Sans diplôme,Marié(e),Moins de $40K,Blue,30,3,1,1759,86,0.71
715415508,Client actuel,42,F,4,Licence,Célibataire,Non connu,Blue,36,3,3,1870,71,0.199
719962458,Client actuel,44,F,2,Licence,Non connu,Moins de $40K,Blue,34,2,2,1491,70,0.582
712734933,Client perdu,43,F,2,Niveau Bac+2,Marié(e),$60K - $80K,Blue,36,2,3,0,39,0.0
717410508,Client actuel,43,M,3,Non connu,Marié(e),$60K - $80K,Silver,30,3,4,1281,70,0.05
711796683,Client actuel,50,F,2,Licence,Célibataire,Moins de $40K,Blue,38,4,2,1581,73,0.214
709407933,Client actuel,51,M,3,Lycée (équivalent baccalauréat),Célibataire,$80K - $120K,Silver,38,3,4,1802,80,0.052
810493458,Client actuel,52,F,1,Sans diplôme,Célibataire,Non connu,Blue,47,1,3,1349,72,0.332
720494058,Client actuel,51,F,2,Niveau Bac+2,Marié(e),Moins de $40K,Blue,25,3,3,0,79,0.0
717050883,Client actuel,60,F,1,Lycée (équivalent baccalauréat),Célibataire,Moins de $40K,Blue,36,2,2,1617,71,0.602
713163258,Client perdu,38,F,2,Non connu,Marié(e),Non connu,Blue,33,3,3,0,52,0.0
715659333,Client actuel,43,F,4,Lycée (équivalent baccalauréat),Célibataire,$40K - $60K,Blue,36,3,2,2517,69,0.513
712414908,Client actuel,45,F,4,Non connu,Marié(e),Non connu,Blue,37,2,1,0,80,0.0
720175008,Client actuel,48,F,2,Doctorat,Marié(e),$40K - $60K,Blue,34,1,4,1843,66,0.364
719876808,Client actuel,43,M,3,Non connu,Divorcé(e),$80K - $120K,Blue,36,2,3,0,62,0.0
713334483,Client perdu,46,M,1,Master,Célibataire,$60K - $80K,Blue,32,2,3,0,35,0.0
708360108,Client actuel,50,M,1,Niveau Bac+2,Célibataire,$40K - $60K,Blue,41,1,1,1338,90,0.478
720676158,Client actuel,34,F,4,Sans diplôme,Célibataire,Non connu,Blue,21,3,2,1994,89,0.221
716631708,Client actuel,56,M,2,Lycée (équivalent baccalauréat),Marié(e),$60K - $80K,Blue,36,3,1,1990,67,0.734
713025558,Client perdu,53,F,5,Doctorat,Célibataire,$60K - $80K,Blue,38,2,3,0,47,0.0
710506683,Client actuel,47,F,4,Lycée (équivalent baccalauréat),Célibataire,$40K - $60K,Blue,39,1,0,0,75,0.0
712428333,Client actuel,49,M,3,Sans diplôme,Célibataire,$80K - $120K,Blue,41,3,4,1901,75,0.649
718041033,Client actuel,47,F,4,Licence,Marié(e),Moins de $40K,Blue,36,1,4,1455,76,0.668
709169133,Client actuel,35,F,1,Lycée (équivalent baccalauréat),Marié(e),Non connu,Blue,23,3,1,0,82,0.0
718164858,Client actuel,42,F,4,Master,Marié(e),Moins de $40K,Blue,34,3,2,1281,97,0.634
809565183,Client perdu,52,F,1,Licence,Célibataire,$80K - $120K,Blue,47,3,7,625,43,0.339
778377183,Client actuel,49,M,3,Licence,Célibataire,$120K +,Blue,29,2,2,1144,92,0.063
712845258,Client actuel,41,M,2,Sans diplôme,Célibataire,$80K - $120K,Gold,33,3,2,1642,71,0.048
716915133,Client actuel,42,F,2,Non connu,Célibataire,Moins de $40K,Blue,36,3,4,0,70,0.0
771403008,Client actuel,52,M,2,Licence,Non connu,$60K - $80K,Blue,40,1,3,0,75,0.0
787441383,Client actuel,52,F,0,Licence,Marié(e),Moins de $40K,Blue,37,1,2,1284,62,0.716
711345258,Client actuel,52,F,2,Lycée (équivalent baccalauréat),Marié(e),$40K - $60K,Blue,44,3,1,0,85,0.0
713685033,Client perdu,44,F,2,Licence,Marié(e),$60K - $80K,Blue,33,2,2,0,38,0.0
718205283,Client actuel,48,F,3,Niveau Bac+2,Célibataire,$40K - $60K,Blue,37,3,1,0,76,0.0
708337683,Client actuel,51,M,2,Sans diplôme,Célibataire,$60K - $80K,Blue,40,2,2,893,62,0.041
720941433,Client perdu,53,F,3,Lycée (équivalent baccalauréat),Marié(e),Moins de $40K,Blue,41,3,2,0,43,0.0
710201058,Client actuel,46,F,4,Licence,Marié(e),Moins de $40K,Blue,38,3,2,736,65,0.496
785218458,Client actuel,44,M,2,Licence,Marié(e),$40K - $60K,Blue,38,1,3,2282,77,0.911
770740308,Client actuel,49,F,4,Licence,Non connu,$40K - $60K,Blue,35,3,2,1699,92,0.646
787493808,Client perdu,48,F,4,Licence,Non connu,$60K - $80K,Blue,36,2,2,2480,49,0.919
708846183,Client actuel,48,M,4,Niveau Bac+2,Célibataire,$60K - $80K,Blue,30,2,2,2234,68,0.676
810586833,Client actuel,38,F,3,Licence,Divorcé(e),Non connu,Blue,33,2,3,857,78,0.029
711151383,Client perdu,34,F,1,Master,Célibataire,$60K - $80K,Blue,26,2,7,347,37,0.168
712425258,Client actuel,46,F,4,Non connu,Célibataire,Moins de $40K,Blue,26,1,3,1379,72,0.742
772063308,Client actuel,45,M,2,Licence,Célibataire,$60K - $80K,Blue,34,1,1,0,79,0.0
718574808,Client actuel,33,F,2,Licence,Célibataire,Moins de $40K,Blue,17,3,4,1846,74,0.759
717131283,Client actuel,43,F,4,Lycée (équivalent baccalauréat),Divorcé(e),$40K - $60K,Blue,34,1,1,1579,67,0.262
798996183,Client actuel,61,F,0,Non connu,Marié(e),Moins de $40K,Blue,55,2,3,1512,80,0.689
716831508,Client actuel,47,F,3,Lycée (équivalent baccalauréat),Célibataire,$40K - $60K,Blue,34,1,3,1524,59,0.776
715297908,Client perdu,41,F,4,Niveau Bac+2,Non connu,Non connu,Blue,22,2,3,1125,52,0.782
813234108,Client actuel,45,F,3,Sans diplôme,Marié(e),Moins de $40K,Blue,40,1,3,1212,70,0.415
711027183,Client actuel,50,M,4,Niveau Bac+2,Célibataire,$40K - $60K,Blue,45,3,1,600,80,0.086
718812708,Client perdu,57,M,2,Licence,Marié(e),$120K +,Blue,44,3,7,219,48,0.006
709505808,Client perdu,45,F,3,Niveau Bac+2,Célibataire,Non connu,Blue,33,3,7,2198,31,0.506
711267633,Client perdu,50,F,3,Licence,Divorcé(e),$80K - $120K,Blue,40,7,7,316,36,0.074
719613783,Client actuel,51,F,1,Doctorat,Marié(e),Moins de $40K,Blue,42,2,2,0,64,0.0
719035758,Client actuel,53,F,3,Sans diplôme,Divorcé(e),Moins de $40K,Blue,43,1,2,1516,78,0.636
708473133,Client actuel,55,F,1,Licence,Marié(e),Moins de $40K,Blue,45,2,3,0,68,0.0
712996833,Client actuel,40,F,1,Lycée (équivalent baccalauréat),Marié(e),Non connu,Blue,33,2,2,1129,86,0.472
720963258,Client perdu,52,F,3,Niveau Bac+2,Marié(e),$60K - $80K,Blue,40,2,3,0,37,0.0
819606258,Client actuel,48,M,4,Non connu,Marié(e),$60K - $80K,Blue,43,3,3,1629,55,0.186
714634983,Client perdu,44,F,1,Non connu,Célibataire,Non connu,Blue,36,3,3,0,48,0.0
806428908,Client actuel,60,F,1,Licence,Célibataire,Non connu,Blue,55,3,3,0,75,0.0
710903358,Client actuel,65,F,0,Non connu,Célibataire,Moins de $40K,Blue,55,2,1,1386,77,0.218
712676208,Client actuel,46,F,5,Lycée (équivalent baccalauréat),Célibataire,Moins de $40K,Blue,36,3,3,1324,79,0.741
709005633,Client perdu,62,M,0,Lycée (équivalent baccalauréat),Célibataire,$60K - $80K,Blue,51,2,7,0,52,0.0
712102983,Client actuel,47,F,2,Niveau Bac+2,Marié(e),Moins de $40K,Blue,36,3,3,0,87,0.0
754480233,Client actuel,50,M,2,Master,Divorcé(e),$40K - $60K,Blue,43,2,4,0,62,0.0
719042208,Client actuel,43,M,4,Doctorat,Non connu,$60K - $80K,Blue,33,3,4,1250,65,0.605
716251608,Client actuel,45,F,4,Non connu,Marié(e),Moins de $40K,Blue,36,1,4,0,87,0.0
715537383,Client actuel,46,M,3,Niveau Bac+2,Célibataire,$120K +,Blue,30,1,2,1893,78,0.069
709460883,Client perdu,38,F,2,Doctorat,Marié(e),$60K - $80K,Blue,28,2,7,0,46,0.0
789325008,Client actuel,49,M,3,Niveau Bac+2,Célibataire,Moins de $40K,Blue,38,3,1,1991,82,0.253
719195733,Client actuel,47,M,3,Niveau Bac+2,Marié(e),$60K - $80K,Blue,36,1,3,1900,85,0.444
787665258,Client perdu,47,F,3,Non connu,Marié(e),Moins de $40K,Blue,37,2,2,0,36,0.0
710226708,Client actuel,55,F,2,Sans diplôme,Divorcé(e),Moins de $40K,Blue,49,2,1,680,93,0.473
711982383,Client actuel,62,M,1,Licence,Célibataire,$60K - $80K,Blue,49,3,2,1777,79,0.081
716345283,Client actuel,55,M,2,Sans diplôme,Célibataire,$60K - $80K,Blue,36,1,4,1920,66,0.407
816850458,Client perdu,33,M,2,Non connu,Marié(e),$60K - $80K,Blue,28,2,7,0,40,0.0
710842308,Client actuel,41,F,5,Sans diplôme,Célibataire,$40K - $60K,Blue,26,3,4,928,83,0.41
713132133,Client actuel,54,F,1,Non connu,Marié(e),Moins de $40K,Blue,39,2,4,1694,81,0.623
788874333,Client actuel,55,M,3,Master,Non connu,$120K +,Blue,40,1,4,1305,67,0.083
717987258,Client actuel,43,F,3,Non connu,Célibataire,$40K - $60K,Blue,36,2,4,1686,67,0.65
793712658,Client perdu,52,M,3,Licence,Marié(e),$80K - $120K,Blue,46,2,3,2517,36,0.168
708324483,Client actuel,47,F,4,Non connu,Célibataire,Moins de $40K,Blue,39,3,4,0,71,0.0
768612258,Client actuel,52,F,3,Non connu,Célibataire,Moins de $40K,Blue,46,3,3,1623,78,0.601
719659758,Client actuel,45,F,4,Lycée (équivalent baccalauréat),Marié(e),$40K - $60K,Blue,35,1,0,1670,72,0.572
711313158,Client actuel,50,F,4,Non connu,Célibataire,Non connu,Blue,44,1,1,0,74,0.0
716483358,Client actuel,44,M,3,Licence,Célibataire,$40K - $60K,Blue,29,1,4,1329,68,0.217
719829633,Client actuel,42,F,2,Non connu,Marié(e),Moins de $40K,Blue,29,3,4,1733,79,0.542
812465958,Client actuel,53,F,3,Master,Divorcé(e),Non connu,Blue,48,2,2,997,83,0.081
786536808,Client actuel,51,M,2,Niveau Bac+2,Marié(e),$80K - $120K,Blue,45,3,1,0,82,0.0
807369708,Client actuel,52,M,3,Niveau Bac+2,Marié(e),$120K +,Blue,47,2,4,0,74,0.0
711397533,Client actuel,52,F,2,Lycée (équivalent baccalauréat),Marié(e),Moins de $40K,Blue,41,2,2,2410,62,0.429
711740508,Client actuel,50,F,1,Non connu,Marié(e),$40K - $60K,Blue,40,2,2,1575,82,0.592
715233108,Client actuel,38,M,1,Niveau Bac+2,Marié(e),$60K - $80K,Blue,36,1,2,862,83,0.304
813807258,Client actuel,50,F,2,Lycée (équivalent baccalauréat),Marié(e),$40K - $60K,Blue,45,3,3,0,82,0.0
769183908,Client actuel,51,F,2,Doctorat,Célibataire,Non connu,Blue,45,3,1,683,58,0.324
718451133,Client actuel,48,M,2,Licence,Célibataire,$60K - $80K,Blue,40,5,4,1413,68,0.095
721115733,Client actuel,47,M,3,Non connu,Marié(e),$60K - $80K,Blue,36,3,2,894,79,0.562
720085233,Client perdu,51,F,2,Doctorat,Divorcé(e),Non connu,Blue,40,3,7,2517,38,0.282
717036408,Client actuel,36,F,1,Sans diplôme,Célibataire,Non connu,Blue,36,3,1,1626,81,0.347
714427608,Client actuel,45,F,5,Master,Marié(e),Non connu,Blue,29,3,1,681,78,0.267
780019908,Client actuel,53,F,1,Licence,Célibataire,Moins de $40K,Blue,43,3,2,644,82,0.297
827898033,Client perdu,54,F,1,Sans diplôme,Marié(e),Non connu,Blue,50,0,3,0,54,0.0
720302883,Client actuel,53,F,3,Licence,Marié(e),Moins de $40K,Blue,35,3,1,2180,78,0.643
715893633,Client actuel,47,F,4,Doctorat,Célibataire,Moins de $40K,Blue,36,3,2,1084,81,0.494
720730683,Client actuel,51,F,2,Licence,Marié(e),Non connu,Blue,36,3,3,730,84,0.042
720638283,Client actuel,40,F,4,Niveau Bac+2,Célibataire,Moins de $40K,Blue,20,3,2,1731,83,0.618
789053883,Client actuel,43,M,3,Master,Célibataire,$60K - $80K,Blue,31,2,1,2231,84,0.199
719286708,Client actuel,50,F,1,Licence,Célibataire,Moins de $40K,Blue,39,5,2,1340,76,0.551
713952558,Client perdu,53,F,3,Doctorat,Célibataire,Non connu,Blue,43,3,2,1474,40,0.823
793395933,Client actuel,59,F,1,Lycée (équivalent baccalauréat),Célibataire,Moins de $40K,Blue,53,3,3,1740,69,0.641
813895458,Client actuel,49,F,0,Non connu,Célibataire,Non connu,Blue,43,3,3,0,89,0.0
771733608,Client perdu,47,F,1,Licence,Marié(e),$40K - $60K,Blue,35,3,7,0,40,0.0
710102208,Client actuel,56,M,2,Licence,Célibataire,$60K - $80K,Blue,36,2,2,0,75,0.0
719511783,Client actuel,48,F,1,Non connu,Marié(e),Non connu,Blue,41,2,2,1197,78,0.832
712849158,Client perdu,55,M,0,Lycée (équivalent baccalauréat),Divorcé(e),$80K - $120K,Blue,44,3,3,2488,44,0.126
783070833,Client actuel,34,F,4,Licence,Célibataire,$40K - $60K,Blue,28,2,3,1899,86,0.768
713419908,Client actuel,58,F,2,Lycée (équivalent baccalauréat),Marié(e),Non connu,Blue,50,2,3,0,72,0.0
789345408,Client actuel,39,F,2,Niveau Bac+2,Marié(e),$40K - $60K,Blue,29,3,2,722,53,0.502
720992883,Client actuel,47,F,4,Licence,Marié(e),Moins de $40K,Blue,37,3,3,1863,76,0.584
803652633,Client actuel,47,F,2,Sans diplôme,Célibataire,Moins de $40K,Blue,41,2,2,1575,70,0.753
789248958,Client actuel,37,F,2,Lycée (équivalent baccalauréat),Marié(e),$40K - $60K,Blue,26,2,3,2517,89,0.854
716178483,Client actuel,41,F,4,Sans diplôme,Non connu,$40K - $60K,Blue,29,3,2,0,71,0.0
715440558,Client actuel,50,F,1,Licence,Marié(e),Moins de $40K,Blue,36,1,2,1888,74,0.456
711535158,Client perdu,46,F,1,Niveau Bac+2,Non connu,Non connu,Blue,35,3,3,461,42,0.21
713647083,Client actuel,53,F,2,Sans diplôme,Célibataire,Non connu,Blue,36,2,3,1761,80,0.189
718311933,Client perdu,53,F,4,Doctorat,Marié(e),$60K - $80K,Blue,37,2,2,2517,43,0.677
718404783,Client perdu,59,F,0,Non connu,Marié(e),Non connu,Blue,49,2,6,0,33,0.0
817332483,Client perdu,63,M,0,Doctorat,Célibataire,Non connu,Blue,47,7,3,0,43,0.0
710015733,Client perdu,41,F,1,Doctorat,Divorcé(e),$60K - $80K,Blue,30,3,1,621,37,0.306
794965233,Client perdu,51,F,1,Licence,Marié(e),$60K - $80K,Silver,45,3,3,781,44,0.059
710512833,Client actuel,38,F,2,Licence,Marié(e),Moins de $40K,Blue,29,1,1,1338,79,0.405
710803008,Client actuel,40,F,3,Doctorat,Marié(e),Moins de $40K,Blue,30,3,2,2041,68,0.653
712987608,Client actuel,51,F,2,Doctorat,Célibataire,Moins de $40K,Blue,40,3,3,1153,84,0.802
716974383,Client actuel,41,M,5,Licence,Marié(e),$80K - $120K,Blue,28,2,0,1979,35,0.794
720930633,Client perdu,58,F,0,Lycée (équivalent baccalauréat),Célibataire,Moins de $40K,Blue,46,7,2,0,37,0.0
710136258,Client perdu,33,F,2,Licence,Célibataire,$60K - $80K,Blue,24,2,3,0,43,0.0
779438208,Client actuel,38,F,3,Licence,Célibataire,Moins de $40K,Blue,22,3,3,1175,75,0.606
721017333,Client actuel,42,F,4,Master,Marié(e),Moins de $40K,Blue,36,2,3,2002,83,0.628
720952608,Client actuel,44,F,2,Lycée (équivalent baccalauréat),Célibataire,Moins de $40K,Blue,29,1,2,1505,68,0.658
712886733,Client actuel,44,F,1,Licence,Non connu,Moins de $40K,Blue,32,3,3,1338,87,0.752
810545733,Client actuel,47,F,2,Niveau Bac+2,Marié(e),Non connu,Blue,42,3,3,1480,63,0.624
822132858,Client perdu,41,M,4,Sans diplôme,Marié(e),$80K - $120K,Blue,37,2,2,0,43,0.0
713526258,Client perdu,47,M,3,Sans diplôme,Célibataire,$120K +,Blue,36,3,7,0,33,0.0
712877733,Client actuel,48,M,5,Licence,Marié(e),$80K - $120K,Blue,42,3,3,1402,84,0.109
713339283,Client actuel,54,M,3,Non connu,Marié(e),$60K - $80K,Blue,39,3,4,798,71,0.126
720473433,Client actuel,59,F,1,Licence,Non connu,Moins de $40K,Blue,36,1,3,2486,78,0.948
780584658,Client perdu,33,F,2,Sans diplôme,Non connu,$40K - $60K,Blue,22,2,2,1293,61,0.702
711824358,Client actuel,44,F,4,Niveau Bac+2,Célibataire,Moins de $40K,Blue,31,3,2,0,70,0.0
789990333,Client actuel,43,F,4,Licence,Célibataire,$40K - $60K,Blue,35,2,2,722,80,0.314
721332033,Client actuel,42,M,2,Non connu,Célibataire,$80K - $120K,Blue,30,2,1,892,67,0.031
709612983,Client perdu,41,F,2,Licence,Marié(e),$40K - $60K,Blue,36,2,7,1828,41,0.611
771058908,Client actuel,55,F,3,Lycée (équivalent baccalauréat),Célibataire,$40K - $60K,Blue,42,3,2,2455,72,0.855
715471833,Client actuel,50,M,0,Master,Célibataire,$80K - $120K,Blue,36,1,3,0,67,0.0
711781233,Client actuel,53,F,3,Licence,Marié(e),Non connu,Blue,45,1,3,0,87,0.0
713947908,Client actuel,33,M,2,Lycée (équivalent baccalauréat),Célibataire,$80K - $120K,Blue,23,2,2,0,91,0.0
709741608,Client actuel,51,M,2,Non connu,Célibataire,$80K - $120K,Blue,36,1,2,0,53,0.0
709333608,Client actuel,58,F,2,Lycée (équivalent baccalauréat),Célibataire,Non connu,Blue,46,2,2,1345,84,0.562
709688883,Client perdu,45,M,3,Lycée (équivalent baccalauréat),Non connu,$80K - $120K,Blue,36,3,2,0,39,0.0
716269308,Client actuel,56,F,3,Licence,Célibataire,Moins de $40K,Blue,36,2,2,1362,90,0.48
708692583,Client perdu,44,F,2,Lycée (équivalent baccalauréat),Célibataire,Moins de $40K,Blue,31,3,3,168,44,0.112
709892658,Client actuel,48,F,5,Licence,Célibataire,Moins de $40K,Blue,38,3,2,1300,67,0.81
713815383,Client perdu,53,M,1,Lycée (équivalent baccalauréat),Célibataire,$80K - $120K,Blue,36,2,2,0,44,0.0
710183283,Client actuel,55,F,1,Lycée (équivalent baccalauréat),Marié(e),Moins de $40K,Blue,36,1,1,0,84,0.0
711937158,Client actuel,49,M,3,Niveau Bac+2,Marié(e),$60K - $80K,Blue,39,3,3,0,87,0.0
771486933,Client actuel,64,M,1,Licence,Célibataire,Moins de $40K,Blue,52,3,2,2242,84,0.875
717450633,Client perdu,47,M,3,Sans diplôme,Célibataire,$60K - $80K,Blue,36,2,7,1544,39,0.931
718421808,Client actuel,56,F,2,Sans diplôme,Marié(e),Non connu,Blue,43,3,2,1765,73,0.575
716403633,Client actuel,60,F,0,Niveau Bac+2,Divorcé(e),Moins de $40K,Blue,50,3,2,1650,69,0.482
717646983,Client perdu,59,F,1,Licence,Célibataire,$60K - $80K,Blue,49,3,6,424,53,0.132
778837083,Client perdu,50,M,2,Licence,Marié(e),$80K - $120K,Blue,31,3,3,321,62,0.025
768632958,Client perdu,59,F,1,Licence,Célibataire,Non connu,Blue,49,6,8,1091,49,0.125
715622508,Client perdu,52,M,2,Non connu,Marié(e),$80K - $120K,Blue,41,6,3,0,32,0.0
708402333,Client actuel,48,F,2,Doctorat,Divorcé(e),Non connu,Blue,37,2,0,1313,88,0.289
708946008,Client perdu,46,F,3,Niveau Bac+2,Marié(e),$60K - $80K,Blue,36,2,2,1214,39,0.844
715625658,Client actuel,49,F,3,Lycée (équivalent baccalauréat),Marié(e),Moins de $40K,Blue,36,1,3,1492,87,0.333
789599283,Client actuel,44,F,3,Niveau Bac+2,Divorcé(e),Non connu,Blue,38,3,2,1448,62,0.723
708960858,Client actuel,40,M,4,Lycée (équivalent baccalauréat),Marié(e),$80K - $120K,Blue,21,2,3,2066,85,0.18
814840833,Client perdu,44,M,4,Doctorat,Marié(e),$120K +,Blue,39,3,2,2517,37,0.318
772082208,Client actuel,39,M,1,Licence,Célibataire,$120K +,Blue,28,2,2,0,82,0.0
711597183,Client actuel,43,M,2,Sans diplôme,Divorcé(e),$80K - $120K,Blue,34,3,2,0,72,0.0
712110333,Client perdu,37,F,3,Lycée (équivalent baccalauréat),Célibataire,Non connu,Blue,18,1,3,0,48,0.0
718673358,Client perdu,35,M,3,Doctorat,Marié(e),$80K - $120K,Blue,30,3,7,1528,52,0.112
712479633,Client perdu,31,F,1,Non connu,Célibataire,Moins de $40K,Blue,20,1,2,0,43,0.0
716108283,Client actuel,53,F,4,Licence,Marié(e),Moins de $40K,Blue,46,3,3,1579,82,0.356
779360808,Client actuel,49,F,3,Licence,Marié(e),Moins de $40K,Blue,35,3,3,2032,75,0.696
716352033,Client actuel,49,F,2,Licence,Marié(e),Moins de $40K,Blue,39,3,3,1035,78,0.37
716643033,Client perdu,41,F,2,Licence,Marié(e),$60K - $80K,Blue,31,3,3,2137,40,0.828
711567333,Client actuel,43,M,1,Lycée (équivalent baccalauréat),Célibataire,$60K - $80K,Blue,31,3,2,1720,70,0.607
788756133,Client actuel,44,F,3,Non connu,Divorcé(e),Moins de $40K,Blue,24,1,2,1508,60,0.576
755437533,Client actuel,48,F,4,Licence,Célibataire,Moins de $40K,Blue,41,3,2,1273,77,0.836
713573508,Client perdu,41,M,4,Licence,Non connu,$40K - $60K,Silver,32,2,4,425,43,0.026
709430508,Client perdu,40,M,4,Lycée (équivalent baccalauréat),Non connu,$40K - $60K,Blue,32,2,3,1335,50,0.182
710645583,Client actuel,44,F,2,Sans diplôme,Célibataire,Non connu,Blue,37,1,2,1742,75,0.228
714253983,Client actuel,44,M,3,Non connu,Marié(e),$40K - $60K,Blue,36,2,3,0,59,0.0
771566208,Client actuel,48,M,3,Niveau Bac+2,Marié(e),Moins de $40K,Blue,36,1,2,1318,74,0.15
713314533,Client perdu,40,M,2,Non connu,Célibataire,$60K - $80K,Blue,27,2,3,0,41,0.0
720725883,Client actuel,34,F,2,Niveau Bac+2,Célibataire,Moins de $40K,Blue,20,2,3,1503,68,0.554
708539583,Client actuel,44,F,3,Non connu,Marié(e),Non connu,Blue,25,1,3,2232,63,0.112
716747283,Client actuel,44,F,2,Sans diplôme,Célibataire,Moins de $40K,Blue,36,2,2,1224,79,0.584
787519683,Client actuel,41,F,2,Licence,Célibataire,Moins de $40K,Blue,30,2,2,2270,78,0.75
721044333,Client actuel,34,F,2,Niveau Bac+2,Célibataire,Moins de $40K,Blue,22,2,0,761,91,0.449
713679633,Client perdu,41,F,3,Licence,Marié(e),$60K - $80K,Blue,33,3,7,0,51,0.0
711126483,Client actuel,37,F,1,Licence,Célibataire,Moins de $40K,Blue,28,3,3,599,76,0.416
814191333,Client perdu,55,M,2,Non connu,Divorcé(e),$120K +,Blue,50,7,3,278,41,0.011
715040208,Client actuel,49,F,2,Licence,Célibataire,Non connu,Blue,38,3,3,871,72,0.172
710769258,Client actuel,40,F,2,Licence,Célibataire,Non connu,Blue,27,2,3,1513,75,0.341
715227633,Client actuel,36,F,3,Niveau Bac+2,Célibataire,Moins de $40K,Blue,36,2,3,0,60,0.0
708635058,Client actuel,53,F,0,Lycée (équivalent baccalauréat),Célibataire,Moins de $40K,Blue,44,1,1,886,85,0.465
709051533,Client actuel,46,F,1,Licence,Marié(e),$40K - $60K,Blue,26,3,0,1569,92,0.535
718940208,Client actuel,55,F,0,Licence,Célibataire,Non connu,Blue,44,1,3,1841,68,0.101
712361583,Client actuel,47,M,5,Licence,Marié(e),$80K - $120K,Silver,36,3,1,760,67,0.022
708390633,Client actuel,52,F,3,Licence,Marié(e),Moins de $40K,Blue,44,5,3,2312,69,0.955
720281508,Client actuel,44,F,2,Doctorat,Divorcé(e),Moins de $40K,Blue,34,1,2,1491,91,0.62
720885558,Client actuel,51,F,2,Lycée (équivalent baccalauréat),Célibataire,$40K - $60K,Blue,37,1,1,2426,74,0.926
709781208,Client actuel,34,F,0,Non connu,Marié(e),Moins de $40K,Blue,26,3,1,0,82,0.0
710086308,Client actuel,46,F,4,Lycée (équivalent baccalauréat),Non connu,$40K - $60K,Blue,38,2,0,1179,87,0.323
713282733,Client actuel,37,F,2,Licence,Célibataire,$40K - $60K,Blue,24,3,1,1730,64,0.513
815812683,Client actuel,47,M,3,Non connu,Célibataire,$120K +,Blue,42,3,2,1433,77,0.162
708204033,Client actuel,36,F,5,Non connu,Célibataire,Moins de $40K,Blue,24,1,1,2093,70,0.702
720040158,Client actuel,47,M,3,Sans diplôme,Célibataire,$60K - $80K,Blue,36,3,2,0,71,0.0
755996583,Client perdu,57,F,2,Sans diplôme,Célibataire,Moins de $40K,Blue,50,0,3,0,43,0.0
711359058,Client actuel,46,F,4,Lycée (équivalent baccalauréat),Célibataire,Moins de $40K,Blue,33,2,2,1711,71,0.434
714064908,Client actuel,57,F,1,Licence,Célibataire,Moins de $40K,Blue,36,2,3,1289,84,0.728
717074283,Client perdu,45,F,3,Licence,Divorcé(e),Non connu,Blue,37,2,8,0,49,0.0
765847383,Client actuel,50,M,1,Licence,Marié(e),$120K +,Blue,43,5,3,0,78,0.0
789531633,Client actuel,53,F,4,Licence,Célibataire,Moins de $40K,Blue,46,1,2,777,88,0.189
820593033,Client actuel,43,F,2,Licence,Célibataire,$40K - $60K,Silver,39,1,2,1736,64,0.094
710078358,Client actuel,36,M,4,Master,Marié(e),Moins de $40K,Blue,26,1,1,1291,88,0.581
715025208,Client actuel,56,F,2,Niveau Bac+2,Marié(e),Moins de $40K,Blue,46,3,3,1778,63,0.57
709596783,Client actuel,46,M,3,Niveau Bac+2,Marié(e),$40K - $60K,Blue,34,1,2,0,78,0.0
715960308,Client perdu,53,F,1,Licence,Divorcé(e),$80K - $120K,Blue,44,3,3,2517,49,0.615
716653758,Client actuel,55,M,0,Non connu,Célibataire,$60K - $80K,Blue,36,3,3,0,74,0.0
787268733,Client actuel,52,F,1,Licence,Marié(e),$40K - $60K,Blue,46,1,2,1507,85,0.617
789923058,Client perdu,53,F,1,Lycée (équivalent baccalauréat),Marié(e),$40K - $60K,Blue,44,3,3,0,44,0.0
771079833,Client actuel,40,F,3,Lycée (équivalent baccalauréat),Célibataire,Moins de $40K,Blue,27,3,3,0,78,0.0
710507733,Client actuel,42,M,4,Licence,Célibataire,$60K - $80K,Blue,35,3,1,1644,68,0.11
779269158,Client perdu,43,F,2,Licence,Marié(e),Non connu,Blue,25,2,8,0,39,0.0
711627558,Client actuel,40,F,3,Sans diplôme,Célibataire,Moins de $40K,Blue,30,1,2,912,73,0.561
710536983,Client actuel,49,F,0,Master,Marié(e),Moins de $40K,Blue,36,3,3,2517,67,0.837
712237458,Client actuel,47,M,3,Non connu,Marié(e),$120K +,Blue,28,2,2,802,78,0.069
778289883,Client perdu,42,F,2,Licence,Non connu,$60K - $80K,Blue,32,3,3,0,41,0.0
714154533,Client actuel,45,F,3,Lycée (équivalent baccalauréat),Célibataire,Non connu,Blue,36,1,2,1994,56,0.641
803657133,Client actuel,60,M,1,Licence,Célibataire,$40K - $60K,Blue,54,3,3,1408,75,0.762
769053033,Client perdu,44,F,1,Licence,Célibataire,$40K - $60K,Blue,38,2,7,2517,44,0.608
713613258,Client actuel,46,M,4,Lycée (équivalent baccalauréat),Célibataire,$80K - $120K,Blue,36,1,2,0,71,0.0
768544833,Client actuel,45,F,4,Sans diplôme,Célibataire,Moins de $40K,Blue,39,2,3,1414,77,0.642
720782658,Client actuel,42,M,4,Licence,Marié(e),$60K - $80K,Blue,36,2,3,1749,80,0.487
768162108,Client perdu,49,M,3,Niveau Bac+2,Marié(e),$120K +,Blue,43,3,3,0,50,0.0
710511858,Client actuel,58,F,0,Non connu,Marié(e),Moins de $40K,Blue,36,3,3,1439,88,0.376
714516033,Client actuel,53,M,3,Lycée (équivalent baccalauréat),Marié(e),$120K +,Blue,44,2,0,1005,87,0.111
788630958,Client actuel,44,M,2,Sans diplôme,Célibataire,$40K - $60K,Blue,28,1,2,0,67,0.0
717646008,Client actuel,61,F,1,Niveau Bac+2,Marié(e),Non connu,Blue,46,2,2,0,67,0.0
712290258,Client actuel,49,F,1,Non connu,Marié(e),Moins de $40K,Blue,40,1,3,1840,67,0.698
716292033,Client actuel,37,F,4,Lycée (équivalent baccalauréat),Célibataire,Moins de $40K,Blue,36,2,3,0,84,0.0
780372408,Client actuel,43,F,5,Lycée (équivalent baccalauréat),Célibataire,Moins de $40K,Blue,33,2,2,866,69,0.174
720853158,Client actuel,38,F,3,Lycée (équivalent baccalauréat),Célibataire,Non connu,Blue,24,3,3,1607,70,0.115
823507833,Client actuel,44,M,4,Lycée (équivalent baccalauréat),Célibataire,$60K - $80K,Blue,40,3,2,945,79,0.066
711111633,Client actuel,60,M,1,Lycée (équivalent baccalauréat),Célibataire,$40K - $60K,Silver,49,2,2,0,75,0.0
709904508,Client actuel,59,F,0,Master,Célibataire,$40K - $60K,Blue,40,3,3,1644,71,0.624
712022883,Client actuel,37,F,2,Lycée (équivalent baccalauréat),Célibataire,$40K - $60K,Blue,27,1,2,919,82,0.417
712173108,Client actuel,48,F,1,Non connu,Non connu,$40K - $60K,Blue,36,1,3,1991,82,0.814
714156633,Client actuel,60,F,0,Non connu,Célibataire,Non connu,Blue,36,3,2,0,79,0.0
714581358,Client perdu,48,F,3,Licence,Marié(e),$60K - $80K,Blue,43,3,8,0,36,0.0
713256033,Client actuel,39,F,3,Sans diplôme,Célibataire,Non connu,Blue,25,3,3,1604,74,0.384
825831933,Client actuel,52,F,3,Lycée (équivalent baccalauréat),Marié(e),Moins de $40K,Blue,48,2,2,1103,81,0.352
720274158,Client actuel,42,F,4,Lycée (équivalent baccalauréat),Marié(e),Moins de $40K,Blue,35,2,2,1700,76,0.38
772394883,Client perdu,60,F,1,Sans diplôme,Célibataire,Non connu,Blue,50,8,3,0,43,0.0
794253108,Client actuel,52,M,4,Licence,Célibataire,$40K - $60K,Blue,46,3,2,0,78,0.0
720899883,Client actuel,44,F,1,Lycée (équivalent baccalauréat),Marié(e),$40K - $60K,Blue,35,2,2,0,82,0.0
714313608,Client actuel,36,F,4,Sans diplôme,Marié(e),Moins de $40K,Blue,36,3,0,1886,74,0.446
716602683,Client actuel,49,F,3,Licence,Marié(e),$40K - $60K,Blue,36,3,2,2082,70,0.367
715928808,Client actuel,42,F,2,Lycée (équivalent baccalauréat),Marié(e),Moins de $40K,Blue,31,5,2,1218,75,0.307
771899433,Client perdu,48,M,3,Licence,Marié(e),$80K - $120K,Blue,37,2,8,2434,27,0.305
714771708,Client actuel,36,F,0,Niveau Bac+2,Non connu,Non connu,Blue,26,3,3,0,69,0.0
709711758,Client perdu,45,F,3,Sans diplôme,Divorcé(e),Moins de $40K,Blue,32,2,2,0,31,0.0
721137558,Client perdu,40,M,4,Licence,Divorcé(e),$40K - $60K,Blue,28,2,3,894,42,0.154
820268358,Client actuel,48,F,4,Master,Non connu,Moins de $40K,Blue,43,1,3,1462,75,0.62
709273383,Client actuel,54,F,0,Non connu,Marié(e),Non connu,Blue,36,1,2,696,77,0.084
822959133,Client actuel,32,F,3,Master,Marié(e),$40K - $60K,Blue,26,3,3,2084,83,0.657
720491958,Client actuel,34,F,3,Sans diplôme,Célibataire,Moins de $40K,Blue,36,3,3,0,74,0.0
713607108,Client actuel,46,F,2,Niveau Bac+2,Divorcé(e),Moins de $40K,Blue,31,1,2,1428,61,0.771
709729533,Client perdu,47,M,3,Sans diplôme,Célibataire,$40K - $60K,Blue,39,3,1,457,49,0.253
717890583,Client actuel,48,F,1,Licence,Divorcé(e),$40K - $60K,Blue,38,1,2,1572,93,0.449
718384233,Client actuel,52,M,5,Doctorat,Célibataire,$40K - $60K,Silver,39,2,2,868,58,0.049
713401758,Client actuel,45,M,2,Sans diplôme,Marié(e),$120K +,Blue,36,2,3,1458,75,0.431
773257233,Client actuel,46,F,4,Non connu,Célibataire,Moins de $40K,Blue,39,2,3,1457,70,0.204
713556033,Client actuel,36,F,1,Licence,Marié(e),Moins de $40K,Blue,22,2,3,790,59,0.549
719265108,Client actuel,42,F,3,Lycée (équivalent baccalauréat),Marié(e),Moins de $40K,Blue,33,3,2,1190,94,0.312
778740708,Client actuel,39,F,3,Licence,Marié(e),Moins de $40K,Blue,27,3,2,962,69,0.506
710952933,Client actuel,43,F,1,Sans diplôme,Divorcé(e),Moins de $40K,Blue,36,2,3,1254,75,0.604
720991833,Client perdu,48,F,2,Doctorat,Marié(e),$60K - $80K,Blue,36,3,8,2090,53,0.831
779954658,Client actuel,56,M,4,Lycée (équivalent baccalauréat),Célibataire,$80K - $120K,Blue,40,3,3,0,82,0.0
714204108,Client actuel,45,F,5,Licence,Célibataire,Moins de $40K,Blue,38,3,0,1492,55,0.696
805546308,Client actuel,65,F,0,Lycée (équivalent baccalauréat),Célibataire,Moins de $40K,Blue,56,3,2,2517,83,0.423
716244933,Client actuel,54,F,3,Lycée (équivalent baccalauréat),Divorcé(e),Non connu,Blue,36,5,3,0,87,0.0
712018233,Client actuel,42,F,3,Licence,Célibataire,Non connu,Blue,34,3,3,2517,94,0.152
802878408,Client actuel,53,F,1,Licence,Marié(e),$40K - $60K,Blue,47,2,2,0,88,0.0
719504433,Client actuel,63,M,0,Non connu,Célibataire,$40K - $60K,Silver,54,3,3,1695,71,0.094
794558658,Client actuel,49,F,4,Licence,Marié(e),Moins de $40K,Blue,34,1,3,1430,86,0.559
711634008,Client actuel,42,F,3,Sans diplôme,Marié(e),Moins de $40K,Blue,36,2,2,0,70,0.0
708260208,Client actuel,43,F,5,Sans diplôme,Célibataire,Moins de $40K,Blue,36,3,2,1279,76,0.622
713435058,Client actuel,49,F,5,Lycée (équivalent baccalauréat),Divorcé(e),Moins de $40K,Blue,42,2,3,1489,66,0.755
719656533,Client actuel,44,M,3,Lycée (équivalent baccalauréat),Marié(e),$60K - $80K,Blue,36,2,3,0,79,0.0
719709558,Client actuel,48,M,3,Licence,Marié(e),$40K - $60K,Blue,33,1,2,2126,79,0.342
710311233,Client actuel,44,F,4,Lycée (équivalent baccalauréat),Célibataire,Non connu,Blue,37,3,3,0,86,0.0
719216508,Client actuel,55,F,1,Non connu,Non connu,Moins de $40K,Blue,36,2,1,2517,77,0.773
713105508,Client actuel,46,M,3,Lycée (équivalent baccalauréat),Célibataire,$60K - $80K,Silver,29,3,3,2040,53,0.059
710719683,Client actuel,49,F,1,Lycée (équivalent baccalauréat),Divorcé(e),$40K - $60K,Blue,43,3,2,845,88,0.277
817892208,Client actuel,35,F,2,Doctorat,Célibataire,Moins de $40K,Blue,30,1,1,0,72,0.0
714102183,Client perdu,50,M,3,Sans diplôme,Marié(e),$120K +,Blue,36,2,3,2282,41,0.286
715410783,Client perdu,55,F,1,Non connu,Célibataire,Moins de $40K,Blue,36,2,3,572,34,0.312
718202658,Client actuel,47,M,3,Licence,Non connu,$120K +,Blue,36,2,3,795,98,0.085
719445633,Client actuel,60,F,0,Sans diplôme,Marié(e),Moins de $40K,Blue,36,2,3,0,69,0.0
709820658,Client actuel,45,M,4,Lycée (équivalent baccalauréat),Marié(e),$80K - $120K,Blue,36,2,3,1170,64,0.034
718481283,Client actuel,51,F,1,Lycée (équivalent baccalauréat),Marié(e),Moins de $40K,Blue,43,1,3,1114,73,0.611
789300408,Client actuel,41,M,4,Lycée (équivalent baccalauréat),Marié(e),Moins de $40K,Blue,30,2,2,700,87,0.434
711970533,Client actuel,54,F,4,Non connu,Marié(e),Moins de $40K,Blue,41,2,0,1349,71,0.905
815088483,Client actuel,28,F,1,Licence,Divorcé(e),Moins de $40K,Blue,23,1,3,1156,64,0.455
717139608,Client actuel,50,F,2,Niveau Bac+2,Divorcé(e),Moins de $40K,Blue,36,2,3,1817,65,0.525
717626508,Client actuel,44,F,3,Licence,Marié(e),Moins de $40K,Blue,36,3,1,0,87,0.0
767668908,Client perdu,46,F,3,Licence,Marié(e),Non connu,Blue,40,7,3,1836,32,0.14
712484733,Client actuel,47,M,5,Non connu,Célibataire,$60K - $80K,Blue,32,2,3,2517,85,0.285
716216958,Client actuel,48,M,1,Sans diplôme,Marié(e),$60K - $80K,Blue,42,1,1,883,63,0.199
714246333,Client perdu,58,F,4,Lycée (équivalent baccalauréat),Marié(e),Non connu,Blue,48,7,3,1803,39,0.334
718693683,Client actuel,65,F,0,Lycée (équivalent baccalauréat),Célibataire,$40K - $60K,Blue,53,1,3,2205,74,0.912
716298633,Client actuel,56,F,1,Licence,Célibataire,Moins de $40K,Blue,47,2,3,1792,84,0.859
755661933,Client perdu,48,F,3,Licence,Célibataire,$40K - $60K,Blue,41,3,3,671,45,0.353
712914783,Client actuel,43,M,5,Licence,Célibataire,$40K - $60K,Blue,31,1,2,0,82,0.0
711240108,Client actuel,41,M,2,Licence,Marié(e),$60K - $80K,Blue,31,2,2,1225,61,0.093
721396758,Client actuel,35,F,4,Doctorat,Marié(e),Moins de $40K,Blue,36,1,3,606,80,0.421
715636533,Client actuel,48,F,3,Lycée (équivalent baccalauréat),Marié(e),Moins de $40K,Blue,36,1,2,0,73,0.0
711508608,Client actuel,50,F,1,Non connu,Marié(e),Moins de $40K,Blue,36,5,3,1482,74,0.483
716669658,Client perdu,51,F,1,Lycée (équivalent baccalauréat),Célibataire,Moins de $40K,Blue,33,3,3,1608,38,0.802
718212633,Client actuel,45,F,4,Lycée (équivalent baccalauréat),Marié(e),$40K - $60K,Blue,36,2,1,2232,79,0.757
708357183,Client actuel,47,F,3,Non connu,Célibataire,Moins de $40K,Blue,38,2,3,0,64,0.0
713629533,Client actuel,35,F,1,Sans diplôme,Marié(e),Moins de $40K,Blue,36,2,3,670,83,0.466
771450708,Client actuel,58,F,3,Licence,Marié(e),$40K - $60K,Blue,46,3,1,1913,73,0.41
711311883,Client actuel,48,F,2,Licence,Marié(e),Moins de $40K,Silver,35,2,2,0,63,0.0
802673508,Client perdu,57,M,2,Licence,Marié(e),$120K +,Blue,51,6,3,0,39,0.0
708113208,Client actuel,53,F,1,Lycée (équivalent baccalauréat),Marié(e),Moins de $40K,Blue,36,2,2,0,69,0.0
788786208,Client actuel,46,F,2,Niveau Bac+2,Marié(e),Non connu,Blue,27,3,3,1794,85,0.182
720043533,Client actuel,39,M,4,Licence,Célibataire,$60K - $80K,Blue,26,2,0,917,66,0.202
801083133,Client actuel,57,F,4,Sans diplôme,Célibataire,Moins de $40K,Blue,51,3,3,1446,69,0.408
716246733,Client actuel,57,F,2,Niveau Bac+2,Célibataire,Moins de $40K,Blue,49,2,2,1528,71,0.823
807157833,Client actuel,56,F,4,Sans diplôme,Célibataire,Non connu,Blue,51,1,1,1272,73,0.382
721032633,Client perdu,55,F,3,Non connu,Célibataire,$40K - $60K,Blue,32,3,4,1999,50,0.801
828285858,Client actuel,41,F,3,Niveau Bac+2,Marié(e),Moins de $40K,Blue,37,1,2,765,66,0.532
718890933,Client perdu,45,F,4,Doctorat,Marié(e),$60K - $80K,Blue,27,2,2,0,38,0.0
711148308,Client actuel,52,M,3,Licence,Célibataire,$60K - $80K,Blue,46,2,2,1285,77,0.137
712810233,Client actuel,40,F,2,Licence,Marié(e),Moins de $40K,Blue,36,2,3,1674,80,0.691
714098883,Client actuel,45,F,1,Licence,Célibataire,$40K - $60K,Blue,36,2,2,1613,80,0.833
779327733,Client actuel,43,M,1,Licence,Divorcé(e),$60K - $80K,Blue,25,3,3,1014,81,0.569
716364408,Client actuel,59,F,0,Non connu,Marié(e),Moins de $40K,Blue,36,1,2,0,62,0.0
710461083,Client actuel,56,F,2,Licence,Célibataire,Moins de $40K,Blue,46,1,3,0,84,0.0
709306983,Client actuel,44,F,2,Master,Marié(e),Moins de $40K,Silver,36,3,2,1023,81,0.097
769035933,Client actuel,54,F,2,Non connu,Célibataire,Moins de $40K,Blue,48,3,2,1316,68,0.286
813182658,Client actuel,49,F,4,Lycée (équivalent baccalauréat),Marié(e),Moins de $40K,Blue,44,2,3,929,79,0.561
781110408,Client actuel,39,F,0,Lycée (équivalent baccalauréat),Célibataire,Moins de $40K,Blue,23,3,2,0,75,0.0
818007783,Client actuel,49,F,3,Niveau Bac+2,Marié(e),$40K - $60K,Blue,44,2,3,1590,89,0.617
708862233,Client actuel,44,F,4,Licence,Marié(e),$40K - $60K,Blue,30,3,3,0,83,0.0
714006333,Client perdu,42,F,4,Licence,Marié(e),$60K - $80K,Blue,36,2,3,528,41,0.248
770596458,Client perdu,45,F,2,Doctorat,Marié(e),$60K - $80K,Blue,31,3,8,2262,39,0.837
789392883,Client actuel,38,F,3,Master,Non connu,Moins de $40K,Blue,29,1,0,1247,71,0.664
803805483,Client actuel,46,F,3,Niveau Bac+2,Marié(e),Non connu,Blue,40,3,3,0,67,0.0
709534083,Client perdu,58,F,0,Sans diplôme,Divorcé(e),Moins de $40K,Blue,36,2,8,0,41,0.0
710579583,Client actuel,57,F,1,Licence,Marié(e),Moins de $40K,Blue,50,2,3,983,86,0.59
708949908,Client perdu,50,M,1,Licence,Divorcé(e),$120K +,Blue,42,3,2,0,44,0.0
711907083,Client actuel,53,M,1,Lycée (équivalent baccalauréat),Non connu,$80K - $120K,Blue,36,3,4,1034,64,0.073
718696458,Client actuel,52,F,1,Licence,Marié(e),Moins de $40K,Blue,42,2,3,1230,68,0.611
710611683,Client actuel,43,F,2,Master,Marié(e),Moins de $40K,Blue,31,1,1,1807,83,0.637
721511883,Client actuel,40,F,3,Licence,Célibataire,Moins de $40K,Blue,28,2,2,0,79,0.0
779116158,Client actuel,49,F,1,Non connu,Marié(e),Moins de $40K,Blue,31,2,1,868,85,0.152
720193533,Client actuel,41,M,3,Non connu,Marié(e),$60K - $80K,Blue,32,1,3,1043,62,0.206
753094533,Client actuel,51,M,3,Sans diplôme,Marié(e),$80K - $120K,Blue,44,3,3,0,73,0.0
719545983,Client actuel,31,F,2,Master,Non connu,Non connu,Blue,13,3,3,0,82,0.0
716494383,Client actuel,49,F,3,Licence,Non connu,$40K - $60K,Blue,41,2,2,931,78,0.26
769892058,Client actuel,40,M,3,Sans diplôme,Célibataire,$80K - $120K,Blue,34,2,2,2126,65,0.233
709098108,Client actuel,45,F,4,Licence,Marié(e),Non connu,Blue,35,2,2,0,80,0.0
715705683,Client actuel,56,F,1,Licence,Célibataire,Moins de $40K,Blue,36,3,2,1101,70,0.569
715724808,Client actuel,49,M,3,Lycée (équivalent baccalauréat),Marié(e),$80K - $120K,Blue,41,2,3,2138,83,0.266
717123858,Client actuel,36,F,1,Licence,Marié(e),$40K - $60K,Blue,36,1,3,1617,62,0.445
716236683,Client actuel,46,F,1,Lycée (équivalent baccalauréat),Marié(e),Moins de $40K,Blue,37,2,2,1487,71,0.587
771224358,Client actuel,54,F,4,Non connu,Marié(e),Moins de $40K,Blue,41,1,3,0,78,0.0
779310033,Client perdu,42,F,4,Doctorat,Marié(e),$60K - $80K,Blue,24,2,3,0,36,0.0
710595783,Client actuel,46,F,3,Licence,Non connu,Non connu,Blue,39,1,2,2082,76,0.313
711409833,Client actuel,45,F,5,Sans diplôme,Marié(e),Moins de $40K,Blue,33,1,3,650,71,0.355
721174008,Client actuel,37,M,2,Sans diplôme,Marié(e),$120K +,Blue,23,3,3,2170,77,0.285
714192933,Client perdu,55,F,3,Licence,Célibataire,$80K - $120K,Blue,36,3,6,0,44,0.0
709632483,Client actuel,49,F,2,Lycée (équivalent baccalauréat),Célibataire,Moins de $40K,Blue,40,2,2,906,84,0.63
718431258,Client actuel,41,M,4,Lycée (équivalent baccalauréat),Célibataire,$60K - $80K,Blue,28,3,3,1503,74,0.481
817029108,Client actuel,47,F,4,Master,Célibataire,$40K - $60K,Blue,27,6,3,1611,67,0.234
796931508,Client perdu,42,M,4,Lycée (équivalent baccalauréat),Non connu,$60K - $80K,Blue,36,3,8,0,48,0.0
769577358,Client actuel,31,F,0,Licence,Célibataire,Moins de $40K,Blue,17,2,3,1761,89,0.632
815589558,Client actuel,50,M,2,Master,Marié(e),$80K - $120K,Blue,45,3,2,1478,70,0.792
714287583,Client perdu,41,F,3,Non connu,Marié(e),Moins de $40K,Blue,32,2,3,0,38,0.0
718975083,Client perdu,47,F,4,Licence,Célibataire,$60K - $80K,Blue,40,7,3,0,44,0.0
715315008,Client actuel,40,M,4,Master,Célibataire,$40K - $60K,Blue,30,3,2,1555,70,0.335
779252283,Client actuel,47,F,4,Lycée (équivalent baccalauréat),Marié(e),Moins de $40K,Blue,29,3,0,2411,82,0.889
714031083,Client perdu,46,F,3,Licence,Non connu,Non connu,Blue,30,2,1,0,40,0.0
772442883,Client perdu,51,F,4,Licence,Marié(e),Non connu,Blue,41,3,6,696,38,0.181
714533058,Client actuel,53,F,3,Niveau Bac+2,Marié(e),Moins de $40K,Blue,43,2,3,721,86,0.501
716570958,Client perdu,50,M,3,Master,Divorcé(e),$60K - $80K,Blue,36,2,3,511,39,0.035
710116833,Client perdu,59,F,1,Lycée (équivalent baccalauréat),Célibataire,$40K - $60K,Blue,36,3,3,0,40,0.0
718586133,Client actuel,43,F,3,Licence,Marié(e),Moins de $40K,Blue,31,1,3,0,85,0.0
773322558,Client actuel,59,F,2,Lycée (équivalent baccalauréat),Marié(e),Moins de $40K,Blue,48,1,1,1566,69,0.67
714554808,Client actuel,51,F,1,Licence,Marié(e),Moins de $40K,Blue,40,3,0,1362,91,0.491
717903108,Client actuel,57,F,1,Niveau Bac+2,Célibataire,Non connu,Blue,46,1,1,488,65,0.114
815908908,Client perdu,47,F,4,Sans diplôme,Célibataire,Non connu,Blue,42,7,3,2517,50,0.402
771464808,Client actuel,35,F,2,Licence,Célibataire,Moins de $40K,Blue,23,3,3,1301,71,0.562
708234558,Client actuel,55,F,2,Niveau Bac+2,Divorcé(e),Moins de $40K,Blue,43,2,1,1340,73,0.598
715737258,Client actuel,41,F,1,Niveau Bac+2,Marié(e),Moins de $40K,Blue,32,3,3,0,84,0.0
710188308,Client actuel,51,F,3,Licence,Célibataire,Moins de $40K,Blue,41,2,3,1148,73,0.756
708670608,Client actuel,48,F,5,Sans diplôme,Marié(e),Non connu,Blue,36,2,3,2200,85,0.4
714839808,Client actuel,51,F,3,Licence,Marié(e),Moins de $40K,Blue,35,1,1,1176,64,0.549
811140933,Client actuel,43,F,2,Lycée (équivalent baccalauréat),Marié(e),Moins de $40K,Blue,29,1,2,1786,63,0.683
788937933,Client actuel,39,F,3,Licence,Divorcé(e),Moins de $40K,Blue,25,1,1,1356,81,0.247
721527858,Client perdu,52,F,3,Lycée (équivalent baccalauréat),Marié(e),Moins de $40K,Blue,40,6,1,1735,42,0.866
718265658,Client actuel,47,F,4,Sans diplôme,Célibataire,Moins de $40K,Blue,36,1,2,1499,80,0.717
714312708,Client actuel,44,M,0,Lycée (équivalent baccalauréat),Célibataire,$60K - $80K,Blue,36,3,2,2517,68,0.381
715821183,Client actuel,42,F,4,Niveau Bac+2,Marié(e),Non connu,Blue,23,3,2,0,68,0.0
709487058,Client actuel,51,F,2,Non connu,Marié(e),Moins de $40K,Silver,36,2,3,1132,56,0.082
712675158,Client actuel,56,M,1,Licence,Célibataire,$60K - $80K,Blue,36,3,2,1676,75,0.237
826473858,Client actuel,44,M,1,Niveau Bac+2,Célibataire,$40K - $60K,Blue,40,1,2,1680,60,0.393
817382958,Client actuel,47,F,3,Lycée (équivalent baccalauréat),Célibataire,Moins de $40K,Blue,31,1,3,0,89,0.0
712927383,Client perdu,51,F,2,Sans diplôme,Célibataire,Moins de $40K,Blue,36,3,3,642,49,0.446
712894308,Client actuel,47,M,4,Lycée (équivalent baccalauréat),Marié(e),$80K - $120K,Blue,37,3,3,0,75,0.0
712349808,Client actuel,44,F,4,Niveau Bac+2,Célibataire,Non connu,Blue,34,1,2,670,76,0.054
778780008,Client actuel,48,M,4,Non connu,Marié(e),$60K - $80K,Blue,36,3,3,1249,66,0.77
711430908,Client perdu,45,F,4,Licence,Marié(e),$60K - $80K,Blue,34,2,1,0,35,0.0
779670783,Client actuel,40,M,3,Non connu,Célibataire,$80K - $120K,Blue,23,2,2,0,71,0.0
718757808,Client actuel,56,F,1,Sans diplôme,Non connu,$40K - $60K,Blue,46,3,3,1287,67,0.439
779530908,Client perdu,48,F,3,Non connu,Divorcé(e),Moins de $40K,Blue,31,2,8,0,58,0.0
716389833,Client actuel,50,F,1,Non connu,Célibataire,Moins de $40K,Blue,40,1,2,1026,74,0.442
718469658,Client actuel,37,F,2,Sans diplôme,Marié(e),Non connu,Blue,22,3,3,996,85,0.126
809849358,Client perdu,55,F,2,Licence,Divorcé(e),$80K - $120K,Blue,50,8,3,0,36,0.0
719772258,Client actuel,38,M,3,Non connu,Célibataire,$80K - $120K,Blue,30,1,3,724,79,0.199
809363958,Client actuel,49,F,3,Lycée (équivalent baccalauréat),Marié(e),$40K - $60K,Blue,44,1,2,0,66,0.0
709165533,Client actuel,47,M,3,Doctorat,Non connu,$120K +,Blue,41,2,2,1151,72,0.187
809846283,Client actuel,42,F,1,Non connu,Marié(e),Moins de $40K,Blue,37,3,0,0,78,0.0
708427908,Client actuel,52,F,4,Niveau Bac+2,Non connu,Moins de $40K,Blue,39,3,1,1343,86,0.66
721228308,Client perdu,47,F,2,Lycée (équivalent baccalauréat),Marié(e),Moins de $40K,Blue,39,3,3,0,40,0.0
713374533,Client actuel,52,F,1,Non connu,Célibataire,$40K - $60K,Blue,43,2,2,1082,90,0.546
708708858,Client perdu,50,F,1,Licence,Célibataire,$80K - $120K,Blue,36,3,4,502,46,0.207
721111233,Client actuel,52,M,2,Licence,Célibataire,$80K - $120K,Blue,43,3,3,800,85,0.067
708538608,Client actuel,50,F,4,Niveau Bac+2,Marié(e),Non connu,Blue,36,4,3,0,81,0.0
718866633,Client actuel,46,M,2,Niveau Bac+2,Célibataire,$80K - $120K,Blue,36,4,2,0,63,0.0
719100633,Client actuel,40,M,2,Lycée (équivalent baccalauréat),Célibataire,$120K +,Silver,36,4,2,1436,73,0.042
789328083,Client perdu,42,F,4,Lycée (équivalent baccalauréat),Marié(e),Moins de $40K,Blue,32,3,3,0,39,0.0
822905058,Client actuel,29,F,2,Licence,Marié(e),Moins de $40K,Blue,25,3,2,1746,85,0.639
816549933,Client actuel,50,M,4,Lycée (équivalent baccalauréat),Divorcé(e),$80K - $120K,Blue,45,2,2,992,82,0.588
716421633,Client perdu,43,F,3,Licence,Marié(e),$60K - $80K,Blue,36,2,7,0,44,0.0
712667958,Client actuel,40,M,4,Sans diplôme,Célibataire,$120K +,Blue,36,3,2,2024,71,0.351
809559933,Client perdu,45,F,3,Licence,Marié(e),Non connu,Blue,40,6,3,706,41,0.158
819979458,Client actuel,35,F,3,Doctorat,Marié(e),Moins de $40K,Blue,30,2,2,1789,75,0.45
708100533,Client actuel,55,F,3,Niveau Bac+2,Célibataire,Moins de $40K,Blue,36,3,3,2277,85,0.85
778669608,Client actuel,49,F,4,Non connu,Marié(e),$40K - $60K,Blue,29,3,2,0,78,0.0
802867683,Client actuel,53,F,2,Lycée (équivalent baccalauréat),Célibataire,$40K - $60K,Blue,47,2,3,728,78,0.474
711893358,Client actuel,46,M,5,Lycée (équivalent baccalauréat),Marié(e),$40K - $60K,Blue,37,2,1,1196,66,0.504
785410158,Client actuel,50,F,3,Lycée (équivalent baccalauréat),Marié(e),Moins de $40K,Blue,42,3,3,0,65,0.0
718596858,Client actuel,53,F,4,Licence,Divorcé(e),$40K - $60K,Blue,45,3,1,2424,78,0.72
708338958,Client actuel,58,F,1,Licence,Célibataire,Moins de $40K,Blue,36,1,1,1713,75,0.54
714688833,Client actuel,47,F,2,Lycée (équivalent baccalauréat),Non connu,Moins de $40K,Blue,36,2,2,0,95,0.0
789662283,Client perdu,50,F,3,Lycée (équivalent baccalauréat),Marié(e),Moins de $40K,Blue,33,3,7,0,50,0.0
712805658,Client actuel,56,F,3,Sans diplôme,Célibataire,Moins de $40K,Blue,46,3,2,0,72,0.0
815598858,Client actuel,48,M,3,Licence,Marié(e),$40K - $60K,Blue,43,1,1,1779,74,0.734
779412783,Client actuel,55,F,1,Lycée (équivalent baccalauréat),Célibataire,Moins de $40K,Blue,37,3,3,1969,79,0.829
780036483,Client actuel,38,M,1,Licence,Célibataire,Moins de $40K,Blue,28,5,2,1459,69,0.863
711527508,Client perdu,46,F,3,Lycée (équivalent baccalauréat),Marié(e),$40K - $60K,Blue,34,3,2,0,31,0.0
720768258,Client actuel,52,F,3,Licence,Célibataire,Moins de $40K,Blue,34,2,1,2147,66,0.717
716023533,Client actuel,49,F,1,Master,Célibataire,Non connu,Blue,39,3,2,1996,81,0.693
714075708,Client actuel,48,M,4,Sans diplôme,Divorcé(e),$80K - $120K,Gold,38,3,1,1426,71,0.041
787475433,Client actuel,36,F,2,Doctorat,Célibataire,Non connu,Blue,23,2,3,905,69,0.13
787505133,Client perdu,36,M,3,Niveau Bac+2,Marié(e),$120K +,Blue,24,2,3,1599,49,0.141
712241433,Client actuel,38,F,0,Lycée (équivalent baccalauréat),Célibataire,Moins de $40K,Blue,30,2,1,1003,84,0.697
807990108,Client actuel,44,M,1,Sans diplôme,Divorcé(e),$120K +,Blue,39,2,3,0,61,0.0
719018208,Client perdu,52,F,0,Doctorat,Marié(e),Non connu,Blue,46,7,3,0,36,0.0
716641983,Client actuel,55,F,4,Niveau Bac+2,Célibataire,Non connu,Blue,36,3,3,753,84,0.097
708989358,Client actuel,37,F,2,Non connu,Marié(e),Moins de $40K,Blue,18,3,1,1587,79,0.784
708807483,Client actuel,51,F,3,Licence,Marié(e),$40K - $60K,Blue,45,2,3,1259,75,0.138
715774833,Client actuel,41,F,2,Doctorat,Non connu,Moins de $40K,Blue,36,1,2,940,74,0.522
714733908,Client actuel,51,M,2,Lycée (équivalent baccalauréat),Marié(e),$60K - $80K,Blue,37,6,3,1087,75,0.124
721067658,Client actuel,40,M,4,Licence,Marié(e),$60K - $80K,Silver,36,1,3,642,81,0.023
788997408,Client actuel,65,F,2,Doctorat,Célibataire,Moins de $40K,Blue,53,3,2,1917,65,0.873
719835033,Client actuel,46,M,4,Niveau Bac+2,Marié(e),$80K - $120K,Blue,34,3,2,568,67,0.041
771854808,Client actuel,45,M,4,Licence,Marié(e),$60K - $80K,Blue,34,2,3,1868,66,0.684
717299958,Client actuel,49,M,3,Licence,Célibataire,$80K - $120K,Blue,45,2,0,1534,66,0.625
720778458,Client actuel,49,M,3,Non connu,Marié(e),$60K - $80K,Blue,36,3,3,1542,97,0.207
713019783,Client actuel,41,F,3,Lycée (équivalent baccalauréat),Marié(e),$40K - $60K,Blue,35,3,3,1794,72,0.679
770968383,Client perdu,41,M,4,Licence,Marié(e),$80K - $120K,Silver,28,2,3,825,52,0.024
709747308,Client actuel,41,M,5,Licence,Marié(e),$60K - $80K,Blue,36,4,3,1344,64,0.294
801366783,Client actuel,51,F,1,Niveau Bac+2,Célibataire,Moins de $40K,Blue,45,3,2,1772,80,0.365
798786333,Client actuel,46,F,2,Licence,Marié(e),Moins de $40K,Blue,40,4,2,510,66,0.355
771723408,Client perdu,37,F,2,Non connu,Célibataire,Moins de $40K,Blue,25,2,7,0,60,0.0
715117008,Client actuel,39,M,5,Sans diplôme,Marié(e),$40K - $60K,Blue,36,2,3,0,82,0.0
713944833,Client actuel,46,M,5,Sans diplôme,Célibataire,$60K - $80K,Blue,36,3,2,766,78,0.031
713569158,Client perdu,43,F,3,Lycée (équivalent baccalauréat),Célibataire,$40K - $60K,Blue,34,3,2,1474,47,0.891
713037333,Client actuel,63,M,1,Licence,Célibataire,$80K - $120K,Blue,55,1,2,0,57,0.0
718267233,Client actuel,50,M,1,Licence,Marié(e),$120K +,Silver,38,3,3,1915,65,0.055
709736658,Client actuel,37,M,4,Sans diplôme,Marié(e),$40K - $60K,Blue,27,3,2,759,86,0.528
710929233,Client actuel,33,F,2,Doctorat,Célibataire,Moins de $40K,Blue,36,2,3,1559,83,0.557
714290583,Client actuel,44,M,4,Master,Marié(e),$60K - $80K,Blue,36,2,2,1400,85,0.449
717972408,Client actuel,44,M,2,Sans diplôme,Marié(e),$80K - $120K,Blue,34,3,3,2016,78,0.788
718626033,Client perdu,47,M,3,Lycée (équivalent baccalauréat),Marié(e),$60K - $80K,Blue,39,3,2,0,52,0.0
720008133,Client actuel,45,F,4,Licence,Non connu,Non connu,Blue,36,1,3,727,83,0.213
710476908,Client actuel,39,F,3,Licence,Marié(e),Non connu,Blue,28,3,3,1066,78,0.114
709888383,Client actuel,47,F,3,Licence,Marié(e),Moins de $40K,Blue,36,1,2,2453,82,0.779
788864508,Client actuel,52,F,3,Non connu,Célibataire,Moins de $40K,Blue,37,2,2,926,79,0.596
714010383,Client perdu,47,F,5,Sans diplôme,Célibataire,Non connu,Blue,40,7,6,0,42,0.0
719549508,Client actuel,49,F,4,Licence,Célibataire,Moins de $40K,Blue,40,2,2,1686,74,0.622
718670808,Client actuel,59,F,0,Niveau Bac+2,Marié(e),Moins de $40K,Blue,51,1,0,0,81,0.0
718211208,Client actuel,39,M,3,Lycée (équivalent baccalauréat),Marié(e),$120K +,Blue,36,3,2,1682,69,0.513
712578933,Client perdu,35,F,5,Lycée (équivalent baccalauréat),Marié(e),$40K - $60K,Blue,25,2,8,0,44,0.0
709343433,Client actuel,39,F,2,Licence,Célibataire,Moins de $40K,Blue,26,3,3,1826,74,0.74
767488908,Client actuel,41,M,4,Non connu,Marié(e),$80K - $120K,Blue,35,2,3,0,72,0.0
719531133,Client actuel,46,F,4,Non connu,Non connu,$40K - $60K,Blue,38,2,3,0,80,0.0
719006508,Client actuel,34,M,2,Licence,Marié(e),$60K - $80K,Blue,36,1,3,1913,69,0.692
721287183,Client actuel,49,F,2,Sans diplôme,Marié(e),Moins de $40K,Blue,35,2,3,0,87,0.0
711144183,Client perdu,55,F,3,Licence,Marié(e),Non connu,Blue,45,6,1,1848,29,0.656
709080783,Client actuel,56,F,1,Licence,Célibataire,Moins de $40K,Blue,38,1,3,0,78,0.0
710520408,Client actuel,52,F,4,Lycée (équivalent baccalauréat),Célibataire,Non connu,Blue,36,3,3,1194,87,0.132
785262333,Client perdu,46,M,5,Sans diplôme,Non connu,$40K - $60K,Blue,40,7,3,1960,45,0.317
716513358,Client actuel,51,F,2,Licence,Divorcé(e),Non connu,Blue,36,3,3,1802,91,0.871
719073483,Client perdu,45,M,3,Sans diplôme,Marié(e),$80K - $120K,Blue,38,6,3,0,44,0.0
715372083,Client actuel,37,F,1,Licence,Célibataire,Moins de $40K,Blue,36,3,3,0,85,0.0
780034083,Client actuel,48,F,3,Lycée (équivalent baccalauréat),Marié(e),$40K - $60K,Blue,38,2,2,0,86,0.0
794581533,Client actuel,52,M,2,Niveau Bac+2,Célibataire,$60K - $80K,Blue,37,3,3,1380,90,0.502
710013258,Client actuel,44,F,3,Lycée (équivalent baccalauréat),Célibataire,Moins de $40K,Blue,31,2,2,823,69,0.416
719084358,Client perdu,55,F,1,Licence,Marié(e),$80K - $120K,Blue,46,6,3,0,37,0.0
789173958,Client actuel,45,F,2,Licence,Marié(e),Moins de $40K,Blue,34,1,2,877,76,0.61
789575583,Client actuel,43,F,2,Sans diplôme,Non connu,Non connu,Blue,36,1,0,1380,64,0.199
712434708,Client perdu,52,F,3,Lycée (équivalent baccalauréat),Marié(e),Moins de $40K,Blue,39,6,2,2517,47,0.762
808675083,Client actuel,61,M,1,Licence,Célibataire,Non connu,Blue,56,3,2,1675,76,0.396
710864358,Client actuel,51,F,2,Doctorat,Marié(e),Non connu,Blue,45,6,2,0,81,0.0
712574583,Client actuel,34,F,1,Licence,Célibataire,Non connu,Blue,21,1,3,1322,70,0.207
708412758,Client perdu,33,F,3,Licence,Célibataire,$60K - $80K,Blue,36,2,3,0,45,0.0
714389058,Client actuel,38,F,3,Non connu,Marié(e),$40K - $60K,Blue,36,3,2,0,85,0.0
715767033,Client actuel,56,F,3,Niveau Bac+2,Célibataire,Non connu,Blue,36,1,3,0,83,0.0
779281233,Client actuel,45,F,3,Licence,Célibataire,Non connu,Blue,27,3,3,1748,80,0.705
717147708,Client actuel,44,M,2,Sans diplôme,Divorcé(e),$60K - $80K,Blue,34,3,2,1270,81,0.348
715029333,Client actuel,52,F,2,Non connu,Divorcé(e),Moins de $40K,Blue,36,2,3,0,72,0.0
806989008,Client actuel,30,F,0,Lycée (équivalent baccalauréat),Célibataire,Non connu,Blue,25,1,2,1157,82,0.09
713158083,Client perdu,56,M,2,Lycée (équivalent baccalauréat),Célibataire,$120K +,Blue,46,6,7,0,41,0.0
771037008,Client actuel,46,M,1,Sans diplôme,Célibataire,$80K - $120K,Blue,33,1,2,0,76,0.0
710587458,Client actuel,34,M,2,Lycée (équivalent baccalauréat),Non connu,$80K - $120K,Blue,22,3,2,1612,77,0.145
710563458,Client actuel,43,F,1,Licence,Divorcé(e),Non connu,Blue,30,3,3,660,81,0.069
720010608,Client perdu,37,M,2,Non connu,Célibataire,$40K - $60K,Blue,24,2,7,0,44,0.0
710343783,Client actuel,37,F,5,Non connu,Marié(e),Moins de $40K,Blue,29,1,2,0,65,0.0
772578858,Client actuel,49,F,1,Non connu,Marié(e),Moins de $40K,Blue,39,4,2,2203,66,0.759
708559533,Client actuel,40,M,1,Sans diplôme,Célibataire,$80K - $120K,Blue,36,3,2,584,83,0.33
711939558,Client perdu,37,F,2,Non connu,Célibataire,Moins de $40K,Blue,36,2,3,0,39,0.0
772143333,Client actuel,46,F,2,Lycée (équivalent baccalauréat),Célibataire,Moins de $40K,Blue,35,3,3,1498,79,0.69
711067383,Client actuel,53,M,1,Non connu,Célibataire,$120K +,Blue,45,2,3,0,74,0.0
817041408,Client actuel,56,F,3,Lycée (équivalent baccalauréat),Marié(e),Non connu,Blue,41,2,3,1549,82,0.372
771942333,Client actuel,65,M,1,Niveau Bac+2,Célibataire,Moins de $40K,Blue,54,2,2,1309,63,0.244
755247108,Client actuel,50,F,2,Doctorat,Célibataire,Moins de $40K,Blue,43,1,0,0,82,0.0
715710708,Client actuel,50,M,2,Non connu,Marié(e),$60K - $80K,Blue,37,3,2,747,76,0.041
713858733,Client actuel,61,F,0,Master,Marié(e),$40K - $60K,Blue,53,3,2,2164,73,0.843
717129333,Client actuel,35,F,2,Licence,Marié(e),$40K - $60K,Blue,25,1,2,0,73,0.0
716924958,Client perdu,65,F,2,Licence,Célibataire,$60K - $80K,Blue,56,0,3,1926,48,0.283
719614758,Client actuel,45,F,4,Licence,Célibataire,$40K - $60K,Blue,34,2,2,1977,75,0.732
721537683,Client actuel,50,F,3,Master,Marié(e),Non connu,Blue,41,3,3,1342,67,0.245
771500358,Client actuel,43,F,2,Sans diplôme,Divorcé(e),Moins de $40K,Blue,31,3,1,1313,84,0.303
711531858,Client perdu,48,F,4,Non connu,Marié(e),Moins de $40K,Blue,41,6,3,1267,37,0.518
715060158,Client actuel,41,F,4,Licence,Célibataire,Moins de $40K,Blue,26,2,2,1282,76,0.719
779725833,Client actuel,42,M,2,Licence,Célibataire,$60K - $80K,Blue,26,3,2,1775,73,0.151
716592558,Client actuel,52,F,1,Lycée (équivalent baccalauréat),Célibataire,Moins de $40K,Blue,36,3,3,1101,68,0.471
771020133,Client actuel,45,F,5,Sans diplôme,Célibataire,Moins de $40K,Blue,32,3,0,1776,79,0.621
709153008,Client actuel,37,M,3,Lycée (équivalent baccalauréat),Marié(e),$40K - $60K,Blue,36,3,3,2481,76,0.983
713394858,Client actuel,48,M,2,Master,Marié(e),$40K - $60K,Blue,34,2,2,0,60,0.0
721175283,Client actuel,59,F,1,Licence,Marié(e),Moins de $40K,Blue,36,1,1,1410,58,0.523
715503558,Client actuel,57,F,3,Lycée (équivalent baccalauréat),Marié(e),Moins de $40K,Blue,36,2,3,2417,71,0.682
819943458,Client perdu,57,M,3,Licence,Marié(e),$120K +,Blue,52,5,3,1000,37,0.029
717094758,Client actuel,40,F,4,Master,Marié(e),Non connu,Blue,29,3,1,0,84,0.0
772073508,Client perdu,52,F,1,Niveau Bac+2,Célibataire,$60K - $80K,Blue,41,6,8,0,47,0.0
721351983,Client perdu,43,F,4,Sans diplôme,Marié(e),Moins de $40K,Blue,36,6,3,2517,47,0.721
714477408,Client perdu,36,F,3,Lycée (équivalent baccalauréat),Marié(e),Moins de $40K,Blue,36,6,3,1340,39,0.45
718471758,Client actuel,49,M,4,Doctorat,Célibataire,$60K - $80K,Silver,37,2,2,2051,69,0.066
711607833,Client actuel,43,M,5,Lycée (équivalent baccalauréat),Marié(e),$60K - $80K,Blue,36,2,1,2384,97,0.848
708621408,Client actuel,39,F,1,Non connu,Célibataire,Moins de $40K,Blue,28,2,1,0,82,0.0
719277033,Client actuel,44,M,3,Lycée (équivalent baccalauréat),Célibataire,$40K - $60K,Blue,34,3,1,708,62,0.079
813905508,Client actuel,57,F,3,Sans diplôme,Célibataire,Moins de $40K,Blue,52,3,3,1188,73,0.593
719761458,Client actuel,55,M,4,Master,Célibataire,$60K - $80K,Blue,36,2,1,1626,61,0.325
708222558,Client actuel,37,F,2,Master,Marié(e),Moins de $40K,Blue,36,2,3,1513,77,0.655
713937558,Client actuel,54,F,2,Lycée (équivalent baccalauréat),Marié(e),$40K - $60K,Blue,36,3,3,0,74,0.0
709603608,Client actuel,34,M,3,Sans diplôme,Marié(e),$60K - $80K,Blue,25,1,1,1643,69,0.701
804661083,Client actuel,50,M,0,Licence,Célibataire,$80K - $120K,Blue,45,2,2,1506,77,0.705
720977358,Client actuel,50,F,2,Non connu,Célibataire,Moins de $40K,Blue,36,2,2,1689,78,0.668
718420308,Client actuel,50,F,2,Lycée (équivalent baccalauréat),Marié(e),Moins de $40K,Blue,36,1,3,1658,75,0.488
714046608,Client actuel,49,M,0,Doctorat,Marié(e),$60K - $80K,Blue,39,6,3,1395,73,0.071
718048608,Client actuel,41,F,3,Licence,Marié(e),Non connu,Blue,33,3,0,1325,74,0.087
718497033,Client actuel,52,M,1,Lycée (équivalent baccalauréat),Marié(e),$120K +,Blue,36,3,3,0,53,0.0
711801933,Client perdu,54,F,4,Lycée (équivalent baccalauréat),Célibataire,$40K - $60K,Blue,36,6,7,0,42,0.0
716282208,Client perdu,54,F,2,Master,Marié(e),$60K - $80K,Blue,48,8,3,0,36,0.0
789076083,Client actuel,50,F,3,Lycée (équivalent baccalauréat),Célibataire,Moins de $40K,Blue,38,3,2,1475,84,0.532
714045783,Client perdu,37,F,2,Licence,Marié(e),$40K - $60K,Blue,29,2,9,1965,46,0.771
769720683,Client actuel,50,F,1,Licence,Marié(e),Non connu,Blue,44,2,2,1884,60,0.33
721092783,Client actuel,46,M,3,Licence,Marié(e),$80K - $120K,Blue,36,3,1,1290,68,0.065
720243933,Client perdu,47,M,2,Sans diplôme,Marié(e),$60K - $80K,Blue,32,3,9,0,49,0.0
818502708,Client actuel,51,F,1,Sans diplôme,Célibataire,$40K - $60K,Blue,46,3,2,1674,86,0.733
712942308,Client actuel,42,M,3,Doctorat,Célibataire,$60K - $80K,Blue,36,1,3,1527,67,0.132
714262533,Client actuel,28,F,0,Non connu,Marié(e),Non connu,Blue,36,4,2,1306,78,0.371
714708183,Client actuel,58,M,2,Lycée (équivalent baccalauréat),Célibataire,$60K - $80K,Silver,49,3,3,0,74,0.0
718285308,Client actuel,44,F,1,Non connu,Célibataire,Moins de $40K,Blue,31,3,1,0,55,0.0
720595083,Client actuel,40,F,3,Non connu,Marié(e),Moins de $40K,Blue,30,2,3,1278,69,0.789
787501758,Client actuel,51,F,3,Lycée (équivalent baccalauréat),Célibataire,Moins de $40K,Blue,39,2,1,1237,68,0.306
714990633,Client actuel,56,M,4,Licence,Célibataire,$80K - $120K,Blue,36,3,2,1696,82,0.816
714652383,Client actuel,51,F,4,Licence,Marié(e),Moins de $40K,Blue,36,3,2,0,74,0.0
788776008,Client actuel,43,M,3,Niveau Bac+2,Marié(e),$80K - $120K,Blue,24,3,1,1161,91,0.246
709176108,Client actuel,56,F,4,Master,Non connu,Moins de $40K,Blue,49,3,3,621,79,0.135
719354433,Client actuel,48,M,1,Niveau Bac+2,Célibataire,$80K - $120K,Silver,36,3,3,1629,78,0.047
709368483,Client actuel,56,M,2,Licence,Marié(e),$40K - $60K,Blue,45,2,1,0,77,0.0
717621333,Client actuel,48,F,3,Non connu,Divorcé(e),Moins de $40K,Blue,36,2,1,1871,78,0.698
716272158,Client perdu,41,F,3,Niveau Bac+2,Marié(e),$40K - $60K,Blue,15,5,7,2517,56,0.584
803355408,Client actuel,50,M,2,Non connu,Marié(e),$60K - $80K,Blue,44,3,1,1659,77,0.752
717073308,Client actuel,44,F,3,Niveau Bac+2,Marié(e),Moins de $40K,Blue,31,6,2,727,78,0.271
789105183,Client actuel,54,M,3,Master,Célibataire,$80K - $120K,Silver,42,1,2,2488,87,0.072
721305408,Client actuel,48,F,2,Licence,Marié(e),Moins de $40K,Blue,37,2,1,0,81,0.0
715739733,Client actuel,34,M,1,Lycée (équivalent baccalauréat),Célibataire,$40K - $60K,Blue,25,1,2,1141,88,0.636
779217333,Client actuel,59,F,0,Licence,Divorcé(e),Moins de $40K,Blue,49,2,3,1502,75,0.674
712133508,Client actuel,41,F,3,Niveau Bac+2,Célibataire,$40K - $60K,Blue,22,0,2,1582,75,0.614
714602658,Client perdu,39,F,1,Licence,Marié(e),$60K - $80K,Blue,36,2,3,0,36,0.0
712446783,Client perdu,50,F,4,Licence,Marié(e),$80K - $120K,Blue,30,3,7,1530,41,0.379
720049083,Client perdu,35,F,1,Non connu,Divorcé(e),Non connu,Blue,24,3,3,0,47,0.0
824172258,Client actuel,34,F,2,Non connu,Divorcé(e),Moins de $40K,Blue,30,1,2,1510,77,0.343
717695058,Client actuel,46,F,5,Lycée (équivalent baccalauréat),Marié(e),Non connu,Blue,35,1,3,0,76,0.0
719782458,Client actuel,49,F,1,Licence,Marié(e),$40K - $60K,Blue,39,3,3,1992,76,0.277
718141983,Client actuel,49,M,0,Lycée (équivalent baccalauréat),Célibataire,$80K - $120K,Blue,43,3,1,1295,89,0.688
718853358,Client actuel,42,F,3,Licence,Célibataire,Moins de $40K,Blue,36,1,2,2517,85,0.761
772539558,Client actuel,65,F,0,Niveau Bac+2,Célibataire,Moins de $40K,Blue,55,3,0,0,65,0.0
817094283,Client actuel,43,F,5,Licence,Marié(e),Moins de $40K,Blue,23,3,3,903,78,0.105
716932308,Client actuel,38,F,2,Niveau Bac+2,Marié(e),Non connu,Blue,28,1,3,634,79,0.135
714738858,Client actuel,52,F,1,Licence,Non connu,Moins de $40K,Blue,36,1,3,1714,81,0.597
772409733,Client actuel,39,F,3,Lycée (équivalent baccalauréat),Divorcé(e),$40K - $60K,Blue,28,1,3,2307,90,0.679
717534108,Client actuel,48,F,3,Lycée (équivalent baccalauréat),Divorcé(e),$40K - $60K,Blue,40,1,3,1410,79,0.586
816378033,Client perdu,46,M,4,Sans diplôme,Célibataire,$80K - $120K,Gold,41,3,2,1104,47,0.032
790141308,Client actuel,44,M,2,Niveau Bac+2,Marié(e),$80K - $120K,Blue,37,3,1,0,79,0.0
710770383,Client actuel,53,F,2,Licence,Marié(e),$40K - $60K,Blue,36,3,1,582,92,0.405
711351108,Client actuel,44,F,3,Lycée (équivalent baccalauréat),Non connu,Moins de $40K,Blue,36,3,2,1804,61,0.692
713744058,Client actuel,41,F,3,Lycée (équivalent baccalauréat),Marié(e),Moins de $40K,Blue,36,2,3,1509,78,0.64
708998583,Client actuel,47,F,4,Master,Marié(e),Moins de $40K,Blue,39,2,2,0,87,0.0
827451333,Client perdu,54,F,2,Sans diplôme,Marié(e),Moins de $40K,Blue,50,8,3,0,37,0.0
714228558,Client actuel,40,M,3,Lycée (équivalent baccalauréat),Célibataire,$80K - $120K,Blue,36,3,3,0,82,0.0
797668983,Client actuel,42,F,4,Licence,Marié(e),Moins de $40K,Blue,36,2,1,0,70,0.0
713023158,Client actuel,39,F,2,Niveau Bac+2,Marié(e),$40K - $60K,Blue,31,1,2,2143,78,0.739
709982658,Client actuel,41,F,2,Niveau Bac+2,Marié(e),Moins de $40K,Blue,31,2,3,2038,77,0.209
715398858,Client actuel,57,F,3,Master,Marié(e),Moins de $40K,Blue,36,3,2,1203,78,0.476
715615233,Client actuel,60,F,1,Lycée (équivalent baccalauréat),Divorcé(e),Moins de $40K,Blue,48,3,3,1812,86,0.662
710650608,Client actuel,51,M,2,Licence,Célibataire,$80K - $120K,Blue,36,3,2,1480,85,0.077
803214108,Client actuel,33,F,0,Lycée (équivalent baccalauréat),Célibataire,Non connu,Blue,27,1,1,1826,68,0.811
717202083,Client perdu,46,M,2,Non connu,Célibataire,$80K - $120K,Blue,34,3,3,0,41,0.0
719051733,Client actuel,63,M,0,Niveau Bac+2,Célibataire,$60K - $80K,Blue,51,2,1,889,64,0.329
789900633,Client actuel,49,F,2,Lycée (équivalent baccalauréat),Marié(e),$40K - $60K,Blue,40,3,2,1522,69,0.466
789122808,Client perdu,41,F,4,Niveau Bac+2,Marié(e),$40K - $60K,Blue,29,2,3,0,45,0.0
709902108,Client actuel,51,M,2,Lycée (équivalent baccalauréat),Marié(e),$80K - $120K,Blue,40,3,2,794,70,0.097
713666058,Client actuel,46,F,5,Niveau Bac+2,Divorcé(e),$40K - $60K,Blue,38,1,3,1915,76,0.585
711453783,Client actuel,41,F,3,Non connu,Célibataire,Moins de $40K,Blue,29,2,3,1452,74,0.739
778936008,Client actuel,46,F,4,Lycée (équivalent baccalauréat),Marié(e),Non connu,Blue,30,1,3,0,83,0.0
708085458,Client actuel,34,F,2,Sans diplôme,Célibataire,Moins de $40K,Blue,24,2,2,0,82,0.0
749067633,Client actuel,45,F,2,Non connu,Marié(e),Moins de $40K,Blue,38,2,3,0,77,0.0
716170308,Client actuel,27,F,0,Licence,Divorcé(e),Non connu,Blue,36,1,0,2003,86,0.149
711507783,Client perdu,54,F,2,Doctorat,Célibataire,$60K - $80K,Blue,42,5,3,0,41,0.0
819752133,Client actuel,41,M,2,Lycée (équivalent baccalauréat),Divorcé(e),$80K - $120K,Blue,36,2,2,986,73,0.603
711061908,Client actuel,48,F,1,Licence,Marié(e),Moins de $40K,Blue,38,2,3,749,50,0.517
744231708,Client actuel,45,F,2,Licence,Marié(e),Moins de $40K,Blue,38,3,3,788,71,0.521
716856408,Client perdu,39,F,4,Licence,Marié(e),$60K - $80K,Blue,28,2,6,0,44,0.0
711780108,Client actuel,46,F,4,Doctorat,Divorcé(e),Moins de $40K,Blue,38,3,2,1578,81,0.383
715178733,Client actuel,47,F,2,Non connu,Célibataire,Moins de $40K,Blue,41,3,1,1611,77,0.704
721418133,Client actuel,45,F,3,Licence,Célibataire,Moins de $40K,Blue,33,2,3,972,82,0.482
720124758,Client perdu,49,M,3,Sans diplôme,Marié(e),$80K - $120K,Blue,40,5,3,450,47,0.179
809068983,Client actuel,40,F,2,Licence,Marié(e),Moins de $40K,Blue,35,1,3,0,82,0.0
711052308,Client actuel,45,M,3,Master,Divorcé(e),$60K - $80K,Blue,37,3,3,2432,75,0.884
718967433,Client actuel,34,F,2,Lycée (équivalent baccalauréat),Divorcé(e),Moins de $40K,Blue,36,6,3,0,81,0.0
709827933,Client actuel,44,M,2,Licence,Célibataire,$80K - $120K,Blue,36,3,2,1196,76,0.098
787568433,Client actuel,42,M,3,Licence,Célibataire,$60K - $80K,Blue,33,1,3,936,79,0.128
720256158,Client actuel,47,F,2,Lycée (équivalent baccalauréat),Marié(e),Non connu,Blue,40,1,3,0,75,0.0
715435758,Client actuel,42,M,2,Licence,Célibataire,$80K - $120K,Blue,36,1,3,1231,77,0.404
719505483,Client actuel,51,F,0,Sans diplôme,Marié(e),Non connu,Blue,36,3,2,0,89,0.0
721247883,Client actuel,52,M,2,Niveau Bac+2,Célibataire,$80K - $120K,Blue,41,2,3,922,83,0.057
772220433,Client actuel,44,M,3,Niveau Bac+2,Non connu,$60K - $80K,Blue,33,3,2,1187,81,0.077
789692283,Client actuel,47,F,5,Niveau Bac+2,Célibataire,Moins de $40K,Blue,34,3,2,0,66,0.0
815091333,Client actuel,48,F,3,Non connu,Marié(e),Moins de $40K,Blue,43,1,2,2196,77,0.704
778732158,Client actuel,50,F,3,Sans diplôme,Non connu,Non connu,Blue,30,1,3,0,83,0.0
715129233,Client actuel,51,F,4,Lycée (équivalent baccalauréat),Célibataire,Moins de $40K,Blue,36,3,3,1634,74,0.563
714083208,Client actuel,47,F,3,Niveau Bac+2,Marié(e),Moins de $40K,Blue,38,2,2,1304,80,0.823
716559108,Client actuel,47,F,1,Lycée (équivalent baccalauréat),Célibataire,Moins de $40K,Blue,36,2,3,2418,68,0.834
715102308,Client actuel,50,F,2,Non connu,Marié(e),$40K - $60K,Blue,36,1,2,1277,47,0.556
768814983,Client actuel,39,F,2,Non connu,Marié(e),Moins de $40K,Blue,33,1,3,1937,85,0.596
788744058,Client actuel,48,F,2,Lycée (équivalent baccalauréat),Marié(e),Non connu,Blue,27,1,2,1361,80,0.339
782802033,Client perdu,45,F,4,Non connu,Marié(e),Moins de $40K,Blue,39,2,2,1472,55,0.432
708499608,Client actuel,49,M,5,Master,Célibataire,$40K - $60K,Silver,36,1,2,1299,78,0.084
794947683,Client actuel,35,F,4,Licence,Célibataire,Moins de $40K,Blue,29,3,0,1189,60,0.561
716442333,Client actuel,34,F,3,Licence,Marié(e),$40K - $60K,Blue,25,2,2,1468,88,0.645
772189308,Client actuel,59,F,1,Niveau Bac+2,Célibataire,Moins de $40K,Blue,48,2,0,1888,62,0.726
721529583,Client actuel,52,M,3,Lycée (équivalent baccalauréat),Célibataire,$80K - $120K,Blue,41,3,3,2413,72,0.52
713578608,Client actuel,58,M,0,Doctorat,Célibataire,Moins de $40K,Blue,46,4,3,0,82,0.0
718976283,Client actuel,51,F,2,Non connu,Célibataire,Moins de $40K,Blue,36,2,2,1071,66,0.576
711505308,Client actuel,59,F,1,Licence,Célibataire,Moins de $40K,Blue,52,3,3,1619,83,0.614
711131958,Client actuel,50,F,3,Doctorat,Célibataire,$40K - $60K,Blue,42,3,3,881,71,0.235
714687858,Client actuel,49,F,1,Licence,Célibataire,Moins de $40K,Blue,41,1,3,0,82,0.0
780289308,Client perdu,61,F,0,Lycée (équivalent baccalauréat),Marié(e),Moins de $40K,Blue,47,3,6,0,57,0.0
708504783,Client actuel,47,M,3,Sans diplôme,Non connu,$40K - $60K,Blue,36,3,3,1333,62,0.122
778857108,Client actuel,52,F,3,Master,Marié(e),$40K - $60K,Blue,33,2,0,0,81,0.0
756598833,Client actuel,38,M,1,Sans diplôme,Marié(e),Moins de $40K,Blue,31,3,3,1204,84,0.193
718748133,Client actuel,34,F,3,Licence,Célibataire,Non connu,Blue,23,1,0,0,67,0.0
714503433,Client perdu,57,F,2,Doctorat,Marié(e),$60K - $80K,Blue,36,3,3,950,43,0.588
710869008,Client actuel,47,F,3,Licence,Célibataire,Non connu,Blue,36,1,2,0,78,0.0
779643858,Client actuel,55,F,1,Licence,Marié(e),Moins de $40K,Blue,38,5,2,1037,82,0.51
715250583,Client actuel,55,M,2,Non connu,Célibataire,$80K - $120K,Blue,48,2,3,1138,59,0.141
714396558,Client actuel,57,F,3,Lycée (équivalent baccalauréat),Marié(e),Moins de $40K,Blue,51,2,3,0,87,0.0
752766783,Client actuel,43,F,4,Licence,Divorcé(e),Non connu,Blue,36,2,2,2074,81,0.18
715532208,Client actuel,65,F,1,Lycée (équivalent baccalauréat),Célibataire,Moins de $40K,Blue,55,3,2,1504,61,0.375
719130558,Client actuel,55,F,2,Sans diplôme,Marié(e),Moins de $40K,Blue,44,2,3,1000,69,0.599
806232408,Client actuel,54,F,3,Licence,Marié(e),Non connu,Blue,49,1,2,0,65,0.0
715497558,Client perdu,44,F,1,Niveau Bac+2,Marié(e),$60K - $80K,Blue,36,3,3,0,47,0.0
716303583,Client actuel,55,F,2,Licence,Non connu,Moins de $40K,Blue,36,1,2,1617,73,0.596
713522058,Client actuel,39,F,0,Niveau Bac+2,Marié(e),Moins de $40K,Blue,30,2,3,871,59,0.44
719074308,Client actuel,37,F,3,Niveau Bac+2,Marié(e),Moins de $40K,Blue,27,2,0,687,73,0.478
711881733,Client actuel,55,F,1,Licence,Marié(e),Moins de $40K,Blue,46,3,3,0,76,0.0
710310108,Client actuel,46,F,1,Doctorat,Marié(e),Moins de $40K,Blue,29,3,2,1705,89,0.709
715814433,Client actuel,44,M,4,Non connu,Célibataire,$80K - $120K,Blue,36,2,3,1160,83,0.197
717252483,Client perdu,57,F,2,Licence,Marié(e),$80K - $120K,Blue,41,3,3,0,35,0.0
770874483,Client actuel,54,F,1,Master,Marié(e),Non connu,Blue,40,1,2,1267,74,0.441
719742108,Client perdu,38,F,1,Lycée (équivalent baccalauréat),Célibataire,Moins de $40K,Blue,26,2,6,0,44,0.0
711064008,Client actuel,48,F,2,Non connu,Célibataire,Moins de $40K,Blue,36,3,2,2390,68,0.251
717208833,Client perdu,34,F,3,Lycée (équivalent baccalauréat),Marié(e),Moins de $40K,Blue,21,2,2,0,56,0.0
709022883,Client actuel,44,F,4,Niveau Bac+2,Marié(e),Moins de $40K,Blue,36,3,2,0,89,0.0
713653983,Client actuel,39,M,3,Sans diplôme,Célibataire,$60K - $80K,Blue,26,2,1,1136,87,0.382
713463708,Client perdu,40,F,4,Licence,Marié(e),$60K - $80K,Blue,25,2,3,0,42,0.0
789143283,Client actuel,41,F,1,Sans diplôme,Célibataire,Non connu,Blue,30,2,3,1175,76,0.208
778550583,Client actuel,43,F,1,Lycée (équivalent baccalauréat),Non connu,$40K - $60K,Blue,35,3,2,0,87,0.0
711181608,Client actuel,50,F,2,Licence,Non connu,Moins de $40K,Blue,40,2,3,0,68,0.0
711790308,Client perdu,54,F,0,Lycée (équivalent baccalauréat),Non connu,Moins de $40K,Blue,34,3,3,632,49,0.284
779791908,Client actuel,47,F,4,Master,Célibataire,$40K - $60K,Blue,36,3,3,0,85,0.0
789515283,Client actuel,51,M,3,Licence,Marié(e),$60K - $80K,Blue,43,1,3,1494,69,0.693
712046808,Client perdu,49,F,3,Doctorat,Divorcé(e),Non connu,Blue,42,3,3,1558,43,0.41
712169883,Client actuel,43,M,1,Niveau Bac+2,Marié(e),$60K - $80K,Blue,36,3,2,1079,74,0.078
712637283,Client actuel,36,F,2,Non connu,Non connu,Moins de $40K,Blue,28,1,2,1602,78,0.739
715555833,Client actuel,47,F,3,Non connu,Célibataire,Moins de $40K,Blue,34,3,0,0,86,0.0
708712833,Client actuel,45,F,5,Licence,Marié(e),Moins de $40K,Blue,36,1,2,1037,72,0.453
717841683,Client actuel,49,M,3,Non connu,Marié(e),$60K - $80K,Blue,36,1,3,1085,72,0.048
708689958,Client actuel,48,F,4,Non connu,Non connu,Moins de $40K,Blue,36,3,2,1744,88,0.725
708888633,Client perdu,52,M,3,Doctorat,Marié(e),$80K - $120K,Blue,36,3,3,895,38,0.296
721012983,Client actuel,46,M,3,Doctorat,Marié(e),$80K - $120K,Blue,38,1,2,1417,61,0.11
812406183,Client perdu,45,F,4,Non connu,Marié(e),Moins de $40K,Blue,40,5,3,0,41,0.0
714595983,Client perdu,49,F,1,Sans diplôme,Marié(e),$40K - $60K,Blue,41,3,3,522,37,0.363
715725858,Client actuel,43,F,3,Master,Célibataire,Moins de $40K,Blue,26,2,2,1346,76,0.597
720270633,Client perdu,40,F,3,Licence,Marié(e),$60K - $80K,Blue,36,3,1,0,54,0.0
720269283,Client actuel,48,F,3,Non connu,Non connu,$40K - $60K,Blue,33,2,2,1651,86,0.664
710142258,Client actuel,53,F,2,Non connu,Célibataire,Moins de $40K,Blue,36,2,2,909,67,0.499
708525108,Client actuel,54,F,2,Licence,Marié(e),Non connu,Blue,47,3,3,1134,77,0.526
709621008,Client actuel,48,M,5,Master,Célibataire,$60K - $80K,Blue,30,3,2,1482,76,0.254
717181833,Client actuel,39,F,1,Licence,Célibataire,Moins de $40K,Silver,30,2,2,891,59,0.087
711288558,Client actuel,45,F,3,Licence,Célibataire,Moins de $40K,Blue,28,2,2,1174,77,0.577
718653333,Client perdu,45,F,2,Niveau Bac+2,Célibataire,$60K - $80K,Blue,33,3,3,0,31,0.0
766628733,Client actuel,56,M,3,Sans diplôme,Célibataire,$60K - $80K,Blue,49,3,3,0,74,0.0
711724083,Client perdu,27,F,0,Non connu,Célibataire,Moins de $40K,Blue,16,1,3,1647,44,0.898
719690733,Client actuel,47,F,4,Lycée (équivalent baccalauréat),Marié(e),Moins de $40K,Blue,40,2,2,1989,70,0.443
770783508,Client actuel,48,M,3,Licence,Divorcé(e),$60K - $80K,Blue,34,3,2,0,72,0.0
713422083,Client perdu,30,F,0,Licence,Célibataire,$60K - $80K,Blue,36,3,3,0,59,0.0
718026858,Client actuel,52,F,2,Niveau Bac+2,Célibataire,Moins de $40K,Blue,36,2,2,1490,80,0.629
716028108,Client actuel,35,F,2,Niveau Bac+2,Célibataire,Moins de $40K,Blue,18,2,0,0,83,0.0
712222758,Client perdu,38,F,3,Licence,Marié(e),$60K - $80K,Blue,36,2,3,0,47,0.0
718436133,Client actuel,44,F,2,Licence,Célibataire,Moins de $40K,Blue,36,2,3,1244,71,0.525
719313633,Client actuel,53,F,0,Lycée (équivalent baccalauréat),Marié(e),$40K - $60K,Blue,36,2,3,1936,53,0.672
814586958,Client actuel,43,F,2,Niveau Bac+2,Divorcé(e),Non connu,Blue,38,3,2,2042,75,0.626
804344733,Client actuel,46,F,3,Non connu,Célibataire,Moins de $40K,Blue,41,2,2,916,89,0.473
717166383,Client actuel,40,F,4,Non connu,Marié(e),$40K - $60K,Blue,30,2,2,1465,82,0.676
713060283,Client actuel,43,F,5,Licence,Marié(e),$40K - $60K,Blue,34,1,3,1164,81,0.163
713070033,Client actuel,56,F,2,Licence,Célibataire,Moins de $40K,Blue,43,3,2,787,79,0.547
793625583,Client actuel,48,F,3,Lycée (équivalent baccalauréat),Célibataire,$40K - $60K,Blue,42,1,1,2090,67,0.558
713918358,Client actuel,31,F,0,Sans diplôme,Divorcé(e),Non connu,Blue,36,3,1,1682,81,0.324
714308283,Client actuel,41,M,2,Doctorat,Marié(e),$40K - $60K,Blue,32,3,3,1171,70,0.193
714086133,Client actuel,47,F,4,Sans diplôme,Célibataire,Moins de $40K,Blue,36,2,3,1450,83,0.563
718872858,Client actuel,43,F,2,Lycée (équivalent baccalauréat),Marié(e),Moins de $40K,Blue,36,1,3,2121,79,0.564
718148358,Client perdu,50,F,3,Lycée (équivalent baccalauréat),Marié(e),Moins de $40K,Blue,36,3,3,0,41,0.0
709665783,Client actuel,39,F,1,Non connu,Marié(e),$40K - $60K,Blue,36,1,1,0,70,0.0
708483708,Client actuel,51,M,2,Non connu,Marié(e),$120K +,Blue,36,3,2,0,66,0.0
715347783,Client actuel,40,M,4,Lycée (équivalent baccalauréat),Marié(e),Moins de $40K,Blue,35,3,1,1524,57,0.346
709054083,Client actuel,50,F,1,Licence,Non connu,Moins de $40K,Blue,32,1,3,1911,79,0.721
807915408,Client actuel,41,F,2,Niveau Bac+2,Marié(e),$40K - $60K,Blue,36,2,3,0,82,0.0
794507133,Client perdu,37,F,2,Doctorat,Célibataire,$40K - $60K,Blue,18,1,3,0,46,0.0
712569408,Client actuel,56,F,4,Doctorat,Célibataire,$40K - $60K,Blue,44,2,3,1385,82,0.401
788805108,Client actuel,47,M,3,Lycée (équivalent baccalauréat),Célibataire,$60K - $80K,Blue,30,3,3,1775,80,0.098
710150208,Client actuel,44,F,4,Master,Divorcé(e),Moins de $40K,Blue,26,1,3,1250,69,0.545
711825558,Client actuel,38,M,3,Licence,Marié(e),$80K - $120K,Blue,19,2,2,1115,65,0.735
712891833,Client actuel,45,F,2,Licence,Non connu,Moins de $40K,Blue,36,1,1,1902,84,0.698
719680908,Client actuel,47,F,0,Niveau Bac+2,Marié(e),Moins de $40K,Blue,27,1,3,691,84,0.389
801053208,Client actuel,39,F,3,Lycée (équivalent baccalauréat),Marié(e),Moins de $40K,Blue,33,3,1,1270,84,0.645
758642733,Client actuel,48,F,1,Licence,Célibataire,Moins de $40K,Blue,41,1,1,1054,73,0.567
771201408,Client actuel,53,F,3,Licence,Divorcé(e),Moins de $40K,Blue,40,2,3,2126,75,0.792
789523683,Client actuel,51,F,2,Licence,Célibataire,$40K - $60K,Blue,43,1,3,1865,77,0.856
767266758,Client perdu,41,F,2,Lycée (équivalent baccalauréat),Célibataire,Moins de $40K,Blue,34,3,7,0,49,0.0
713732883,Client actuel,38,F,0,Sans diplôme,Célibataire,Moins de $40K,Blue,36,1,2,0,81,0.0
720739083,Client perdu,36,F,2,Master,Marié(e),$60K - $80K,Blue,25,2,3,0,63,0.0
718010133,Client actuel,46,F,2,Master,Célibataire,Moins de $40K,Blue,35,2,3,1641,61,0.568
771518658,Client actuel,58,F,1,Lycée (équivalent baccalauréat),Marié(e),$40K - $60K,Blue,46,3,1,1339,90,0.716
710508858,Client actuel,44,F,2,Lycée (équivalent baccalauréat),Non connu,Moins de $40K,Blue,34,1,3,2517,81,0.78
772590408,Client actuel,41,M,5,Non connu,Marié(e),$80K - $120K,Blue,31,3,1,1379,90,0.114
719334408,Client actuel,42,F,3,Master,Marié(e),Moins de $40K,Blue,36,3,1,1483,71,0.299
717500133,Client actuel,42,M,4,Sans diplôme,Célibataire,$80K - $120K,Blue,36,2,3,599,63,0.058
720988083,Client actuel,45,F,1,Sans diplôme,Marié(e),Moins de $40K,Blue,35,3,2,1080,79,0.751
713594883,Client perdu,44,F,2,Sans diplôme,Célibataire,Non connu,Blue,32,3,3,849,43,0.571
719848908,Client actuel,41,F,3,Licence,Marié(e),Non connu,Blue,33,3,3,0,73,0.0
714962658,Client perdu,35,M,2,Non connu,Célibataire,Moins de $40K,Blue,36,3,3,0,40,0.0
717429258,Client perdu,48,F,3,Doctorat,Célibataire,$60K - $80K,Blue,39,3,7,500,45,0.304
717022533,Client actuel,43,F,2,Master,Célibataire,$40K - $60K,Blue,36,1,3,0,66,0.0
710853033,Client actuel,36,F,1,Doctorat,Non connu,Moins de $40K,Blue,36,2,2,1204,82,0.244
709548783,Client perdu,44,M,2,Doctorat,Non connu,$40K - $60K,Blue,36,3,7,0,54,0.0
780055308,Client actuel,43,F,3,Niveau Bac+2,Célibataire,Moins de $40K,Blue,28,1,3,0,54,0.0
714252933,Client actuel,52,F,2,Niveau Bac+2,Divorcé(e),Moins de $40K,Blue,45,2,3,0,80,0.0
713336883,Client perdu,61,F,0,Lycée (équivalent baccalauréat),Célibataire,Moins de $40K,Blue,36,3,8,0,46,0.0
713119308,Client actuel,50,F,3,Non connu,Célibataire,Moins de $40K,Blue,39,4,3,0,82,0.0
710815608,Client actuel,43,M,2,Lycée (équivalent baccalauréat),Marié(e),$60K - $80K,Blue,25,2,3,1530,70,0.747
809626983,Client perdu,48,F,3,Lycée (équivalent baccalauréat),Marié(e),Moins de $40K,Blue,43,3,3,0,37,0.0
803398983,Client actuel,35,F,3,Non connu,Divorcé(e),Moins de $40K,Blue,29,2,3,864,64,0.572
717568308,Client actuel,39,M,1,Non connu,Célibataire,$80K - $120K,Blue,36,2,1,0,78,0.0
711694083,Client actuel,59,F,0,Master,Célibataire,Moins de $40K,Blue,48,2,2,1251,71,0.413
712258308,Client actuel,58,F,4,Lycée (équivalent baccalauréat),Célibataire,Moins de $40K,Blue,39,1,3,1483,75,0.538
713884458,Client actuel,51,M,4,Lycée (équivalent baccalauréat),Célibataire,$80K - $120K,Blue,37,2,2,2142,83,0.244
716160708,Client actuel,64,M,1,Licence,Célibataire,Moins de $40K,Blue,36,3,1,1677,94,0.901
772728933,Client perdu,50,M,2,Lycée (équivalent baccalauréat),Marié(e),$120K +,Blue,40,5,3,813,40,0.059
815320383,Client perdu,46,F,3,Non connu,Non connu,Moins de $40K,Blue,41,3,2,0,43,0.0
712117983,Client actuel,49,M,4,Licence,Marié(e),$80K - $120K,Blue,39,3,2,1853,60,0.107
788694558,Client actuel,53,F,3,Sans diplôme,Célibataire,Moins de $40K,Blue,40,2,3,661,87,0.46
709275558,Client actuel,54,M,2,Licence,Célibataire,$60K - $80K,Blue,44,3,2,0,55,0.0
711216933,Client actuel,42,F,1,Lycée (équivalent baccalauréat),Marié(e),Moins de $40K,Blue,36,3,1,1299,77,0.593
717069033,Client actuel,43,F,4,Licence,Marié(e),Moins de $40K,Blue,30,1,3,1153,65,0.239
714992733,Client actuel,46,M,3,Licence,Divorcé(e),$80K - $120K,Blue,36,1,1,2081,62,0.648
809445858,Client actuel,38,F,0,Licence,Célibataire,Moins de $40K,Blue,32,3,3,750,79,0.427
708859158,Client actuel,47,F,4,Licence,Célibataire,$40K - $60K,Blue,37,1,1,703,80,0.489
710040483,Client actuel,37,M,3,Sans diplôme,Non connu,$60K - $80K,Blue,26,2,1,2124,87,0.147
714667608,Client actuel,47,M,5,Master,Marié(e),$40K - $60K,Blue,36,3,2,0,78,0.0
714475908,Client perdu,43,M,2,Sans diplôme,Célibataire,$60K - $80K,Blue,35,3,2,0,39,0.0
713656308,Client actuel,56,F,0,Lycée (équivalent baccalauréat),Marié(e),Moins de $40K,Blue,48,3,1,0,75,0.0
716790633,Client perdu,43,M,3,Licence,Marié(e),$60K - $80K,Blue,36,2,3,0,38,0.0
716127333,Client perdu,45,F,3,Licence,Marié(e),Non connu,Blue,36,2,3,484,45,0.026
713017758,Client actuel,47,F,1,Sans diplôme,Célibataire,Moins de $40K,Blue,32,2,2,1135,85,0.694
717893358,Client actuel,43,F,3,Licence,Marié(e),Non connu,Blue,33,1,3,1456,65,0.183
780032208,Client perdu,44,M,3,Licence,Marié(e),$60K - $80K,Blue,34,3,3,0,47,0.0
720219633,Client actuel,52,F,0,Licence,Non connu,$40K - $60K,Blue,42,3,2,1544,70,0.567
711676008,Client actuel,52,F,1,Licence,Célibataire,Moins de $40K,Blue,44,2,2,991,59,0.491
714192033,Client actuel,43,F,3,Lycée (équivalent baccalauréat),Célibataire,Non connu,Blue,25,1,2,1870,63,0.181
713442933,Client actuel,49,M,3,Non connu,Marié(e),$40K - $60K,Blue,32,3,3,2208,86,0.709
789052308,Client perdu,40,M,3,Licence,Non connu,$40K - $60K,Blue,28,2,2,0,38,0.0
714948858,Client perdu,50,F,2,Non connu,Célibataire,Moins de $40K,Blue,36,2,2,2517,58,0.69
711772983,Client actuel,43,M,2,Lycée (équivalent baccalauréat),Célibataire,$60K - $80K,Blue,35,2,2,1293,71,0.699
802937058,Client actuel,53,M,1,Licence,Marié(e),$80K - $120K,Blue,47,3,1,1859,80,0.732
712493058,Client actuel,42,F,5,Lycée (équivalent baccalauréat),Célibataire,Non connu,Blue,31,3,2,0,72,0.0
718808883,Client actuel,55,F,2,Licence,Célibataire,Moins de $40K,Silver,47,3,1,0,69,0.0
719685408,Client perdu,40,M,2,Sans diplôme,Marié(e),$60K - $80K,Blue,29,2,2,318,43,0.05
708829758,Client actuel,41,M,2,Lycée (équivalent baccalauréat),Marié(e),$60K - $80K,Blue,36,3,2,761,66,0.126
710792733,Client actuel,47,F,3,Master,Marié(e),Moins de $40K,Blue,29,2,2,638,75,0.22
716838633,Client actuel,46,M,4,Lycée (équivalent baccalauréat),Célibataire,$60K - $80K,Blue,36,5,0,1341,84,0.1
714041283,Client actuel,50,F,2,Licence,Célibataire,Non connu,Blue,40,2,2,1663,83,0.252
710284233,Client perdu,33,M,4,Sans diplôme,Marié(e),$80K - $120K,Blue,36,3,8,0,43,0.0
752944533,Client actuel,45,F,5,Lycée (équivalent baccalauréat),Marié(e),Moins de $40K,Blue,34,1,2,1269,88,0.625
713312208,Client perdu,53,M,1,Lycée (équivalent baccalauréat),Marié(e),$40K - $60K,Blue,43,2,3,0,38,0.0
804045933,Client actuel,36,M,0,Licence,Célibataire,$80K - $120K,Blue,30,3,2,2414,74,0.455
716662683,Client actuel,55,F,2,Non connu,Célibataire,Moins de $40K,Blue,45,2,3,1820,81,0.571
713432508,Client actuel,42,F,3,Master,Marié(e),Moins de $40K,Blue,36,3,2,1749,72,0.404
799475658,Client actuel,51,F,3,Sans diplôme,Marié(e),Moins de $40K,Blue,45,3,3,1300,79,0.581
719849958,Client actuel,44,F,4,Licence,Célibataire,Moins de $40K,Blue,36,3,3,1884,83,0.709
715803933,Client actuel,47,M,1,Master,Célibataire,$60K - $80K,Blue,36,2,2,1371,65,0.151
779486433,Client actuel,46,F,5,Non connu,Célibataire,Moins de $40K,Blue,28,2,3,2169,76,0.895
708281433,Client actuel,57,F,2,Licence,Marié(e),Moins de $40K,Blue,36,1,3,0,75,0.0
779844408,Client perdu,43,F,1,Master,Marié(e),$60K - $80K,Blue,27,4,3,0,40,0.0
721306908,Client actuel,61,F,1,Licence,Célibataire,Non connu,Blue,44,3,2,540,46,0.234
713964858,Client actuel,51,M,2,Licence,Divorcé(e),$120K +,Blue,41,2,3,887,81,0.318
717545808,Client actuel,44,F,4,Master,Célibataire,Moins de $40K,Blue,32,1,2,1987,70,0.685
771232533,Client actuel,46,F,2,Licence,Marié(e),Moins de $40K,Blue,33,3,3,1283,81,0.566
710883483,Client actuel,52,F,1,Licence,Marié(e),$40K - $60K,Blue,34,3,3,2066,85,0.493
801715383,Client perdu,45,M,4,Licence,Marié(e),$60K - $80K,Blue,39,6,2,0,51,0.0
719594433,Client actuel,35,F,2,Licence,Célibataire,Non connu,Blue,26,1,2,1434,66,0.439
716310633,Client actuel,59,F,1,Master,Célibataire,Moins de $40K,Blue,36,2,2,2481,84,0.899
714188883,Client perdu,46,F,5,Doctorat,Célibataire,$60K - $80K,Blue,37,2,2,0,36,0.0
772437633,Client actuel,43,M,3,Licence,Célibataire,$60K - $80K,Blue,33,2,3,0,72,0.0
708536283,Client perdu,35,M,1,Doctorat,Marié(e),$80K - $120K,Blue,27,2,2,2517,46,0.867
772569033,Client actuel,44,M,0,Lycée (équivalent baccalauréat),Divorcé(e),$80K - $120K,Blue,34,2,2,1236,90,0.234
714443883,Client actuel,57,F,3,Licence,Marié(e),Moins de $40K,Blue,49,2,1,0,81,0.0
710369658,Client actuel,50,M,3,Non connu,Marié(e),$60K - $80K,Blue,36,3,2,2353,92,0.718
788440083,Client actuel,55,M,2,Sans diplôme,Célibataire,$60K - $80K,Silver,48,3,3,1384,82,0.04
773332908,Client actuel,48,M,4,Lycée (équivalent baccalauréat),Non connu,$60K - $80K,Blue,30,3,2,1900,83,0.13
709307808,Client perdu,59,F,2,Lycée (équivalent baccalauréat),Marié(e),$40K - $60K,Blue,36,6,3,0,53,0.0
712507758,Client actuel,36,F,2,Niveau Bac+2,Non connu,Non connu,Blue,24,3,3,1903,87,0.552
715701033,Client perdu,43,M,2,Licence,Marié(e),$80K - $120K,Blue,33,6,3,1761,46,0.834
718478883,Client actuel,55,F,2,Niveau Bac+2,Célibataire,Moins de $40K,Blue,36,1,3,0,81,0.0
788734158,Client actuel,42,M,4,Licence,Marié(e),$40K - $60K,Blue,19,3,2,0,59,0.0
794490858,Client actuel,48,F,1,Lycée (équivalent baccalauréat),Marié(e),$40K - $60K,Silver,28,1,2,1387,61,0.088
718397658,Client actuel,60,F,0,Non connu,Célibataire,$40K - $60K,Blue,36,3,2,1231,61,0.299
718826883,Client perdu,50,M,3,Sans diplôme,Célibataire,$80K - $120K,Blue,36,5,2,0,36,0.0
716733933,Client actuel,42,F,2,Lycée (équivalent baccalauréat),Marié(e),Non connu,Blue,30,3,2,725,64,0.382
809307108,Client actuel,44,F,1,Lycée (équivalent baccalauréat),Célibataire,Non connu,Blue,39,3,2,1182,77,0.585
778671483,Client actuel,33,F,3,Sans diplôme,Célibataire,Moins de $40K,Blue,13,3,3,1008,67,0.618
815504583,Client perdu,48,F,4,Licence,Marié(e),$40K - $60K,Blue,43,2,8,0,43,0.0
789319458,Client actuel,48,M,5,Sans diplôme,Célibataire,$60K - $80K,Blue,38,2,3,1481,65,0.065
710382108,Client actuel,39,F,3,Master,Marié(e),Moins de $40K,Blue,19,1,2,2423,63,0.988
720895533,Client actuel,32,F,4,Non connu,Marié(e),Moins de $40K,Blue,22,3,3,1056,78,0.734
709891608,Client perdu,41,M,2,Lycée (équivalent baccalauréat),Marié(e),$120K +,Blue,24,2,3,0,43,0.0
717136533,Client actuel,37,F,2,Sans diplôme,Célibataire,Moins de $40K,Blue,26,2,2,835,73,0.323
790164408,Client actuel,59,F,1,Non connu,Marié(e),Moins de $40K,Blue,52,3,3,2094,77,0.907
795613233,Client actuel,48,F,2,Licence,Marié(e),Non connu,Blue,42,2,0,1494,76,0.142
709009833,Client actuel,54,M,3,Licence,Marié(e),$40K - $60K,Blue,44,3,3,0,67,0.0
720054183,Client actuel,41,F,2,Licence,Célibataire,$40K - $60K,Blue,25,2,2,2228,86,0.805
713193408,Client actuel,59,F,0,Non connu,Célibataire,Moins de $40K,Blue,52,3,3,2076,75,0.82
801508383,Client actuel,48,M,2,Licence,Célibataire,$80K - $120K,Blue,42,3,2,1721,85,0.067
711949683,Client perdu,55,F,2,Niveau Bac+2,Divorcé(e),$40K - $60K,Blue,36,2,3,2517,44,0.571
787747308,Client perdu,49,F,4,Sans diplôme,Non connu,Moins de $40K,Blue,39,5,2,2517,39,0.726
720064158,Client actuel,51,F,3,Master,Marié(e),Moins de $40K,Blue,36,2,3,0,70,0.0
779104608,Client perdu,34,F,3,Lycée (équivalent baccalauréat),Non connu,Non connu,Blue,15,1,3,0,48,0.0
715477233,Client actuel,55,F,1,Lycée (équivalent baccalauréat),Non connu,Non connu,Blue,36,2,3,1430,69,0.205
719524383,Client actuel,35,F,3,Licence,Célibataire,$40K - $60K,Blue,22,1,3,1670,73,0.684
713804883,Client perdu,46,F,4,Master,Célibataire,$60K - $80K,Blue,37,2,2,0,28,0.0
710359458,Client actuel,50,F,1,Licence,Marié(e),$40K - $60K,Blue,36,1,3,1807,70,0.706
716311683,Client actuel,43,M,4,Niveau Bac+2,Marié(e),$80K - $120K,Blue,36,1,2,1448,54,0.044
753795633,Client perdu,48,F,2,Sans diplôme,Marié(e),Moins de $40K,Blue,41,5,2,2517,38,0.849
780076833,Client actuel,44,M,1,Non connu,Non connu,$80K - $120K,Blue,29,1,2,1008,66,0.121
716019333,Client actuel,65,F,0,Non connu,Célibataire,Moins de $40K,Blue,56,3,3,1789,82,0.785
820657083,Client actuel,53,M,4,Niveau Bac+2,Célibataire,$80K - $120K,Silver,48,1,2,800,72,0.023
716901858,Client actuel,49,M,4,Doctorat,Marié(e),$40K - $60K,Blue,39,1,2,0,77,0.0
756571983,Client actuel,45,F,3,Lycée (équivalent baccalauréat),Célibataire,Moins de $40K,Blue,36,2,3,1103,85,0.546
817607358,Client perdu,44,F,2,Lycée (équivalent baccalauréat),Non connu,Non connu,Gold,35,5,3,0,44,0.0
778268508,Client actuel,56,F,2,Sans diplôme,Célibataire,Non connu,Blue,47,2,1,1966,86,0.374
778984383,Client actuel,43,F,3,Lycée (équivalent baccalauréat),Marié(e),Non connu,Blue,31,3,1,2039,73,0.757
720771933,Client actuel,49,F,3,Master,Marié(e),$40K - $60K,Blue,36,2,1,0,69,0.0
748827033,Client actuel,44,M,3,Licence,Divorcé(e),$60K - $80K,Blue,37,2,3,0,84,0.0
712591983,Client actuel,52,F,5,Licence,Célibataire,$40K - $60K,Blue,41,2,3,1960,79,0.646
712181658,Client actuel,37,F,2,Licence,Célibataire,$40K - $60K,Blue,36,3,1,1552,86,0.645
712297683,Client perdu,47,F,3,Niveau Bac+2,Marié(e),$60K - $80K,Blue,35,5,2,0,35,0.0
714684933,Client perdu,40,F,1,Sans diplôme,Marié(e),Moins de $40K,Blue,28,2,3,0,41,0.0
720742083,Client perdu,48,F,4,Non connu,Marié(e),Moins de $40K,Blue,36,4,3,2425,46,0.885
772310958,Client actuel,42,F,2,Licence,Marié(e),Moins de $40K,Blue,31,6,3,822,94,0.191
715343883,Client actuel,42,F,3,Lycée (équivalent baccalauréat),Célibataire,Moins de $40K,Blue,32,3,3,1297,66,0.672
720470133,Client actuel,59,M,0,Licence,Célibataire,Moins de $40K,Blue,36,3,3,1483,87,0.411
710420133,Client actuel,47,F,2,Licence,Marié(e),Moins de $40K,Blue,34,2,2,0,68,0.0
720933408,Client actuel,56,F,2,Sans diplôme,Non connu,Moins de $40K,Blue,36,1,2,1825,89,0.216
716304483,Client actuel,46,F,3,Lycée (équivalent baccalauréat),Marié(e),$40K - $60K,Blue,36,2,3,2372,86,0.695
719534058,Client actuel,26,F,0,Licence,Non connu,Moins de $40K,Blue,14,2,1,1942,57,0.898
710515308,Client actuel,42,F,1,Licence,Célibataire,Moins de $40K,Blue,36,3,1,1904,84,0.53
797241108,Client actuel,47,M,1,Licence,Célibataire,$120K +,Blue,41,3,3,1080,83,0.12
708884658,Client actuel,48,F,2,Licence,Marié(e),Moins de $40K,Blue,31,1,1,1565,90,0.676
794475483,Client actuel,44,M,4,Sans diplôme,Marié(e),$80K - $120K,Silver,27,3,2,1043,59,0.03
714315858,Client actuel,56,F,3,Lycée (équivalent baccalauréat),Marié(e),Moins de $40K,Blue,37,1,3,1650,71,0.412
717217983,Client actuel,43,F,3,Licence,Marié(e),Moins de $40K,Blue,30,2,3,2517,79,0.801
721124658,Client perdu,40,M,3,Sans diplôme,Célibataire,$80K - $120K,Blue,27,2,3,0,63,0.0
716753058,Client actuel,38,F,3,Licence,Célibataire,Moins de $40K,Blue,28,2,2,564,78,0.209
711069483,Client actuel,40,F,2,Licence,Célibataire,Moins de $40K,Blue,36,2,2,0,79,0.0
708478233,Client actuel,48,F,3,Licence,Marié(e),$40K - $60K,Blue,36,2,2,1238,90,0.222
710783358,Client actuel,46,M,3,Lycée (équivalent baccalauréat),Non connu,$80K - $120K,Blue,35,3,2,1764,85,0.686
713710383,Client actuel,43,M,2,Lycée (équivalent baccalauréat),Non connu,$80K - $120K,Blue,30,2,1,2517,55,0.14
720815208,Client perdu,52,M,0,Lycée (équivalent baccalauréat),Célibataire,$120K +,Blue,39,4,3,216,47,0.006
721338783,Client actuel,49,F,4,Sans diplôme,Marié(e),Non connu,Blue,36,2,3,2517,72,0.187
714121983,Client actuel,49,F,3,Licence,Célibataire,Non connu,Blue,42,2,3,1400,84,0.322
715061733,Client actuel,42,M,3,Niveau Bac+2,Célibataire,$60K - $80K,Blue,36,1,3,1060,81,0.091
720520308,Client perdu,46,F,4,Licence,Marié(e),$60K - $80K,Blue,28,2,3,2517,52,0.303
806908608,Client actuel,46,F,2,Non connu,Marié(e),Moins de $40K,Blue,41,2,3,0,78,0.0
798972183,Client perdu,49,F,2,Non connu,Célibataire,$40K - $60K,Blue,43,4,2,526,38,0.32
715030308,Client actuel,42,M,4,Licence,Marié(e),$40K - $60K,Blue,27,1,2,929,67,0.618
708244458,Client actuel,47,F,2,Non connu,Marié(e),Moins de $40K,Blue,35,3,2,1517,72,0.543
789479058,Client actuel,45,F,4,Niveau Bac+2,Divorcé(e),$40K - $60K,Blue,37,3,3,0,66,0.0
784998108,Client actuel,33,M,3,Lycée (équivalent baccalauréat),Marié(e),$80K - $120K,Blue,22,3,2,0,76,0.0
711808383,Client actuel,50,M,3,Licence,Divorcé(e),$60K - $80K,Blue,39,1,3,1709,85,0.269
770839608,Client actuel,60,F,1,Non connu,Célibataire,Moins de $40K,Blue,47,1,1,1427,82,0.596
713866308,Client actuel,45,M,4,Non connu,Célibataire,$60K - $80K,Blue,36,2,1,2004,76,0.133
714250908,Client perdu,53,F,2,Licence,Marié(e),$80K - $120K,Blue,47,6,2,2517,60,0.86
739317558,Client actuel,48,M,5,Licence,Marié(e),$80K - $120K,Blue,35,3,3,2369,84,0.262
718702908,Client actuel,53,F,2,Non connu,Célibataire,Moins de $40K,Blue,36,2,1,1041,84,0.675
720644883,Client actuel,53,F,1,Niveau Bac+2,Marié(e),Non connu,Blue,40,2,1,1867,87,0.378
717182883,Client actuel,33,F,1,Lycée (équivalent baccalauréat),Marié(e),Non connu,Blue,36,2,2,1432,74,0.628
719384433,Client perdu,44,F,3,Lycée (équivalent baccalauréat),Divorcé(e),Moins de $40K,Blue,28,2,3,1203,57,0.641
787301208,Client actuel,52,M,2,Sans diplôme,Divorcé(e),$40K - $60K,Blue,46,1,1,0,74,0.0
720924633,Client actuel,40,F,5,Licence,Non connu,Moins de $40K,Blue,27,2,1,0,73,0.0
721316358,Client actuel,41,M,3,Lycée (équivalent baccalauréat),Marié(e),$60K - $80K,Blue,28,1,1,632,62,0.066
716118633,Client actuel,43,M,2,Master,Divorcé(e),$60K - $80K,Blue,36,1,1,2177,73,0.401
789880533,Client perdu,46,F,4,Licence,Célibataire,$40K - $60K,Blue,36,4,8,1651,39,0.279
711221958,Client perdu,43,F,3,Licence,Marié(e),$40K - $60K,Blue,26,2,2,0,41,0.0
715510683,Client actuel,40,F,1,Lycée (équivalent baccalauréat),Célibataire,Moins de $40K,Blue,29,2,2,1362,82,0.543
718689258,Client actuel,39,F,2,Doctorat,Marié(e),$40K - $60K,Blue,29,2,3,1101,87,0.65
716368008,Client perdu,54,F,1,Licence,Marié(e),Non connu,Blue,36,2,2,959,41,0.306
712092783,Client perdu,47,F,3,Doctorat,Célibataire,$60K - $80K,Blue,40,2,3,0,42,0.0
789541458,Client actuel,35,F,1,Lycée (équivalent baccalauréat),Marié(e),Moins de $40K,Blue,28,0,2,977,85,0.679
719539458,Client actuel,46,F,3,Licence,Célibataire,Moins de $40K,Blue,41,3,3,0,93,0.0
713082708,Client actuel,41,F,2,Lycée (équivalent baccalauréat),Marié(e),Moins de $40K,Blue,36,2,2,991,67,0.2
794665608,Client actuel,48,F,3,Licence,Célibataire,$40K - $60K,Blue,33,2,3,582,59,0.102
712827258,Client actuel,37,M,3,Sans diplôme,Marié(e),$40K - $60K,Blue,25,0,3,0,77,0.0
714525633,Client actuel,55,F,2,Non connu,Célibataire,Moins de $40K,Blue,36,3,2,1023,81,0.542
708726708,Client perdu,42,F,3,Licence,Célibataire,$40K - $60K,Blue,36,2,3,599,35,0.413
768498258,Client actuel,47,F,1,Lycée (équivalent baccalauréat),Marié(e),Non connu,Blue,41,2,3,1642,83,0.557
712767858,Client perdu,42,F,0,Niveau Bac+2,Célibataire,$40K - $60K,Blue,30,2,3,1223,43,0.85
709231683,Client actuel,36,F,2,Licence,Non connu,$40K - $60K,Blue,23,2,3,901,84,0.445
712445583,Client perdu,33,F,0,Niveau Bac+2,Célibataire,Non connu,Blue,15,1,8,0,47,0.0
711461658,Client actuel,47,M,1,Lycée (équivalent baccalauréat),Marié(e),$40K - $60K,Blue,29,3,2,1197,82,0.364
713891133,Client perdu,41,F,2,Non connu,Célibataire,Moins de $40K,Blue,36,2,2,834,43,0.58
710074458,Client actuel,41,F,5,Lycée (équivalent baccalauréat),Divorcé(e),Moins de $40K,Blue,34,1,3,996,90,0.466
779279883,Client perdu,60,F,2,Lycée (équivalent baccalauréat),Marié(e),Moins de $40K,Blue,42,5,2,0,42,0.0
719674533,Client actuel,48,M,3,Non connu,Célibataire,$80K - $120K,Blue,44,1,3,1527,76,0.091
716535408,Client actuel,43,M,3,Non connu,Marié(e),$40K - $60K,Blue,32,1,3,1462,69,0.12
710319108,Client actuel,54,F,2,Lycée (équivalent baccalauréat),Marié(e),Moins de $40K,Blue,47,2,3,1298,73,0.72
714777858,Client actuel,60,F,2,Non connu,Marié(e),Moins de $40K,Blue,36,3,2,2066,69,0.882
769974258,Client actuel,44,M,3,Master,Célibataire,$80K - $120K,Blue,38,2,3,0,82,0.0
717819633,Client actuel,49,F,3,Sans diplôme,Marié(e),Moins de $40K,Blue,42,1,2,1463,57,0.37
712953483,Client perdu,64,F,0,Licence,Célibataire,$60K - $80K,Blue,36,4,4,0,39,0.0
779029458,Client perdu,54,F,1,Master,Célibataire,$60K - $80K,Blue,35,4,3,0,47,0.0
721321383,Client actuel,50,F,3,Doctorat,Marié(e),Moins de $40K,Blue,41,3,2,1148,80,0.484
716973333,Client actuel,40,M,3,Sans diplôme,Marié(e),$120K +,Blue,28,3,2,1676,76,0.361
709946658,Client actuel,49,F,4,Niveau Bac+2,Célibataire,$40K - $60K,Blue,30,3,3,1211,58,0.438
709243533,Client actuel,49,F,2,Non connu,Célibataire,Moins de $40K,Blue,41,3,2,1815,75,0.71
709999308,Client actuel,51,M,3,Sans diplôme,Marié(e),$80K - $120K,Blue,40,2,2,0,78,0.0
712389108,Client actuel,43,F,2,Licence,Marié(e),Moins de $40K,Blue,36,3,2,2107,83,0.82
712305333,Client actuel,59,M,0,Licence,Célibataire,$60K - $80K,Blue,53,2,2,2505,65,0.571
812785158,Client actuel,42,M,4,Sans diplôme,Marié(e),Moins de $40K,Blue,37,3,2,1797,63,0.745
765459858,Client perdu,47,M,3,Licence,Divorcé(e),$60K - $80K,Blue,40,7,3,0,56,0.0
714894708,Client perdu,53,M,1,Sans diplôme,Non connu,$120K +,Blue,45,7,2,2517,45,0.105
711296508,Client actuel,49,F,3,Licence,Célibataire,Moins de $40K,Blue,42,2,3,2455,85,0.941
795713058,Client actuel,45,M,3,Master,Marié(e),$40K - $60K,Blue,39,1,2,1753,76,0.398
789487308,Client actuel,48,M,2,Doctorat,Célibataire,$60K - $80K,Blue,39,2,2,0,78,0.0
720130233,Client perdu,48,M,2,Lycée (équivalent baccalauréat),Célibataire,$60K - $80K,Blue,36,4,1,0,45,0.0
789047208,Client actuel,57,F,2,Lycée (équivalent baccalauréat),Célibataire,Moins de $40K,Blue,45,1,3,1610,79,0.656
715864983,Client actuel,56,F,2,Lycée (équivalent baccalauréat),Marié(e),Moins de $40K,Blue,43,2,2,0,83,0.0
708765933,Client actuel,46,M,2,Master,Marié(e),$60K - $80K,Blue,36,2,2,887,81,0.162
809320908,Client actuel,42,M,3,Lycée (équivalent baccalauréat),Célibataire,$60K - $80K,Blue,37,3,3,0,84,0.0
779324358,Client actuel,49,F,2,Sans diplôme,Célibataire,Moins de $40K,Blue,31,1,3,1603,79,0.673
713730108,Client actuel,48,M,4,Master,Divorcé(e),$60K - $80K,Blue,38,2,2,1258,67,0.108
711783483,Client actuel,55,F,3,Master,Célibataire,$40K - $60K,Blue,46,3,2,984,72,0.191
719294433,Client actuel,63,F,1,Sans diplôme,Célibataire,Non connu,Blue,55,3,1,520,68,0.032
718279008,Client perdu,44,M,3,Lycée (équivalent baccalauréat),Célibataire,$60K - $80K,Silver,36,2,3,0,38,0.0
721238508,Client actuel,38,F,3,Lycée (équivalent baccalauréat),Célibataire,Moins de $40K,Blue,26,3,3,1484,77,0.765
709365483,Client actuel,45,F,2,Doctorat,Divorcé(e),$40K - $60K,Blue,36,3,3,1826,67,0.655
718477983,Client actuel,54,F,3,Lycée (équivalent baccalauréat),Marié(e),Moins de $40K,Blue,42,2,3,1108,90,0.77
719809533,Client actuel,59,F,0,Non connu,Marié(e),Moins de $40K,Blue,36,1,4,1969,84,0.804
717239133,Client actuel,52,F,1,Niveau Bac+2,Marié(e),Non connu,Blue,40,3,1,642,60,0.062
814091058,Client perdu,38,F,1,Niveau Bac+2,Célibataire,$60K - $80K,Blue,33,2,3,2517,50,0.807
710555433,Client perdu,42,F,4,Licence,Marié(e),$60K - $80K,Blue,36,2,2,0,40,0.0
770956158,Client actuel,43,F,4,Licence,Non connu,Moins de $40K,Blue,30,2,1,2151,68,0.897
718263108,Client perdu,44,F,3,Non connu,Divorcé(e),Moins de $40K,Blue,32,4,2,1457,42,0.861
715984908,Client actuel,52,M,2,Licence,Marié(e),$80K - $120K,Blue,36,3,2,1882,84,0.657
711020358,Client actuel,52,F,3,Sans diplôme,Non connu,$40K - $60K,Blue,36,2,2,1650,79,0.661
788769783,Client actuel,42,F,4,Niveau Bac+2,Divorcé(e),Moins de $40K,Blue,23,1,3,1024,74,0.545
715496808,Client actuel,53,F,1,Licence,Marié(e),$40K - $60K,Blue,36,3,3,2487,69,0.917
779931783,Client perdu,52,M,2,Lycée (équivalent baccalauréat),Célibataire,$120K +,Blue,38,4,3,0,47,0.0
818763033,Client actuel,34,F,3,Licence,Marié(e),$40K - $60K,Blue,29,1,1,2517,71,0.408
711953358,Client actuel,51,M,2,Licence,Marié(e),$80K - $120K,Blue,35,2,2,2264,88,0.365
716485308,Client actuel,43,F,2,Non connu,Non connu,Moins de $40K,Blue,36,3,3,1541,93,0.866
716432658,Client actuel,48,F,3,Lycée (équivalent baccalauréat),Marié(e),Moins de $40K,Blue,36,2,1,0,65,0.0
712691883,Client perdu,41,F,2,Lycée (équivalent baccalauréat),Marié(e),Moins de $40K,Blue,36,2,2,2404,41,0.855
712611108,Client perdu,59,F,1,Non connu,Célibataire,Moins de $40K,Blue,53,8,2,2517,49,0.336
716245833,Client actuel,62,M,1,Licence,Non connu,Moins de $40K,Blue,36,3,2,2517,67,0.881
780052008,Client actuel,37,M,3,Non connu,Célibataire,$80K - $120K,Blue,22,2,2,1414,68,0.047
709759908,Client actuel,46,M,2,Licence,Marié(e),$60K - $80K,Blue,36,2,2,685,84,0.353
788667408,Client actuel,50,F,2,Lycée (équivalent baccalauréat),Marié(e),Moins de $40K,Blue,21,1,1,1819,66,0.613
721449408,Client actuel,40,F,4,Non connu,Célibataire,Moins de $40K,Blue,25,2,1,2029,74,0.722
708316008,Client perdu,59,F,1,Licence,Célibataire,Non connu,Blue,36,2,3,0,29,0.0
714655758,Client actuel,62,M,0,Licence,Divorcé(e),$40K - $60K,Blue,36,3,2,0,73,0.0
711846183,Client perdu,38,F,3,Licence,Marié(e),$40K - $60K,Blue,26,2,3,0,31,0.0
720612333,Client perdu,44,F,3,Niveau Bac+2,Marié(e),$60K - $80K,Blue,28,2,2,0,45,0.0
714673833,Client actuel,59,F,1,Licence,Célibataire,$40K - $60K,Blue,36,3,1,0,77,0.0
710525508,Client perdu,48,F,2,Lycée (équivalent baccalauréat),Marié(e),Moins de $40K,Blue,36,4,3,455,50,0.316
757854858,Client perdu,50,M,2,Non connu,Marié(e),$60K - $80K,Blue,43,3,8,0,37,0.0
714658233,Client actuel,46,F,5,Lycée (équivalent baccalauréat),Non connu,Moins de $40K,Blue,37,3,3,725,79,0.504
716381808,Client actuel,43,M,2,Non connu,Célibataire,$40K - $60K,Blue,36,4,1,0,75,0.0
720831783,Client actuel,50,F,0,Lycée (équivalent baccalauréat),Non connu,Moins de $40K,Blue,36,2,1,888,81,0.396
714319233,Client perdu,44,M,5,Licence,Divorcé(e),$60K - $80K,Blue,36,3,9,0,33,0.0
718178583,Client actuel,42,F,2,Non connu,Marié(e),Moins de $40K,Blue,29,3,1,1604,78,0.341
708886533,Client actuel,50,M,1,Licence,Célibataire,$120K +,Blue,41,1,3,1701,77,0.131
716239383,Client actuel,45,F,4,Lycée (équivalent baccalauréat),Marié(e),Moins de $40K,Blue,36,2,2,0,85,0.0
714672933,Client actuel,52,F,3,Licence,Marié(e),$40K - $60K,Blue,36,4,2,2268,84,0.722
809954133,Client actuel,49,M,2,Sans diplôme,Marié(e),$60K - $80K,Blue,44,1,3,0,84,0.0
714855108,Client actuel,60,F,0,Lycée (équivalent baccalauréat),Marié(e),Moins de $40K,Blue,50,0,1,973,69,0.281
718730283,Client actuel,38,F,2,Licence,Marié(e),Moins de $40K,Blue,18,3,3,1206,68,0.715
709232808,Client perdu,44,F,3,Non connu,Divorcé(e),$40K - $60K,Blue,34,3,2,0,37,0.0
804428958,Client actuel,47,M,1,Licence,Marié(e),$40K - $60K,Blue,42,2,1,0,78,0.0
711474333,Client perdu,57,F,2,Sans diplôme,Célibataire,Moins de $40K,Blue,51,6,2,0,38,0.0
720070383,Client actuel,41,F,3,Sans diplôme,Célibataire,Non connu,Blue,29,3,3,1966,84,0.809
720322008,Client actuel,35,F,2,Non connu,Marié(e),$40K - $60K,Blue,15,2,1,834,82,0.58
714527433,Client perdu,39,M,4,Licence,Marié(e),$80K - $120K,Blue,30,2,2,0,54,0.0
789267633,Client actuel,54,F,2,Niveau Bac+2,Marié(e),Moins de $40K,Blue,43,4,1,1760,93,0.684
714523383,Client actuel,43,F,3,Licence,Célibataire,$40K - $60K,Blue,33,2,2,2122,59,0.732
713996283,Client actuel,32,F,2,Master,Célibataire,Moins de $40K,Blue,36,5,1,2176,93,0.925
714557583,Client actuel,58,F,2,Niveau Bac+2,Célibataire,Moins de $40K,Blue,36,4,0,1902,79,0.86
714014733,Client perdu,33,M,2,Niveau Bac+2,Célibataire,$80K - $120K,Blue,36,3,2,1431,33,0.148
779065458,Client actuel,56,M,1,Lycée (équivalent baccalauréat),Marié(e),$120K +,Blue,37,1,3,0,72,0.0
712733958,Client perdu,46,F,2,Non connu,Célibataire,Moins de $40K,Blue,36,3,3,0,46,0.0
719231583,Client actuel,61,M,1,Licence,Non connu,$60K - $80K,Blue,49,2,2,1838,79,0.109
778801608,Client actuel,50,M,2,Niveau Bac+2,Marié(e),$80K - $120K,Blue,39,4,2,1862,92,0.516
720728133,Client actuel,44,M,4,Sans diplôme,Célibataire,$40K - $60K,Blue,33,3,3,0,71,0.0
718153233,Client actuel,46,M,3,Sans diplôme,Marié(e),$80K - $120K,Blue,36,2,2,1562,60,0.066
716122008,Client perdu,44,F,3,Non connu,Marié(e),Moins de $40K,Blue,35,3,2,0,27,0.0
714960408,Client perdu,44,F,3,Niveau Bac+2,Marié(e),$60K - $80K,Blue,34,3,1,890,45,0.555
772382283,Client perdu,46,F,3,Licence,Marié(e),$60K - $80K,Blue,36,3,3,1593,49,0.692
817236708,Client actuel,42,M,3,Sans diplôme,Marié(e),$60K - $80K,Blue,25,2,3,1720,73,0.127
714266883,Client perdu,54,F,4,Master,Non connu,$60K - $80K,Blue,44,3,3,503,51,0.206
792795933,Client actuel,39,F,1,Licence,Célibataire,Moins de $40K,Blue,30,6,2,2397,65,0.898
717219933,Client perdu,47,F,3,Non connu,Marié(e),Moins de $40K,Blue,35,3,9,628,48,0.261
719986758,Client perdu,46,F,2,Non connu,Célibataire,$40K - $60K,Blue,33,3,9,0,39,0.0
712326708,Client actuel,42,F,2,Non connu,Marié(e),Moins de $40K,Blue,31,2,3,2220,61,0.87
721505358,Client actuel,41,F,3,Non connu,Marié(e),Moins de $40K,Blue,34,6,2,2214,81,0.826
804337233,Client actuel,45,F,4,Lycée (équivalent baccalauréat),Célibataire,Moins de $40K,Blue,35,2,2,0,61,0.0
785351133,Client actuel,61,F,1,Licence,Non connu,$40K - $60K,Blue,55,3,3,0,81,0.0
714034158,Client actuel,46,F,4,Non connu,Marié(e),Moins de $40K,Blue,38,2,3,1307,69,0.392
720349983,Client actuel,32,F,1,Non connu,Divorcé(e),Moins de $40K,Blue,19,2,1,0,79,0.0
720155583,Client actuel,55,F,2,Non connu,Célibataire,Moins de $40K,Blue,39,2,3,1589,82,0.655
806140383,Client perdu,59,M,2,Lycée (équivalent baccalauréat),Célibataire,$80K - $120K,Blue,54,2,2,2396,43,0.858
799031958,Client actuel,49,M,2,Non connu,Non connu,$80K - $120K,Blue,43,2,2,999,70,0.054
719556558,Client actuel,46,M,2,Doctorat,Marié(e),$120K +,Blue,34,3,1,1759,67,0.503
771455508,Client actuel,60,F,0,Niveau Bac+2,Célibataire,Moins de $40K,Blue,48,1,3,0,83,0.0
712214283,Client actuel,40,M,2,Licence,Marié(e),$120K +,Blue,28,3,3,0,70,0.0
712667058,Client actuel,39,F,1,Licence,Célibataire,Moins de $40K,Blue,29,1,3,995,76,0.635
715393908,Client actuel,57,F,2,Master,Marié(e),Moins de $40K,Blue,36,0,1,1445,79,0.533
751518633,Client perdu,48,M,5,Master,Marié(e),$120K +,Silver,41,3,1,2517,50,0.073
769100508,Client actuel,55,F,5,Lycée (équivalent baccalauréat),Célibataire,Moins de $40K,Blue,49,2,1,1472,77,0.676
720582558,Client actuel,44,F,2,Sans diplôme,Marié(e),Moins de $40K,Blue,34,3,1,0,87,0.0
710773533,Client actuel,43,F,3,Master,Marié(e),Moins de $40K,Blue,35,3,3,1595,88,0.655
712395408,Client perdu,51,F,3,Licence,Divorcé(e),$80K - $120K,Blue,41,3,3,691,42,0.462
818459733,Client perdu,41,M,3,Doctorat,Marié(e),$120K +,Blue,26,2,2,0,32,0.0
708867408,Client perdu,52,M,2,Lycée (équivalent baccalauréat),Marié(e),$60K - $80K,Blue,40,7,2,1958,35,0.085
772457583,Client actuel,47,F,2,Doctorat,Célibataire,Moins de $40K,Blue,37,0,1,1204,93,0.283
810271083,Client perdu,47,F,3,Non connu,Marié(e),$40K - $60K,Blue,42,6,3,0,53,0.0
712649058,Client actuel,54,F,2,Sans diplôme,Célibataire,Moins de $40K,Blue,36,2,2,0,82,0.0
788737083,Client actuel,34,F,2,Lycée (équivalent baccalauréat),Marié(e),Moins de $40K,Blue,13,2,2,833,84,0.463
714012258,Client actuel,44,F,2,Niveau Bac+2,Célibataire,Moins de $40K,Blue,34,2,1,1687,74,0.695
757662258,Client actuel,46,F,4,Licence,Divorcé(e),$40K - $60K,Blue,39,1,1,1480,77,0.597
714388158,Client actuel,36,F,2,Sans diplôme,Divorcé(e),Non connu,Blue,36,2,1,699,73,0.049
720067083,Client actuel,30,F,0,Lycée (équivalent baccalauréat),Célibataire,Moins de $40K,Blue,36,1,1,801,74,0.521
814529508,Client actuel,39,F,3,Lycée (équivalent baccalauréat),Non connu,Non connu,Blue,34,3,2,686,71,0.045
794068308,Client actuel,45,M,4,Non connu,Non connu,$40K - $60K,Gold,39,1,2,1684,73,0.07
824812983,Client actuel,42,M,3,Non connu,Célibataire,$60K - $80K,Blue,38,1,1,1397,86,0.221
713396358,Client actuel,32,F,1,Licence,Célibataire,Non connu,Blue,13,1,3,816,71,0.229
719420883,Client perdu,56,F,4,Licence,Non connu,$80K - $120K,Blue,44,3,3,0,45,0.0
785500533,Client actuel,53,F,4,Non connu,Marié(e),Moins de $40K,Blue,47,2,2,2085,66,0.763
712138008,Client actuel,52,F,2,Licence,Marié(e),$40K - $60K,Blue,36,3,1,1663,70,0.694
709279608,Client actuel,45,M,4,Lycée (équivalent baccalauréat),Marié(e),$80K - $120K,Blue,35,2,3,2277,71,0.231
788771733,Client actuel,49,M,4,Lycée (équivalent baccalauréat),Célibataire,$60K - $80K,Blue,30,3,3,900,70,0.57
753365883,Client perdu,44,F,3,Non connu,Célibataire,Non connu,Blue,37,2,3,0,45,0.0
770717883,Client actuel,42,F,2,Niveau Bac+2,Marié(e),$40K - $60K,Blue,28,2,1,0,67,0.0
716919633,Client actuel,58,F,1,Sans diplôme,Non connu,$40K - $60K,Blue,39,1,1,0,73,0.0
717915783,Client perdu,60,M,0,Non connu,Marié(e),$60K - $80K,Blue,47,1,3,1037,44,0.228
720099708,Client actuel,51,F,4,Non connu,Célibataire,Moins de $40K,Blue,43,3,2,2517,68,0.806
711004533,Client actuel,44,F,2,Licence,Célibataire,Moins de $40K,Blue,26,3,1,1664,80,0.743
709482633,Client actuel,43,F,4,Sans diplôme,Marié(e),$40K - $60K,Blue,31,1,3,882,84,0.497
717381183,Client actuel,27,F,0,Licence,Marié(e),Moins de $40K,Blue,36,2,2,752,57,0.449
719716983,Client actuel,46,F,4,Licence,Marié(e),Non connu,Blue,39,3,3,0,85,0.0
711117108,Client actuel,48,F,3,Lycée (équivalent baccalauréat),Marié(e),Non connu,Silver,36,2,3,1718,61,0.053
780567408,Client actuel,47,F,3,Licence,Divorcé(e),Moins de $40K,Blue,38,1,2,1671,77,0.552
778810083,Client actuel,45,F,3,Licence,Célibataire,Moins de $40K,Blue,35,3,3,0,58,0.0
778696608,Client actuel,46,M,3,Licence,Divorcé(e),$40K - $60K,Blue,27,2,3,2297,73,0.21
771469758,Client actuel,55,M,3,Licence,Célibataire,$120K +,Blue,43,1,3,0,66,0.0
714172158,Client actuel,51,F,0,Doctorat,Célibataire,$40K - $60K,Blue,36,2,1,1009,83,0.383
713713983,Client actuel,42,F,4,Licence,Célibataire,Moins de $40K,Blue,33,2,2,1952,94,0.673
787454133,Client actuel,40,M,2,Non connu,Divorcé(e),$120K +,Blue,26,2,3,0,82,0.0
709597983,Client actuel,65,M,0,Doctorat,Divorcé(e),Moins de $40K,Blue,56,1,3,653,77,0.415
708298233,Client perdu,49,F,3,Licence,Marié(e),$60K - $80K,Blue,37,2,1,0,49,0.0
779885358,Client actuel,51,M,0,Niveau Bac+2,Célibataire,$120K +,Silver,35,1,2,2332,82,0.068
709938708,Client actuel,56,F,3,Sans diplôme,Marié(e),Non connu,Blue,47,1,2,1118,78,0.614
719620983,Client actuel,41,F,2,Non connu,Célibataire,Moins de $40K,Blue,29,3,0,1839,80,0.681
712329933,Client perdu,47,F,1,Lycée (équivalent baccalauréat),Non connu,Moins de $40K,Blue,41,3,2,0,44,0.0
798280683,Client actuel,37,M,3,Master,Célibataire,$80K - $120K,Blue,31,3,3,1736,93,0.661
715265208,Client actuel,48,F,1,Lycée (équivalent baccalauréat),Célibataire,Moins de $40K,Blue,36,3,3,812,80,0.565
826069983,Client actuel,46,F,4,Licence,Célibataire,Non connu,Blue,42,0,3,1633,63,0.122
708890958,Client actuel,55,M,3,Licence,Célibataire,$120K +,Blue,42,3,2,2517,68,0.08
708818508,Client actuel,36,M,1,Non connu,Marié(e),Moins de $40K,Blue,26,2,2,2517,68,0.729
795784008,Client perdu,44,F,3,Licence,Marié(e),$60K - $80K,Blue,38,2,3,2517,37,0.647
714965958,Client actuel,47,F,4,Master,Non connu,$40K - $60K,Blue,36,2,3,1800,83,0.812
716328558,Client actuel,46,M,2,Sans diplôme,Marié(e),$80K - $120K,Blue,38,5,2,0,83,0.0
780747033,Client actuel,43,F,5,Licence,Marié(e),Non connu,Blue,34,1,3,808,66,0.257
713923233,Client actuel,46,M,3,Lycée (équivalent baccalauréat),Marié(e),$80K - $120K,Blue,36,3,3,2185,86,0.783
710962308,Client actuel,57,F,4,Lycée (équivalent baccalauréat),Célibataire,Non connu,Blue,36,6,3,834,88,0.19
713254983,Client actuel,62,M,0,Sans diplôme,Célibataire,$60K - $80K,Blue,50,2,2,656,70,0.046
720275358,Client perdu,47,M,2,Licence,Marié(e),$40K - $60K,Blue,30,3,2,0,46,0.0
715964058,Client actuel,39,F,1,Lycée (équivalent baccalauréat),Célibataire,Moins de $40K,Blue,31,2,1,726,79,0.39
721461258,Client actuel,53,M,0,Lycée (équivalent baccalauréat),Marié(e),$40K - $60K,Blue,39,2,2,1671,88,0.581
710727333,Client perdu,49,F,3,Lycée (équivalent baccalauréat),Marié(e),Moins de $40K,Blue,36,2,2,0,43,0.0
717325158,Client actuel,46,F,5,Licence,Marié(e),$40K - $60K,Blue,33,1,1,883,63,0.614
825856083,Client actuel,39,M,1,Master,Célibataire,$40K - $60K,Blue,35,1,1,2121,70,0.809
807136758,Client perdu,58,F,2,Lycée (équivalent baccalauréat),Marié(e),Moins de $40K,Blue,53,0,2,0,40,0.0
715400733,Client perdu,43,F,3,Sans diplôme,Marié(e),$40K - $60K,Blue,36,7,3,0,38,0.0
713927283,Client actuel,39,F,1,Licence,Célibataire,Non connu,Blue,34,1,1,2517,87,0.873
711594858,Client actuel,44,F,1,Non connu,Célibataire,Moins de $40K,Blue,36,3,2,1297,70,0.442
711389358,Client perdu,42,M,3,Licence,Marié(e),$40K - $60K,Blue,23,3,2,2517,64,0.435
720769533,Client actuel,65,M,0,Licence,Célibataire,$40K - $60K,Blue,36,0,1,682,63,0.474
715736283,Client actuel,55,F,4,Doctorat,Célibataire,Moins de $40K,Blue,44,1,1,0,98,0.0
768949983,Client actuel,31,F,2,Non connu,Célibataire,Non connu,Blue,25,3,1,2495,83,0.759
711253383,Client perdu,48,F,2,Non connu,Marié(e),Non connu,Blue,38,2,3,0,34,0.0
798457833,Client actuel,46,F,3,Licence,Marié(e),Non connu,Blue,40,1,3,1087,71,0.302
794554683,Client perdu,41,F,4,Licence,Marié(e),$60K - $80K,Blue,26,2,2,0,46,0.0
789996783,Client actuel,36,F,3,Sans diplôme,Non connu,Non connu,Blue,28,3,2,2509,102,0.465
712220283,Client actuel,37,M,2,Licence,Non connu,$80K - $120K,Blue,28,2,3,0,63,0.0
751150233,Client actuel,43,M,5,Licence,Célibataire,Moins de $40K,Blue,36,2,2,0,65,0.0
715815783,Client actuel,46,M,3,Licence,Marié(e),$60K - $80K,Blue,29,2,2,0,85,0.0
712599783,Client actuel,39,M,3,Sans diplôme,Célibataire,$80K - $120K,Blue,36,2,1,1585,82,0.126
719653308,Client actuel,49,F,3,Sans diplôme,Marié(e),Moins de $40K,Blue,40,2,2,796,71,0.132
708928908,Client actuel,39,F,1,Licence,Célibataire,Moins de $40K,Blue,23,3,3,0,74,0.0
709780158,Client actuel,52,F,1,Licence,Célibataire,Non connu,Blue,35,4,2,1379,79,0.572
768675483,Client actuel,41,M,4,Niveau Bac+2,Divorcé(e),$60K - $80K,Blue,35,3,2,0,82,0.0
714243408,Client actuel,46,F,2,Licence,Célibataire,Non connu,Blue,36,6,2,1359,73,0.666
711323283,Client perdu,57,M,2,Sans diplôme,Marié(e),$60K - $80K,Blue,41,3,2,1030,43,0.408
713499408,Client actuel,49,M,1,Non connu,Marié(e),Moins de $40K,Blue,35,2,2,0,71,0.0
719245983,Client actuel,46,F,4,Master,Marié(e),Non connu,Blue,38,3,2,955,73,0.069
810789708,Client actuel,38,F,1,Master,Célibataire,Moins de $40K,Blue,33,2,1,0,92,0.0
710301858,Client actuel,49,F,5,Lycée (équivalent baccalauréat),Marié(e),Non connu,Silver,36,2,2,2019,72,0.058
718611333,Client actuel,55,M,3,Master,Marié(e),$80K - $120K,Blue,36,1,0,1979,91,0.309
787557258,Client actuel,52,F,4,Licence,Marié(e),Non connu,Blue,42,3,2,0,78,0.0
711533058,Client actuel,42,F,2,Doctorat,Célibataire,$40K - $60K,Blue,29,2,3,2240,85,0.669
715805133,Client actuel,52,F,1,Lycée (équivalent baccalauréat),Célibataire,Moins de $40K,Blue,43,2,2,1581,81,0.584
708680583,Client actuel,53,F,1,Licence,Marié(e),$40K - $60K,Blue,36,1,2,1590,68,0.778
789454683,Client actuel,45,F,3,Lycée (équivalent baccalauréat),Célibataire,$40K - $60K,Blue,36,2,2,1281,79,0.67
711428733,Client actuel,50,F,3,Master,Divorcé(e),$40K - $60K,Blue,39,2,2,1339,64,0.442
715842183,Client actuel,42,F,5,Lycée (équivalent baccalauréat),Marié(e),Moins de $40K,Blue,35,4,3,745,69,0.492
815772333,Client actuel,48,F,2,Non connu,Célibataire,Moins de $40K,Blue,43,3,3,0,89,0.0
778255083,Client actuel,52,F,1,Sans diplôme,Marié(e),Moins de $40K,Blue,42,3,3,2517,80,0.811
715571583,Client actuel,57,F,2,Doctorat,Divorcé(e),Moins de $40K,Blue,47,1,2,1915,86,0.765
720711483,Client perdu,56,F,1,Lycée (équivalent baccalauréat),Marié(e),Non connu,Blue,42,2,3,2517,45,0.685
827436483,Client actuel,48,M,1,Licence,Marié(e),$80K - $120K,Blue,44,1,3,0,72,0.0
710715783,Client actuel,52,F,1,Sans diplôme,Célibataire,Moins de $40K,Blue,45,2,3,0,75,0.0
758367933,Client actuel,56,M,2,Sans diplôme,Célibataire,$80K - $120K,Blue,49,3,2,0,79,0.0
721399833,Client actuel,43,F,2,Lycée (équivalent baccalauréat),Marié(e),$40K - $60K,Blue,34,1,3,1008,86,0.496
708727983,Client actuel,62,M,0,Sans diplôme,Célibataire,$60K - $80K,Blue,36,1,3,0,54,0.0
802822833,Client actuel,51,M,3,Sans diplôme,Non connu,$80K - $120K,Blue,45,2,2,0,76,0.0
713276733,Client actuel,45,F,4,Licence,Célibataire,Moins de $40K,Blue,36,1,3,2107,90,0.592
809440008,Client perdu,39,F,2,Lycée (équivalent baccalauréat),Célibataire,Non connu,Blue,34,3,1,550,43,0.266
716959833,Client actuel,45,M,3,Licence,Célibataire,$120K +,Blue,31,2,2,0,66,0.0
714432108,Client actuel,56,F,3,Sans diplôme,Marié(e),$40K - $60K,Blue,46,3,3,1892,76,0.788
772580958,Client actuel,57,F,2,Sans diplôme,Marié(e),Non connu,Blue,47,2,2,2138,80,0.682
715071483,Client actuel,60,F,1,Sans diplôme,Divorcé(e),$40K - $60K,Blue,52,2,3,2517,81,0.898
712410858,Client actuel,50,F,4,Sans diplôme,Marié(e),Non connu,Blue,40,1,3,1336,65,0.577
715395933,Client actuel,44,F,3,Niveau Bac+2,Non connu,Non connu,Blue,35,2,2,2336,70,0.208
711237633,Client perdu,49,M,0,Licence,Marié(e),$60K - $80K,Blue,29,3,3,0,36,0.0
781337658,Client actuel,50,F,1,Licence,Marié(e),Moins de $40K,Blue,44,1,2,1612,85,0.62
718913358,Client perdu,36,M,2,Licence,Célibataire,$60K - $80K,Blue,36,3,3,2517,43,0.596
715784808,Client actuel,57,F,4,Master,Célibataire,$40K - $60K,Blue,48,2,1,1678,86,0.651
718452633,Client perdu,35,F,4,Licence,Marié(e),Non connu,Blue,36,3,3,0,46,0.0
769883733,Client perdu,46,M,3,Master,Célibataire,$40K - $60K,Blue,40,7,2,0,31,0.0
709375158,Client actuel,29,F,1,Non connu,Non connu,Non connu,Blue,36,3,2,1835,69,0.252
801977733,Client actuel,40,F,2,Lycée (équivalent baccalauréat),Célibataire,Moins de $40K,Blue,34,2,2,1437,82,0.6
709175208,Client actuel,50,F,4,Sans diplôme,Célibataire,Moins de $40K,Blue,43,3,2,2292,79,0.808
788990508,Client actuel,62,F,0,Non connu,Célibataire,$40K - $60K,Blue,49,1,1,796,56,0.517
720835308,Client actuel,49,F,2,Sans diplôme,Marié(e),Non connu,Blue,34,1,3,0,72,0.0
717365958,Client actuel,50,F,1,Licence,Marié(e),Moins de $40K,Blue,36,2,3,0,71,0.0
779577108,Client actuel,49,F,1,Doctorat,Célibataire,$40K - $60K,Blue,32,3,2,0,65,0.0
801497508,Client actuel,56,F,1,Licence,Marié(e),Moins de $40K,Blue,50,3,2,1311,73,0.828
716131083,Client actuel,47,M,2,Licence,Célibataire,$40K - $60K,Blue,35,1,3,2157,69,0.806
784734258,Client actuel,56,F,2,Non connu,Divorcé(e),$40K - $60K,Blue,50,2,2,1683,55,0.331
711122958,Client perdu,41,F,3,Licence,Célibataire,$60K - $80K,Blue,33,3,3,0,57,0.0
779508333,Client actuel,63,M,0,Non connu,Non connu,$60K - $80K,Blue,46,2,2,1494,55,0.062
717699408,Client actuel,51,F,3,Licence,Marié(e),Non connu,Blue,36,3,3,2517,89,0.872
720210483,Client actuel,43,F,3,Lycée (équivalent baccalauréat),Non connu,Non connu,Blue,28,2,3,2143,85,0.319
709329558,Client actuel,49,F,4,Lycée (équivalent baccalauréat),Célibataire,Moins de $40K,Gold,34,3,2,1554,73,0.1
721222833,Client actuel,51,F,3,Licence,Marié(e),$40K - $60K,Blue,36,3,3,944,73,0.603
712682583,Client actuel,44,M,5,Lycée (équivalent baccalauréat),Célibataire,$60K - $80K,Blue,35,2,2,995,90,0.167
710051658,Client actuel,46,M,3,Licence,Marié(e),$60K - $80K,Blue,37,3,3,774,75,0.041
708606633,Client perdu,56,F,3,Licence,Marié(e),$40K - $60K,Blue,44,3,8,0,35,0.0
710862258,Client actuel,41,F,2,Sans diplôme,Marié(e),Moins de $40K,Blue,36,2,2,0,73,0.0
720072933,Client actuel,49,F,4,Licence,Marié(e),Moins de $40K,Blue,36,3,3,666,90,0.463
757527033,Client actuel,53,F,2,Niveau Bac+2,Célibataire,Moins de $40K,Blue,46,5,2,0,69,0.0
713115483,Client perdu,44,F,3,Sans diplôme,Marié(e),Moins de $40K,Blue,36,3,3,0,45,0.0
816078708,Client actuel,45,M,3,Non connu,Célibataire,$40K - $60K,Blue,40,4,3,1952,61,0.345
713985183,Client actuel,46,F,5,Licence,Célibataire,Moins de $40K,Blue,38,5,2,2412,91,0.862
789601308,Client actuel,58,M,3,Non connu,Marié(e),$120K +,Blue,52,5,3,0,93,0.0
720133908,Client actuel,41,M,2,Master,Célibataire,$40K - $60K,Blue,27,1,3,900,77,0.202
803197833,Client actuel,49,F,1,Master,Divorcé(e),$40K - $60K,Blue,44,5,2,1871,69,0.72
812222208,Client actuel,54,F,3,Sans diplôme,Célibataire,Non connu,Blue,49,4,3,863,71,0.089
757634583,Client actuel,52,F,2,Licence,Marié(e),Moins de $40K,Blue,45,3,1,1127,68,0.498
719362458,Client actuel,47,F,3,Lycée (équivalent baccalauréat),Marié(e),Moins de $40K,Blue,36,3,3,0,74,0.0
789331908,Client actuel,40,F,3,Lycée (équivalent baccalauréat),Non connu,Moins de $40K,Blue,30,2,2,918,64,0.104
715616358,Client actuel,53,F,0,Licence,Marié(e),Non connu,Blue,36,4,3,1162,67,0.199
711784908,Client actuel,46,F,4,Lycée (équivalent baccalauréat),Célibataire,Moins de $40K,Blue,34,5,2,2517,86,0.758
806900508,Client actuel,53,F,1,Lycée (équivalent baccalauréat),Marié(e),Moins de $40K,Blue,48,3,3,1716,75,0.843
710098233,Client actuel,28,F,0,Non connu,Célibataire,Moins de $40K,Blue,13,2,2,0,66,0.0
713508333,Client actuel,43,F,4,Niveau Bac+2,Non connu,Moins de $40K,Blue,33,4,3,1216,85,0.645
712176708,Client actuel,51,F,3,Sans diplôme,Célibataire,Moins de $40K,Blue,36,3,3,2268,87,0.605
719724933,Client actuel,58,F,1,Sans diplôme,Marié(e),Moins de $40K,Blue,51,4,2,1240,78,0.559
716537433,Client actuel,50,F,2,Niveau Bac+2,Marié(e),$40K - $60K,Blue,36,4,1,2005,68,0.826
713186058,Client perdu,42,F,3,Non connu,Marié(e),$40K - $60K,Blue,36,2,3,0,51,0.0
787558683,Client actuel,45,F,4,Master,Célibataire,$40K - $60K,Blue,35,5,2,621,74,0.336
718002633,Client actuel,48,F,2,Licence,Marié(e),$40K - $60K,Silver,41,3,1,2076,52,0.13
789241308,Client perdu,54,F,2,Non connu,Non connu,Moins de $40K,Blue,39,3,3,0,41,0.0
713941158,Client actuel,47,F,1,Lycée (équivalent baccalauréat),Non connu,Moins de $40K,Blue,36,5,1,2517,81,0.482
808950108,Client actuel,39,F,2,Licence,Marié(e),Moins de $40K,Blue,34,5,2,859,72,0.597
719050458,Client actuel,62,F,0,Non connu,Célibataire,Moins de $40K,Blue,56,3,3,1528,67,0.592
718021608,Client actuel,45,F,3,Licence,Marié(e),$40K - $60K,Blue,34,5,2,728,83,0.475
788870283,Client actuel,56,F,3,Licence,Marié(e),Moins de $40K,Blue,41,4,1,0,72,0.0
778272408,Client perdu,52,M,1,Non connu,Divorcé(e),$80K - $120K,Blue,42,7,2,0,48,0.0
720079758,Client actuel,46,F,3,Sans diplôme,Célibataire,Non connu,Blue,42,4,2,1431,82,0.749
787457883,Client actuel,51,F,0,Non connu,Marié(e),Moins de $40K,Blue,37,3,2,996,89,0.657
719884983,Client actuel,52,M,2,Licence,Célibataire,$40K - $60K,Blue,44,4,2,666,64,0.433
822056583,Client actuel,44,F,4,Licence,Célibataire,$40K - $60K,Blue,40,5,3,874,80,0.556
714585033,Client actuel,41,F,4,Sans diplôme,Marié(e),Moins de $40K,Blue,36,5,1,1055,78,0.734
713981283,Client actuel,52,F,3,Licence,Marié(e),Moins de $40K,Blue,46,5,3,2162,88,0.768
715328658,Client perdu,41,F,5,Master,Marié(e),$60K - $80K,Blue,36,3,3,0,70,0.0
708918558,Client perdu,37,F,2,Licence,Marié(e),$40K - $60K,Blue,36,5,2,662,52,0.338
748194633,Client actuel,60,F,1,Licence,Divorcé(e),Moins de $40K,Blue,53,5,3,1251,76,0.431
719323683,Client actuel,47,F,3,Sans diplôme,Célibataire,$40K - $60K,Blue,35,5,2,1028,77,0.226
708611733,Client actuel,42,F,1,Niveau Bac+2,Marié(e),Non connu,Blue,33,4,3,1328,82,0.426
771219033,Client actuel,42,M,1,Sans diplôme,Non connu,$80K - $120K,Blue,29,3,3,1979,73,0.113
721480158,Client perdu,50,F,2,Non connu,Marié(e),Moins de $40K,Blue,43,3,2,910,44,0.633
708086958,Client actuel,49,F,2,Sans diplôme,Marié(e),Non connu,Blue,41,5,2,749,59,0.239
709100283,Client perdu,36,F,2,Lycée (équivalent baccalauréat),Célibataire,Non connu,Blue,26,2,2,2517,46,0.423
719350908,Client actuel,43,M,4,Non connu,Non connu,Moins de $40K,Blue,35,3,2,2094,66,0.501
714124983,Client actuel,57,M,2,Non connu,Célibataire,$80K - $120K,Blue,48,4,3,1044,66,0.078
718031508,Client actuel,45,M,4,Niveau Bac+2,Divorcé(e),$80K - $120K,Blue,37,5,1,0,76,0.0
709732608,Client actuel,41,F,3,Licence,Marié(e),Moins de $40K,Blue,36,3,3,2366,82,0.739
713466033,Client perdu,39,F,2,Licence,Divorcé(e),$60K - $80K,Blue,36,2,3,0,33,0.0
716369208,Client actuel,44,F,3,Licence,Marié(e),Moins de $40K,Blue,36,5,3,1223,82,0.505
781143933,Client actuel,43,F,3,Lycée (équivalent baccalauréat),Célibataire,Moins de $40K,Blue,36,3,3,1325,76,0.573
711337158,Client actuel,56,M,2,Licence,Marié(e),$40K - $60K,Blue,49,5,3,2387,81,0.78
714724908,Client actuel,41,F,1,Sans diplôme,Marié(e),$40K - $60K,Blue,36,4,1,1688,79,0.755
719973033,Client actuel,49,F,1,Non connu,Marié(e),Moins de $40K,Blue,37,5,2,0,86,0.0
714196008,Client actuel,43,M,2,Licence,Non connu,$60K - $80K,Blue,25,3,1,0,79,0.0
780272208,Client actuel,39,F,1,Licence,Non connu,Moins de $40K,Blue,25,2,3,1197,69,0.597
717849708,Client actuel,46,M,4,Non connu,Divorcé(e),$60K - $80K,Blue,32,3,3,738,87,0.513
712437108,Client actuel,49,M,3,Non connu,Marié(e),$80K - $120K,Blue,42,3,1,0,89,0.0
767802483,Client actuel,44,M,4,Niveau Bac+2,Célibataire,$60K - $80K,Blue,38,3,3,969,71,0.194
709064208,Client perdu,43,F,2,Sans diplôme,Célibataire,Moins de $40K,Blue,32,3,8,275,49,0.169
714343608,Client actuel,56,F,0,Non connu,Célibataire,Moins de $40K,Blue,36,4,2,0,90,0.0
709668408,Client actuel,56,F,1,Licence,Non connu,$40K - $60K,Blue,36,4,1,0,82,0.0
712753758,Client actuel,57,F,1,Lycée (équivalent baccalauréat),Célibataire,Moins de $40K,Blue,41,4,3,1699,75,0.696
807722658,Client actuel,51,F,2,Licence,Célibataire,Moins de $40K,Blue,46,3,3,1250,99,0.515
826808208,Client actuel,60,F,0,Lycée (équivalent baccalauréat),Célibataire,$40K - $60K,Blue,56,5,2,829,84,0.375
757224108,Client actuel,43,F,4,Licence,Marié(e),Moins de $40K,Blue,32,3,1,1117,67,0.426
816091608,Client actuel,37,F,1,Niveau Bac+2,Célibataire,$40K - $60K,Blue,32,2,3,0,73,0.0
819684183,Client actuel,46,F,3,Licence,Célibataire,$40K - $60K,Blue,41,5,3,1546,53,0.443
719630358,Client perdu,50,F,4,Lycée (équivalent baccalauréat),Marié(e),Moins de $40K,Blue,36,3,2,0,47,0.0
712399308,Client perdu,38,F,3,Lycée (équivalent baccalauréat),Non connu,Moins de $40K,Blue,36,3,3,2387,67,0.799
721282908,Client actuel,44,F,4,Licence,Marié(e),$40K - $60K,Blue,29,1,2,0,60,0.0
820848408,Client actuel,52,F,4,Sans diplôme,Divorcé(e),Non connu,Blue,48,5,2,771,74,0.536
710888883,Client actuel,37,F,3,Lycée (équivalent baccalauréat),Non connu,Moins de $40K,Blue,36,4,2,636,83,0.442
711338058,Client actuel,45,F,1,Non connu,Marié(e),Moins de $40K,Blue,33,3,2,1201,86,0.835
721317333,Client actuel,40,F,4,Master,Célibataire,$40K - $60K,Blue,31,2,1,1828,75,0.767
711350133,Client actuel,51,M,2,Licence,Marié(e),$80K - $120K,Blue,34,4,1,2374,88,0.175
803606958,Client actuel,57,F,3,Licence,Célibataire,Moins de $40K,Blue,52,5,0,0,73,0.0
721039308,Client actuel,40,M,4,Sans diplôme,Célibataire,$80K - $120K,Blue,36,3,2,850,71,0.026
713440833,Client actuel,61,F,0,Licence,Célibataire,Moins de $40K,Blue,36,3,3,2020,84,0.915
780814158,Client actuel,57,F,3,Lycée (équivalent baccalauréat),Non connu,Moins de $40K,Blue,39,4,2,992,81,0.357
717255333,Client perdu,40,M,3,Licence,Marié(e),$80K - $120K,Blue,36,2,2,0,44,0.0
714368883,Client actuel,50,F,3,Licence,Célibataire,Moins de $40K,Blue,36,5,2,1156,73,0.152
788797983,Client actuel,42,F,3,Sans diplôme,Marié(e),Non connu,Blue,24,1,3,2025,85,0.443
720642633,Client actuel,43,F,4,Licence,Célibataire,$40K - $60K,Blue,24,1,1,1686,65,0.26
708793008,Client perdu,46,M,3,Doctorat,Divorcé(e),$80K - $120K,Blue,35,3,3,0,40,0.0
819351258,Client actuel,42,F,3,Niveau Bac+2,Marié(e),Moins de $40K,Blue,37,4,2,1693,86,0.756
715212108,Client actuel,41,F,2,Niveau Bac+2,Marié(e),Moins de $40K,Blue,36,5,1,0,84,0.0
720046458,Client actuel,50,F,0,Lycée (équivalent baccalauréat),Célibataire,Moins de $40K,Blue,43,4,2,1944,65,0.728
779942808,Client actuel,42,F,3,Licence,Célibataire,Moins de $40K,Blue,28,2,1,0,74,0.0
713709258,Client actuel,43,M,3,Master,Célibataire,$40K - $60K,Blue,32,3,2,1369,88,0.639
779961408,Client actuel,58,F,1,Sans diplôme,Célibataire,Moins de $40K,Blue,43,4,2,1446,74,0.428
798699033,Client actuel,52,F,2,Licence,Célibataire,Non connu,Blue,46,3,3,1382,80,0.154
754968033,Client actuel,40,F,4,Lycée (équivalent baccalauréat),Marié(e),Moins de $40K,Blue,33,5,3,1224,87,0.695
710163633,Client actuel,41,F,4,Licence,Divorcé(e),$40K - $60K,Blue,36,3,2,867,92,0.452
781675983,Client actuel,59,F,0,Licence,Marié(e),Moins de $40K,Blue,53,5,1,2517,84,0.824
720418383,Client actuel,45,F,3,Non connu,Célibataire,Non connu,Blue,27,1,2,0,80,0.0
778486008,Client actuel,52,F,3,Lycée (équivalent baccalauréat),Marié(e),Moins de $40K,Blue,40,4,1,2235,62,0.529
718303683,Client perdu,36,F,2,Licence,Marié(e),$60K - $80K,Blue,23,2,2,813,60,0.488
716756133,Client actuel,43,F,2,Licence,Divorcé(e),Moins de $40K,Blue,33,3,2,1237,80,0.511
711363258,Client actuel,49,F,1,Master,Marié(e),Non connu,Blue,39,3,1,0,77,0.0
708551508,Client actuel,51,F,2,Niveau Bac+2,Célibataire,Moins de $40K,Blue,37,4,2,2508,78,0.768
715019883,Client actuel,52,M,3,Niveau Bac+2,Marié(e),$60K - $80K,Blue,42,3,1,1258,67,0.276
711125358,Client actuel,45,F,3,Licence,Célibataire,$40K - $60K,Blue,39,4,0,1694,72,0.96
708453408,Client actuel,40,M,4,Niveau Bac+2,Divorcé(e),$80K - $120K,Blue,31,2,3,0,62,0.0
716370258,Client actuel,49,F,3,Licence,Célibataire,Moins de $40K,Blue,36,3,3,1067,66,0.488
803880108,Client actuel,47,F,3,Lycée (équivalent baccalauréat),Célibataire,$40K - $60K,Blue,41,5,3,1355,58,0.787
708660408,Client perdu,40,F,1,Niveau Bac+2,Marié(e),$40K - $60K,Blue,36,2,8,1689,43,0.972
709822008,Client actuel,42,F,3,Non connu,Divorcé(e),Non connu,Blue,31,3,2,1019,66,0.43
716411358,Client actuel,43,F,3,Sans diplôme,Célibataire,Moins de $40K,Blue,36,5,3,0,78,0.0
717524433,Client actuel,52,F,2,Niveau Bac+2,Marié(e),$40K - $60K,Blue,40,3,1,0,92,0.0
721011858,Client actuel,63,M,1,Licence,Non connu,Moins de $40K,Blue,52,3,3,0,78,0.0
719734533,Client actuel,40,F,4,Licence,Marié(e),Moins de $40K,Blue,28,2,2,689,65,0.479
712285908,Client actuel,60,F,1,Lycée (équivalent baccalauréat),Célibataire,Moins de $40K,Blue,49,4,1,1925,73,0.776
713675658,Client actuel,36,F,1,Lycée (équivalent baccalauréat),Célibataire,Non connu,Blue,22,3,2,848,85,0.086
712869783,Client actuel,56,F,3,Licence,Célibataire,Moins de $40K,Blue,36,5,2,0,79,0.0
708545058,Client actuel,45,F,2,Licence,Célibataire,$40K - $60K,Blue,36,4,3,986,81,0.686
817240833,Client actuel,51,F,2,Licence,Célibataire,Moins de $40K,Blue,36,3,1,1591,78,0.32
711671058,Client perdu,48,F,1,Sans diplôme,Marié(e),Non connu,Blue,38,2,2,0,38,0.0
719815383,Client actuel,49,F,4,Doctorat,Marié(e),Non connu,Blue,39,4,1,1414,89,0.606
808747233,Client perdu,50,M,2,Doctorat,Marié(e),$120K +,Silver,45,3,3,0,55,0.0
713084208,Client perdu,43,M,4,Niveau Bac+2,Marié(e),$40K - $60K,Blue,32,3,3,0,46,0.0
806652483,Client actuel,41,F,2,Lycée (équivalent baccalauréat),Célibataire,$40K - $60K,Blue,36,5,3,1169,67,0.749
709803258,Client perdu,48,M,2,Non connu,Marié(e),$80K - $120K,Blue,28,2,3,0,52,0.0
717765183,Client actuel,55,F,1,Non connu,Célibataire,Non connu,Blue,42,5,3,0,72,0.0
779041983,Client actuel,41,M,5,Lycée (équivalent baccalauréat),Célibataire,$40K - $60K,Blue,22,2,2,0,81,0.0
709868433,Client actuel,43,F,4,Non connu,Célibataire,Moins de $40K,Blue,33,3,1,2217,69,0.878
818699208,Client perdu,47,F,4,Master,Marié(e),Non connu,Blue,42,7,8,0,43,0.0
717395733,Client actuel,42,F,3,Doctorat,Marié(e),$40K - $60K,Blue,36,4,3,688,81,0.166
719516208,Client perdu,54,M,2,Niveau Bac+2,Marié(e),$120K +,Blue,36,2,3,0,47,0.0
717026658,Client perdu,43,F,3,Sans diplôme,Marié(e),Moins de $40K,Blue,32,3,3,0,47,0.0
801516183,Client actuel,52,F,4,Licence,Célibataire,Moins de $40K,Blue,46,3,3,2215,90,0.686
716231133,Client actuel,40,F,4,Licence,Marié(e),Moins de $40K,Blue,36,5,1,1286,52,0.815
779625858,Client actuel,37,F,2,Non connu,Célibataire,Moins de $40K,Blue,27,1,3,2517,89,0.822
709575858,Client actuel,53,M,4,Licence,Célibataire,$40K - $60K,Blue,36,5,3,0,79,0.0
720927183,Client actuel,56,F,4,Licence,Marié(e),Moins de $40K,Blue,36,5,2,0,81,0.0
772198983,Client actuel,53,F,2,Licence,Marié(e),$40K - $60K,Blue,42,5,1,1649,89,0.545
721122258,Client actuel,38,F,3,Sans diplôme,Marié(e),$40K - $60K,Blue,36,5,3,1030,62,0.195
758875908,Client actuel,40,F,4,Non connu,Célibataire,Moins de $40K,Blue,33,4,3,1811,81,0.922
716501133,Client actuel,36,F,2,Licence,Célibataire,Moins de $40K,Blue,36,4,0,1154,79,0.563
719250783,Client actuel,41,F,1,Lycée (équivalent baccalauréat),Célibataire,Moins de $40K,Blue,31,2,1,0,68,0.0
789179583,Client actuel,28,F,1,Niveau Bac+2,Divorcé(e),Non connu,Blue,17,3,2,1488,87,0.125
708254733,Client actuel,41,F,4,Master,Célibataire,Moins de $40K,Blue,36,4,1,1873,85,0.631
719758758,Client actuel,42,F,3,Licence,Marié(e),Moins de $40K,Blue,23,2,3,1943,66,0.695
805458933,Client actuel,39,F,2,Licence,Célibataire,$40K - $60K,Blue,34,4,2,632,83,0.045
720408708,Client actuel,49,F,2,Sans diplôme,Marié(e),Moins de $40K,Blue,36,4,1,0,61,0.0
788911458,Client actuel,40,F,4,Niveau Bac+2,Marié(e),Moins de $40K,Blue,26,1,1,0,69,0.0
771862308,Client actuel,50,M,1,Niveau Bac+2,Célibataire,$80K - $120K,Blue,39,3,2,2007,87,0.343
714616308,Client actuel,44,F,4,Sans diplôme,Divorcé(e),Moins de $40K,Blue,38,4,1,1774,67,0.247
721221783,Client actuel,62,M,2,Licence,Célibataire,Moins de $40K,Blue,48,3,2,2013,65,0.344
766021083,Client perdu,55,F,1,Niveau Bac+2,Célibataire,$60K - $80K,Blue,48,6,3,546,42,0.258
771918033,Client actuel,54,M,4,Licence,Célibataire,$80K - $120K,Blue,43,4,3,1256,83,0.153
719756133,Client perdu,34,M,4,Sans diplôme,Célibataire,$60K - $80K,Blue,20,2,8,1384,53,0.351
711777633,Client actuel,41,M,3,Licence,Divorcé(e),$60K - $80K,Blue,27,2,2,0,80,0.0
713261133,Client perdu,38,M,4,Licence,Non connu,$60K - $80K,Blue,22,2,3,0,40,0.0
788519958,Client actuel,57,F,2,Licence,Célibataire,Moins de $40K,Blue,50,5,2,876,62,0.609
768412608,Client actuel,39,F,1,Licence,Célibataire,$40K - $60K,Blue,33,3,2,1258,79,0.558
709972908,Client actuel,38,F,2,Licence,Célibataire,Moins de $40K,Blue,25,1,2,1059,70,0.107
713029683,Client actuel,64,M,0,Licence,Célibataire,Moins de $40K,Blue,36,4,1,468,82,0.25
768243858,Client perdu,54,M,3,Lycée (équivalent baccalauréat),Marié(e),$80K - $120K,Blue,48,6,3,2517,46,0.766
711685758,Client actuel,60,F,1,Licence,Célibataire,$40K - $60K,Blue,42,2,1,1151,101,0.345
714528258,Client actuel,46,M,2,Licence,Divorcé(e),$60K - $80K,Blue,39,1,1,870,75,0.264
818930808,Client actuel,36,F,2,Sans diplôme,Marié(e),Moins de $40K,Blue,31,2,1,1798,70,0.653
713310558,Client actuel,47,F,2,Licence,Marié(e),$40K - $60K,Blue,28,2,2,1620,74,0.796
719995008,Client actuel,44,F,4,Licence,Marié(e),Non connu,Blue,36,2,2,780,69,0.196
811713408,Client actuel,58,F,2,Lycée (équivalent baccalauréat),Marié(e),$40K - $60K,Blue,53,2,3,1249,81,0.473
709649958,Client perdu,62,M,0,Master,Divorcé(e),$60K - $80K,Silver,46,6,8,287,45,0.01
708822783,Client actuel,53,F,2,Lycée (équivalent baccalauréat),Célibataire,Moins de $40K,Blue,36,3,1,2517,77,0.847
771869508,Client actuel,51,F,2,Sans diplôme,Marié(e),Moins de $40K,Blue,40,3,3,831,81,0.516
804413508,Client actuel,41,M,1,Lycée (équivalent baccalauréat),Célibataire,$80K - $120K,Blue,36,2,3,1638,90,0.136
815756058,Client actuel,54,F,1,Licence,Célibataire,Moins de $40K,Blue,49,2,2,2266,72,0.773
712278108,Client actuel,46,F,2,Non connu,Marié(e),$40K - $60K,Blue,38,3,1,1112,67,0.566
717072108,Client perdu,50,F,2,Non connu,Célibataire,$40K - $60K,Blue,36,3,2,0,44,0.0
721460283,Client perdu,49,F,3,Master,Célibataire,$40K - $60K,Blue,35,1,2,915,51,0.413
784827108,Client actuel,39,F,1,Lycée (équivalent baccalauréat),Célibataire,Moins de $40K,Blue,33,3,2,1839,72,0.802
717862308,Client actuel,45,F,2,Niveau Bac+2,Divorcé(e),$40K - $60K,Blue,27,3,2,2384,78,0.822
716726058,Client actuel,48,F,3,Niveau Bac+2,Célibataire,Moins de $40K,Blue,30,1,1,1523,79,0.532
717405408,Client actuel,31,F,0,Master,Célibataire,Non connu,Blue,18,2,0,1911,82,0.486
718734408,Client actuel,57,F,2,Non connu,Célibataire,$40K - $60K,Blue,45,4,3,932,62,0.384
771666783,Client actuel,43,F,5,Niveau Bac+2,Marié(e),$40K - $60K,Blue,31,1,1,1136,68,0.214
789301458,Client actuel,41,F,4,Lycée (équivalent baccalauréat),Marié(e),Non connu,Blue,30,2,2,1620,78,0.177
772329183,Client actuel,48,M,5,Non connu,Marié(e),$40K - $60K,Blue,38,4,1,1081,78,0.207
713792583,Client actuel,52,F,2,Licence,Célibataire,Non connu,Blue,43,2,3,1356,76,0.131
719577258,Client perdu,43,F,2,Sans diplôme,Divorcé(e),Moins de $40K,Blue,30,3,8,0,39,0.0
770878458,Client actuel,27,F,1,Master,Marié(e),Moins de $40K,Blue,13,2,2,990,73,0.688
798308058,Client actuel,39,M,1,Licence,Célibataire,$40K - $60K,Blue,33,1,2,0,81,0.0
772528158,Client perdu,55,F,3,Non connu,Célibataire,Moins de $40K,Blue,45,3,8,0,42,0.0
718707933,Client perdu,54,M,2,Sans diplôme,Marié(e),$60K - $80K,Blue,35,3,8,382,51,0.175
709791333,Client actuel,40,F,3,Sans diplôme,Célibataire,Moins de $40K,Blue,36,1,3,1084,80,0.531
710090958,Client actuel,51,M,3,Niveau Bac+2,Marié(e),$80K - $120K,Blue,40,3,3,1232,71,0.668
772687983,Client actuel,53,M,3,Licence,Célibataire,$60K - $80K,Blue,43,3,3,1498,56,0.178
714707133,Client actuel,47,F,3,Sans diplôme,Marié(e),Moins de $40K,Blue,36,1,1,0,86,0.0
720126033,Client actuel,42,M,4,Lycée (équivalent baccalauréat),Célibataire,$80K - $120K,Blue,28,3,3,1804,90,0.928
713995233,Client actuel,38,F,2,Lycée (équivalent baccalauréat),Marié(e),Moins de $40K,Blue,36,4,3,0,88,0.0
771638733,Client perdu,49,M,3,Doctorat,Célibataire,$40K - $60K,Blue,37,2,3,0,59,0.0
715009833,Client actuel,51,F,1,Lycée (équivalent baccalauréat),Marié(e),Moins de $40K,Blue,36,4,2,1033,90,0.556
711497283,Client actuel,54,F,5,Non connu,Marié(e),Moins de $40K,Blue,36,6,1,1616,87,0.597
803418783,Client actuel,40,M,4,Licence,Marié(e),$60K - $80K,Blue,35,4,1,2185,87,0.219
814611633,Client actuel,47,F,2,Sans diplôme,Célibataire,Moins de $40K,Blue,42,1,2,2154,69,0.948
709411383,Client actuel,45,M,2,Sans diplôme,Non connu,$40K - $60K,Blue,37,4,1,1630,78,0.58
825753258,Client actuel,47,M,4,Sans diplôme,Marié(e),$60K - $80K,Blue,43,3,1,1525,81,0.234
713930433,Client perdu,57,M,2,Sans diplôme,Non connu,$80K - $120K,Blue,36,3,3,0,53,0.0
715941633,Client actuel,50,F,0,Licence,Marié(e),Moins de $40K,Blue,36,3,3,0,69,0.0
772162683,Client perdu,34,F,2,Licence,Marié(e),$40K - $60K,Blue,23,2,2,0,45,0.0
712531008,Client perdu,43,M,3,Non connu,Marié(e),$120K +,Blue,34,3,2,794,32,0.032
711583458,Client actuel,48,F,2,Niveau Bac+2,Marié(e),Moins de $40K,Blue,36,3,1,0,82,0.0
714418983,Client actuel,43,M,5,Licence,Célibataire,$40K - $60K,Blue,33,2,1,0,80,0.0
708699108,Client actuel,39,F,2,Lycée (équivalent baccalauréat),Célibataire,Moins de $40K,Blue,36,3,3,855,53,0.594
771749733,Client actuel,41,M,2,Licence,Célibataire,$40K - $60K,Silver,30,2,3,1081,81,0.061
715235808,Client actuel,47,F,3,Sans diplôme,Marié(e),Moins de $40K,Blue,36,3,2,1235,75,0.679
716666133,Client actuel,51,M,4,Licence,Célibataire,$120K +,Blue,39,4,1,0,70,0.0
716709858,Client perdu,34,F,1,Sans diplôme,Non connu,Moins de $40K,Blue,25,2,3,0,54,0.0
715356258,Client actuel,42,F,3,Non connu,Marié(e),Moins de $40K,Blue,36,2,1,1548,78,0.679
720389283,Client actuel,58,F,1,Non connu,Marié(e),Moins de $40K,Blue,46,3,3,1779,83,0.586
778131333,Client actuel,38,F,2,Licence,Marié(e),Moins de $40K,Blue,31,3,3,0,80,0.0
708286683,Client actuel,57,M,2,Sans diplôme,Célibataire,$80K - $120K,Blue,43,3,1,1749,86,0.145
814765533,Client perdu,44,F,4,Lycée (équivalent baccalauréat),Célibataire,$40K - $60K,Blue,39,3,3,2517,54,0.238
814195758,Client actuel,42,M,1,Licence,Célibataire,$60K - $80K,Blue,37,1,1,1210,78,0.466
717121758,Client actuel,58,F,0,Licence,Célibataire,Moins de $40K,Blue,36,3,1,2517,68,0.837
768720708,Client actuel,41,F,3,Lycée (équivalent baccalauréat),Marié(e),Moins de $40K,Blue,30,4,2,2327,84,0.709
718032483,Client actuel,33,F,4,Licence,Marié(e),Moins de $40K,Blue,16,3,2,611,89,0.425
809966058,Client actuel,48,F,2,Non connu,Marié(e),Moins de $40K,Blue,37,4,2,1860,81,0.656
711553308,Client actuel,60,M,1,Licence,Célibataire,$40K - $60K,Blue,48,1,3,750,88,0.521
708253458,Client actuel,59,F,1,Non connu,Célibataire,Non connu,Blue,48,2,3,1823,81,0.33
711276933,Client actuel,56,F,3,Licence,Marié(e),Moins de $40K,Blue,44,4,2,1262,84,0.622
718165758,Client actuel,41,F,1,Licence,Marié(e),$40K - $60K,Blue,32,3,1,1627,85,0.674
780089658,Client actuel,36,M,3,Non connu,Célibataire,$60K - $80K,Blue,21,2,3,1608,86,0.218
826421958,Client perdu,46,F,1,Lycée (équivalent baccalauréat),Marié(e),Moins de $40K,Blue,42,6,1,0,44,0.0
778712658,Client actuel,52,F,0,Sans diplôme,Marié(e),Moins de $40K,Blue,34,4,3,960,86,0.48
708158133,Client perdu,45,M,3,Niveau Bac+2,Marié(e),$80K - $120K,Blue,36,2,2,2517,50,0.83
712514508,Client actuel,47,M,2,Non connu,Marié(e),$120K +,Blue,37,4,2,0,49,0.0
710725383,Client actuel,42,M,3,Doctorat,Divorcé(e),$40K - $60K,Blue,36,2,1,0,66,0.0
772601283,Client actuel,39,M,1,Master,Célibataire,$80K - $120K,Blue,29,2,2,1992,32,0.086
716371308,Client actuel,40,M,2,Non connu,Célibataire,$40K - $60K,Blue,36,6,1,0,84,0.0
718518858,Client actuel,50,F,3,Licence,Marié(e),$40K - $60K,Blue,39,3,3,1388,81,0.753
712579983,Client actuel,40,F,2,Licence,Célibataire,Non connu,Blue,30,2,3,0,59,0.0
716511483,Client actuel,46,M,2,Licence,Marié(e),Moins de $40K,Blue,39,3,3,1400,54,0.295
708653958,Client perdu,38,M,3,Niveau Bac+2,Marié(e),$60K - $80K,Blue,36,2,2,1461,36,0.239
712161858,Client perdu,55,F,5,Non connu,Célibataire,Moins de $40K,Blue,36,2,3,0,54,0.0
716761308,Client actuel,37,F,4,Non connu,Célibataire,Moins de $40K,Blue,36,3,3,0,83,0.0
710547783,Client actuel,57,F,2,Master,Célibataire,$40K - $60K,Blue,36,4,2,1629,82,0.341
772118583,Client actuel,43,F,1,Sans diplôme,Marié(e),Moins de $40K,Blue,32,2,2,1590,85,0.596
712154883,Client actuel,54,F,2,Niveau Bac+2,Marié(e),Moins de $40K,Blue,48,2,2,1745,72,0.706
793842558,Client actuel,39,F,3,Doctorat,Marié(e),Moins de $40K,Blue,33,4,2,1430,69,0.715
792695808,Client actuel,41,M,4,Lycée (équivalent baccalauréat),Marié(e),$120K +,Blue,35,4,2,1140,84,0.063
798047583,Client actuel,45,F,4,Sans diplôme,Marié(e),Non connu,Blue,39,3,1,0,71,0.0
719453283,Client actuel,45,F,2,Sans diplôme,Marié(e),Moins de $40K,Blue,36,4,3,1597,76,0.547
717637908,Client actuel,36,F,2,Niveau Bac+2,Non connu,Moins de $40K,Blue,23,3,3,971,96,0.505
708303108,Client actuel,50,F,2,Licence,Marié(e),Moins de $40K,Blue,42,3,0,1706,94,0.964
788876208,Client actuel,42,F,2,Licence,Célibataire,Moins de $40K,Blue,27,3,3,0,71,0.0
772069683,Client actuel,59,M,0,Lycée (équivalent baccalauréat),Marié(e),$60K - $80K,Blue,48,1,3,1384,79,0.358
780143283,Client perdu,43,F,3,Licence,Marié(e),$40K - $60K,Blue,32,3,3,2498,37,0.925
805453908,Client actuel,33,M,1,Lycée (équivalent baccalauréat),Divorcé(e),$40K - $60K,Blue,28,1,3,1592,79,0.635
780897858,Client actuel,38,F,2,Lycée (équivalent baccalauréat),Célibataire,Moins de $40K,Blue,20,3,3,676,76,0.279
719881533,Client perdu,46,M,2,Niveau Bac+2,Marié(e),$40K - $60K,Silver,34,3,8,0,41,0.0
717346833,Client actuel,44,F,3,Licence,Marié(e),Moins de $40K,Blue,33,2,2,0,76,0.0
718555308,Client actuel,59,M,1,Non connu,Célibataire,$40K - $60K,Blue,51,4,3,713,88,0.187
771783333,Client perdu,49,F,1,Sans diplôme,Divorcé(e),$40K - $60K,Blue,37,2,2,0,57,0.0
709208808,Client actuel,50,F,1,Sans diplôme,Marié(e),Moins de $40K,Blue,36,2,1,1731,71,0.795
818901708,Client actuel,41,F,4,Niveau Bac+2,Divorcé(e),Non connu,Blue,36,1,1,0,90,0.0
713247408,Client actuel,51,F,3,Sans diplôme,Non connu,Moins de $40K,Blue,36,1,2,813,68,0.465
715617333,Client actuel,36,F,2,Licence,Marié(e),Moins de $40K,Blue,26,3,2,0,88,0.0
714230808,Client actuel,36,F,4,Niveau Bac+2,Marié(e),Moins de $40K,Blue,36,4,1,1750,76,0.71
715866033,Client actuel,37,F,2,Lycée (équivalent baccalauréat),Célibataire,Moins de $40K,Blue,36,2,1,1352,72,0.533
718065333,Client actuel,39,F,4,Licence,Marié(e),$40K - $60K,Blue,29,4,3,1971,81,0.826
710756133,Client actuel,40,F,3,Non connu,Marié(e),Moins de $40K,Blue,31,6,1,821,73,0.453
713873658,Client actuel,45,M,4,Lycée (équivalent baccalauréat),Célibataire,$120K +,Blue,37,3,3,1986,76,0.735
771499233,Client actuel,46,F,4,Lycée (équivalent baccalauréat),Marié(e),Moins de $40K,Blue,34,1,3,1133,76,0.21
711274458,Client perdu,38,F,3,Lycée (équivalent baccalauréat),Marié(e),Moins de $40K,Blue,27,3,3,0,45,0.0
790108908,Client actuel,44,M,2,Master,Marié(e),$80K - $120K,Blue,37,1,1,0,57,0.0
797389758,Client actuel,42,F,2,Licence,Marié(e),$40K - $60K,Silver,36,2,1,0,79,0.0
827100333,Client actuel,49,F,3,Lycée (équivalent baccalauréat),Marié(e),Moins de $40K,Blue,45,3,2,726,93,0.505
711647808,Client actuel,55,F,3,Licence,Célibataire,Moins de $40K,Blue,36,1,3,1028,82,0.497
714035283,Client perdu,56,F,1,Master,Marié(e),$40K - $60K,Blue,36,2,2,2256,46,0.805
720553158,Client actuel,39,F,1,Licence,Célibataire,Moins de $40K,Blue,31,2,1,2222,82,0.655
717924933,Client actuel,48,F,2,Master,Divorcé(e),Non connu,Blue,37,4,2,1291,88,0.345
802856508,Client actuel,42,M,2,Licence,Célibataire,$80K - $120K,Blue,36,3,1,0,76,0.0
708376983,Client perdu,58,F,1,Non connu,Célibataire,Non connu,Blue,50,2,2,799,37,0.094
712673283,Client actuel,36,F,4,Non connu,Célibataire,Moins de $40K,Blue,26,2,3,0,85,0.0
711862533,Client perdu,55,F,1,Sans diplôme,Marié(e),Moins de $40K,Blue,36,6,2,2000,42,0.886
772407333,Client perdu,41,F,3,Non connu,Marié(e),Moins de $40K,Blue,30,6,3,0,30,0.0
778356408,Client actuel,51,F,3,Niveau Bac+2,Divorcé(e),$40K - $60K,Blue,31,2,2,1329,78,0.48
716791908,Client actuel,43,M,1,Niveau Bac+2,Marié(e),$80K - $120K,Blue,23,2,1,1045,77,0.072
757761033,Client actuel,35,F,3,Licence,Célibataire,$40K - $60K,Blue,28,6,2,1560,73,0.48
758186433,Client actuel,37,F,1,Sans diplôme,Célibataire,Moins de $40K,Blue,30,2,3,1095,84,0.465
786546783,Client actuel,59,F,0,Niveau Bac+2,Marié(e),$40K - $60K,Blue,53,2,0,0,79,0.0
789634983,Client actuel,59,M,1,Licence,Marié(e),$40K - $60K,Blue,53,1,2,2200,86,0.525
720654183,Client perdu,45,M,4,Licence,Marié(e),$80K - $120K,Blue,35,6,3,1307,46,0.056
715880283,Client actuel,57,M,1,Lycée (équivalent baccalauréat),Célibataire,$120K +,Blue,47,4,2,982,89,0.106
719990358,Client actuel,36,F,3,Lycée (équivalent baccalauréat),Marié(e),Moins de $40K,Blue,28,1,1,0,77,0.0
779348358,Client perdu,52,F,1,Sans diplôme,Célibataire,Moins de $40K,Blue,37,6,8,0,46,0.0
715130808,Client actuel,45,M,3,Licence,Célibataire,$60K - $80K,Silver,34,1,1,1664,80,0.048
713818158,Client actuel,50,M,1,Doctorat,Célibataire,$80K - $120K,Blue,41,4,2,991,64,0.196
709728183,Client actuel,46,F,3,Niveau Bac+2,Marié(e),Moins de $40K,Blue,39,2,3,0,79,0.0
715797783,Client actuel,55,F,1,Sans diplôme,Divorcé(e),$40K - $60K,Blue,47,2,3,1863,81,0.691
710879283,Client actuel,51,M,1,Lycée (équivalent baccalauréat),Marié(e),Moins de $40K,Blue,41,4,3,0,81,0.0
827051808,Client perdu,44,F,0,Niveau Bac+2,Marié(e),$60K - $80K,Blue,40,6,2,1083,45,0.144
710484408,Client perdu,39,M,4,Master,Marié(e),$120K +,Blue,29,6,3,1742,50,0.2
817108083,Client perdu,55,M,3,Non connu,Célibataire,$60K - $80K,Blue,35,5,3,1341,34,0.094
715995933,Client actuel,46,M,0,Licence,Célibataire,$120K +,Blue,36,2,1,1631,83,0.606
713567958,Client actuel,54,F,3,Niveau Bac+2,Célibataire,Moins de $40K,Blue,36,4,2,1408,82,0.476
779118708,Client actuel,50,F,2,Non connu,Célibataire,Moins de $40K,Blue,32,3,1,0,78,0.0
721484283,Client actuel,51,F,3,Lycée (équivalent baccalauréat),Marié(e),Moins de $40K,Blue,36,2,1,2517,84,0.837
708817608,Client actuel,41,F,3,Lycée (équivalent baccalauréat),Marié(e),Non connu,Blue,24,1,1,1419,74,0.414
789231858,Client actuel,59,M,1,Non connu,Marié(e),$60K - $80K,Blue,48,3,3,642,79,0.446
788661408,Client actuel,47,F,3,Sans diplôme,Marié(e),Moins de $40K,Blue,33,5,2,890,79,0.298
813449508,Client perdu,61,M,0,Licence,Marié(e),$60K - $80K,Blue,56,2,3,850,40,0.086
789925833,Client actuel,50,F,2,Lycée (équivalent baccalauréat),Marié(e),Non connu,Blue,41,1,1,2277,64,0.279
709296558,Client actuel,53,M,2,Licence,Célibataire,$120K +,Blue,36,2,2,1434,90,0.077
780180033,Client actuel,31,F,0,Licence,Marié(e),Moins de $40K,Blue,20,1,1,0,86,0.0
713474733,Client perdu,51,M,2,Licence,Marié(e),$80K - $120K,Blue,31,5,2,327,40,0.227
771527508,Client actuel,60,M,2,Licence,Célibataire,$60K - $80K,Blue,48,4,1,1145,66,0.105
709614333,Client actuel,59,F,0,Lycée (équivalent baccalauréat),Célibataire,Non connu,Blue,36,3,1,2148,74,0.205
767005683,Client actuel,60,M,0,Non connu,Célibataire,$40K - $60K,Blue,46,2,1,1551,66,0.871
718686558,Client actuel,50,M,2,Non connu,Marié(e),$120K +,Blue,43,2,1,1156,65,0.033
715655283,Client actuel,42,F,3,Licence,Marié(e),Moins de $40K,Blue,33,3,3,1495,65,0.633
819631158,Client actuel,54,F,4,Master,Marié(e),Moins de $40K,Blue,49,3,2,2219,88,0.792
710866758,Client actuel,42,F,4,Lycée (équivalent baccalauréat),Marié(e),Moins de $40K,Blue,31,1,2,888,73,0.541
790119408,Client perdu,48,F,3,Sans diplôme,Marié(e),Moins de $40K,Blue,41,5,2,0,48,0.0
771332283,Client actuel,50,M,4,Licence,Marié(e),$80K - $120K,Blue,38,1,3,2517,80,0.547
771408483,Client actuel,48,M,5,Non connu,Non connu,$60K - $80K,Blue,36,1,2,1956,61,0.477
811912608,Client actuel,52,F,3,Licence,Marié(e),$40K - $60K,Blue,47,2,0,1639,87,0.598
708684108,Client perdu,46,F,4,Licence,Marié(e),$40K - $60K,Blue,34,5,1,1446,30,0.348
768638208,Client actuel,50,F,2,Sans diplôme,Marié(e),Moins de $40K,Blue,44,1,2,2517,65,0.743
803115258,Client perdu,62,M,0,Niveau Bac+2,Non connu,$40K - $60K,Blue,56,8,2,0,40,0.0
708869283,Client actuel,50,M,4,Lycée (équivalent baccalauréat),Marié(e),$80K - $120K,Blue,41,3,3,1308,71,0.056
720892833,Client actuel,50,F,3,Licence,Marié(e),$40K - $60K,Blue,39,3,2,1123,67,0.089
709762008,Client actuel,48,F,4,Lycée (équivalent baccalauréat),Marié(e),Moins de $40K,Blue,38,1,1,793,78,0.379
708600033,Client actuel,46,M,2,Licence,Marié(e),$40K - $60K,Blue,39,3,1,0,87,0.0
708736608,Client perdu,40,M,3,Licence,Marié(e),$120K +,Blue,27,6,2,0,39,0.0
713047608,Client perdu,40,F,2,Niveau Bac+2,Non connu,$60K - $80K,Blue,36,1,3,2013,41,0.843
711717258,Client actuel,54,F,3,Licence,Célibataire,$40K - $60K,Blue,39,4,1,1329,82,0.329
711886383,Client perdu,54,F,5,Lycée (équivalent baccalauréat),Marié(e),Non connu,Blue,44,6,3,605,46,0.113
713058858,Client perdu,54,F,2,Licence,Non connu,$40K - $60K,Blue,46,6,2,913,48,0.539
713993208,Client actuel,37,F,3,Doctorat,Marié(e),Moins de $40K,Blue,36,5,2,0,82,0.0
717855933,Client actuel,38,F,2,Lycée (équivalent baccalauréat),Marié(e),$40K - $60K,Blue,27,2,3,1586,71,0.893
713436183,Client actuel,42,F,3,Lycée (équivalent baccalauréat),Marié(e),$40K - $60K,Blue,29,3,2,0,80,0.0
778360608,Client actuel,42,F,1,Niveau Bac+2,Divorcé(e),Moins de $40K,Blue,22,3,2,1105,77,0.46
710914158,Client actuel,45,F,4,Niveau Bac+2,Marié(e),Moins de $40K,Blue,36,1,2,2517,55,0.752
714789033,Client perdu,54,F,1,Licence,Marié(e),$40K - $60K,Blue,50,6,3,2517,51,0.793
809811858,Client perdu,43,M,5,Lycée (équivalent baccalauréat),Non connu,$80K - $120K,Blue,38,6,2,0,43,0.0
826709658,Client perdu,45,F,3,Licence,Divorcé(e),$40K - $60K,Blue,41,6,3,0,43,0.0
752648883,Client actuel,49,F,2,Niveau Bac+2,Célibataire,Moins de $40K,Blue,41,3,1,1366,69,0.677
715771608,Client actuel,41,M,3,Licence,Marié(e),$120K +,Silver,36,3,2,1453,76,0.042
719061933,Client actuel,44,F,4,Licence,Marié(e),Non connu,Blue,34,4,2,0,67,0.0
792345258,Client actuel,46,F,2,Sans diplôme,Divorcé(e),Non connu,Blue,40,2,3,0,70,0.0
711765708,Client actuel,39,F,1,Licence,Non connu,Moins de $40K,Blue,36,4,1,1912,60,0.286
783393633,Client actuel,46,M,3,Licence,Non connu,$80K - $120K,Blue,37,4,3,0,78,0.0
779667408,Client actuel,58,M,1,Master,Célibataire,$80K - $120K,Blue,41,2,1,1494,73,0.513
805461783,Client actuel,47,F,3,Licence,Divorcé(e),Moins de $40K,Blue,42,4,0,0,87,0.0
719098308,Client perdu,56,F,2,Lycée (équivalent baccalauréat),Célibataire,Moins de $40K,Blue,42,6,2,268,59,0.111
771433608,Client actuel,54,M,4,Sans diplôme,Célibataire,$80K - $120K,Blue,42,2,2,0,70,0.0
825811158,Client actuel,51,F,2,Lycée (équivalent baccalauréat),Célibataire,Moins de $40K,Blue,47,2,3,2517,83,0.82
715252383,Client actuel,58,F,2,Lycée (équivalent baccalauréat),Divorcé(e),Non connu,Gold,36,4,3,1864,52,0.054
809092458,Client actuel,36,F,4,Sans diplôme,Marié(e),$40K - $60K,Blue,31,2,3,1336,83,0.531
713706258,Client actuel,52,F,1,Non connu,Célibataire,Moins de $40K,Blue,43,2,1,773,63,0.537
714693708,Client actuel,45,F,3,Licence,Marié(e),$40K - $60K,Blue,36,3,1,1992,77,0.899
721072908,Client actuel,51,M,0,Doctorat,Célibataire,$60K - $80K,Blue,36,2,3,1346,69,0.416
716675358,Client actuel,54,F,1,Niveau Bac+2,Célibataire,Moins de $40K,Blue,41,2,2,941,83,0.271
708128733,Client actuel,50,F,3,Master,Célibataire,Non connu,Blue,36,4,3,0,99,0.0
711392508,Client actuel,37,F,2,Licence,Marié(e),Moins de $40K,Blue,25,2,1,0,75,0.0
771420708,Client actuel,42,F,4,Non connu,Célibataire,Moins de $40K,Blue,30,2,1,621,68,0.429
721207908,Client actuel,47,F,5,Lycée (équivalent baccalauréat),Célibataire,Moins de $40K,Blue,37,2,3,0,95,0.0
715798608,Client actuel,45,F,4,Licence,Marié(e),$40K - $60K,Blue,34,4,2,1066,89,0.251
716758008,Client actuel,40,M,5,Lycée (équivalent baccalauréat),Célibataire,$40K - $60K,Blue,20,2,1,1879,83,0.63
714847983,Client actuel,48,M,3,Non connu,Célibataire,$80K - $120K,Blue,36,4,2,2201,79,0.811
716975583,Client actuel,42,F,2,Non connu,Célibataire,$40K - $60K,Blue,34,4,3,1658,62,0.671
804434058,Client actuel,47,M,1,Niveau Bac+2,Marié(e),$60K - $80K,Silver,42,4,2,0,79,0.0
714293358,Client actuel,54,F,4,Niveau Bac+2,Célibataire,Moins de $40K,Blue,46,2,1,989,70,0.237
710989008,Client actuel,38,M,1,Licence,Non connu,$40K - $60K,Blue,27,6,0,1436,78,0.11
757194408,Client perdu,43,M,3,Niveau Bac+2,Marié(e),$60K - $80K,Blue,36,6,3,0,38,0.0
711459483,Client actuel,43,F,3,Lycée (équivalent baccalauréat),Non connu,Moins de $40K,Blue,36,2,3,0,66,0.0
762020133,Client perdu,37,F,3,Lycée (équivalent baccalauréat),Marié(e),Non connu,Blue,30,6,3,0,47,0.0
719256483,Client actuel,41,F,4,Lycée (équivalent baccalauréat),Célibataire,$40K - $60K,Blue,30,3,3,1335,79,0.301
717211608,Client actuel,45,F,3,Non connu,Célibataire,Moins de $40K,Blue,34,4,2,1221,68,0.245
717125958,Client actuel,49,F,3,Non connu,Marié(e),Moins de $40K,Blue,38,5,1,1581,80,0.596
779261433,Client actuel,54,F,2,Licence,Célibataire,Moins de $40K,Blue,36,1,2,1597,61,0.782
780720258,Client perdu,45,M,4,Lycée (équivalent baccalauréat),Divorcé(e),Moins de $40K,Blue,34,2,3,2517,39,0.721
715593783,Client actuel,52,M,1,Non connu,Marié(e),$80K - $120K,Blue,36,2,2,1594,72,0.107
770858283,Client actuel,40,F,4,Lycée (équivalent baccalauréat),Marié(e),$40K - $60K,Blue,27,2,2,2182,93,0.773
718570158,Client actuel,54,F,4,Niveau Bac+2,Célibataire,Moins de $40K,Blue,44,3,2,2517,83,0.868
711039633,Client actuel,52,F,4,Master,Marié(e),Moins de $40K,Blue,36,3,3,0,65,0.0
714074808,Client actuel,58,F,0,Lycée (équivalent baccalauréat),Marié(e),Moins de $40K,Blue,36,3,1,1670,75,0.745
710439483,Client actuel,51,F,2,Licence,Célibataire,Moins de $40K,Blue,39,4,2,1722,79,0.667
717516333,Client actuel,40,M,2,Licence,Marié(e),$120K +,Blue,33,4,1,905,82,0.062
788835408,Client perdu,49,F,3,Non connu,Marié(e),Moins de $40K,Blue,33,6,3,0,41,0.0
716414958,Client actuel,39,F,3,Lycée (équivalent baccalauréat),Célibataire,Non connu,Blue,36,3,3,1927,66,0.814
712327608,Client perdu,54,F,0,Doctorat,Célibataire,$40K - $60K,Blue,36,6,2,0,45,0.0
796326483,Client actuel,42,M,3,Lycée (équivalent baccalauréat),Marié(e),$80K - $120K,Blue,36,4,3,0,82,0.0
714146208,Client actuel,40,F,4,Non connu,Célibataire,Moins de $40K,Blue,32,1,1,2159,71,0.832
779166783,Client actuel,41,F,4,Non connu,Célibataire,$40K - $60K,Blue,31,1,2,1383,81,0.65
720818658,Client actuel,50,F,1,Sans diplôme,Marié(e),Moins de $40K,Blue,38,3,3,0,86,0.0
712982808,Client perdu,47,M,2,Doctorat,Divorcé(e),$80K - $120K,Blue,32,5,3,0,42,0.0
718657083,Client actuel,46,M,3,Lycée (équivalent baccalauréat),Marié(e),$60K - $80K,Blue,36,3,1,0,62,0.0
715222533,Client perdu,52,F,3,Licence,Marié(e),$40K - $60K,Blue,36,5,3,1079,36,0.42
718187508,Client actuel,53,F,2,Non connu,Marié(e),Non connu,Blue,36,4,3,1364,68,0.526
802455633,Client actuel,56,F,1,Non connu,Célibataire,Moins de $40K,Blue,50,4,1,0,74,0.0
714493983,Client actuel,57,F,2,Licence,Marié(e),$40K - $60K,Blue,47,2,2,1010,83,0.216
780664758,Client actuel,56,F,2,Sans diplôme,Marié(e),$40K - $60K,Blue,44,1,2,1513,95,0.341
718466883,Client actuel,34,F,1,Sans diplôme,Célibataire,Moins de $40K,Blue,25,1,2,1618,79,0.602
771338658,Client actuel,46,M,2,Lycée (équivalent baccalauréat),Marié(e),$80K - $120K,Blue,30,3,1,915,89,0.078
709052883,Client actuel,47,F,4,Lycée (équivalent baccalauréat),Célibataire,$40K - $60K,Blue,36,1,1,0,81,0.0
708373083,Client perdu,40,F,4,Non connu,Marié(e),$40K - $60K,Blue,30,5,7,2517,39,0.75
716157408,Client actuel,53,M,0,Lycée (équivalent baccalauréat),Marié(e),$60K - $80K,Blue,46,4,2,0,73,0.0
713305233,Client actuel,55,M,2,Licence,Célibataire,$80K - $120K,Blue,46,5,2,0,81,0.0
713000058,Client actuel,51,F,3,Licence,Marié(e),$40K - $60K,Silver,44,2,3,0,75,0.0
714909858,Client actuel,52,F,2,Non connu,Marié(e),Moins de $40K,Blue,36,3,1,1733,90,0.707
804371733,Client actuel,40,M,2,Sans diplôme,Marié(e),$80K - $120K,Blue,29,2,3,1347,84,0.148
772846383,Client actuel,45,F,1,Non connu,Célibataire,Moins de $40K,Blue,36,4,1,1480,89,0.562
712552608,Client perdu,46,F,3,Licence,Marié(e),$40K - $60K,Blue,34,6,1,0,43,0.0
719887008,Client actuel,38,F,3,Licence,Marié(e),Moins de $40K,Blue,36,4,3,1352,81,0.769
773342808,Client actuel,46,F,1,Non connu,Célibataire,Moins de $40K,Blue,40,4,3,1793,79,0.661
708375858,Client actuel,47,F,4,Lycée (équivalent baccalauréat),Divorcé(e),Moins de $40K,Blue,36,4,2,1341,68,0.483
789417708,Client actuel,44,F,2,Sans diplôme,Marié(e),$40K - $60K,Blue,35,2,1,1091,90,0.759
794675058,Client perdu,36,M,3,Licence,Marié(e),$80K - $120K,Blue,21,6,2,1963,43,0.391
718034058,Client actuel,40,M,4,Licence,Célibataire,$60K - $80K,Blue,36,2,2,901,68,0.106
778919583,Client actuel,49,F,0,Licence,Marié(e),Moins de $40K,Blue,30,2,0,1112,68,0.693
713850783,Client actuel,56,F,1,Niveau Bac+2,Marié(e),Non connu,Blue,36,2,2,0,70,0.0
814785108,Client actuel,45,F,1,Licence,Marié(e),Moins de $40K,Blue,40,3,2,1655,76,0.664
809616108,Client perdu,38,F,2,Lycée (équivalent baccalauréat),Célibataire,Moins de $40K,Blue,33,6,3,0,59,0.0
809378133,Client actuel,43,F,3,Sans diplôme,Célibataire,Moins de $40K,Blue,38,1,2,0,79,0.0
779658408,Client actuel,48,M,2,Licence,Célibataire,$40K - $60K,Blue,31,3,3,1730,65,0.531
717954333,Client actuel,39,F,2,Non connu,Célibataire,Moins de $40K,Blue,25,2,1,935,77,0.525
737052258,Client actuel,62,F,1,Non connu,Célibataire,Moins de $40K,Blue,55,1,1,2517,63,0.476
708108333,Client perdu,47,F,3,Licence,Marié(e),Non connu,Blue,36,6,1,0,32,0.0
715047333,Client actuel,57,F,1,Lycée (équivalent baccalauréat),Marié(e),Non connu,Blue,36,2,3,980,92,0.565
714390858,Client actuel,48,F,5,Non connu,Célibataire,Non connu,Blue,36,2,3,931,73,0.122
717107808,Client actuel,48,F,1,Sans diplôme,Non connu,$40K - $60K,Blue,39,4,2,1218,76,0.847
713564208,Client actuel,34,F,1,Licence,Non connu,Moins de $40K,Blue,23,1,1,1527,64,0.692
720357483,Client actuel,46,F,1,Niveau Bac+2,Marié(e),Moins de $40K,Blue,23,2,1,1010,82,0.586
803339583,Client actuel,49,F,2,Master,Marié(e),Moins de $40K,Blue,44,4,2,0,82,0.0
708972783,Client perdu,48,F,4,Niveau Bac+2,Marié(e),$60K - $80K,Blue,37,2,3,0,44,0.0
710157108,Client actuel,42,F,3,Licence,Célibataire,$40K - $60K,Blue,33,2,3,1661,75,0.492
721483158,Client actuel,47,M,3,Licence,Marié(e),$60K - $80K,Blue,29,3,3,0,72,0.0
767553333,Client perdu,45,M,3,Licence,Marié(e),$80K - $120K,Blue,39,5,3,0,44,0.0
710436108,Client actuel,41,M,4,Lycée (équivalent baccalauréat),Non connu,$40K - $60K,Blue,29,4,2,746,61,0.207
779870883,Client actuel,45,F,4,Lycée (équivalent baccalauréat),Célibataire,$40K - $60K,Blue,29,2,1,1781,68,0.388
817188408,Client actuel,57,M,0,Sans diplôme,Divorcé(e),$80K - $120K,Blue,39,4,3,1832,67,0.655
719723658,Client actuel,49,F,2,Sans diplôme,Célibataire,Moins de $40K,Blue,39,1,3,0,90,0.0
806189658,Client actuel,50,F,2,Sans diplôme,Célibataire,Moins de $40K,Blue,45,2,3,893,73,0.502
789070233,Client actuel,51,F,3,Licence,Divorcé(e),Moins de $40K,Blue,39,4,3,1764,72,0.591
712013808,Client actuel,44,F,4,Sans diplôme,Célibataire,Non connu,Blue,24,3,2,1720,71,0.633
708602283,Client actuel,40,F,4,Sans diplôme,Marié(e),Non connu,Blue,36,3,1,0,82,0.0
809452383,Client actuel,37,F,2,Licence,Marié(e),Moins de $40K,Blue,32,1,3,0,89,0.0
714413283,Client actuel,46,M,3,Non connu,Marié(e),$80K - $120K,Blue,40,1,1,860,69,0.079
712407783,Client actuel,39,F,1,Licence,Célibataire,Moins de $40K,Blue,28,3,3,1181,83,0.653
720062508,Client perdu,38,F,2,Non connu,Marié(e),$40K - $60K,Blue,28,2,2,0,41,0.0
717878883,Client actuel,45,F,3,Non connu,Célibataire,Moins de $40K,Blue,36,4,0,0,71,0.0
714013983,Client perdu,37,F,4,Master,Marié(e),$40K - $60K,Blue,36,5,3,0,41,0.0
753208833,Client actuel,43,F,5,Sans diplôme,Marié(e),$40K - $60K,Blue,36,3,2,1320,71,0.571
721241583,Client actuel,48,F,3,Licence,Marié(e),Moins de $40K,Blue,43,3,2,1205,60,0.571
713695158,Client actuel,51,F,4,Sans diplôme,Divorcé(e),Moins de $40K,Blue,40,4,3,1057,78,0.677
711540108,Client perdu,44,F,4,Doctorat,Non connu,Non connu,Blue,33,5,8,0,48,0.0
823878408,Client actuel,39,M,4,Licence,Marié(e),$80K - $120K,Blue,35,2,1,757,76,0.254
779533983,Client actuel,47,M,2,Niveau Bac+2,Divorcé(e),$80K - $120K,Blue,31,1,3,723,90,0.137
713583408,Client perdu,51,F,4,Licence,Célibataire,$40K - $60K,Blue,37,5,2,920,50,0.195
714037308,Client actuel,54,M,2,Lycée (équivalent baccalauréat),Marié(e),$60K - $80K,Blue,50,1,3,1002,86,0.453
715581633,Client actuel,53,F,3,Non connu,Marié(e),$40K - $60K,Blue,45,3,1,0,73,0.0
795684783,Client actuel,48,M,4,Lycée (équivalent baccalauréat),Célibataire,$60K - $80K,Blue,42,4,2,1596,59,0.669
718645308,Client actuel,35,M,4,Niveau Bac+2,Marié(e),Moins de $40K,Blue,36,3,3,1222,89,0.529
717870108,Client actuel,46,F,4,Non connu,Non connu,$40K - $60K,Blue,37,4,2,1172,81,0.613
815515158,Client actuel,49,F,2,Non connu,Célibataire,$40K - $60K,Blue,44,1,3,1402,69,0.653
713957283,Client perdu,42,F,4,Sans diplôme,Marié(e),Moins de $40K,Blue,23,2,3,0,44,0.0
715058433,Client actuel,43,F,4,Sans diplôme,Marié(e),Moins de $40K,Blue,36,3,3,879,87,0.292
794771208,Client actuel,52,M,3,Non connu,Célibataire,$80K - $120K,Blue,46,1,2,1942,66,0.71
720180633,Client actuel,50,M,2,Niveau Bac+2,Marié(e),$120K +,Blue,36,2,3,2385,73,0.704
815539233,Client perdu,54,M,4,Lycée (équivalent baccalauréat),Marié(e),$80K - $120K,Silver,49,5,7,214,22,0.006
778933983,Client actuel,55,F,0,Sans diplôme,Non connu,Non connu,Blue,39,3,3,2012,55,0.179
717960033,Client actuel,52,F,1,Licence,Célibataire,Moins de $40K,Blue,44,3,1,1495,86,0.602
825368658,Client actuel,40,F,4,Lycée (équivalent baccalauréat),Célibataire,Moins de $40K,Blue,36,5,3,1664,82,0.568
721154208,Client actuel,60,F,1,Non connu,Marié(e),Moins de $40K,Blue,36,4,3,2081,103,0.722
718572408,Client actuel,45,F,5,Master,Non connu,Moins de $40K,Blue,36,2,3,694,92,0.261
749571633,Client actuel,44,F,2,Niveau Bac+2,Non connu,Non connu,Blue,37,3,3,1336,75,0.239
713914683,Client actuel,44,F,1,Licence,Célibataire,$40K - $60K,Blue,36,4,2,885,74,0.596
713301633,Client actuel,57,F,3,Doctorat,Célibataire,Non connu,Blue,36,1,1,1162,87,0.692
711399408,Client perdu,34,F,2,Licence,Divorcé(e),Non connu,Blue,25,5,4,0,40,0.0
711494208,Client actuel,52,M,2,Non connu,Marié(e),Moins de $40K,Blue,36,3,3,1606,86,0.564
711716133,Client perdu,42,F,3,Lycée (équivalent baccalauréat),Marié(e),$40K - $60K,Blue,34,4,1,1381,40,0.871
713906508,Client actuel,42,F,3,Non connu,Célibataire,Moins de $40K,Blue,36,3,3,834,69,0.294
708768258,Client actuel,51,F,4,Doctorat,Marié(e),Moins de $40K,Blue,43,1,2,1077,91,0.521
719538183,Client actuel,47,M,1,Lycée (équivalent baccalauréat),Marié(e),$60K - $80K,Blue,36,4,3,0,67,0.0
718957083,Client actuel,48,F,1,Licence,Célibataire,Moins de $40K,Blue,35,2,2,0,88,0.0
720872433,Client perdu,39,F,1,Sans diplôme,Célibataire,$40K - $60K,Blue,28,4,8,0,42,0.0
779403558,Client actuel,56,F,0,Non connu,Marié(e),Moins de $40K,Blue,45,1,1,0,73,0.0
788994783,Client actuel,48,F,3,Licence,Célibataire,Moins de $40K,Blue,35,4,3,557,76,0.307
715530258,Client perdu,46,F,2,Master,Célibataire,Non connu,Blue,37,4,3,2517,53,0.519
803380383,Client actuel,46,F,5,Licence,Divorcé(e),Moins de $40K,Blue,40,3,3,925,90,0.581
716766033,Client actuel,40,F,4,Non connu,Célibataire,Moins de $40K,Blue,31,2,3,1242,65,0.702
757300008,Client actuel,44,F,2,Licence,Célibataire,Non connu,Blue,37,3,3,2344,80,0.288
810986883,Client actuel,45,F,0,Lycée (équivalent baccalauréat),Célibataire,Non connu,Blue,40,4,0,1898,83,0.742
819200133,Client actuel,44,M,3,Licence,Non connu,$60K - $80K,Blue,39,4,3,642,62,0.215
710410158,Client perdu,49,M,2,Licence,Non connu,$80K - $120K,Blue,38,6,3,0,35,0.0
714488433,Client actuel,45,M,2,Non connu,Marié(e),$80K - $120K,Blue,36,2,3,2517,77,0.132
714267858,Client actuel,44,F,2,Lycée (équivalent baccalauréat),Célibataire,Non connu,Blue,37,2,1,1680,76,0.369
827062158,Client actuel,58,M,2,Lycée (équivalent baccalauréat),Célibataire,$80K - $120K,Blue,54,3,2,1696,66,0.074
710669733,Client actuel,38,F,1,Licence,Célibataire,$40K - $60K,Blue,36,2,2,1965,80,0.833
716498883,Client actuel,48,M,4,Licence,Célibataire,$80K - $120K,Blue,36,4,1,685,64,0.031
780529908,Client actuel,43,F,3,Niveau Bac+2,Célibataire,Moins de $40K,Blue,30,3,2,1331,79,0.658
714028083,Client actuel,36,F,1,Non connu,Célibataire,Non connu,Blue,31,1,2,0,65,0.0
714572208,Client actuel,59,M,2,Licence,Célibataire,$60K - $80K,Blue,36,3,2,788,65,0.548
708976908,Client perdu,40,M,3,Master,Marié(e),$80K - $120K,Blue,36,6,3,0,43,0.0
721409358,Client actuel,36,F,1,Sans diplôme,Célibataire,Moins de $40K,Blue,21,2,1,733,73,0.378
809311758,Client actuel,40,M,3,Non connu,Célibataire,$60K - $80K,Silver,35,3,2,1503,87,0.06
712602708,Client perdu,36,M,3,Non connu,Non connu,$80K - $120K,Blue,36,1,2,0,34,0.0
789087858,Client actuel,60,F,0,Licence,Marié(e),$40K - $60K,Blue,48,2,1,2473,69,0.736
711264033,Client actuel,47,M,3,Doctorat,Divorcé(e),$40K - $60K,Blue,36,2,3,1516,74,0.317
770180808,Client actuel,37,F,4,Licence,Célibataire,Non connu,Blue,31,3,2,0,91,0.0
789271533,Client actuel,51,F,1,Doctorat,Célibataire,Moins de $40K,Blue,40,3,2,908,74,0.631
720152058,Client actuel,42,F,1,Doctorat,Célibataire,Moins de $40K,Blue,35,1,3,2444,85,0.897
826490133,Client actuel,42,F,4,Sans diplôme,Divorcé(e),Non connu,Blue,38,3,2,1600,76,0.159
717966933,Client actuel,45,F,5,Sans diplôme,Marié(e),Non connu,Blue,37,1,1,1446,81,0.586
808669083,Client actuel,52,F,1,Licence,Marié(e),Moins de $40K,Blue,47,1,3,0,68,0.0
771422883,Client perdu,57,F,3,Licence,Marié(e),$80K - $120K,Blue,45,6,2,186,35,0.106
717570258,Client actuel,46,M,5,Licence,Marié(e),Moins de $40K,Blue,35,2,2,1722,67,0.781
708703308,Client perdu,35,F,1,Non connu,Marié(e),$40K - $60K,Blue,26,7,8,1707,39,0.835
789508758,Client actuel,54,F,2,Non connu,Célibataire,Moins de $40K,Blue,46,2,3,641,67,0.154
780653208,Client actuel,47,F,3,Niveau Bac+2,Marié(e),Moins de $40K,Blue,36,4,2,2517,55,0.763
709077933,Client actuel,26,F,0,Lycée (équivalent baccalauréat),Marié(e),Moins de $40K,Blue,18,3,2,682,62,0.126
715200783,Client actuel,56,F,2,Licence,Marié(e),Non connu,Blue,36,2,3,807,76,0.4
710526633,Client actuel,47,M,2,Non connu,Célibataire,$60K - $80K,Blue,34,3,2,1599,88,0.781
714186108,Client actuel,37,F,2,Non connu,Célibataire,Moins de $40K,Blue,19,5,2,1682,71,0.782
820047858,Client perdu,44,F,4,Licence,Non connu,$40K - $60K,Blue,39,7,2,1868,50,0.619
708894183,Client actuel,53,M,3,Niveau Bac+2,Célibataire,$120K +,Silver,44,4,2,1073,86,0.031
708186933,Client perdu,33,M,1,Licence,Célibataire,$60K - $80K,Blue,36,4,2,725,45,0.399
778937583,Client actuel,46,F,3,Sans diplôme,Marié(e),Moins de $40K,Blue,29,1,1,1449,83,0.65
708498033,Client perdu,44,F,3,Non connu,Marié(e),Moins de $40K,Blue,36,7,9,1837,52,0.806
815315058,Client perdu,48,F,4,Lycée (équivalent baccalauréat),Marié(e),$40K - $60K,Blue,43,2,2,0,45,0.0
751607058,Client actuel,45,M,2,Doctorat,Marié(e),$120K +,Blue,38,3,3,0,77,0.0
718194858,Client actuel,48,F,5,Licence,Célibataire,Non connu,Blue,35,2,3,1488,88,0.766
827123883,Client actuel,53,M,4,Lycée (équivalent baccalauréat),Célibataire,$60K - $80K,Blue,49,1,2,0,92,0.0
711473058,Client actuel,44,M,4,Licence,Divorcé(e),$60K - $80K,Blue,32,3,2,1368,64,0.117
715197633,Client actuel,43,M,3,Sans diplôme,Non connu,$40K - $60K,Blue,38,4,2,1914,93,0.203
713512308,Client perdu,50,F,0,Licence,Célibataire,$40K - $60K,Blue,41,4,1,0,45,0.0
790023408,Client actuel,47,F,3,Non connu,Célibataire,Moins de $40K,Blue,39,2,1,2422,83,0.831
720403008,Client actuel,50,F,3,Sans diplôme,Marié(e),Non connu,Blue,38,4,1,0,79,0.0
709581483,Client perdu,40,F,4,Doctorat,Marié(e),$40K - $60K,Blue,21,2,1,2517,53,0.843
711201108,Client perdu,37,F,3,Lycée (équivalent baccalauréat),Marié(e),Moins de $40K,Blue,29,4,3,0,35,0.0
708784083,Client actuel,47,F,3,Sans diplôme,Célibataire,Moins de $40K,Blue,36,2,1,1588,83,0.583
712838358,Client actuel,40,F,4,Sans diplôme,Marié(e),Moins de $40K,Blue,31,2,3,0,84,0.0
714887808,Client perdu,43,F,1,Sans diplôme,Célibataire,Moins de $40K,Blue,36,4,2,0,50,0.0
716581983,Client actuel,56,F,0,Niveau Bac+2,Marié(e),$40K - $60K,Blue,36,2,3,929,91,0.212
716930133,Client actuel,43,F,3,Lycée (équivalent baccalauréat),Non connu,Moins de $40K,Blue,36,3,2,0,86,0.0
808981608,Client actuel,50,F,2,Sans diplôme,Marié(e),Moins de $40K,Blue,45,1,0,540,66,0.099
709714008,Client perdu,50,F,1,Non connu,Célibataire,Non connu,Blue,39,6,3,0,45,0.0
811942983,Client actuel,55,M,2,Lycée (équivalent baccalauréat),Marié(e),$120K +,Blue,50,2,3,1756,74,0.1
715565058,Client actuel,27,F,1,Sans diplôme,Non connu,Moins de $40K,Blue,16,1,2,0,70,0.0
714519408,Client perdu,44,F,3,Niveau Bac+2,Marié(e),$60K - $80K,Blue,36,5,3,2139,48,0.399
719153433,Client actuel,49,F,4,Sans diplôme,Marié(e),Non connu,Blue,38,2,1,850,79,0.334
809127858,Client actuel,51,F,1,Master,Célibataire,$40K - $60K,Blue,46,1,3,1219,72,0.536
712740108,Client perdu,43,F,4,Sans diplôme,Divorcé(e),Moins de $40K,Blue,33,3,1,0,45,0.0
720251358,Client perdu,54,F,2,Lycée (équivalent baccalauréat),Divorcé(e),Moins de $40K,Blue,36,5,1,2517,43,0.701
713935533,Client actuel,44,M,3,Licence,Célibataire,$40K - $60K,Silver,29,1,3,870,78,0.045
710243208,Client actuel,56,F,4,Non connu,Marié(e),Moins de $40K,Blue,44,3,2,0,80,0.0
708870408,Client actuel,53,M,4,Non connu,Célibataire,Moins de $40K,Blue,43,3,1,2079,56,0.541
795844983,Client actuel,45,F,3,Lycée (équivalent baccalauréat),Marié(e),$40K - $60K,Blue,39,4,1,0,64,0.0
828294933,Client perdu,49,F,3,Lycée (équivalent baccalauréat),Marié(e),Moins de $40K,Blue,45,2,3,2437,36,0.826
713531808,Client actuel,38,F,1,Doctorat,Marié(e),Moins de $40K,Blue,28,1,1,0,74,0.0
712307283,Client perdu,54,M,1,Niveau Bac+2,Marié(e),$120K +,Blue,37,2,3,2517,43,0.277
715778358,Client actuel,45,M,5,Licence,Marié(e),$120K +,Blue,26,3,2,797,59,0.023
778910883,Client perdu,53,M,2,Non connu,Marié(e),$80K - $120K,Blue,34,5,2,875,43,0.476
710637183,Client actuel,48,F,4,Licence,Célibataire,Non connu,Blue,40,3,3,1906,71,0.829
712781883,Client actuel,36,F,1,Sans diplôme,Marié(e),Moins de $40K,Blue,36,1,3,537,83,0.206
709664658,Client actuel,40,M,4,Non connu,Non connu,$80K - $120K,Blue,27,3,2,927,69,0.041
717574683,Client actuel,53,F,3,Non connu,Marié(e),$40K - $60K,Blue,46,3,1,1146,85,0.523
771497283,Client actuel,40,F,2,Lycée (équivalent baccalauréat),Divorcé(e),Moins de $40K,Blue,28,6,3,1310,79,0.449
714991608,Client actuel,41,F,3,Lycée (équivalent baccalauréat),Célibataire,$40K - $60K,Blue,31,3,2,913,68,0.635
779848383,Client perdu,37,F,3,Licence,Marié(e),$40K - $60K,Blue,21,2,2,577,47,0.323
715495308,Client actuel,43,F,4,Licence,Célibataire,Moins de $40K,Blue,36,4,1,2231,73,0.25
712431183,Client actuel,52,F,2,Sans diplôme,Célibataire,Moins de $40K,Blue,37,3,1,0,80,0.0
714895608,Client actuel,48,F,2,Non connu,Célibataire,Non connu,Blue,38,4,3,1375,62,0.492
718324983,Client actuel,60,F,0,Niveau Bac+2,Marié(e),Moins de $40K,Blue,49,3,3,1155,83,0.707
713541033,Client actuel,39,F,1,Niveau Bac+2,Célibataire,Moins de $40K,Blue,32,2,3,1557,85,0.726
771989733,Client actuel,37,M,2,Non connu,Célibataire,$40K - $60K,Blue,26,1,2,1449,65,0.395
789698733,Client actuel,40,F,4,Sans diplôme,Marié(e),Moins de $40K,Blue,27,3,1,1088,78,0.227
787514433,Client actuel,34,F,3,Niveau Bac+2,Marié(e),Moins de $40K,Blue,23,3,3,1176,71,0.543
811081083,Client actuel,48,F,3,Sans diplôme,Célibataire,Moins de $40K,Blue,43,4,2,1183,78,0.772
717371583,Client perdu,56,F,2,Sans diplôme,Célibataire,Moins de $40K,Blue,36,5,6,400,45,0.212
715579233,Client actuel,44,F,3,Doctorat,Célibataire,$40K - $60K,Blue,40,1,3,1356,74,0.371
781930233,Client actuel,47,F,2,Lycée (équivalent baccalauréat),Marié(e),Moins de $40K,Blue,37,1,1,2338,70,0.794
716825808,Client actuel,45,F,3,Sans diplôme,Divorcé(e),Moins de $40K,Blue,36,1,0,2216,75,0.822
757053408,Client actuel,47,F,1,Licence,Célibataire,Non connu,Blue,40,1,3,1970,76,0.517
788418933,Client actuel,35,F,2,Licence,Marié(e),$40K - $60K,Blue,27,2,3,1085,85,0.673
788898933,Client actuel,42,F,4,Niveau Bac+2,Marié(e),Moins de $40K,Blue,27,2,1,0,77,0.0
712163433,Client perdu,47,M,3,Sans diplôme,Marié(e),$40K - $60K,Blue,29,2,8,644,36,0.382
717343833,Client actuel,47,F,5,Sans diplôme,Non connu,Non connu,Blue,34,1,3,2094,86,0.67
820868508,Client actuel,47,M,2,Niveau Bac+2,Marié(e),$40K - $60K,Blue,43,4,1,736,75,0.104
789240258,Client actuel,50,F,2,Sans diplôme,Célibataire,$40K - $60K,Blue,35,3,1,2458,81,0.883
716951658,Client actuel,51,F,3,Lycée (équivalent baccalauréat),Célibataire,$40K - $60K,Blue,38,3,1,0,82,0.0
718932633,Client actuel,45,F,3,Niveau Bac+2,Marié(e),Moins de $40K,Blue,35,2,2,1156,64,0.673
711487533,Client perdu,47,F,3,Non connu,Marié(e),Moins de $40K,Blue,38,5,2,0,38,0.0
715306983,Client perdu,42,M,5,Lycée (équivalent baccalauréat),Marié(e),$60K - $80K,Blue,36,2,3,0,42,0.0
712771233,Client actuel,52,M,3,Non connu,Célibataire,$80K - $120K,Blue,36,4,1,1268,80,0.504
789637308,Client perdu,45,F,2,Niveau Bac+2,Divorcé(e),$40K - $60K,Blue,39,5,8,0,50,0.0
717247383,Client actuel,48,M,4,Licence,Célibataire,$40K - $60K,Blue,36,2,3,0,69,0.0
714842208,Client actuel,52,F,2,Licence,Marié(e),$40K - $60K,Blue,36,4,2,1782,69,0.636
794172033,Client perdu,58,F,1,Master,Divorcé(e),$40K - $60K,Blue,52,1,3,0,45,0.0
713592408,Client actuel,43,F,3,Lycée (équivalent baccalauréat),Marié(e),Moins de $40K,Blue,28,3,2,0,66,0.0
709314408,Client actuel,39,F,2,Niveau Bac+2,Célibataire,$40K - $60K,Blue,29,3,1,1593,82,0.323
715957233,Client actuel,53,M,3,Niveau Bac+2,Célibataire,$60K - $80K,Blue,36,1,1,2018,75,0.101
719414658,Client actuel,52,F,0,Licence,Célibataire,Non connu,Blue,36,4,1,0,76,0.0
719632683,Client actuel,40,M,3,Licence,Célibataire,$40K - $60K,Blue,30,3,3,2235,83,0.865
708136908,Client actuel,62,F,0,Licence,Célibataire,Moins de $40K,Blue,53,2,2,801,68,0.306
721393083,Client actuel,52,F,3,Non connu,Célibataire,$40K - $60K,Blue,45,3,1,577,64,0.095
714520233,Client perdu,59,F,0,Licence,Marié(e),$40K - $60K,Blue,36,3,2,0,38,0.0
709455108,Client actuel,49,F,4,Non connu,Marié(e),Moins de $40K,Blue,33,2,1,1667,79,0.697
767058183,Client actuel,53,F,1,Licence,Divorcé(e),Moins de $40K,Blue,46,4,3,1333,61,0.389
770800683,Client actuel,48,F,3,Master,Marié(e),Moins de $40K,Blue,35,3,3,2133,72,0.808
779651058,Client actuel,59,F,0,Non connu,Célibataire,$40K - $60K,Blue,42,2,2,1409,65,0.73
710443833,Client actuel,50,M,2,Non connu,Célibataire,$120K +,Blue,38,4,2,995,78,0.469
717725433,Client perdu,54,F,2,Licence,Marié(e),$40K - $60K,Blue,44,7,2,0,37,0.0
720600858,Client actuel,41,M,4,Licence,Marié(e),$60K - $80K,Blue,26,2,2,1395,75,0.248
717797658,Client actuel,57,F,2,Licence,Marié(e),Moins de $40K,Blue,45,2,2,740,87,0.514
779458383,Client actuel,50,F,3,Lycée (équivalent baccalauréat),Marié(e),Moins de $40K,Blue,32,2,3,2087,73,0.806
788767983,Client actuel,43,M,5,Non connu,Célibataire,$60K - $80K,Blue,24,1,3,0,82,0.0
711994458,Client actuel,47,F,4,Lycée (équivalent baccalauréat),Marié(e),Non connu,Blue,39,4,0,0,75,0.0
713948808,Client actuel,55,M,3,Lycée (équivalent baccalauréat),Célibataire,$60K - $80K,Blue,47,2,2,962,97,0.6
710456658,Client actuel,50,F,4,Licence,Marié(e),Moins de $40K,Blue,31,2,1,1799,82,0.865
771531708,Client actuel,46,F,2,Non connu,Célibataire,Non connu,Blue,34,3,1,887,87,0.117
713546883,Client actuel,47,M,2,Licence,Divorcé(e),$60K - $80K,Blue,29,2,3,1553,76,0.324
711447783,Client actuel,53,F,2,Licence,Célibataire,Moins de $40K,Blue,38,2,3,1353,76,0.57
713746608,Client actuel,48,F,2,Lycée (équivalent baccalauréat),Marié(e),Non connu,Blue,37,2,2,908,67,0.108
718020408,Client actuel,60,F,1,Licence,Marié(e),Moins de $40K,Blue,36,4,3,545,72,0.276
719475633,Client actuel,42,M,3,Master,Marié(e),$80K - $120K,Blue,30,2,3,0,81,0.0
719654283,Client actuel,52,F,2,Licence,Marié(e),$40K - $60K,Silver,42,3,2,0,81,0.0
720114633,Client actuel,44,F,5,Lycée (équivalent baccalauréat),Célibataire,Moins de $40K,Blue,30,3,1,1726,89,0.637
816315558,Client actuel,38,M,1,Lycée (équivalent baccalauréat),Célibataire,$60K - $80K,Blue,33,4,1,879,77,0.585
712567083,Client actuel,51,M,1,Lycée (équivalent baccalauréat),Marié(e),$80K - $120K,Blue,36,2,2,0,88,0.0
711302883,Client actuel,50,F,0,Licence,Célibataire,Moins de $40K,Blue,46,2,2,1392,72,0.643
719775408,Client actuel,41,F,4,Lycée (équivalent baccalauréat),Célibataire,Non connu,Blue,36,2,3,0,85,0.0
712070208,Client actuel,61,F,1,Niveau Bac+2,Célibataire,Non connu,Blue,50,4,1,2458,82,0.368
718641483,Client actuel,53,F,3,Licence,Marié(e),Moins de $40K,Blue,42,1,1,1109,72,0.461
710690733,Client perdu,47,F,3,Licence,Marié(e),$40K - $60K,Blue,35,4,2,0,38,0.0
718441308,Client actuel,41,M,2,Licence,Célibataire,$60K - $80K,Blue,31,1,3,1935,68,0.235
772243833,Client actuel,54,F,0,Doctorat,Célibataire,Moins de $40K,Blue,43,1,3,968,75,0.304
711992133,Client actuel,53,F,1,Sans diplôme,Marié(e),Moins de $40K,Blue,41,2,2,868,72,0.334
779084208,Client perdu,43,F,3,Lycée (équivalent baccalauréat),Divorcé(e),Moins de $40K,Blue,24,2,2,613,31,0.369
715304958,Client perdu,42,F,3,Licence,Marié(e),$40K - $60K,Blue,27,2,2,0,50,0.0
713179083,Client actuel,32,F,2,Sans diplôme,Célibataire,Non connu,Blue,25,2,1,1533,75,0.48
709836258,Client actuel,45,F,4,Licence,Marié(e),Moins de $40K,Blue,41,1,2,1337,81,0.694
715950483,Client perdu,39,F,1,Sans diplôme,Marié(e),$40K - $60K,Blue,27,3,3,725,35,0.257
798281808,Client actuel,48,M,4,Lycée (équivalent baccalauréat),Marié(e),$60K - $80K,Blue,42,4,3,1214,79,0.313
720414558,Client actuel,56,F,2,Non connu,Marié(e),Moins de $40K,Blue,36,2,1,922,84,0.468
713509908,Client actuel,48,F,2,Licence,Marié(e),Non connu,Blue,35,1,1,1058,90,0.603
711919608,Client perdu,42,F,3,Licence,Marié(e),$40K - $60K,Blue,36,4,2,1720,32,0.847
709993158,Client actuel,46,F,2,Licence,Marié(e),Moins de $40K,Blue,31,2,0,1584,71,0.68
767815233,Client actuel,46,F,3,Niveau Bac+2,Marié(e),Moins de $40K,Blue,40,4,2,0,88,0.0
717624708,Client perdu,59,M,2,Lycée (équivalent baccalauréat),Divorcé(e),Moins de $40K,Blue,51,6,3,0,49,0.0
720015183,Client actuel,60,M,1,Licence,Marié(e),$120K +,Blue,46,3,1,2048,88,0.399
778236858,Client actuel,54,F,2,Licence,Marié(e),Non connu,Blue,42,1,1,1018,87,0.086
789095958,Client perdu,50,M,1,Non connu,Célibataire,$60K - $80K,Blue,38,4,3,744,42,0.098
713736333,Client perdu,41,F,3,Sans diplôme,Marié(e),$40K - $60K,Blue,36,4,7,0,41,0.0
717836733,Client actuel,49,F,1,Licence,Marié(e),Moins de $40K,Blue,36,2,1,1378,81,0.267
712619808,Client actuel,47,F,3,Niveau Bac+2,Célibataire,Moins de $40K,Blue,36,2,1,1169,87,0.468
712221408,Client actuel,42,M,4,Licence,Célibataire,$40K - $60K,Blue,33,3,2,1489,82,0.561
714213708,Client perdu,35,F,3,Niveau Bac+2,Marié(e),$60K - $80K,Blue,25,4,2,2517,45,0.697
720289533,Client actuel,47,F,4,Non connu,Marié(e),Non connu,Blue,42,2,3,1143,85,0.607
709469658,Client actuel,47,M,3,Non connu,Célibataire,$80K - $120K,Blue,36,1,2,0,75,0.0
772323033,Client actuel,44,F,4,Licence,Célibataire,Moins de $40K,Blue,33,2,2,1556,78,0.338
742572558,Client actuel,32,F,0,Lycée (équivalent baccalauréat),Divorcé(e),Non connu,Blue,25,3,1,1165,82,0.095
718848183,Client actuel,50,M,2,Master,Marié(e),$80K - $120K,Blue,42,1,1,1276,82,0.129
719034183,Client actuel,46,F,3,Licence,Célibataire,Moins de $40K,Blue,38,1,3,1366,86,0.878
720142308,Client perdu,52,F,2,Licence,Marié(e),$80K - $120K,Blue,36,4,7,0,56,0.0
771872733,Client actuel,38,M,0,Non connu,Marié(e),$60K - $80K,Blue,26,2,1,1521,69,0.399
718816158,Client actuel,44,F,3,Lycée (équivalent baccalauréat),Célibataire,Moins de $40K,Blue,33,3,3,1984,87,0.37
720003558,Client actuel,43,F,1,Licence,Non connu,Moins de $40K,Blue,32,4,3,1416,79,0.772
818993508,Client actuel,52,F,3,Licence,Marié(e),Moins de $40K,Blue,47,4,2,879,75,0.341
715672458,Client actuel,47,M,5,Licence,Célibataire,$60K - $80K,Blue,36,3,2,1264,71,0.465
789820308,Client actuel,50,F,3,Licence,Marié(e),Moins de $40K,Blue,40,2,2,2065,47,0.706
819688458,Client perdu,44,F,5,Licence,Non connu,$40K - $60K,Blue,39,4,2,0,39,0.0
710785383,Client perdu,49,F,2,Licence,Marié(e),$40K - $60K,Blue,39,4,1,0,55,0.0
712837233,Client actuel,46,M,2,Lycée (équivalent baccalauréat),Célibataire,$120K +,Blue,36,1,3,1482,55,0.114
713597658,Client perdu,36,F,3,Sans diplôme,Marié(e),Moins de $40K,Blue,22,4,1,2378,57,0.854
713953383,Client perdu,50,M,1,Master,Célibataire,$60K - $80K,Blue,36,4,2,0,41,0.0
716891583,Client actuel,41,F,3,Lycée (équivalent baccalauréat),Non connu,Moins de $40K,Blue,36,2,0,970,60,0.52
716510658,Client perdu,50,F,0,Doctorat,Célibataire,$40K - $60K,Blue,38,4,3,2353,41,0.907
708125733,Client actuel,46,F,2,Niveau Bac+2,Divorcé(e),Moins de $40K,Blue,36,3,1,0,77,0.0
716484333,Client actuel,46,F,2,Licence,Marié(e),Moins de $40K,Blue,40,1,2,1177,84,0.694
708519108,Client perdu,46,F,1,Licence,Marié(e),Non connu,Blue,24,5,2,1576,57,0.585
719740008,Client perdu,51,F,4,Lycée (équivalent baccalauréat),Marié(e),Moins de $40K,Blue,41,5,7,940,49,0.337
717087858,Client actuel,51,F,1,Licence,Célibataire,$40K - $60K,Blue,36,3,1,967,74,0.451
711605208,Client perdu,61,M,0,Sans diplôme,Marié(e),$80K - $120K,Blue,43,3,6,0,47,0.0
714882258,Client actuel,38,F,2,Niveau Bac+2,Marié(e),Non connu,Blue,36,1,2,730,67,0.508
792300858,Client actuel,44,F,3,Licence,Divorcé(e),$40K - $60K,Blue,38,2,2,1852,75,0.434
766550808,Client actuel,45,F,3,Licence,Marié(e),$40K - $60K,Blue,38,6,1,2440,72,0.582
718941183,Client actuel,48,F,1,Niveau Bac+2,Marié(e),Moins de $40K,Blue,38,2,2,748,87,0.408
708516558,Client actuel,37,F,2,Lycée (équivalent baccalauréat),Marié(e),Moins de $40K,Blue,36,2,1,1782,83,0.689
709350783,Client actuel,63,F,0,Non connu,Célibataire,Moins de $40K,Blue,36,1,1,1856,76,0.383
771230508,Client actuel,46,F,4,Niveau Bac+2,Marié(e),$40K - $60K,Blue,33,1,1,429,80,0.177
710978058,Client actuel,50,F,0,Sans diplôme,Célibataire,$40K - $60K,Blue,41,2,3,1697,71,0.226
713405133,Client actuel,51,M,2,Niveau Bac+2,Marié(e),$120K +,Blue,43,2,3,1923,93,0.368
710723958,Client actuel,43,F,3,Sans diplôme,Célibataire,Non connu,Blue,32,1,1,491,86,0.341
823840458,Client actuel,47,F,1,Lycée (équivalent baccalauréat),Marié(e),Non connu,Blue,43,2,2,1517,82,0.83
791754258,Client actuel,49,F,5,Licence,Marié(e),Non connu,Blue,43,3,2,2351,73,0.919
789472833,Client actuel,42,F,2,Niveau Bac+2,Divorcé(e),Moins de $40K,Blue,33,3,1,1690,64,0.74
711099408,Client actuel,35,F,4,Lycée (équivalent baccalauréat),Célibataire,Moins de $40K,Blue,25,2,3,1658,76,0.618
745853283,Client actuel,38,F,1,Licence,Marié(e),Non connu,Blue,31,1,3,0,75,0.0
717790233,Client actuel,37,F,2,Niveau Bac+2,Célibataire,$40K - $60K,Blue,26,2,3,743,80,0.517
818791833,Client actuel,42,F,3,Licence,Marié(e),Moins de $40K,Blue,37,2,1,1303,76,0.477
714981483,Client actuel,50,F,3,Lycée (équivalent baccalauréat),Marié(e),Non connu,Blue,38,2,1,1720,81,0.613
719373558,Client actuel,42,F,3,Non connu,Célibataire,Moins de $40K,Blue,36,1,1,0,75,0.0
823609383,Client actuel,43,F,4,Niveau Bac+2,Non connu,$40K - $60K,Blue,39,1,3,0,83,0.0
714408933,Client perdu,44,M,4,Licence,Marié(e),$80K - $120K,Blue,36,2,2,0,51,0.0
713661933,Client actuel,44,F,1,Niveau Bac+2,Marié(e),Moins de $40K,Blue,33,1,3,0,70,0.0
716218908,Client actuel,48,F,4,Doctorat,Célibataire,Non connu,Blue,39,1,1,919,43,0.323
818710233,Client actuel,41,F,2,Licence,Marié(e),$40K - $60K,Blue,36,2,3,1271,70,0.546
719463708,Client actuel,47,F,1,Sans diplôme,Célibataire,$40K - $60K,Blue,34,1,3,1164,80,0.555
817958733,Client actuel,42,F,2,Sans diplôme,Marié(e),Non connu,Blue,37,1,1,958,73,0.188
708397008,Client actuel,54,F,4,Licence,Marié(e),Non connu,Blue,43,2,3,821,67,0.216
720547533,Client actuel,47,F,2,Lycée (équivalent baccalauréat),Marié(e),Non connu,Blue,32,2,1,0,90,0.0
708780783,Client actuel,43,F,3,Licence,Célibataire,$40K - $60K,Blue,33,3,3,1169,76,0.48
758178558,Client actuel,44,F,3,Licence,Célibataire,Non connu,Blue,37,2,1,1555,89,0.331
716237508,Client actuel,44,F,5,Lycée (équivalent baccalauréat),Marié(e),Non connu,Blue,36,3,2,2507,64,0.477
714735033,Client actuel,45,F,5,Doctorat,Marié(e),Moins de $40K,Blue,34,2,2,491,84,0.341
709726158,Client actuel,40,F,4,Licence,Célibataire,Moins de $40K,Blue,26,3,0,1110,92,0.503
770909433,Client actuel,50,F,2,Niveau Bac+2,Marié(e),$40K - $60K,Blue,37,2,1,1904,75,0.529
822121608,Client actuel,46,M,2,Lycée (équivalent baccalauréat),Non connu,$60K - $80K,Blue,42,3,2,693,81,0.097
717278808,Client actuel,37,F,3,Niveau Bac+2,Marié(e),Moins de $40K,Blue,28,2,1,0,56,0.0
712640583,Client actuel,60,F,0,Doctorat,Marié(e),Non connu,Blue,51,1,3,2148,70,0.286
716099958,Client perdu,39,F,5,Non connu,Marié(e),$40K - $60K,Blue,31,3,9,1867,50,0.56
788772708,Client actuel,50,F,2,Licence,Marié(e),Non connu,Blue,31,1,3,0,61,0.0
712795833,Client perdu,34,F,4,Licence,Marié(e),$40K - $60K,Blue,36,2,7,2517,40,0.501
718892283,Client actuel,43,M,2,Licence,Marié(e),$40K - $60K,Blue,34,2,1,0,78,0.0
720294258,Client actuel,40,F,4,Licence,Célibataire,Moins de $40K,Blue,30,2,2,0,82,0.0
721181883,Client actuel,30,F,0,Niveau Bac+2,Célibataire,Non connu,Blue,18,2,3,0,75,0.0
712098033,Client actuel,38,F,1,Sans diplôme,Marié(e),Non connu,Blue,36,3,1,912,78,0.072
712593933,Client perdu,40,M,3,Doctorat,Marié(e),$40K - $60K,Blue,36,3,7,0,42,0.0
711343233,Client actuel,53,F,3,Sans diplôme,Marié(e),Moins de $40K,Blue,36,1,3,1183,65,0.822
712394283,Client actuel,44,F,4,Licence,Divorcé(e),Moins de $40K,Blue,30,3,2,1314,79,0.734
790021233,Client actuel,52,F,3,Sans diplôme,Célibataire,Moins de $40K,Blue,44,3,2,1598,84,0.695
711890808,Client actuel,42,F,3,Licence,Marié(e),Moins de $40K,Blue,36,2,2,2048,72,0.811
714164808,Client perdu,42,F,4,Licence,Marié(e),$40K - $60K,Blue,33,3,2,0,54,0.0
825850383,Client actuel,53,F,2,Licence,Célibataire,Non connu,Blue,49,2,3,0,77,0.0
789533133,Client actuel,45,M,3,Lycée (équivalent baccalauréat),Marié(e),$60K - $80K,Blue,37,1,2,1766,82,0.354
779523258,Client actuel,34,M,2,Licence,Marié(e),$40K - $60K,Blue,17,2,1,1062,78,0.32
719617758,Client actuel,56,F,1,Licence,Marié(e),Moins de $40K,Blue,48,1,3,1794,76,0.728
779858058,Client actuel,34,F,2,Licence,Non connu,Moins de $40K,Blue,18,1,3,0,72,0.0
710423358,Client actuel,35,F,1,Niveau Bac+2,Non connu,Non connu,Blue,29,3,3,966,81,0.672
710500983,Client perdu,43,M,2,Niveau Bac+2,Célibataire,$80K - $120K,Blue,34,7,3,1035,35,0.224
711851583,Client actuel,50,M,2,Licence,Marié(e),$120K +,Blue,42,2,1,1015,77,0.123
779405133,Client actuel,40,F,3,Niveau Bac+2,Célibataire,Moins de $40K,Blue,29,3,1,623,79,0.109
719410083,Client actuel,49,F,2,Non connu,Célibataire,Moins de $40K,Blue,36,3,0,1220,56,0.746
796196733,Client actuel,52,F,2,Non connu,Célibataire,$40K - $60K,Blue,46,2,3,0,80,0.0
711904008,Client perdu,40,M,4,Lycée (équivalent baccalauréat),Marié(e),$60K - $80K,Blue,36,3,7,0,41,0.0
717666783,Client perdu,56,F,3,Niveau Bac+2,Marié(e),$60K - $80K,Blue,46,3,3,1350,49,0.594
719911458,Client actuel,49,F,5,Lycée (équivalent baccalauréat),Marié(e),Moins de $40K,Blue,36,2,3,1848,78,0.711
787506558,Client actuel,50,M,3,Licence,Célibataire,$60K - $80K,Blue,38,1,1,703,71,0.065
719046558,Client actuel,39,M,2,Licence,Marié(e),$60K - $80K,Blue,36,3,3,1751,62,0.883
708291633,Client actuel,33,F,2,Doctorat,Non connu,Non connu,Blue,21,3,3,2499,79,0.537
720731808,Client perdu,52,F,3,Licence,Célibataire,$40K - $60K,Blue,38,3,8,0,53,0.0
745124658,Client actuel,42,F,3,Lycée (équivalent baccalauréat),Célibataire,Moins de $40K,Blue,35,2,1,1579,70,0.616
789907533,Client perdu,49,M,3,Licence,Marié(e),$80K - $120K,Blue,40,2,3,193,54,0.042
716466483,Client actuel,44,F,3,Sans diplôme,Célibataire,$40K - $60K,Blue,34,3,3,1342,87,0.598
715919283,Client perdu,39,F,4,Niveau Bac+2,Célibataire,$40K - $60K,Blue,36,2,3,0,31,0.0
756736008,Client actuel,45,F,2,Master,Marié(e),Moins de $40K,Blue,38,2,3,1471,62,0.505
772857558,Client actuel,47,M,4,Licence,Marié(e),$60K - $80K,Blue,30,2,3,896,94,0.397
709246683,Client actuel,62,M,1,Non connu,Célibataire,Non connu,Blue,36,1,1,2248,69,0.122
714559458,Client perdu,46,M,4,Niveau Bac+2,Marié(e),$60K - $80K,Blue,36,2,1,0,48,0.0
778405458,Client actuel,52,F,2,Lycée (équivalent baccalauréat),Célibataire,Non connu,Blue,32,1,3,0,80,0.0
772150983,Client perdu,48,F,3,Lycée (équivalent baccalauréat),Non connu,Moins de $40K,Blue,37,2,1,978,40,0.414
715128408,Client actuel,49,F,2,Non connu,Marié(e),Moins de $40K,Blue,36,3,3,863,67,0.6
717856983,Client actuel,42,F,5,Sans diplôme,Marié(e),Non connu,Blue,29,2,3,1267,76,0.689
778231983,Client actuel,49,F,4,Non connu,Célibataire,$40K - $60K,Blue,39,2,3,1326,65,0.18
823908858,Client actuel,51,M,4,Non connu,Marié(e),$80K - $120K,Blue,47,3,2,622,81,0.161
798011733,Client actuel,53,F,3,Licence,Marié(e),Moins de $40K,Blue,47,1,2,751,81,0.481
717945108,Client actuel,49,F,3,Licence,Non connu,$40K - $60K,Blue,36,1,2,1477,77,0.478
712560558,Client actuel,55,F,3,Niveau Bac+2,Célibataire,Moins de $40K,Blue,42,2,1,0,87,0.0
711391308,Client actuel,46,F,4,Sans diplôme,Marié(e),$40K - $60K,Blue,34,3,3,1704,92,0.786
717688233,Client actuel,34,F,4,Lycée (équivalent baccalauréat),Marié(e),$40K - $60K,Blue,28,1,0,851,69,0.35
721093608,Client actuel,44,M,2,Lycée (équivalent baccalauréat),Célibataire,$40K - $60K,Blue,31,1,1,0,64,0.0
712669983,Client actuel,39,M,3,Licence,Célibataire,$80K - $120K,Blue,30,3,3,1604,75,0.16
790017858,Client actuel,47,F,3,Master,Non connu,$40K - $60K,Blue,36,1,2,1319,67,0.331
712012758,Client actuel,49,F,2,Sans diplôme,Marié(e),Moins de $40K,Blue,41,1,3,1860,81,0.85
720249183,Client actuel,46,F,2,Licence,Célibataire,Non connu,Blue,31,2,3,927,90,0.112
821813058,Client actuel,42,M,1,Lycée (équivalent baccalauréat),Divorcé(e),$80K - $120K,Blue,38,2,1,1172,77,0.098
778152108,Client actuel,31,F,0,Lycée (équivalent baccalauréat),Célibataire,Moins de $40K,Blue,23,2,3,1256,83,0.561
720563958,Client actuel,48,F,3,Master,Marié(e),Non connu,Blue,38,1,3,0,92,0.0
719633508,Client actuel,52,F,1,Doctorat,Marié(e),Moins de $40K,Blue,39,1,1,0,86,0.0
716689383,Client actuel,39,F,2,Licence,Marié(e),$40K - $60K,Blue,26,1,1,929,77,0.255
711420258,Client actuel,43,F,4,Non connu,Célibataire,Moins de $40K,Blue,36,3,2,0,71,0.0
713177808,Client actuel,57,F,3,Niveau Bac+2,Célibataire,Moins de $40K,Blue,51,1,0,0,87,0.0
708897408,Client actuel,46,M,3,Niveau Bac+2,Célibataire,$60K - $80K,Blue,36,2,3,787,73,0.486
710855508,Client actuel,45,F,3,Sans diplôme,Marié(e),Moins de $40K,Blue,33,3,1,1786,70,0.652
710115108,Client actuel,45,F,2,Licence,Non connu,$40K - $60K,Blue,37,2,3,1556,76,0.28
713920158,Client perdu,41,F,3,Sans diplôme,Non connu,Non connu,Blue,36,3,1,0,30,0.0
715303608,Client actuel,46,F,4,Lycée (équivalent baccalauréat),Marié(e),Moins de $40K,Blue,36,2,1,1332,81,0.561
710897133,Client actuel,51,F,3,Non connu,Non connu,Moins de $40K,Blue,36,2,2,1357,85,0.599
772813458,Client actuel,48,F,3,Licence,Marié(e),Non connu,Blue,39,1,2,1741,63,0.284
712998033,Client perdu,37,M,3,Lycée (équivalent baccalauréat),Célibataire,$120K +,Blue,36,2,2,0,44,0.0
712843983,Client perdu,41,F,2,Niveau Bac+2,Divorcé(e),$60K - $80K,Blue,36,3,8,257,45,0.164
717947508,Client actuel,47,M,3,Sans diplôme,Divorcé(e),$80K - $120K,Blue,34,1,3,1013,83,0.623
719279208,Client actuel,35,F,1,Non connu,Marié(e),Moins de $40K,Blue,36,1,2,1299,73,0.602
711365133,Client actuel,43,M,1,Non connu,Célibataire,$60K - $80K,Blue,31,3,1,1470,76,0.644
720328008,Client actuel,57,F,1,Lycée (équivalent baccalauréat),Non connu,$40K - $60K,Blue,42,1,1,1884,88,0.741
718183833,Client actuel,30,F,1,Licence,Célibataire,Moins de $40K,Blue,18,2,1,0,68,0.0
717985158,Client actuel,47,M,2,Licence,Non connu,$40K - $60K,Blue,37,3,1,1373,81,0.588
771928608,Client actuel,34,M,1,Sans diplôme,Célibataire,$60K - $80K,Blue,23,1,1,1832,74,0.901
713355708,Client actuel,41,F,3,Lycée (équivalent baccalauréat),Marié(e),Non connu,Blue,31,6,3,1878,84,0.396
816761433,Client actuel,36,M,2,Niveau Bac+2,Célibataire,$80K - $120K,Blue,31,2,3,764,96,0.131
714245358,Client actuel,47,F,3,Licence,Divorcé(e),Moins de $40K,Blue,36,3,2,1566,77,0.718
716313858,Client actuel,53,F,3,Licence,Marié(e),Moins de $40K,Blue,36,4,0,913,84,0.275
714868608,Client actuel,52,F,4,Licence,Marié(e),Moins de $40K,Blue,36,3,1,1530,76,0.506
717273333,Client actuel,49,M,5,Niveau Bac+2,Marié(e),$80K - $120K,Blue,37,2,2,0,84,0.0
711631158,Client actuel,52,F,2,Lycée (équivalent baccalauréat),Célibataire,Moins de $40K,Blue,42,2,2,869,77,0.604
714127383,Client perdu,48,F,3,Non connu,Non connu,Non connu,Blue,36,3,2,2517,48,0.568
790204983,Client actuel,46,F,2,Licence,Marié(e),Non connu,Blue,40,5,3,0,93,0.0
822051858,Client actuel,26,F,0,Licence,Célibataire,Moins de $40K,Blue,22,1,3,0,82,0.0
715144383,Client actuel,40,F,3,Lycée (équivalent baccalauréat),Célibataire,Non connu,Blue,36,3,2,2034,83,0.319
717971208,Client actuel,39,F,5,Licence,Célibataire,Moins de $40K,Blue,28,3,2,0,69,0.0
718829358,Client actuel,40,F,3,Sans diplôme,Divorcé(e),$40K - $60K,Blue,32,1,2,958,76,0.49
779380908,Client perdu,51,M,1,Non connu,Marié(e),$80K - $120K,Blue,39,3,8,946,37,0.039
714144258,Client actuel,43,F,3,Licence,Marié(e),Moins de $40K,Blue,34,2,1,2517,66,0.924
797666358,Client actuel,46,F,4,Sans diplôme,Non connu,$40K - $60K,Blue,40,3,1,843,65,0.572
709965858,Client actuel,46,M,1,Lycée (équivalent baccalauréat),Marié(e),$120K +,Blue,28,3,3,1792,80,0.181
779980758,Client actuel,58,M,2,Lycée (équivalent baccalauréat),Divorcé(e),$60K - $80K,Blue,46,2,0,1176,73,0.477
811775883,Client actuel,46,M,4,Licence,Divorcé(e),$60K - $80K,Blue,41,2,1,2336,96,0.433
799720158,Client actuel,50,M,1,Licence,Célibataire,$80K - $120K,Blue,44,3,2,1133,86,0.336
713011683,Client perdu,37,F,3,Niveau Bac+2,Marié(e),Non connu,Blue,24,2,8,0,43,0.0
713503983,Client actuel,55,F,3,Niveau Bac+2,Marié(e),$40K - $60K,Blue,36,1,3,1231,71,0.55
712137033,Client actuel,52,F,2,Niveau Bac+2,Marié(e),Non connu,Blue,45,1,2,1719,63,0.628
715910883,Client actuel,48,F,1,Lycée (équivalent baccalauréat),Marié(e),Moins de $40K,Blue,40,4,3,1384,94,0.332
718142958,Client actuel,46,M,4,Licence,Célibataire,$60K - $80K,Blue,27,3,2,960,94,0.044
719359458,Client actuel,49,F,2,Sans diplôme,Célibataire,Moins de $40K,Blue,42,3,2,0,66,0.0
714869958,Client actuel,55,M,2,Sans diplôme,Célibataire,$120K +,Blue,36,2,3,2364,71,0.079
771163533,Client actuel,52,F,1,Non connu,Marié(e),$40K - $60K,Blue,39,2,1,635,79,0.441
709028208,Client actuel,44,F,2,Licence,Marié(e),Non connu,Blue,37,3,2,1274,63,0.053
719834208,Client actuel,42,M,2,Licence,Marié(e),$60K - $80K,Blue,35,1,2,1288,81,0.604
779305008,Client actuel,41,F,4,Lycée (équivalent baccalauréat),Célibataire,Moins de $40K,Blue,23,2,2,2053,76,0.737
714506583,Client actuel,48,F,4,Licence,Non connu,Moins de $40K,Blue,38,3,1,0,78,0.0
712677633,Client perdu,42,F,0,Sans diplôme,Divorcé(e),Non connu,Blue,31,3,8,0,28,0.0
708450033,Client actuel,43,F,3,Lycée (équivalent baccalauréat),Non connu,Moins de $40K,Blue,13,2,1,2269,79,0.871
719606133,Client actuel,42,M,2,Licence,Célibataire,$60K - $80K,Blue,31,2,1,2296,88,0.444
789772983,Client actuel,49,M,3,Niveau Bac+2,Non connu,$80K - $120K,Blue,38,3,3,0,56,0.0
720656883,Client actuel,50,F,3,Licence,Célibataire,Moins de $40K,Blue,40,3,1,501,69,0.271
718108758,Client actuel,43,M,2,Non connu,Célibataire,$60K - $80K,Blue,36,1,2,1759,86,0.291
709408983,Client actuel,54,M,2,Lycée (équivalent baccalauréat),Marié(e),$120K +,Blue,42,2,3,889,91,0.169
771592458,Client actuel,48,F,1,Licence,Non connu,Moins de $40K,Blue,36,2,3,1059,79,0.62
778932633,Client actuel,57,F,2,Licence,Marié(e),Moins de $40K,Blue,40,3,2,1185,83,0.727
708669408,Client actuel,54,M,5,Niveau Bac+2,Célibataire,$60K - $80K,Blue,45,1,3,0,75,0.0
779947908,Client actuel,56,M,2,Licence,Divorcé(e),$120K +,Blue,45,3,1,1435,66,0.435
716007708,Client actuel,48,M,2,Licence,Marié(e),$120K +,Blue,37,1,2,1279,73,0.143
767574108,Client actuel,49,F,1,Niveau Bac+2,Marié(e),Moins de $40K,Blue,43,3,2,786,64,0.546
720777558,Client actuel,46,F,4,Licence,Célibataire,Moins de $40K,Blue,38,2,2,1713,79,0.641
816841083,Client actuel,58,F,3,Niveau Bac+2,Marié(e),Moins de $40K,Blue,53,3,1,1566,90,0.628
778849908,Client actuel,59,F,1,Doctorat,Marié(e),Moins de $40K,Blue,40,3,1,2452,81,0.913
708745983,Client actuel,37,F,2,Non connu,Marié(e),$40K - $60K,Blue,36,2,2,1559,81,0.706
713381433,Client perdu,38,F,1,Lycée (équivalent baccalauréat),Marié(e),Moins de $40K,Blue,28,3,3,731,30,0.174
779404383,Client actuel,47,F,5,Sans diplôme,Divorcé(e),Non connu,Blue,36,2,3,1235,76,0.098
718607883,Client actuel,41,M,3,Master,Célibataire,$80K - $120K,Blue,30,2,2,2517,81,0.141
710542983,Client actuel,48,F,4,Licence,Marié(e),Moins de $40K,Blue,21,6,0,0,87,0.0
709769283,Client actuel,36,F,4,Non connu,Divorcé(e),Non connu,Blue,16,3,3,0,70,0.0
721253508,Client actuel,40,M,3,Lycée (équivalent baccalauréat),Marié(e),$80K - $120K,Blue,36,3,1,2356,84,0.245
801037833,Client actuel,38,M,2,Sans diplôme,Célibataire,$80K - $120K,Blue,32,2,3,2517,87,0.789
711452583,Client actuel,43,F,4,Licence,Non connu,Non connu,Blue,36,5,1,2517,60,0.906
716697708,Client perdu,61,F,1,Lycée (équivalent baccalauréat),Célibataire,Non connu,Blue,52,2,8,0,56,0.0
708176208,Client actuel,48,F,1,Licence,Marié(e),$40K - $60K,Blue,36,4,1,0,80,0.0
716474358,Client actuel,43,F,3,Non connu,Marié(e),Moins de $40K,Blue,35,3,2,729,74,0.424
713121408,Client actuel,38,M,3,Niveau Bac+2,Marié(e),$80K - $120K,Blue,30,3,2,1667,69,0.419
794567133,Client actuel,52,F,2,Lycée (équivalent baccalauréat),Célibataire,Moins de $40K,Blue,35,2,3,808,70,0.414
717609633,Client actuel,44,M,3,Non connu,Marié(e),$120K +,Blue,32,2,2,1759,58,0.138
708899283,Client actuel,40,F,3,Sans diplôme,Célibataire,Non connu,Blue,28,3,3,1935,81,0.719
772415808,Client actuel,48,F,5,Master,Marié(e),$40K - $60K,Blue,38,3,1,716,78,0.245
716176683,Client actuel,46,M,4,Licence,Célibataire,$80K - $120K,Blue,33,1,1,1748,78,0.737
709245783,Client actuel,44,F,3,Licence,Marié(e),Non connu,Blue,27,1,1,1965,90,0.254
720507108,Client perdu,42,F,3,Niveau Bac+2,Marié(e),$60K - $80K,Blue,28,3,2,0,41,0.0
716751858,Client perdu,34,F,1,Non connu,Marié(e),Moins de $40K,Blue,36,3,3,496,40,0.207
712829808,Client perdu,39,M,3,Sans diplôme,Marié(e),$60K - $80K,Blue,29,3,8,0,40,0.0
711900033,Client actuel,57,F,0,Doctorat,Marié(e),Non connu,Blue,46,2,1,1734,81,0.372
712566258,Client actuel,40,F,2,Master,Divorcé(e),Non connu,Blue,27,3,1,2023,77,0.238
712732908,Client actuel,36,M,4,Licence,Marié(e),$80K - $120K,Blue,36,3,1,1450,84,0.641
717908208,Client actuel,43,F,3,Licence,Divorcé(e),Moins de $40K,Blue,36,1,2,1595,82,0.632
826136283,Client actuel,38,F,3,Lycée (équivalent baccalauréat),Marié(e),Moins de $40K,Blue,34,3,2,1981,66,0.809
778714833,Client actuel,36,F,4,Niveau Bac+2,Marié(e),Non connu,Blue,18,3,2,1760,92,0.448
779302233,Client perdu,40,F,4,Licence,Marié(e),$40K - $60K,Blue,22,2,3,0,45,0.0
778659108,Client actuel,51,F,2,Lycée (équivalent baccalauréat),Célibataire,Non connu,Blue,31,2,1,2203,81,0.46
720374808,Client actuel,41,F,2,Non connu,Non connu,Moins de $40K,Blue,34,3,3,1928,78,0.673
719592483,Client actuel,43,F,5,Licence,Célibataire,Non connu,Blue,34,6,3,2440,77,0.53
714702033,Client actuel,43,F,4,Licence,Non connu,Moins de $40K,Blue,34,3,3,979,75,0.497
717042333,Client perdu,53,F,2,Niveau Bac+2,Marié(e),$60K - $80K,Blue,44,3,3,0,48,0.0
779122908,Client actuel,55,F,3,Licence,Célibataire,$40K - $60K,Blue,37,1,2,1437,82,0.451
710676483,Client actuel,38,F,2,Non connu,Marié(e),Moins de $40K,Blue,36,2,2,0,77,0.0
827712108,Client actuel,42,F,5,Licence,Marié(e),Moins de $40K,Blue,38,1,2,1373,72,0.585
769200858,Client actuel,34,F,4,Licence,Célibataire,Moins de $40K,Blue,28,2,3,0,86,0.0
779114283,Client actuel,40,F,5,Lycée (équivalent baccalauréat),Célibataire,Moins de $40K,Blue,22,1,2,944,65,0.517
771061008,Client perdu,40,F,2,Doctorat,Marié(e),$40K - $60K,Blue,27,2,3,0,56,0.0
716201133,Client actuel,35,F,2,Lycée (équivalent baccalauréat),Marié(e),Moins de $40K,Blue,36,3,1,0,76,0.0
817968783,Client actuel,51,F,3,Licence,Célibataire,Moins de $40K,Blue,46,3,1,1499,70,0.512
826480308,Client actuel,53,M,3,Licence,Non connu,$80K - $120K,Blue,49,2,1,1869,74,0.391
720307683,Client actuel,43,F,4,Licence,Divorcé(e),Moins de $40K,Blue,36,2,2,743,78,0.517
709618308,Client actuel,46,F,3,Lycée (équivalent baccalauréat),Célibataire,$40K - $60K,Silver,40,3,1,1487,48,0.092
710119233,Client actuel,37,M,1,Lycée (équivalent baccalauréat),Marié(e),$120K +,Blue,26,2,1,1925,63,0.164
789419658,Client actuel,47,F,4,Niveau Bac+2,Marié(e),Non connu,Blue,38,2,1,0,89,0.0
789800358,Client actuel,45,F,3,Lycée (équivalent baccalauréat),Marié(e),Moins de $40K,Blue,34,1,3,1288,78,0.487
715466133,Client actuel,50,F,1,Doctorat,Marié(e),Non connu,Blue,40,3,1,1410,75,0.566
717659883,Client actuel,46,F,2,Licence,Célibataire,Non connu,Blue,36,3,3,1106,64,0.457
781942983,Client actuel,50,M,1,Non connu,Célibataire,$120K +,Blue,44,3,1,0,88,0.0
712755783,Client actuel,49,F,1,Licence,Divorcé(e),$40K - $60K,Blue,40,2,3,0,77,0.0
779551533,Client actuel,54,F,3,Doctorat,Célibataire,Moins de $40K,Blue,39,3,3,0,92,0.0
714405183,Client actuel,47,F,3,Licence,Marié(e),Moins de $40K,Blue,36,2,2,1519,60,0.855
801783108,Client actuel,46,M,3,Niveau Bac+2,Marié(e),$120K +,Blue,40,3,3,0,69,0.0
779839758,Client actuel,47,F,2,Master,Célibataire,Non connu,Blue,31,2,3,0,92,0.0
820648608,Client actuel,46,F,2,Master,Marié(e),Moins de $40K,Blue,41,1,3,1879,79,0.736
787587033,Client actuel,42,F,4,Licence,Célibataire,Moins de $40K,Blue,32,1,2,1992,87,0.665
813967983,Client actuel,44,F,2,Niveau Bac+2,Marié(e),$40K - $60K,Blue,39,1,2,775,71,0.456
718067658,Client actuel,53,F,3,Non connu,Célibataire,Non connu,Blue,40,3,1,0,79,0.0
709952658,Client actuel,46,F,3,Licence,Non connu,Moins de $40K,Blue,33,3,2,2491,62,0.823
720824883,Client perdu,48,F,1,Non connu,Célibataire,Moins de $40K,Blue,40,1,2,2517,50,0.774
789631908,Client actuel,51,M,4,Lycée (équivalent baccalauréat),Célibataire,$60K - $80K,Blue,45,1,2,1787,85,0.59
789089958,Client actuel,57,M,2,Lycée (équivalent baccalauréat),Célibataire,$60K - $80K,Silver,45,2,3,0,81,0.0
715847058,Client perdu,59,F,2,Sans diplôme,Divorcé(e),Moins de $40K,Blue,36,3,3,1853,40,0.995
721256808,Client actuel,35,F,2,Non connu,Célibataire,Moins de $40K,Blue,20,1,2,1935,86,0.719
721269108,Client actuel,45,F,5,Licence,Célibataire,Moins de $40K,Blue,33,3,3,1249,87,0.546
712770408,Client perdu,42,F,2,Licence,Non connu,$40K - $60K,Blue,36,3,2,0,40,0.0
767958933,Client actuel,40,M,4,Niveau Bac+2,Marié(e),$40K - $60K,Silver,34,2,1,1291,77,0.083
779866458,Client actuel,40,F,5,Sans diplôme,Marié(e),Moins de $40K,Blue,24,1,1,793,67,0.389
721246833,Client actuel,47,F,3,Non connu,Non connu,Moins de $40K,Blue,36,2,3,1089,70,0.558
710752233,Client perdu,43,F,5,Lycée (équivalent baccalauréat),Non connu,$40K - $60K,Blue,24,2,2,2203,49,0.497
709813008,Client actuel,44,F,3,Lycée (équivalent baccalauréat),Non connu,Moins de $40K,Blue,35,3,0,2415,93,0.711
710219658,Client actuel,48,F,3,Doctorat,Marié(e),Non connu,Blue,44,3,3,1186,74,0.587
789121233,Client actuel,53,F,2,Non connu,Célibataire,Moins de $40K,Blue,41,1,3,2290,76,0.983
715146558,Client perdu,34,F,2,Niveau Bac+2,Marié(e),$60K - $80K,Blue,36,3,2,0,56,0.0
720205608,Client actuel,52,F,1,Sans diplôme,Marié(e),Non connu,Blue,36,1,1,0,77,0.0
778606308,Client perdu,45,M,3,Sans diplôme,Divorcé(e),$80K - $120K,Blue,25,2,3,1881,51,0.284
710438358,Client perdu,42,F,1,Sans diplôme,Célibataire,Moins de $40K,Blue,35,3,3,0,43,0.0
712562433,Client perdu,48,F,2,Non connu,Marié(e),Moins de $40K,Blue,30,3,3,0,43,0.0
718186233,Client actuel,34,F,3,Sans diplôme,Célibataire,Moins de $40K,Blue,26,2,3,971,71,0.3
713717283,Client perdu,40,F,3,Non connu,Marié(e),$40K - $60K,Blue,29,3,3,2332,32,0.943
713822208,Client perdu,42,M,2,Lycée (équivalent baccalauréat),Célibataire,$60K - $80K,Blue,33,3,3,493,45,0.102
710466633,Client actuel,55,F,3,Lycée (équivalent baccalauréat),Marié(e),Moins de $40K,Blue,44,1,1,0,76,0.0
711153783,Client actuel,44,F,3,Sans diplôme,Célibataire,Moins de $40K,Blue,36,3,1,541,70,0.376
718230933,Client perdu,45,M,4,Licence,Marié(e),$40K - $60K,Blue,36,2,3,1060,29,0.737
788885133,Client actuel,57,F,3,Niveau Bac+2,Non connu,Moins de $40K,Silver,42,1,1,2422,63,0.191
711637458,Client perdu,44,F,3,Lycée (équivalent baccalauréat),Marié(e),Moins de $40K,Blue,36,3,3,0,45,0.0
719532108,Client actuel,40,F,5,Lycée (équivalent baccalauréat),Marié(e),Moins de $40K,Blue,31,2,2,2208,68,0.785
757643733,Client actuel,42,F,2,Master,Célibataire,Moins de $40K,Blue,35,3,2,0,79,0.0
715122858,Client actuel,55,F,2,Licence,Marié(e),$40K - $60K,Blue,36,3,3,0,81,0.0
708384033,Client perdu,45,F,3,Sans diplôme,Marié(e),Moins de $40K,Blue,35,3,3,2463,39,0.897
708273858,Client actuel,40,M,3,Licence,Divorcé(e),$120K +,Blue,30,2,1,0,80,0.0
803952408,Client actuel,52,F,3,Sans diplôme,Marié(e),Moins de $40K,Blue,47,3,2,1486,77,0.591
778394358,Client actuel,46,F,2,Lycée (équivalent baccalauréat),Divorcé(e),Moins de $40K,Blue,26,3,1,1785,88,0.955
713180433,Client actuel,56,F,2,Licence,Célibataire,Non connu,Blue,48,3,2,2517,87,0.64
787458783,Client actuel,49,F,4,Lycée (équivalent baccalauréat),Marié(e),Moins de $40K,Blue,35,3,2,2133,83,0.702
720315933,Client actuel,53,F,1,Sans diplôme,Célibataire,Moins de $40K,Blue,39,2,3,1276,76,0.644
713677158,Client perdu,31,F,1,Licence,Divorcé(e),Non connu,Blue,22,2,3,0,45,0.0
739828308,Client actuel,55,M,3,Sans diplôme,Célibataire,$120K +,Blue,48,2,2,1743,68,0.564
720959058,Client actuel,44,F,3,Non connu,Célibataire,Non connu,Blue,33,3,1,2417,67,0.3
718090233,Client perdu,56,F,3,Licence,Célibataire,Non connu,Blue,36,3,3,1872,37,0.187
789939558,Client actuel,54,F,2,Niveau Bac+2,Marié(e),Non connu,Blue,45,3,2,1841,87,0.407
714169908,Client actuel,53,F,0,Licence,Célibataire,Moins de $40K,Blue,34,2,1,1140,82,0.586
796145133,Client actuel,46,F,2,Sans diplôme,Marié(e),Non connu,Blue,40,2,2,1716,86,0.282
789233808,Client actuel,38,F,3,Licence,Marié(e),Non connu,Blue,27,2,2,1396,74,0.576
709071408,Client actuel,56,F,5,Licence,Célibataire,$40K - $60K,Blue,37,2,1,1702,74,0.653
815830083,Client actuel,53,F,3,Sans diplôme,Célibataire,Moins de $40K,Blue,48,2,1,1215,72,0.622
715932708,Client actuel,41,M,3,Non connu,Non connu,$60K - $80K,Blue,36,3,1,1614,75,0.278
715281933,Client actuel,43,F,3,Lycée (équivalent baccalauréat),Célibataire,Moins de $40K,Blue,36,3,2,0,73,0.0
787529583,Client perdu,41,F,5,Non connu,Marié(e),$40K - $60K,Blue,30,2,3,0,61,0.0
717446208,Client actuel,62,F,0,Lycée (équivalent baccalauréat),Célibataire,Moins de $40K,Blue,36,2,1,1980,69,0.528
715236783,Client actuel,42,F,4,Niveau Bac+2,Divorcé(e),$40K - $60K,Blue,36,3,2,2517,87,0.674
804583833,Client actuel,56,F,2,Lycée (équivalent baccalauréat),Marié(e),Non connu,Blue,51,1,3,1243,87,0.692
713772333,Client perdu,45,F,3,Non connu,Divorcé(e),Moins de $40K,Blue,34,3,1,243,38,0.075
715321983,Client actuel,33,F,2,Doctorat,Marié(e),$40K - $60K,Blue,36,2,1,1867,75,0.679
717773433,Client actuel,57,F,0,Licence,Marié(e),Moins de $40K,Blue,45,1,2,0,98,0.0
778632933,Client actuel,49,F,3,Niveau Bac+2,Marié(e),Moins de $40K,Blue,29,1,2,1998,79,0.784
808527183,Client actuel,46,F,3,Niveau Bac+2,Marié(e),Moins de $40K,Blue,41,1,1,949,94,0.637
714514008,Client perdu,38,F,1,Licence,Marié(e),Non connu,Blue,29,3,3,0,43,0.0
711669258,Client perdu,50,F,3,Sans diplôme,Célibataire,Non connu,Blue,36,3,3,986,47,0.309
797218233,Client actuel,51,F,2,Non connu,Célibataire,Moins de $40K,Blue,45,1,0,0,82,0.0
710612583,Client actuel,52,M,4,Lycée (équivalent baccalauréat),Non connu,$60K - $80K,Blue,36,3,2,1740,80,0.67
712613808,Client actuel,45,F,5,Niveau Bac+2,Célibataire,Non connu,Blue,32,3,3,658,69,0.11
807173358,Client actuel,56,F,0,Master,Marié(e),Moins de $40K,Blue,51,2,3,878,76,0.243
778349883,Client actuel,56,F,0,Sans diplôme,Célibataire,Moins de $40K,Blue,36,3,1,2114,75,0.657
720592533,Client perdu,41,M,4,Licence,Non connu,$80K - $120K,Blue,31,3,2,868,44,0.044
714668433,Client actuel,51,F,4,Licence,Célibataire,Moins de $40K,Blue,36,3,1,1898,67,0.753
720967233,Client actuel,43,F,2,Non connu,Marié(e),Moins de $40K,Blue,29,1,1,2517,88,0.757
718629858,Client actuel,42,F,2,Sans diplôme,Marié(e),Non connu,Blue,32,5,3,0,89,0.0
737962608,Client actuel,48,F,4,Niveau Bac+2,Divorcé(e),Moins de $40K,Blue,41,3,2,2517,78,0.672
778207083,Client perdu,53,M,4,Sans diplôme,Célibataire,$80K - $120K,Blue,44,3,2,2189,39,0.189
778781508,Client perdu,44,F,2,Lycée (équivalent baccalauréat),Marié(e),Non connu,Blue,32,3,3,2517,41,0.297
714142158,Client actuel,59,F,0,Licence,Marié(e),Moins de $40K,Blue,48,2,1,1411,92,0.666
715390608,Client actuel,45,F,5,Licence,Marié(e),Moins de $40K,Blue,39,3,2,1209,81,0.422
715243458,Client actuel,45,F,2,Licence,Célibataire,$40K - $60K,Blue,36,3,1,1304,94,0.569
715418508,Client actuel,51,M,1,Sans diplôme,Célibataire,$120K +,Blue,36,1,3,590,72,0.068
711164508,Client actuel,49,F,1,Licence,Divorcé(e),Non connu,Silver,43,3,1,1163,71,0.034
713239308,Client actuel,43,F,2,Lycée (équivalent baccalauréat),Marié(e),Non connu,Blue,36,3,3,1694,85,0.632
712323183,Client actuel,38,M,3,Non connu,Marié(e),$80K - $120K,Blue,22,2,1,0,63,0.0
797410983,Client actuel,45,F,3,Lycée (équivalent baccalauréat),Marié(e),Non connu,Blue,39,2,2,745,83,0.518
721167783,Client actuel,54,M,4,Lycée (équivalent baccalauréat),Célibataire,$80K - $120K,Blue,39,3,3,2465,69,0.317
712130058,Client perdu,44,F,4,Sans diplôme,Célibataire,Non connu,Blue,36,3,8,317,41,0.039
714060408,Client actuel,57,F,3,Lycée (équivalent baccalauréat),Célibataire,Non connu,Blue,37,1,2,1603,82,0.525
715515333,Client actuel,51,M,3,Licence,Marié(e),$120K +,Blue,42,1,3,2140,92,0.27
806970033,Client actuel,48,M,3,Lycée (équivalent baccalauréat),Non connu,$40K - $60K,Blue,43,2,3,1434,77,0.818
817337958,Client actuel,48,F,5,Doctorat,Marié(e),Moins de $40K,Blue,33,1,3,1176,74,0.202
788132208,Client actuel,53,F,2,Licence,Marié(e),$40K - $60K,Blue,38,2,1,1003,70,0.504
812653383,Client actuel,55,F,1,Niveau Bac+2,Célibataire,$40K - $60K,Blue,50,3,3,1520,92,0.825
709762908,Client actuel,52,F,1,Sans diplôme,Marié(e),Non connu,Blue,40,2,1,1228,78,0.854
717114708,Client actuel,34,F,0,Licence,Marié(e),$40K - $60K,Blue,26,3,2,1830,77,0.612
767388783,Client actuel,43,M,3,Lycée (équivalent baccalauréat),Marié(e),$60K - $80K,Blue,36,3,1,0,66,0.0
794719983,Client perdu,44,F,4,Lycée (équivalent baccalauréat),Non connu,Moins de $40K,Blue,38,2,3,2505,42,0.958
778378983,Client perdu,54,F,1,Licence,Célibataire,$40K - $60K,Blue,34,2,2,2152,42,0.732
773275083,Client actuel,49,F,3,Niveau Bac+2,Marié(e),Non connu,Blue,37,3,0,966,79,0.313
719971458,Client actuel,49,M,5,Licence,Marié(e),$80K - $120K,Blue,41,3,2,1490,74,0.282
721001883,Client actuel,41,M,3,Sans diplôme,Marié(e),$60K - $80K,Blue,30,1,2,1618,47,0.83
778245633,Client actuel,43,F,3,Licence,Célibataire,Non connu,Blue,33,3,1,1818,70,0.777
718535733,Client actuel,40,F,1,Sans diplôme,Divorcé(e),Moins de $40K,Blue,25,3,1,2047,79,0.545
711909933,Client actuel,54,M,4,Non connu,Marié(e),$80K - $120K,Blue,42,3,1,618,83,0.381
709253433,Client actuel,50,F,2,Sans diplôme,Marié(e),$40K - $60K,Blue,41,1,2,1912,58,0.175
719797758,Client actuel,56,F,1,Lycée (équivalent baccalauréat),Célibataire,Moins de $40K,Blue,36,1,1,2517,84,0.736
789420933,Client actuel,39,F,2,Sans diplôme,Marié(e),Moins de $40K,Blue,30,1,3,778,87,0.25
709850508,Client perdu,33,F,2,Licence,Marié(e),$40K - $60K,Blue,20,2,7,0,37,0.0
715335558,Client actuel,43,F,5,Sans diplôme,Célibataire,Moins de $40K,Blue,36,1,2,907,81,0.489
711516783,Client actuel,47,F,4,Sans diplôme,Marié(e),$40K - $60K,Blue,36,1,1,1119,91,0.519
798917883,Client actuel,42,F,4,Niveau Bac+2,Célibataire,Moins de $40K,Blue,36,3,2,2517,76,0.607
721525758,Client actuel,45,M,5,Doctorat,Marié(e),$80K - $120K,Blue,35,2,2,1229,77,0.552
716249508,Client actuel,48,F,5,Lycée (équivalent baccalauréat),Marié(e),$40K - $60K,Blue,36,2,1,0,85,0.0
716953083,Client actuel,53,F,2,Licence,Marié(e),Non connu,Blue,41,2,2,1260,81,0.616
712448658,Client perdu,52,F,1,Lycée (équivalent baccalauréat),Célibataire,Moins de $40K,Blue,36,3,2,0,55,0.0
711766758,Client actuel,42,F,4,Non connu,Marié(e),Moins de $40K,Blue,30,2,1,987,67,0.645
709432833,Client actuel,53,F,1,Non connu,Marié(e),Moins de $40K,Blue,36,2,3,1196,73,0.812
719964933,Client actuel,50,F,5,Licence,Célibataire,Moins de $40K,Blue,41,2,2,0,78,0.0
719857008,Client actuel,37,F,1,Licence,Célibataire,$40K - $60K,Blue,36,3,1,2198,81,0.762
758340108,Client actuel,39,F,2,Licence,Célibataire,Moins de $40K,Silver,29,3,2,913,78,0.091
708276183,Client perdu,52,F,3,Master,Marié(e),$60K - $80K,Blue,45,6,1,0,35,0.0
716481408,Client actuel,38,F,2,Licence,Célibataire,Moins de $40K,Blue,36,1,1,0,76,0.0
720590058,Client perdu,51,F,1,Licence,Célibataire,$40K - $60K,Blue,36,3,3,1794,47,0.203
789347133,Client actuel,38,F,2,Master,Marié(e),$40K - $60K,Blue,28,1,1,2395,79,0.536
719112258,Client actuel,42,M,4,Niveau Bac+2,Non connu,$60K - $80K,Blue,35,3,3,1360,79,0.541
717748608,Client perdu,35,F,4,Lycée (équivalent baccalauréat),Marié(e),Moins de $40K,Blue,24,2,8,872,51,0.561
710740008,Client actuel,57,M,1,Licence,Non connu,$80K - $120K,Blue,39,1,1,641,82,0.446
716694108,Client perdu,42,M,4,Sans diplôme,Marié(e),$120K +,Blue,34,3,3,468,48,0.09
719372583,Client actuel,57,M,3,Licence,Célibataire,$120K +,Blue,36,2,1,1197,90,0.069
719981508,Client perdu,37,M,2,Sans diplôme,Célibataire,Non connu,Blue,24,2,3,0,51,0.0
751350558,Client actuel,57,F,1,Lycée (équivalent baccalauréat),Marié(e),Moins de $40K,Blue,50,2,2,0,85,0.0
715123983,Client actuel,43,F,1,Niveau Bac+2,Célibataire,Moins de $40K,Blue,36,2,2,2517,81,0.753
709250508,Client actuel,63,M,1,Sans diplôme,Célibataire,Moins de $40K,Blue,56,1,2,2517,88,0.361
716754783,Client perdu,43,M,4,Lycée (équivalent baccalauréat),Marié(e),$120K +,Blue,30,2,3,1331,44,0.077
719025333,Client actuel,48,M,2,Master,Marié(e),$40K - $60K,Blue,42,2,0,0,59,0.0
718566858,Client actuel,46,F,2,Niveau Bac+2,Célibataire,Moins de $40K,Blue,36,2,2,0,79,0.0
710675508,Client actuel,40,F,3,Niveau Bac+2,Non connu,Non connu,Blue,28,3,1,1190,98,0.513
818729208,Client actuel,52,M,3,Licence,Marié(e),$60K - $80K,Blue,47,3,3,941,77,0.115
709068183,Client actuel,53,M,4,Niveau Bac+2,Célibataire,$60K - $80K,Blue,42,3,3,0,87,0.0
715358283,Client actuel,57,F,2,Sans diplôme,Marié(e),Moins de $40K,Blue,46,3,2,1139,73,0.535
710966433,Client actuel,50,F,3,Sans diplôme,Marié(e),Moins de $40K,Blue,36,2,2,1404,67,0.537
708575058,Client perdu,46,F,3,Sans diplôme,Divorcé(e),$40K - $60K,Blue,39,3,2,965,58,0.306
713929533,Client perdu,36,F,3,Niveau Bac+2,Marié(e),$60K - $80K,Blue,36,2,2,0,52,0.0
714087258,Client actuel,49,F,1,Sans diplôme,Divorcé(e),Moins de $40K,Blue,36,3,2,0,72,0.0
756383283,Client actuel,38,F,3,Niveau Bac+2,Marié(e),Moins de $40K,Blue,31,1,3,2517,80,0.456
720766908,Client perdu,40,F,2,Sans diplôme,Célibataire,Moins de $40K,Blue,28,2,2,0,37,0.0
718133733,Client actuel,44,F,4,Master,Non connu,Moins de $40K,Blue,36,1,1,1540,76,0.21
720823458,Client actuel,59,F,2,Non connu,Marié(e),Moins de $40K,Blue,46,6,2,1907,85,0.365
720027258,Client actuel,53,F,2,Lycée (équivalent baccalauréat),Célibataire,Moins de $40K,Blue,40,1,3,0,73,0.0
807604233,Client actuel,54,M,3,Licence,Marié(e),$80K - $120K,Blue,49,3,3,2482,81,0.223
801786483,Client actuel,51,M,0,Lycée (équivalent baccalauréat),Célibataire,$80K - $120K,Blue,45,2,3,2517,89,0.236
789138258,Client actuel,45,F,3,Lycée (équivalent baccalauréat),Célibataire,Moins de $40K,Blue,34,3,2,2372,83,0.797
805524708,Client perdu,52,F,3,Lycée (équivalent baccalauréat),Divorcé(e),Moins de $40K,Blue,47,3,1,2517,50,0.38
779642733,Client actuel,42,F,5,Non connu,Marié(e),Moins de $40K,Blue,25,1,1,2238,77,0.796
771735933,Client actuel,48,M,2,Lycée (équivalent baccalauréat),Marié(e),$80K - $120K,Blue,36,1,1,1722,82,0.16
789917208,Client actuel,40,F,4,Lycée (équivalent baccalauréat),Marié(e),Moins de $40K,Blue,31,3,3,1781,69,0.905
779608083,Client actuel,55,M,2,Doctorat,Célibataire,Moins de $40K,Blue,44,2,2,1247,62,0.32
711287733,Client actuel,45,M,4,Non connu,Marié(e),$40K - $60K,Blue,36,2,1,1289,74,0.273
774675933,Client actuel,40,M,3,Niveau Bac+2,Divorcé(e),$80K - $120K,Silver,34,1,3,2052,62,0.059
716741508,Client actuel,33,F,3,Lycée (équivalent baccalauréat),Marié(e),Moins de $40K,Blue,21,1,3,1167,65,0.412
721106133,Client actuel,57,F,3,Sans diplôme,Divorcé(e),Non connu,Blue,36,4,1,1789,82,0.774
716698608,Client actuel,51,M,2,Non connu,Célibataire,$80K - $120K,Blue,39,1,1,0,87,0.0
716299608,Client perdu,58,F,3,Non connu,Divorcé(e),Moins de $40K,Blue,36,2,3,0,31,0.0
718116933,Client actuel,53,F,3,Licence,Célibataire,Moins de $40K,Blue,36,3,1,630,79,0.438
720513333,Client actuel,46,M,3,Lycée (équivalent baccalauréat),Célibataire,$80K - $120K,Blue,39,1,3,1724,78,0.081
802460433,Client perdu,57,F,3,Lycée (équivalent baccalauréat),Marié(e),Non connu,Blue,51,6,2,0,37,0.0
720482583,Client actuel,52,F,1,Niveau Bac+2,Marié(e),Non connu,Blue,43,3,1,2163,69,0.207
719584608,Client actuel,40,M,4,Lycée (équivalent baccalauréat),Non connu,$40K - $60K,Blue,32,1,1,0,79,0.0
709477233,Client actuel,37,F,2,Lycée (équivalent baccalauréat),Célibataire,Non connu,Blue,36,2,1,1621,79,0.691
719512983,Client perdu,47,F,4,Licence,Célibataire,$40K - $60K,Blue,39,3,8,0,51,0.0
714923583,Client perdu,38,F,2,Licence,Non connu,$40K - $60K,Blue,36,3,2,0,48,0.0
779397183,Client actuel,42,F,2,Licence,Célibataire,Moins de $40K,Blue,31,1,1,0,61,0.0
714671658,Client actuel,38,F,5,Licence,Marié(e),Moins de $40K,Blue,31,5,2,1392,85,0.647
779218233,Client actuel,47,F,5,Master,Célibataire,Moins de $40K,Blue,37,3,3,0,75,0.0
713456583,Client actuel,45,M,2,Lycée (équivalent baccalauréat),Marié(e),$80K - $120K,Silver,37,2,2,1495,70,0.043
790221633,Client actuel,44,F,4,Licence,Célibataire,$40K - $60K,Blue,38,3,3,2296,77,0.589
721299483,Client actuel,47,M,3,Licence,Célibataire,$80K - $120K,Blue,32,1,1,1304,71,0.112
711701958,Client actuel,48,M,1,Non connu,Célibataire,$60K - $80K,Blue,38,3,3,1999,63,0.176
783573408,Client actuel,42,F,4,Niveau Bac+2,Célibataire,$40K - $60K,Blue,36,1,2,2136,83,0.83
709641933,Client actuel,42,F,3,Licence,Marié(e),$40K - $60K,Blue,36,1,2,1869,84,0.544
718755483,Client actuel,44,M,2,Lycée (équivalent baccalauréat),Marié(e),$60K - $80K,Blue,36,2,1,959,86,0.131
720914358,Client actuel,46,F,3,Licence,Marié(e),Moins de $40K,Blue,36,2,3,1333,84,0.302
714811533,Client actuel,39,M,2,Lycée (équivalent baccalauréat),Non connu,$60K - $80K,Blue,32,2,2,0,91,0.0
719898108,Client actuel,57,F,2,Doctorat,Marié(e),$40K - $60K,Blue,41,3,3,809,79,0.221
720719883,Client perdu,54,F,1,Licence,Célibataire,Non connu,Blue,41,3,3,0,55,0.0
780338733,Client actuel,50,F,2,Licence,Marié(e),Moins de $40K,Blue,37,1,2,491,83,0.341
709810458,Client actuel,56,F,0,Non connu,Célibataire,Moins de $40K,Blue,44,2,0,768,72,0.486
821356083,Client actuel,54,F,3,Sans diplôme,Marié(e),$40K - $60K,Blue,49,1,3,0,87,0.0
793428408,Client actuel,50,F,3,Sans diplôme,Marié(e),Moins de $40K,Blue,44,2,1,1185,76,0.742
746453583,Client actuel,56,F,1,Non connu,Marié(e),$40K - $60K,Blue,49,2,2,1395,85,0.536
771799008,Client actuel,61,F,1,Licence,Marié(e),Non connu,Blue,50,3,1,1405,79,0.418
719075883,Client actuel,38,F,3,Lycée (équivalent baccalauréat),Marié(e),$40K - $60K,Blue,27,3,3,2033,66,0.86
714986583,Client actuel,55,F,4,Sans diplôme,Célibataire,Moins de $40K,Blue,46,2,2,923,62,0.185
753233733,Client actuel,38,M,1,Licence,Célibataire,$80K - $120K,Blue,29,3,3,1290,61,0.599
806914158,Client perdu,38,F,4,Licence,Marié(e),$40K - $60K,Blue,33,3,1,0,34,0.0
812671758,Client perdu,47,F,5,Doctorat,Marié(e),Non connu,Blue,42,6,3,2176,44,0.501
789191358,Client actuel,55,M,4,Licence,Célibataire,$80K - $120K,Blue,44,3,2,794,80,0.428
772111083,Client actuel,50,M,1,Lycée (équivalent baccalauréat),Célibataire,$80K - $120K,Blue,39,3,2,1396,75,0.259
714961383,Client actuel,48,F,3,Sans diplôme,Célibataire,Moins de $40K,Blue,36,3,3,965,81,0.671
817288458,Client actuel,33,F,2,Licence,Célibataire,Moins de $40K,Blue,19,2,3,1737,82,0.338
719163108,Client actuel,44,M,3,Licence,Marié(e),$120K +,Blue,31,2,3,1325,62,0.333
713922183,Client actuel,52,M,2,Sans diplôme,Célibataire,$120K +,Blue,36,2,1,1259,73,0.502
716443608,Client actuel,46,F,3,Non connu,Non connu,Moins de $40K,Blue,36,3,1,1235,78,0.172
827953683,Client actuel,41,M,2,Licence,Marié(e),$60K - $80K,Blue,37,2,1,1171,75,0.309
789678483,Client actuel,50,F,2,Lycée (équivalent baccalauréat),Marié(e),Moins de $40K,Silver,37,3,2,0,77,0.0
793630083,Client perdu,39,M,2,Lycée (équivalent baccalauréat),Célibataire,$120K +,Blue,33,3,8,1476,34,0.855
756306183,Client actuel,42,F,1,Niveau Bac+2,Marié(e),Moins de $40K,Blue,35,1,3,2517,71,0.876
736893108,Client actuel,33,F,2,Doctorat,Célibataire,Moins de $40K,Blue,26,3,2,0,87,0.0
712900308,Client perdu,44,F,2,Niveau Bac+2,Célibataire,$60K - $80K,Blue,34,3,3,0,37,0.0
798045708,Client actuel,42,F,5,Licence,Marié(e),$40K - $60K,Blue,36,1,1,0,76,0.0
715657833,Client actuel,52,F,3,Non connu,Célibataire,Moins de $40K,Blue,41,3,2,787,89,0.547
712111608,Client actuel,59,F,2,Master,Célibataire,Moins de $40K,Blue,54,1,3,0,72,0.0
711792783,Client actuel,45,F,3,Non connu,Divorcé(e),$40K - $60K,Blue,26,1,2,1195,80,0.588
716067333,Client actuel,61,M,0,Licence,Marié(e),Non connu,Blue,36,3,3,945,84,0.136
780660183,Client perdu,43,F,4,Lycée (équivalent baccalauréat),Divorcé(e),Moins de $40K,Blue,32,3,2,0,46,0.0
720761208,Client perdu,59,M,1,Niveau Bac+2,Marié(e),$120K +,Blue,47,6,2,357,41,0.075
788794758,Client perdu,46,M,4,Licence,Célibataire,$40K - $60K,Blue,28,2,8,0,38,0.0
711150333,Client perdu,40,F,3,Licence,Célibataire,$60K - $80K,Blue,31,3,2,0,40,0.0
714418158,Client actuel,63,F,0,Sans diplôme,Célibataire,Moins de $40K,Blue,56,2,2,851,69,0.117
713634108,Client actuel,45,F,3,Licence,Célibataire,Non connu,Blue,36,2,2,1830,66,0.421
717231558,Client actuel,49,F,4,Licence,Marié(e),Moins de $40K,Blue,43,2,2,1446,74,0.482
711589758,Client actuel,42,M,5,Lycée (équivalent baccalauréat),Marié(e),$60K - $80K,Blue,32,2,2,1641,75,0.394
787481208,Client actuel,46,F,1,Non connu,Non connu,Moins de $40K,Blue,34,3,1,1793,78,0.649
715516458,Client perdu,42,F,1,Lycée (équivalent baccalauréat),Marié(e),$40K - $60K,Blue,36,3,2,2430,43,0.898
714998508,Client actuel,53,M,3,Sans diplôme,Marié(e),$120K +,Blue,36,2,0,1454,62,0.389
713328108,Client actuel,60,F,1,Niveau Bac+2,Marié(e),Moins de $40K,Blue,36,2,2,1047,79,0.627
716229108,Client actuel,55,F,3,Niveau Bac+2,Divorcé(e),Moins de $40K,Blue,46,3,3,2262,84,0.689
820925433,Client actuel,50,F,2,Master,Célibataire,Moins de $40K,Blue,45,3,2,710,81,0.464
816129258,Client actuel,34,F,2,Master,Célibataire,Moins de $40K,Blue,29,3,3,1897,74,0.756
808903308,Client perdu,54,F,1,Non connu,Marié(e),$40K - $60K,Blue,49,3,8,0,35,0.0
713809833,Client actuel,42,F,3,Licence,Non connu,Non connu,Blue,32,3,2,859,86,0.088
713542008,Client actuel,48,F,3,Lycée (équivalent baccalauréat),Non connu,Moins de $40K,Blue,37,2,3,0,83,0.0
717385083,Client actuel,46,M,3,Lycée (équivalent baccalauréat),Marié(e),$120K +,Blue,35,2,3,1122,87,0.228
708652908,Client actuel,47,F,5,Sans diplôme,Marié(e),Moins de $40K,Blue,36,6,1,1419,81,0.619
715644633,Client actuel,42,F,3,Licence,Célibataire,$40K - $60K,Blue,34,2,1,820,88,0.537
708761733,Client actuel,52,F,3,Lycée (équivalent baccalauréat),Marié(e),Non connu,Blue,36,2,2,1582,63,0.191
714600258,Client actuel,45,M,2,Master,Marié(e),$60K - $80K,Blue,36,2,2,2015,70,0.339
823566408,Client actuel,44,F,3,Licence,Marié(e),Moins de $40K,Blue,40,2,1,0,93,0.0
713373708,Client perdu,54,F,3,Non connu,Célibataire,Moins de $40K,Blue,36,3,3,0,57,0.0
708307533,Client actuel,42,M,2,Sans diplôme,Marié(e),$60K - $80K,Blue,30,2,3,0,81,0.0
820085808,Client actuel,54,F,3,Licence,Marié(e),Moins de $40K,Blue,49,1,2,1343,86,0.517
716685033,Client actuel,38,F,1,Lycée (équivalent baccalauréat),Marié(e),$40K - $60K,Blue,19,1,2,1600,82,0.288
713063958,Client actuel,51,M,1,Licence,Célibataire,$80K - $120K,Blue,39,1,3,1080,85,0.143
708371733,Client actuel,41,F,3,Lycée (équivalent baccalauréat),Marié(e),Moins de $40K,Blue,15,1,2,0,81,0.0
780277458,Client actuel,52,F,2,Licence,Célibataire,Moins de $40K,Blue,38,2,3,2517,89,0.867
797232183,Client actuel,42,F,4,Non connu,Marié(e),Moins de $40K,Blue,36,1,1,1962,75,0.733
720789933,Client actuel,46,F,4,Licence,Marié(e),Non connu,Blue,32,1,1,680,82,0.117
808281483,Client actuel,46,F,2,Non connu,Célibataire,Moins de $40K,Blue,41,3,3,2157,76,0.809
712968708,Client actuel,55,F,1,Lycée (équivalent baccalauréat),Célibataire,$40K - $60K,Blue,47,3,1,1780,78,0.76
711263058,Client actuel,29,F,1,Non connu,Célibataire,Moins de $40K,Blue,36,1,2,1879,80,0.68
788813658,Client actuel,62,F,0,Licence,Célibataire,Non connu,Blue,45,2,3,0,88,0.0
721444758,Client actuel,47,F,2,Niveau Bac+2,Marié(e),Moins de $40K,Blue,36,3,3,2216,78,0.797
711448983,Client perdu,47,F,2,Licence,Marié(e),$40K - $60K,Blue,34,2,2,2024,37,0.906
712664658,Client perdu,35,F,1,Licence,Célibataire,$40K - $60K,Blue,30,2,2,0,54,0.0
714237033,Client perdu,42,F,4,Sans diplôme,Marié(e),Non connu,Blue,36,2,3,2246,39,0.404
718370733,Client actuel,48,F,2,Sans diplôme,Marié(e),Non connu,Blue,35,3,3,0,90,0.0
713726958,Client perdu,40,F,3,Doctorat,Marié(e),$60K - $80K,Blue,21,2,2,0,38,0.0
794160408,Client actuel,46,F,3,Licence,Marié(e),Non connu,Blue,40,1,1,1973,73,0.648
716009883,Client actuel,41,F,1,Licence,Célibataire,$40K - $60K,Blue,28,3,1,585,74,0.069
711873033,Client perdu,35,F,3,Non connu,Célibataire,Non connu,Blue,29,2,3,0,56,0.0
712715208,Client perdu,52,M,1,Lycée (équivalent baccalauréat),Célibataire,$80K - $120K,Blue,44,3,2,0,51,0.0
778899708,Client perdu,56,F,2,Non connu,Célibataire,$40K - $60K,Blue,37,2,3,0,47,0.0
771865908,Client perdu,48,F,2,Licence,Célibataire,Non connu,Blue,37,2,3,487,48,0.041
716273133,Client actuel,41,F,3,Licence,Marié(e),Moins de $40K,Blue,36,2,3,0,78,0.0
709927458,Client actuel,38,M,3,Licence,Célibataire,$40K - $60K,Blue,20,3,3,1544,77,0.147
715162608,Client perdu,48,F,2,Licence,Célibataire,$40K - $60K,Blue,41,2,3,1323,38,0.61
719862258,Client actuel,38,F,2,Sans diplôme,Célibataire,Non connu,Blue,28,3,3,1393,90,0.246
788719533,Client actuel,53,M,4,Master,Marié(e),$80K - $120K,Blue,34,2,3,0,61,0.0
715566408,Client actuel,45,F,3,Doctorat,Marié(e),Moins de $40K,Blue,36,2,2,1479,77,0.69
717359208,Client actuel,57,F,0,Niveau Bac+2,Marié(e),Moins de $40K,Blue,47,3,1,1779,72,0.36
721410858,Client actuel,54,F,4,Lycée (équivalent baccalauréat),Célibataire,Moins de $40K,Blue,36,3,0,1334,90,0.694
779420583,Client actuel,45,F,4,Licence,Célibataire,Moins de $40K,Blue,33,1,3,2055,70,0.685
714222183,Client actuel,38,F,3,Licence,Célibataire,$40K - $60K,Blue,36,1,1,1084,78,0.508
709079883,Client perdu,45,F,4,Doctorat,Marié(e),$40K - $60K,Blue,36,3,3,1012,38,0.609
721406658,Client perdu,32,F,0,Non connu,Divorcé(e),Moins de $40K,Blue,36,3,3,0,43,0.0
713782608,Client actuel,46,F,4,Licence,Célibataire,$40K - $60K,Blue,36,3,1,2386,83,0.9
720236433,Client actuel,41,M,4,Niveau Bac+2,Marié(e),$80K - $120K,Blue,22,2,3,1670,67,0.332
785106933,Client actuel,51,F,1,Non connu,Célibataire,Non connu,Blue,45,2,3,2178,71,0.334
716673258,Client actuel,60,F,1,Non connu,Célibataire,Moins de $40K,Blue,36,1,3,1488,83,0.634
708341958,Client actuel,31,F,1,Niveau Bac+2,Divorcé(e),Moins de $40K,Blue,21,2,3,1904,86,0.924
797150733,Client perdu,44,M,3,Non connu,Marié(e),$40K - $60K,Blue,38,2,2,0,39,0.0
718279983,Client actuel,49,F,1,Niveau Bac+2,Marié(e),Non connu,Blue,36,3,2,2489,74,0.494
718548558,Client actuel,53,F,3,Non connu,Célibataire,Moins de $40K,Blue,42,1,3,2041,70,0.7
780360558,Client actuel,33,F,1,Licence,Marié(e),Moins de $40K,Blue,20,2,2,0,87,0.0
715012833,Client actuel,46,F,1,Lycée (équivalent baccalauréat),Marié(e),Moins de $40K,Blue,36,3,3,2517,77,0.819
772388508,Client actuel,43,F,3,Licence,Marié(e),Non connu,Blue,32,3,3,1349,80,0.162
788199858,Client actuel,42,F,3,Lycée (équivalent baccalauréat),Non connu,Non connu,Blue,34,3,1,1049,87,0.375
769578108,Client actuel,40,M,4,Non connu,Célibataire,$60K - $80K,Blue,26,2,3,1652,76,0.079
719843958,Client actuel,46,M,2,Licence,Marié(e),$120K +,Blue,34,3,3,894,79,0.51
767197983,Client actuel,52,F,2,Lycée (équivalent baccalauréat),Célibataire,Moins de $40K,Blue,45,1,1,0,83,0.0
711874833,Client actuel,45,M,3,Niveau Bac+2,Divorcé(e),$40K - $60K,Blue,37,3,2,0,88,0.0
714930333,Client perdu,39,M,3,Niveau Bac+2,Marié(e),$80K - $120K,Blue,30,3,3,0,49,0.0
720989133,Client actuel,41,F,2,Niveau Bac+2,Marié(e),Moins de $40K,Blue,36,1,2,1093,82,0.661
720893958,Client actuel,49,F,4,Sans diplôme,Célibataire,Moins de $40K,Blue,36,3,3,999,53,0.647
769709058,Client actuel,60,M,1,Sans diplôme,Célibataire,$60K - $80K,Blue,54,2,1,972,63,0.269
711005583,Client actuel,37,M,3,Lycée (équivalent baccalauréat),Célibataire,$80K - $120K,Blue,24,2,3,1064,76,0.31
826548708,Client actuel,50,M,2,Licence,Célibataire,$80K - $120K,Blue,46,3,2,622,91,0.104
711093408,Client actuel,46,F,2,Doctorat,Marié(e),Moins de $40K,Blue,33,3,1,1517,83,0.574
712831908,Client actuel,59,F,1,Niveau Bac+2,Marié(e),$40K - $60K,Blue,49,2,1,603,81,0.173
780222408,Client actuel,49,F,5,Licence,Non connu,Moins de $40K,Blue,36,3,2,2085,83,0.637
714181008,Client actuel,35,F,0,Licence,Marié(e),Moins de $40K,Blue,36,2,2,1462,71,0.484
772346358,Client actuel,52,F,3,Sans diplôme,Célibataire,Moins de $40K,Blue,41,1,2,0,79,0.0
717489033,Client perdu,27,F,0,Lycée (équivalent baccalauréat),Célibataire,Moins de $40K,Blue,18,1,8,0,40,0.0
710969433,Client actuel,41,F,1,Sans diplôme,Marié(e),Moins de $40K,Blue,31,2,2,1201,68,0.413
715807383,Client actuel,45,F,4,Master,Célibataire,$40K - $60K,Blue,36,3,3,0,89,0.0
711807333,Client actuel,37,F,2,Niveau Bac+2,Célibataire,Moins de $40K,Blue,26,1,2,0,84,0.0
816086508,Client actuel,47,F,2,Non connu,Marié(e),Moins de $40K,Blue,42,3,3,0,73,0.0
714424533,Client perdu,41,F,4,Licence,Marié(e),$60K - $80K,Blue,36,2,2,0,37,0.0
779536233,Client actuel,47,F,4,Licence,Divorcé(e),$40K - $60K,Blue,30,1,1,601,83,0.418
710794983,Client actuel,41,F,3,Lycée (équivalent baccalauréat),Célibataire,Non connu,Blue,32,1,1,1157,78,0.244
779890833,Client actuel,51,F,2,Lycée (équivalent baccalauréat),Divorcé(e),Moins de $40K,Blue,36,1,1,0,65,0.0
779837808,Client actuel,53,F,2,Lycée (équivalent baccalauréat),Marié(e),$40K - $60K,Blue,37,4,3,2500,85,0.482
713748708,Client perdu,46,F,3,Licence,Marié(e),$60K - $80K,Blue,37,2,7,0,44,0.0
709123908,Client actuel,43,F,2,Licence,Marié(e),$40K - $60K,Blue,36,3,2,0,82,0.0
816476658,Client perdu,54,F,2,Non connu,Marié(e),Non connu,Blue,49,6,3,1798,44,0.992
743800833,Client actuel,53,F,3,Niveau Bac+2,Marié(e),$40K - $60K,Blue,46,1,1,1144,85,0.497
806415183,Client actuel,51,F,0,Doctorat,Marié(e),Non connu,Blue,46,3,3,1432,83,0.105
794054058,Client actuel,50,F,2,Licence,Célibataire,Moins de $40K,Blue,44,1,1,0,59,0.0
771907158,Client actuel,54,M,5,Non connu,Marié(e),$120K +,Blue,42,1,3,1903,88,0.51
815789883,Client actuel,46,F,3,Niveau Bac+2,Célibataire,Moins de $40K,Blue,41,3,2,861,81,0.346
712177908,Client actuel,50,F,4,Niveau Bac+2,Célibataire,Moins de $40K,Blue,36,3,1,1763,75,0.721
711234783,Client perdu,44,F,4,Non connu,Marié(e),Moins de $40K,Blue,28,2,3,0,45,0.0
793379058,Client actuel,48,F,3,Licence,Célibataire,Moins de $40K,Blue,42,2,1,1025,82,0.463
720480183,Client actuel,45,F,3,Non connu,Divorcé(e),Moins de $40K,Blue,34,2,1,787,80,0.435
712974558,Client actuel,56,F,2,Niveau Bac+2,Célibataire,Moins de $40K,Blue,43,3,1,0,89,0.0
717409533,Client perdu,36,F,2,Master,Célibataire,$60K - $80K,Blue,26,2,3,1486,43,0.816
712200033,Client actuel,44,F,4,Lycée (équivalent baccalauréat),Célibataire,Moins de $40K,Blue,36,3,3,0,78,0.0
713563383,Client actuel,50,F,3,Non connu,Célibataire,Moins de $40K,Blue,36,3,3,952,80,0.493
802795608,Client actuel,54,F,2,Lycée (équivalent baccalauréat),Célibataire,Moins de $40K,Blue,48,3,2,556,82,0.367
787452333,Client perdu,39,F,1,Lycée (équivalent baccalauréat),Marié(e),Moins de $40K,Blue,25,2,1,0,36,0.0
709520058,Client perdu,53,M,5,Sans diplôme,Marié(e),$120K +,Blue,38,2,2,0,43,0.0
819690933,Client actuel,56,M,1,Licence,Célibataire,$80K - $120K,Blue,51,3,1,897,80,0.053
820694133,Client perdu,60,F,0,Lycée (équivalent baccalauréat),Marié(e),Non connu,Blue,55,1,3,0,38,0.0
711800658,Client perdu,42,F,3,Lycée (équivalent baccalauréat),Marié(e),Moins de $40K,Blue,36,3,3,0,42,0.0
717722958,Client actuel,43,M,3,Sans diplôme,Marié(e),$80K - $120K,Blue,36,3,2,1349,71,0.29
712279683,Client perdu,44,M,3,Licence,Marié(e),$60K - $80K,Blue,36,3,3,0,52,0.0
716606733,Client actuel,33,F,1,Licence,Célibataire,$40K - $60K,Blue,18,2,3,2054,85,0.675
716060358,Client actuel,53,F,2,Licence,Marié(e),$40K - $60K,Blue,45,2,2,913,82,0.198
709158333,Client actuel,44,M,4,Licence,Célibataire,$60K - $80K,Blue,28,2,1,461,96,0.167
721113333,Client actuel,54,F,0,Licence,Marié(e),Moins de $40K,Blue,36,2,3,0,93,0.0
712620858,Client actuel,34,F,4,Doctorat,Marié(e),Non connu,Blue,36,2,2,1804,60,0.233
712855683,Client actuel,50,F,2,Master,Marié(e),Moins de $40K,Blue,36,2,2,1335,89,0.399
715463133,Client actuel,40,M,5,Lycée (équivalent baccalauréat),Célibataire,$120K +,Blue,31,1,3,1427,64,0.041
716551533,Client actuel,47,F,1,Lycée (équivalent baccalauréat),Célibataire,Non connu,Blue,36,1,3,2201,86,0.766
771220758,Client actuel,40,F,3,Doctorat,Célibataire,Non connu,Blue,27,1,2,2100,83,0.725
709920258,Client actuel,41,F,3,Licence,Divorcé(e),$40K - $60K,Blue,28,1,3,1764,73,0.19
708959583,Client actuel,47,M,2,Lycée (équivalent baccalauréat),Marié(e),$60K - $80K,Blue,39,2,2,727,84,0.077
712510833,Client actuel,44,M,3,Niveau Bac+2,Marié(e),$40K - $60K,Blue,30,3,3,847,81,0.091
710840433,Client actuel,34,M,1,Niveau Bac+2,Non connu,$40K - $60K,Blue,20,1,3,1656,51,0.222
712853358,Client perdu,39,F,3,Lycée (équivalent baccalauréat),Non connu,Moins de $40K,Blue,36,3,2,0,44,0.0
788502858,Client actuel,58,M,3,Lycée (équivalent baccalauréat),Célibataire,$80K - $120K,Blue,51,2,1,1952,68,0.195
721139808,Client actuel,42,F,3,Licence,Célibataire,Moins de $40K,Blue,36,2,1,1081,80,0.461
711375558,Client actuel,48,F,2,Sans diplôme,Célibataire,$40K - $60K,Blue,34,3,1,1734,78,0.564
713798958,Client actuel,38,F,3,Non connu,Célibataire,Moins de $40K,Blue,36,3,1,1430,87,0.735
709362033,Client perdu,52,F,1,Licence,Marié(e),$80K - $120K,Blue,42,6,3,0,48,0.0
719860308,Client perdu,42,F,2,Licence,Marié(e),$60K - $80K,Blue,36,3,3,0,48,0.0
714443058,Client perdu,43,F,4,Niveau Bac+2,Marié(e),$60K - $80K,Blue,28,2,7,0,39,0.0
716315508,Client perdu,37,F,3,Master,Marié(e),$40K - $60K,Blue,36,2,7,2517,32,0.779
717651333,Client actuel,55,F,2,Licence,Célibataire,Moins de $40K,Blue,43,3,1,1168,67,0.669
798489258,Client actuel,59,F,1,Sans diplôme,Divorcé(e),Non connu,Blue,53,3,1,1197,82,0.323
710742408,Client actuel,53,F,2,Niveau Bac+2,Marié(e),Moins de $40K,Blue,43,1,3,2057,93,0.952
812089383,Client actuel,41,M,5,Non connu,Marié(e),$80K - $120K,Blue,36,2,3,892,88,0.62
711968358,Client actuel,55,F,4,Licence,Célibataire,Moins de $40K,Blue,44,2,1,1423,77,0.539
794227308,Client actuel,56,M,2,Niveau Bac+2,Marié(e),$80K - $120K,Blue,50,1,3,1433,79,0.14
719845908,Client actuel,52,F,3,Sans diplôme,Célibataire,Moins de $40K,Blue,36,1,3,0,83,0.0
716851908,Client actuel,58,F,5,Non connu,Marié(e),$40K - $60K,Blue,47,3,3,1099,70,0.539
720599658,Client actuel,49,M,1,Non connu,Marié(e),$40K - $60K,Blue,36,2,1,0,75,0.0
720401658,Client perdu,53,F,3,Licence,Célibataire,$80K - $120K,Blue,34,3,7,1030,38,0.716
827442858,Client actuel,56,M,3,Lycée (équivalent baccalauréat),Divorcé(e),$80K - $120K,Blue,52,3,1,2051,69,0.253
779034708,Client actuel,60,F,0,Doctorat,Marié(e),Non connu,Blue,41,3,1,970,71,0.09
718806783,Client perdu,46,F,3,Sans diplôme,Marié(e),Non connu,Blue,36,3,1,357,41,0.124
714484008,Client perdu,49,F,4,Sans diplôme,Marié(e),Moins de $40K,Blue,31,3,2,0,41,0.0
719176308,Client perdu,43,M,3,Niveau Bac+2,Divorcé(e),$80K - $120K,Blue,32,3,2,0,43,0.0
769662033,Client actuel,45,F,2,Niveau Bac+2,Non connu,Moins de $40K,Blue,29,2,3,0,85,0.0
721020858,Client actuel,34,F,1,Niveau Bac+2,Célibataire,Non connu,Blue,20,2,2,1959,66,0.614
714630858,Client perdu,36,F,1,Sans diplôme,Non connu,Moins de $40K,Blue,36,3,2,458,39,0.312
710838108,Client actuel,45,M,2,Licence,Marié(e),$80K - $120K,Blue,36,4,1,2517,72,0.817
712662783,Client perdu,43,F,2,Niveau Bac+2,Marié(e),Non connu,Blue,36,2,7,2517,57,0.664
713160258,Client actuel,54,F,2,Licence,Marié(e),Moins de $40K,Blue,44,2,3,2033,90,0.67
778163508,Client actuel,37,F,2,Lycée (équivalent baccalauréat),Marié(e),Non connu,Blue,27,1,2,1044,70,0.199
713785608,Client actuel,49,F,1,Doctorat,Célibataire,Moins de $40K,Blue,40,2,3,0,63,0.0
779905008,Client perdu,54,F,4,Licence,Non connu,$40K - $60K,Blue,38,2,1,0,41,0.0
789491058,Client actuel,43,F,4,Licence,Marié(e),Moins de $40K,Blue,34,3,1,0,82,0.0
793736958,Client actuel,49,M,3,Lycée (équivalent baccalauréat),Célibataire,$120K +,Blue,43,2,1,1587,86,0.073
720961383,Client perdu,47,F,3,Sans diplôme,Célibataire,Non connu,Blue,36,3,6,0,60,0.0
714202008,Client perdu,53,F,2,Lycée (équivalent baccalauréat),Marié(e),Moins de $40K,Blue,36,3,2,2517,42,0.642
721479108,Client actuel,52,M,1,Sans diplôme,Célibataire,$120K +,Blue,41,1,3,0,64,0.0
715549158,Client actuel,29,F,1,Licence,Marié(e),Moins de $40K,Blue,36,2,0,0,84,0.0
710308983,Client actuel,50,F,3,Licence,Non connu,Moins de $40K,Blue,39,1,3,2517,83,0.766
710981583,Client actuel,44,F,5,Non connu,Célibataire,$40K - $60K,Blue,36,1,2,1015,86,0.261
712704933,Client perdu,49,F,4,Lycée (équivalent baccalauréat),Non connu,$40K - $60K,Blue,43,3,3,0,41,0.0
716165508,Client actuel,51,M,2,Sans diplôme,Marié(e),$60K - $80K,Blue,40,1,1,0,94,0.0
710630583,Client actuel,47,M,3,Lycée (équivalent baccalauréat),Célibataire,$60K - $80K,Blue,39,1,1,1752,77,0.616
709571958,Client actuel,58,F,2,Licence,Célibataire,Moins de $40K,Blue,47,1,2,0,65,0.0
790115358,Client actuel,39,F,2,Non connu,Célibataire,Moins de $40K,Blue,32,1,2,2418,77,0.559
715904433,Client perdu,42,F,4,Niveau Bac+2,Marié(e),$40K - $60K,Blue,34,3,2,0,46,0.0
709078908,Client actuel,48,F,3,Lycée (équivalent baccalauréat),Célibataire,Moins de $40K,Blue,32,2,3,1539,89,0.581
717541308,Client actuel,61,F,2,Licence,Célibataire,Moins de $40K,Blue,45,2,3,1441,85,0.554
779916408,Client actuel,39,F,4,Licence,Célibataire,Non connu,Blue,23,3,2,0,70,0.0
714979383,Client actuel,56,M,3,Licence,Célibataire,$60K - $80K,Blue,46,2,2,1134,77,0.6
711691608,Client perdu,46,F,4,Licence,Marié(e),$40K - $60K,Blue,36,3,3,2450,49,0.85
788930358,Client actuel,42,F,4,Niveau Bac+2,Célibataire,$40K - $60K,Blue,28,2,2,1896,81,0.671
716351208,Client actuel,48,F,3,Sans diplôme,Marié(e),Moins de $40K,Blue,38,3,2,2517,77,0.615
708266883,Client perdu,34,F,2,Licence,Célibataire,$40K - $60K,Blue,36,2,3,0,35,0.0
718858683,Client actuel,42,F,1,Licence,Marié(e),Moins de $40K,Blue,36,3,2,0,76,0.0
771617883,Client actuel,54,F,2,Lycée (équivalent baccalauréat),Célibataire,$40K - $60K,Blue,42,2,2,1313,82,0.595
718001508,Client actuel,41,F,3,Licence,Marié(e),Moins de $40K,Blue,29,1,2,2150,84,0.744
708995283,Client actuel,50,F,1,Licence,Non connu,Non connu,Blue,36,1,3,2290,75,0.22
721173183,Client actuel,57,F,2,Sans diplôme,Marié(e),Non connu,Blue,43,1,2,1876,85,0.794
711102858,Client perdu,48,F,2,Doctorat,Célibataire,Non connu,Blue,36,2,3,860,34,0.274
711722808,Client perdu,51,F,4,Licence,Marié(e),$40K - $60K,Blue,44,3,3,0,40,0.0
787466808,Client actuel,35,F,0,Non connu,Marié(e),Moins de $40K,Blue,22,2,3,2517,82,0.836
716116383,Client actuel,45,F,1,Non connu,Marié(e),Moins de $40K,Blue,36,2,1,2517,77,0.495
713257083,Client actuel,46,F,4,Non connu,Marié(e),$40K - $60K,Blue,36,3,1,1202,66,0.624
772661808,Client actuel,56,M,3,Licence,Marié(e),$120K +,Blue,46,1,2,2055,83,0.284
713382558,Client actuel,57,F,3,Niveau Bac+2,Célibataire,Moins de $40K,Blue,42,1,2,953,81,0.462
717596883,Client actuel,58,F,0,Licence,Célibataire,$40K - $60K,Blue,39,3,2,1233,78,0.223
712993008,Client actuel,58,F,1,Non connu,Célibataire,Moins de $40K,Blue,48,3,1,1882,68,0.493
824763783,Client actuel,59,F,0,Niveau Bac+2,Célibataire,Moins de $40K,Blue,55,2,3,1127,76,0.426
771730758,Client actuel,51,F,1,Lycée (équivalent baccalauréat),Célibataire,Non connu,Blue,39,3,2,0,75,0.0
780265458,Client actuel,56,F,2,Sans diplôme,Célibataire,Moins de $40K,Blue,42,2,2,1427,85,0.408
714256758,Client actuel,50,M,2,Non connu,Célibataire,$60K - $80K,Blue,36,1,1,0,66,0.0
710292333,Client perdu,44,F,3,Lycée (équivalent baccalauréat),Marié(e),Non connu,Blue,36,3,6,0,52,0.0
712171158,Client actuel,42,F,2,Lycée (équivalent baccalauréat),Marié(e),Moins de $40K,Blue,30,1,1,0,79,0.0
787339158,Client perdu,56,M,1,Licence,Marié(e),$80K - $120K,Blue,50,8,3,0,41,0.0
788782008,Client actuel,49,F,3,Non connu,Marié(e),Moins de $40K,Gold,30,3,2,0,69,0.0
714848958,Client perdu,47,F,2,Licence,Célibataire,$60K - $80K,Gold,37,2,1,897,43,0.059
714987633,Client actuel,42,M,3,Licence,Marié(e),$60K - $80K,Blue,36,2,3,2039,53,0.412
717684858,Client actuel,50,M,3,Sans diplôme,Célibataire,$120K +,Blue,38,3,3,1333,60,0.06
767376483,Client actuel,27,F,1,Niveau Bac+2,Marié(e),Moins de $40K,Blue,20,3,3,0,91,0.0
709901058,Client actuel,38,M,1,Lycée (équivalent baccalauréat),Célibataire,$40K - $60K,Blue,30,2,1,1163,80,0.521
823149483,Client actuel,52,F,1,Master,Célibataire,$40K - $60K,Blue,48,5,3,0,76,0.0
780073158,Client actuel,59,M,0,Lycée (équivalent baccalauréat),Célibataire,Moins de $40K,Blue,44,1,1,1149,85,0.303
779998083,Client actuel,33,M,3,Lycée (équivalent baccalauréat),Marié(e),$40K - $60K,Blue,23,2,3,1429,66,0.224
713144208,Client perdu,51,F,0,Lycée (équivalent baccalauréat),Marié(e),Non connu,Blue,42,7,5,568,49,0.057
771594783,Client perdu,56,F,1,Niveau Bac+2,Marié(e),Non connu,Blue,44,7,5,0,37,0.0
816613158,Client actuel,48,F,1,Doctorat,Marié(e),Moins de $40K,Blue,43,3,1,1514,69,0.592
770774133,Client actuel,53,M,3,Licence,Célibataire,$80K - $120K,Silver,39,2,3,1198,70,0.035
712300683,Client actuel,41,F,1,Licence,Célibataire,Moins de $40K,Blue,32,2,1,0,96,0.0
714536208,Client actuel,50,F,3,Sans diplôme,Marié(e),Moins de $40K,Blue,36,2,3,1675,73,0.677
784880958,Client actuel,34,F,4,Licence,Célibataire,$40K - $60K,Blue,28,3,1,1680,84,0.418
713784558,Client actuel,59,F,1,Licence,Célibataire,$40K - $60K,Blue,36,2,3,941,77,0.268
719305608,Client perdu,57,F,3,Lycée (équivalent baccalauréat),Marié(e),Moins de $40K,Blue,36,3,3,1900,47,0.81
720190083,Client perdu,56,F,3,Non connu,Marié(e),Moins de $40K,Blue,39,3,5,0,47,0.0
708323208,Client perdu,49,F,3,Sans diplôme,Marié(e),Moins de $40K,Blue,36,2,5,0,36,0.0
781183233,Client actuel,44,F,3,Lycée (équivalent baccalauréat),Célibataire,Moins de $40K,Blue,25,1,1,1528,79,0.733
718825908,Client actuel,60,F,1,Doctorat,Célibataire,Non connu,Blue,47,1,1,1448,78,0.381
716963283,Client perdu,47,F,3,Licence,Non connu,$40K - $60K,Blue,38,2,3,2517,49,0.795
714924483,Client actuel,60,F,1,Non connu,Célibataire,Moins de $40K,Blue,46,3,2,2327,92,0.503
779922183,Client actuel,52,F,1,Lycée (équivalent baccalauréat),Marié(e),Moins de $40K,Blue,36,2,2,1981,81,0.879
719449533,Client perdu,49,F,3,Sans diplôme,Marié(e),$40K - $60K,Blue,38,2,3,2283,49,0.86
712559058,Client actuel,54,M,0,Lycée (équivalent baccalauréat),Célibataire,$80K - $120K,Blue,45,3,2,1525,76,0.073
717853233,Client actuel,41,M,2,Niveau Bac+2,Marié(e),$80K - $120K,Blue,31,1,3,706,76,0.214
790069233,Client actuel,45,F,3,Lycée (équivalent baccalauréat),Divorcé(e),Moins de $40K,Blue,37,1,2,0,72,0.0
794576058,Client actuel,42,M,3,Licence,Marié(e),$80K - $120K,Blue,26,2,3,1339,76,0.158
779877858,Client actuel,53,F,2,Niveau Bac+2,Non connu,Moins de $40K,Blue,37,3,2,1342,80,0.645
772334133,Client actuel,53,F,1,Licence,Marié(e),Non connu,Blue,42,1,3,0,86,0.0
714139308,Client actuel,53,M,3,Sans diplôme,Marié(e),$60K - $80K,Blue,42,5,1,0,81,0.0
806634783,Client actuel,38,F,2,Niveau Bac+2,Marié(e),Moins de $40K,Blue,33,3,2,1405,75,0.411
720101658,Client actuel,26,F,0,Licence,Célibataire,Moins de $40K,Blue,19,1,2,1109,70,0.325
719925483,Client actuel,46,M,4,Licence,Marié(e),$80K - $120K,Blue,36,1,1,1043,88,0.48
719572833,Client actuel,57,F,3,Licence,Non connu,$40K - $60K,Blue,46,2,2,1550,83,0.555
720729108,Client actuel,32,F,0,Non connu,Célibataire,Moins de $40K,Blue,17,2,1,1080,87,0.243
819214233,Client actuel,43,F,3,Licence,Marié(e),Moins de $40K,Blue,38,2,2,0,84,0.0
718896108,Client actuel,48,F,3,Lycée (équivalent baccalauréat),Non connu,Moins de $40K,Blue,36,1,1,0,84,0.0
713723433,Client actuel,52,F,4,Lycée (équivalent baccalauréat),Célibataire,Moins de $40K,Blue,44,1,3,0,79,0.0
708514383,Client actuel,38,F,2,Niveau Bac+2,Marié(e),Non connu,Blue,29,1,0,1172,81,0.308
716961033,Client actuel,48,F,3,Lycée (équivalent baccalauréat),Célibataire,Moins de $40K,Blue,40,3,3,2149,78,0.611
778819083,Client perdu,41,F,2,Doctorat,Marié(e),$40K - $60K,Blue,33,3,3,0,47,0.0
714773508,Client perdu,54,F,1,Licence,Marié(e),$40K - $60K,Blue,46,7,3,351,43,0.215
814181433,Client actuel,46,M,5,Niveau Bac+2,Marié(e),$40K - $60K,Blue,41,3,2,1683,64,0.43
711984633,Client actuel,36,F,3,Licence,Marié(e),Moins de $40K,Blue,27,2,3,1953,89,0.839
710662158,Client actuel,41,M,4,Non connu,Marié(e),$120K +,Blue,34,3,3,2517,41,0.073
711356733,Client actuel,45,F,5,Non connu,Célibataire,Moins de $40K,Blue,36,2,3,847,90,0.218
711456108,Client perdu,46,F,4,Non connu,Marié(e),$40K - $60K,Blue,39,3,3,819,44,0.569
780727833,Client actuel,51,F,3,Lycée (équivalent baccalauréat),Célibataire,Moins de $40K,Blue,41,4,3,2517,95,0.779
771471708,Client actuel,44,F,2,Licence,Non connu,Moins de $40K,Blue,32,1,3,1776,77,0.577
714320358,Client actuel,38,F,2,Niveau Bac+2,Célibataire,Moins de $40K,Blue,33,1,2,1288,56,0.501
720700008,Client actuel,50,F,1,Lycée (équivalent baccalauréat),Célibataire,Moins de $40K,Blue,36,1,3,2238,81,0.495
713027058,Client perdu,46,F,4,Doctorat,Marié(e),$40K - $60K,Blue,36,2,3,0,31,0.0
778228458,Client actuel,52,F,3,Sans diplôme,Célibataire,Moins de $40K,Blue,42,3,3,1928,70,0.768
781137783,Client perdu,40,M,3,Lycée (équivalent baccalauréat),Non connu,Moins de $40K,Blue,33,3,5,191,43,0.079
719821908,Client perdu,38,F,2,Lycée (équivalent baccalauréat),Célibataire,Moins de $40K,Blue,16,1,2,0,43,0.0
720537633,Client actuel,44,F,3,Doctorat,Marié(e),Moins de $40K,Blue,36,3,1,2139,85,0.702
712378983,Client perdu,54,M,1,Non connu,Célibataire,$80K - $120K,Blue,47,8,7,965,61,0.127
763681908,Client actuel,34,F,3,Non connu,Marié(e),Moins de $40K,Blue,27,2,1,924,78,0.159
721164483,Client actuel,46,F,2,Niveau Bac+2,Marié(e),$40K - $60K,Blue,34,1,3,642,84,0.446
715447008,Client actuel,50,F,3,Licence,Marié(e),Moins de $40K,Blue,36,3,2,1817,83,0.606
769676358,Client actuel,38,M,2,Lycée (équivalent baccalauréat),Célibataire,$60K - $80K,Blue,32,1,2,1309,76,0.91
710487033,Client actuel,44,F,2,Lycée (équivalent baccalauréat),Marié(e),$40K - $60K,Blue,28,3,3,0,78,0.0
714197133,Client perdu,51,F,3,Niveau Bac+2,Marié(e),$40K - $60K,Blue,36,3,3,0,52,0.0
718488783,Client actuel,40,M,3,Niveau Bac+2,Non connu,$40K - $60K,Blue,30,2,2,1701,66,0.354
715663458,Client actuel,51,F,4,Non connu,Marié(e),Moins de $40K,Blue,39,3,1,651,88,0.287
717865008,Client actuel,51,F,1,Non connu,Marié(e),$40K - $60K,Blue,36,1,1,468,81,0.325
771400608,Client actuel,56,F,2,Licence,Marié(e),Non connu,Blue,44,1,2,1375,76,0.168
708148158,Client actuel,39,F,4,Non connu,Marié(e),Non connu,Blue,21,3,2,0,86,0.0
720589008,Client actuel,47,F,3,Doctorat,Non connu,Non connu,Blue,38,3,2,1594,83,0.391
784795083,Client actuel,31,F,1,Lycée (équivalent baccalauréat),Divorcé(e),Moins de $40K,Blue,25,1,3,0,73,0.0
809844108,Client actuel,48,M,2,Doctorat,Célibataire,$60K - $80K,Blue,43,1,1,0,78,0.0
711521958,Client actuel,51,F,2,Non connu,Célibataire,Moins de $40K,Blue,36,2,2,1506,68,0.948
711833508,Client actuel,47,M,2,Lycée (équivalent baccalauréat),Célibataire,$40K - $60K,Blue,27,3,2,0,89,0.0
713146683,Client actuel,35,F,1,Lycée (équivalent baccalauréat),Non connu,Non connu,Blue,36,3,2,0,79,0.0
716968683,Client actuel,46,F,5,Lycée (équivalent baccalauréat),Célibataire,Non connu,Blue,38,2,3,1513,72,0.134
716279508,Client perdu,48,M,3,Niveau Bac+2,Marié(e),$80K - $120K,Blue,41,3,3,2517,46,0.734
771336783,Client actuel,51,F,3,Lycée (équivalent baccalauréat),Célibataire,Moins de $40K,Blue,38,3,2,1345,81,0.765
717502083,Client perdu,41,M,3,Doctorat,Marié(e),$120K +,Blue,28,2,3,0,44,0.0
714843483,Client actuel,57,F,3,Sans diplôme,Célibataire,Non connu,Blue,48,1,2,1493,83,0.208
709745508,Client perdu,58,F,2,Non connu,Divorcé(e),$40K - $60K,Blue,47,6,3,0,40,0.0
711382458,Client perdu,43,M,5,Licence,Marié(e),$60K - $80K,Blue,38,3,7,0,49,0.0
712190358,Client actuel,48,F,4,Sans diplôme,Marié(e),Moins de $40K,Blue,29,3,2,1802,73,0.978
788805858,Client actuel,49,M,3,Niveau Bac+2,Divorcé(e),$40K - $60K,Blue,31,3,1,1218,89,0.558
709102458,Client perdu,47,M,2,Lycée (équivalent baccalauréat),Célibataire,$80K - $120K,Blue,36,3,7,0,41,0.0
712533708,Client actuel,43,M,0,Lycée (équivalent baccalauréat),Célibataire,$80K - $120K,Blue,36,2,2,0,85,0.0
720326733,Client actuel,55,M,2,Licence,Célibataire,$120K +,Blue,47,3,1,865,58,0.053
713605908,Client actuel,49,M,3,Licence,Marié(e),$120K +,Blue,37,1,1,1316,69,0.038
711598533,Client actuel,43,M,1,Lycée (équivalent baccalauréat),Marié(e),$60K - $80K,Blue,36,2,3,1729,75,0.406
795855258,Client actuel,48,F,4,Niveau Bac+2,Célibataire,Moins de $40K,Blue,42,3,2,0,82,0.0
826783233,Client actuel,57,F,3,Lycée (équivalent baccalauréat),Célibataire,Moins de $40K,Blue,53,3,2,2214,89,0.731
789228108,Client actuel,56,F,4,Licence,Célibataire,Non connu,Blue,45,2,3,1306,86,0.144
785230083,Client actuel,50,M,2,Sans diplôme,Célibataire,$60K - $80K,Blue,44,2,1,2349,80,0.708
807946833,Client perdu,44,F,2,Licence,Célibataire,$40K - $60K,Blue,39,3,3,0,36,0.0
711011508,Client actuel,43,F,3,Licence,Célibataire,Moins de $40K,Blue,35,3,2,771,91,0.476
718632933,Client actuel,58,F,1,Niveau Bac+2,Célibataire,Moins de $40K,Blue,46,5,1,0,71,0.0
717284133,Client actuel,53,F,1,Lycée (équivalent baccalauréat),Marié(e),Moins de $40K,Blue,41,2,3,2517,84,0.725
711701058,Client actuel,48,F,4,Licence,Marié(e),Moins de $40K,Silver,36,2,3,1466,94,0.134
712228458,Client actuel,50,M,2,Non connu,Non connu,$120K +,Blue,32,3,1,1083,63,0.042
717146208,Client perdu,59,F,1,Licence,Célibataire,$40K - $60K,Blue,51,6,5,2517,50,0.591
719028783,Client actuel,42,F,1,Licence,Marié(e),Moins de $40K,Blue,29,3,3,0,74,0.0
713274183,Client actuel,45,F,1,Licence,Célibataire,Moins de $40K,Blue,35,1,3,1411,85,0.284
789218433,Client actuel,33,F,3,Non connu,Marié(e),$40K - $60K,Blue,22,3,2,0,86,0.0
790139583,Client actuel,39,F,0,Licence,Divorcé(e),Moins de $40K,Blue,32,2,1,801,64,0.557
720218658,Client actuel,40,F,1,Non connu,Marié(e),Non connu,Blue,26,3,1,756,96,0.224
747074058,Client actuel,47,F,3,Non connu,Célibataire,Non connu,Blue,40,3,0,1637,81,0.23
719170683,Client actuel,38,M,1,Non connu,Célibataire,$80K - $120K,Blue,29,2,3,0,73,0.0
708753633,Client actuel,45,F,3,Doctorat,Marié(e),$40K - $60K,Blue,32,1,1,0,77,0.0
710780883,Client actuel,48,F,5,Sans diplôme,Célibataire,$40K - $60K,Blue,38,2,3,1461,78,0.597
785237958,Client perdu,45,M,5,Niveau Bac+2,Marié(e),$60K - $80K,Blue,39,3,3,0,35,0.0
711333933,Client actuel,56,F,3,Master,Célibataire,$40K - $60K,Blue,36,1,1,1660,72,0.552
710797833,Client actuel,50,F,5,Licence,Marié(e),Moins de $40K,Blue,30,3,2,841,95,0.414
720154533,Client actuel,53,F,4,Licence,Non connu,Moins de $40K,Blue,39,3,2,1643,78,0.68
719123958,Client perdu,40,M,4,Non connu,Divorcé(e),$60K - $80K,Blue,27,2,3,0,45,0.0
780942633,Client actuel,49,M,4,Lycée (équivalent baccalauréat),Marié(e),Non connu,Blue,32,1,3,1336,68,0.38
720034983,Client actuel,26,M,0,Non connu,Non connu,Moins de $40K,Silver,13,1,1,0,68,0.0
717307158,Client actuel,48,F,3,Non connu,Célibataire,Moins de $40K,Blue,36,1,3,1314,79,0.709
708876183,Client actuel,51,M,1,Lycée (équivalent baccalauréat),Célibataire,$60K - $80K,Silver,43,3,2,0,69,0.0
712660308,Client perdu,44,F,1,Lycée (équivalent baccalauréat),Célibataire,Moins de $40K,Blue,36,3,3,0,40,0.0
715958583,Client actuel,56,F,2,Lycée (équivalent baccalauréat),Marié(e),Moins de $40K,Blue,43,2,2,1158,63,0.567
771546708,Client actuel,46,F,2,Licence,Célibataire,Moins de $40K,Blue,34,2,1,0,81,0.0
711252258,Client actuel,54,F,1,Lycée (équivalent baccalauréat),Célibataire,Moins de $40K,Blue,36,3,2,985,54,0.627
772585008,Client actuel,48,F,4,Lycée (équivalent baccalauréat),Marié(e),Non connu,Blue,38,3,1,1937,90,0.608
751143858,Client actuel,59,F,1,Lycée (équivalent baccalauréat),Célibataire,Non connu,Blue,52,1,1,2421,91,0.326
708824958,Client actuel,50,F,4,Lycée (équivalent baccalauréat),Célibataire,Moins de $40K,Blue,42,1,2,0,63,0.0
819612933,Client actuel,52,M,3,Licence,Célibataire,$80K - $120K,Blue,47,3,3,0,70,0.0
712804383,Client actuel,56,F,0,Niveau Bac+2,Marié(e),Moins de $40K,Blue,38,1,2,1194,82,0.557
790149483,Client actuel,42,M,3,Sans diplôme,Célibataire,$40K - $60K,Blue,35,3,3,1484,89,0.173
712121508,Client actuel,43,M,3,Sans diplôme,Célibataire,$60K - $80K,Blue,30,2,0,0,89,0.0
778853358,Client actuel,59,F,0,Niveau Bac+2,Célibataire,Moins de $40K,Blue,40,3,3,0,91,0.0
716512383,Client actuel,39,F,2,Lycée (équivalent baccalauréat),Marié(e),Moins de $40K,Blue,36,3,1,2517,87,0.894
823548858,Client perdu,53,F,4,Licence,Marié(e),Non connu,Blue,49,6,5,330,48,0.031
712144158,Client perdu,53,F,1,Licence,Célibataire,$80K - $120K,Blue,48,8,3,1166,45,0.492
824560758,Client perdu,35,F,3,Licence,Marié(e),$60K - $80K,Blue,31,3,5,0,61,0.0
757710783,Client perdu,36,F,1,Licence,Marié(e),$40K - $60K,Blue,29,2,3,0,63,0.0
713081583,Client actuel,51,F,4,Non connu,Marié(e),Moins de $40K,Blue,32,2,3,1272,86,0.541
710481333,Client perdu,50,F,4,Lycée (équivalent baccalauréat),Marié(e),$40K - $60K,Blue,36,3,7,1614,57,0.6
721060083,Client actuel,42,F,3,Niveau Bac+2,Marié(e),Non connu,Blue,27,1,1,1889,71,0.261
713759583,Client actuel,54,F,3,Lycée (équivalent baccalauréat),Marié(e),Moins de $40K,Blue,36,1,1,1822,71,0.574
717547383,Client actuel,43,F,2,Licence,Marié(e),Moins de $40K,Blue,32,3,1,1392,77,0.482
711683358,Client perdu,46,F,3,Lycée (équivalent baccalauréat),Non connu,$40K - $60K,Blue,41,3,5,0,44,0.0
710044308,Client actuel,40,F,4,Licence,Célibataire,$40K - $60K,Blue,27,2,2,1594,47,0.607
713101383,Client actuel,44,F,2,Non connu,Marié(e),$40K - $60K,Blue,36,1,1,0,87,0.0
757685733,Client actuel,43,F,2,Licence,Célibataire,Moins de $40K,Blue,36,2,2,2145,75,0.665
717823383,Client actuel,56,M,4,Non connu,Marié(e),$60K - $80K,Blue,47,1,3,1841,81,0.537
796029483,Client actuel,49,F,3,Licence,Marié(e),Moins de $40K,Blue,43,3,2,785,78,0.361
710099358,Client actuel,60,F,1,Non connu,Célibataire,$40K - $60K,Blue,36,3,1,0,92,0.0
713872008,Client actuel,49,F,1,Lycée (équivalent baccalauréat),Marié(e),Moins de $40K,Blue,42,3,1,1347,72,0.608
788802483,Client actuel,47,F,3,Sans diplôme,Non connu,Moins de $40K,Blue,29,2,3,1595,87,0.567
817988433,Client actuel,56,M,3,Non connu,Célibataire,$60K - $80K,Blue,51,2,2,1013,78,0.146
823554783,Client actuel,44,F,3,Niveau Bac+2,Célibataire,Non connu,Blue,40,1,3,0,85,0.0
710643183,Client actuel,42,F,2,Lycée (équivalent baccalauréat),Célibataire,Moins de $40K,Blue,23,2,3,1160,83,0.366
779859558,Client perdu,54,F,3,Lycée (équivalent baccalauréat),Marié(e),Moins de $40K,Blue,38,2,5,1012,29,0.413
798238008,Client actuel,36,F,2,Sans diplôme,Marié(e),Moins de $40K,Blue,30,1,2,0,85,0.0
811974483,Client actuel,56,M,2,Licence,Célibataire,$40K - $60K,Blue,51,3,1,723,86,0.493
778471758,Client actuel,52,F,2,Licence,Marié(e),Moins de $40K,Blue,37,3,3,2362,85,0.973
718513233,Client actuel,59,M,2,Licence,Célibataire,$120K +,Blue,48,3,3,1861,78,0.103
718147233,Client actuel,44,F,1,Lycée (équivalent baccalauréat),Marié(e),$40K - $60K,Blue,31,2,3,1538,95,0.338
713700258,Client actuel,55,F,1,Master,Marié(e),Non connu,Blue,42,3,3,1896,79,0.642
780670083,Client perdu,39,F,2,Non connu,Non connu,$40K - $60K,Blue,28,2,3,0,48,0.0
711438033,Client actuel,57,F,1,Licence,Marié(e),Moins de $40K,Blue,45,3,2,0,73,0.0
712253058,Client actuel,48,F,3,Lycée (équivalent baccalauréat),Marié(e),Moins de $40K,Blue,40,2,1,1255,83,0.598
713519508,Client actuel,47,M,4,Lycée (équivalent baccalauréat),Divorcé(e),$60K - $80K,Blue,36,1,1,989,80,0.499
789992733,Client actuel,50,F,1,Non connu,Non connu,Moins de $40K,Blue,42,1,2,1539,75,0.696
710110683,Client actuel,52,M,2,Niveau Bac+2,Marié(e),$60K - $80K,Blue,36,1,3,1007,83,0.128
720260433,Client actuel,46,F,3,Lycée (équivalent baccalauréat),Marié(e),$40K - $60K,Blue,34,3,2,1687,95,0.506
714148758,Client actuel,34,F,2,Master,Marié(e),Moins de $40K,Blue,27,3,3,1398,68,0.81
715522233,Client actuel,45,F,3,Doctorat,Célibataire,Moins de $40K,Blue,27,6,3,1523,92,0.522
712790358,Client perdu,39,F,3,Sans diplôme,Marié(e),Non connu,Blue,30,3,5,1348,44,0.446
714943233,Client actuel,49,M,2,Doctorat,Marié(e),$40K - $60K,Blue,31,2,2,1545,80,0.807
789579033,Client actuel,43,M,3,Licence,Non connu,$40K - $60K,Blue,36,3,3,2098,84,0.43
708952758,Client actuel,41,F,3,Niveau Bac+2,Marié(e),Moins de $40K,Blue,35,1,2,1542,76,0.746
721374033,Client actuel,53,F,1,Lycée (équivalent baccalauréat),Marié(e),$40K - $60K,Blue,39,3,3,1115,69,0.515
808891983,Client actuel,42,F,5,Licence,Non connu,Moins de $40K,Blue,37,3,2,1835,60,0.294
794516508,Client actuel,43,F,3,Lycée (équivalent baccalauréat),Marié(e),Moins de $40K,Blue,24,2,1,0,81,0.0
714032883,Client actuel,45,M,2,Niveau Bac+2,Non connu,$40K - $60K,Blue,36,1,1,1591,80,0.337
778722033,Client actuel,44,F,2,Sans diplôme,Marié(e),Moins de $40K,Blue,28,2,0,1265,77,0.556
823578483,Client actuel,44,F,4,Lycée (équivalent baccalauréat),Célibataire,Moins de $40K,Blue,40,1,2,1169,78,0.813
715148658,Client actuel,51,F,2,Licence,Marié(e),Moins de $40K,Blue,43,3,3,1039,86,0.282
709669533,Client actuel,38,F,1,Lycée (équivalent baccalauréat),Divorcé(e),Moins de $40K,Blue,30,3,2,1303,88,0.479
787467858,Client actuel,43,M,1,Lycée (équivalent baccalauréat),Célibataire,$80K - $120K,Silver,30,1,3,2045,54,0.059
708671733,Client actuel,48,M,4,Licence,Marié(e),$60K - $80K,Blue,36,3,3,1499,71,0.723
709790058,Client actuel,53,M,4,Licence,Marié(e),$120K +,Blue,40,1,3,1512,87,0.237
712714008,Client actuel,39,F,4,Non connu,Marié(e),$40K - $60K,Blue,28,3,2,2302,81,0.845
715191258,Client actuel,47,F,5,Non connu,Marié(e),Non connu,Blue,41,2,3,1999,64,0.747
757722708,Client actuel,42,M,3,Niveau Bac+2,Marié(e),$60K - $80K,Blue,35,3,1,0,83,0.0
718086783,Client actuel,50,M,5,Sans diplôme,Marié(e),$120K +,Blue,36,2,1,0,56,0.0
815253708,Client actuel,46,F,2,Lycée (équivalent baccalauréat),Divorcé(e),Moins de $40K,Blue,41,2,2,1807,73,0.636
715083633,Client actuel,33,F,1,Sans diplôme,Marié(e),Moins de $40K,Blue,23,2,3,1777,76,0.971
792098883,Client actuel,37,M,2,Doctorat,Célibataire,$120K +,Blue,31,1,3,1204,82,0.51
711873858,Client actuel,43,M,3,Lycée (équivalent baccalauréat),Marié(e),$60K - $80K,Blue,35,3,2,1882,91,0.506
713931258,Client perdu,56,F,3,Licence,Marié(e),$40K - $60K,Blue,45,3,5,0,42,0.0
787591008,Client actuel,42,M,3,Sans diplôme,Divorcé(e),$60K - $80K,Blue,34,1,1,1195,83,0.522
801518958,Client actuel,56,F,1,Licence,Marié(e),Non connu,Blue,50,3,3,0,69,0.0
713068833,Client actuel,44,F,3,Sans diplôme,Célibataire,Moins de $40K,Blue,32,2,1,894,85,0.622
710566533,Client actuel,40,M,1,Non connu,Marié(e),$60K - $80K,Blue,27,3,3,1372,67,0.603
789151983,Client actuel,43,F,4,Licence,Non connu,$40K - $60K,Blue,31,3,3,1108,87,0.271
766673433,Client actuel,45,M,4,Non connu,Marié(e),$80K - $120K,Blue,38,3,3,1570,80,0.413
807589908,Client actuel,47,F,5,Non connu,Marié(e),Moins de $40K,Blue,42,2,1,822,80,0.462
708190158,Client perdu,38,F,3,Lycée (équivalent baccalauréat),Marié(e),Moins de $40K,Blue,26,3,0,2426,41,0.831
784895358,Client perdu,49,F,1,Licence,Marié(e),$40K - $60K,Blue,43,3,3,0,49,0.0
710090133,Client actuel,62,F,1,Niveau Bac+2,Divorcé(e),Moins de $40K,Blue,51,3,3,1685,80,0.416
799242033,Client actuel,45,M,4,Doctorat,Marié(e),$80K - $120K,Blue,39,3,2,1162,86,0.808
719377383,Client actuel,40,M,2,Niveau Bac+2,Célibataire,$60K - $80K,Blue,28,2,3,2025,90,0.186
710371683,Client actuel,51,M,4,Doctorat,Marié(e),$60K - $80K,Blue,36,1,2,2006,67,0.581
719926683,Client actuel,41,M,3,Lycée (équivalent baccalauréat),Divorcé(e),$60K - $80K,Blue,33,2,2,2171,77,0.105
793597833,Client actuel,49,F,0,Master,Célibataire,Moins de $40K,Blue,43,3,1,1568,69,0.632
713739708,Client actuel,61,M,0,Lycée (équivalent baccalauréat),Célibataire,$60K - $80K,Blue,53,3,3,2050,71,0.849
709389558,Client actuel,33,F,4,Niveau Bac+2,Célibataire,Moins de $40K,Blue,36,3,0,0,85,0.0
811907583,Client actuel,45,F,4,Sans diplôme,Célibataire,Non connu,Blue,40,2,2,1574,67,0.207
709087983,Client actuel,35,F,3,Doctorat,Célibataire,Moins de $40K,Blue,27,2,3,0,94,0.0
712774908,Client actuel,41,F,4,Lycée (équivalent baccalauréat),Marié(e),Moins de $40K,Blue,29,2,2,1861,83,0.715
820639908,Client actuel,48,F,4,Lycée (équivalent baccalauréat),Marié(e),Non connu,Blue,44,2,1,2517,81,0.959
713497983,Client actuel,49,M,5,Lycée (équivalent baccalauréat),Célibataire,$60K - $80K,Blue,36,2,2,0,53,0.0
713489358,Client actuel,52,F,2,Licence,Marié(e),Moins de $40K,Blue,40,3,2,0,82,0.0
711381183,Client actuel,51,F,2,Non connu,Marié(e),$40K - $60K,Blue,36,3,2,1141,85,0.793
814989933,Client actuel,45,F,4,Niveau Bac+2,Non connu,Moins de $40K,Blue,40,2,1,1058,73,0.589
711847833,Client actuel,42,F,2,Licence,Célibataire,Moins de $40K,Blue,32,2,2,1127,71,0.583
772837083,Client actuel,41,M,3,Licence,Marié(e),$120K +,Blue,32,3,1,0,87,0.0
713652783,Client actuel,30,F,0,Non connu,Célibataire,Moins de $40K,Blue,36,1,1,1220,90,0.515
719202708,Client actuel,54,F,3,Lycée (équivalent baccalauréat),Marié(e),Moins de $40K,Blue,36,2,1,541,84,0.096
714566133,Client actuel,60,F,2,Licence,Marié(e),Moins de $40K,Blue,36,2,2,2356,91,0.727
717553683,Client actuel,52,F,1,Non connu,Marié(e),Moins de $40K,Blue,36,1,3,2517,61,0.828
814987983,Client actuel,37,F,2,Niveau Bac+2,Célibataire,$40K - $60K,Blue,32,1,3,683,77,0.186
789588933,Client actuel,44,M,2,Licence,Marié(e),$60K - $80K,Blue,37,1,1,0,79,0.0
714317058,Client actuel,52,M,2,Licence,Marié(e),$60K - $80K,Blue,36,3,1,2437,63,0.513
772271508,Client perdu,46,F,3,Sans diplôme,Célibataire,Non connu,Blue,35,3,3,0,42,0.0
716366208,Client actuel,45,F,2,Sans diplôme,Marié(e),Non connu,Blue,36,1,3,0,82,0.0
710971908,Client actuel,43,M,1,Lycée (équivalent baccalauréat),Marié(e),$60K - $80K,Blue,31,3,3,1780,80,0.473
711412533,Client perdu,40,F,3,Lycée (équivalent baccalauréat),Marié(e),Moins de $40K,Blue,35,3,7,1573,45,0.286
720593583,Client actuel,39,F,2,Doctorat,Divorcé(e),Moins de $40K,Blue,32,2,2,747,90,0.21
720165258,Client actuel,44,F,2,Lycée (équivalent baccalauréat),Non connu,Moins de $40K,Blue,29,3,1,2330,91,0.735
716147658,Client actuel,49,F,2,Sans diplôme,Célibataire,Non connu,Blue,40,3,1,1601,86,0.65
778436283,Client actuel,41,M,4,Lycée (équivalent baccalauréat),Célibataire,Moins de $40K,Blue,21,3,1,1504,76,0.439
711492258,Client actuel,50,M,2,Licence,Marié(e),$60K - $80K,Blue,45,1,0,1578,71,0.781
771106458,Client actuel,54,F,4,Niveau Bac+2,Marié(e),Moins de $40K,Blue,41,5,2,1313,61,0.537
713183508,Client actuel,39,F,1,Lycée (équivalent baccalauréat),Marié(e),Non connu,Blue,36,3,2,1158,82,0.421
710832108,Client actuel,52,F,2,Non connu,Célibataire,$40K - $60K,Blue,44,3,3,2359,81,0.262
719940483,Client actuel,51,F,1,Licence,Marié(e),$40K - $60K,Blue,43,2,2,1663,88,0.789
715207458,Client actuel,46,F,1,Non connu,Célibataire,Moins de $40K,Blue,39,2,1,1074,90,0.529
716839983,Client actuel,48,M,3,Niveau Bac+2,Marié(e),$120K +,Blue,36,3,2,0,75,0.0
781073733,Client actuel,50,M,2,Licence,Marié(e),$120K +,Blue,41,3,3,0,88,0.0
757594083,Client actuel,52,F,1,Non connu,Marié(e),Non connu,Blue,45,4,0,0,74,0.0
764496708,Client actuel,54,F,2,Lycée (équivalent baccalauréat),Marié(e),Non connu,Blue,47,3,3,0,82,0.0
714080433,Client actuel,40,F,5,Niveau Bac+2,Marié(e),$40K - $60K,Blue,36,3,2,1787,67,0.568
757675158,Client actuel,47,F,4,Master,Divorcé(e),$40K - $60K,Blue,40,2,3,1851,85,0.679
715361433,Client actuel,53,F,2,Lycée (équivalent baccalauréat),Célibataire,Moins de $40K,Blue,36,2,3,994,78,0.53
778191933,Client perdu,45,M,3,Sans diplôme,Marié(e),$120K +,Blue,35,3,5,2517,42,0.353
718792758,Client actuel,35,F,4,Sans diplôme,Marié(e),Non connu,Blue,25,3,2,587,80,0.174
709738008,Client actuel,48,F,3,Non connu,Marié(e),$40K - $60K,Blue,36,6,2,1057,81,0.377
799020258,Client actuel,44,M,2,Sans diplôme,Divorcé(e),$60K - $80K,Blue,38,1,2,0,82,0.0
718152333,Client perdu,41,F,3,Doctorat,Célibataire,Non connu,Blue,36,3,7,0,51,0.0
716324583,Client actuel,42,F,4,Sans diplôme,Célibataire,Non connu,Blue,36,4,1,1892,81,0.658
720887058,Client actuel,51,F,1,Non connu,Marié(e),Non connu,Blue,35,2,3,0,87,0.0
714825408,Client actuel,45,F,3,Lycée (équivalent baccalauréat),Célibataire,$40K - $60K,Blue,36,3,3,2517,65,0.882
788620083,Client actuel,50,F,3,Licence,Célibataire,Moins de $40K,Blue,41,2,2,1419,89,0.596
719490108,Client actuel,54,F,3,Licence,Célibataire,Moins de $40K,Blue,36,3,1,1779,74,0.629
709044183,Client actuel,47,F,3,Non connu,Marié(e),Non connu,Blue,27,3,3,824,64,0.033
756944133,Client actuel,52,F,4,Licence,Marié(e),Moins de $40K,Blue,45,1,3,2168,89,0.585
785285883,Client perdu,49,F,3,Licence,Marié(e),$40K - $60K,Blue,43,3,5,0,53,0.0
779770683,Client actuel,47,F,3,Sans diplôme,Divorcé(e),$40K - $60K,Blue,36,3,3,0,79,0.0
718510983,Client actuel,54,F,3,Non connu,Célibataire,$40K - $60K,Blue,41,3,2,0,89,0.0
710322033,Client actuel,52,F,1,Lycée (équivalent baccalauréat),Marié(e),Moins de $40K,Blue,44,1,1,1765,77,0.689
710560008,Client actuel,46,F,4,Lycée (équivalent baccalauréat),Marié(e),Moins de $40K,Blue,33,3,0,1738,75,0.917
711298458,Client perdu,39,F,3,Non connu,Marié(e),Moins de $40K,Blue,26,2,5,0,40,0.0
789164283,Client actuel,55,F,0,Sans diplôme,Marié(e),Moins de $40K,Blue,44,1,3,1929,87,0.743
715773783,Client perdu,44,F,2,Licence,Célibataire,$40K - $60K,Blue,35,3,5,561,38,0.134
779158533,Client actuel,43,F,3,Sans diplôme,Célibataire,Moins de $40K,Blue,25,3,3,966,74,0.598
720463833,Client actuel,42,M,5,Sans diplôme,Célibataire,$60K - $80K,Blue,36,1,2,1738,76,0.263
712747758,Client perdu,50,F,4,Sans diplôme,Marié(e),Moins de $40K,Blue,36,2,3,0,43,0.0
771067308,Client actuel,38,F,3,Lycée (équivalent baccalauréat),Célibataire,$40K - $60K,Blue,25,1,2,1908,73,0.628
750995508,Client perdu,41,M,3,Non connu,Célibataire,$60K - $80K,Blue,32,3,3,1046,29,0.223
716171358,Client actuel,51,M,4,Niveau Bac+2,Marié(e),$40K - $60K,Blue,36,3,1,2222,85,0.501
794637333,Client actuel,44,F,2,Licence,Divorcé(e),Moins de $40K,Silver,25,2,2,0,77,0.0
718437033,Client perdu,46,M,2,Sans diplôme,Non connu,$60K - $80K,Blue,30,3,2,681,38,0.473
718492908,Client actuel,38,F,3,Niveau Bac+2,Marié(e),Moins de $40K,Blue,36,2,3,1554,86,0.471
716033508,Client actuel,46,M,2,Licence,Célibataire,$60K - $80K,Blue,34,3,2,1434,66,0.229
717603858,Client actuel,54,M,3,Niveau Bac+2,Célibataire,$40K - $60K,Blue,42,2,1,1775,77,0.317
714741933,Client actuel,42,M,4,Non connu,Marié(e),$60K - $80K,Blue,32,1,2,1759,76,0.178
716558283,Client actuel,30,F,0,Licence,Marié(e),Moins de $40K,Blue,36,2,2,1046,84,0.645
719022558,Client actuel,49,F,4,Sans diplôme,Marié(e),Moins de $40K,Blue,38,3,3,1173,74,0.509
717334233,Client actuel,54,F,1,Sans diplôme,Célibataire,$40K - $60K,Blue,43,3,2,2517,79,0.264
709222008,Client perdu,41,M,3,Non connu,Célibataire,$80K - $120K,Blue,32,3,5,2221,41,0.468
719192808,Client actuel,51,M,4,Licence,Célibataire,$120K +,Blue,36,1,1,2147,71,0.678
719281533,Client actuel,37,F,3,Niveau Bac+2,Marié(e),Moins de $40K,Blue,27,1,3,1388,84,0.472
710877108,Client actuel,44,F,1,Lycée (équivalent baccalauréat),Divorcé(e),Moins de $40K,Blue,32,1,2,1288,75,0.473
714155283,Client actuel,46,F,2,Non connu,Marié(e),Non connu,Blue,36,3,0,876,77,0.125
771214083,Client actuel,45,M,2,Lycée (équivalent baccalauréat),Non connu,$60K - $80K,Blue,32,2,3,0,65,0.0
770581983,Client actuel,55,F,4,Licence,Marié(e),$40K - $60K,Blue,41,1,3,0,88,0.0
718742808,Client perdu,55,F,1,Lycée (équivalent baccalauréat),Marié(e),$40K - $60K,Blue,46,6,3,710,49,0.153
710257683,Client actuel,50,M,3,Licence,Célibataire,$120K +,Blue,33,2,2,1134,73,0.033
721426383,Client perdu,36,F,3,Non connu,Marié(e),Moins de $40K,Blue,36,3,0,261,40,0.168
721041483,Client perdu,45,M,4,Doctorat,Marié(e),$60K - $80K,Blue,37,2,2,2517,39,0.192
719922558,Client actuel,45,F,5,Non connu,Divorcé(e),$40K - $60K,Blue,33,2,3,0,84,0.0
715072533,Client actuel,41,F,3,Non connu,Non connu,$40K - $60K,Blue,36,6,2,0,75,0.0
716214108,Client actuel,44,M,4,Sans diplôme,Célibataire,$60K - $80K,Blue,36,2,1,0,80,0.0
772216833,Client actuel,47,F,5,Licence,Célibataire,Moins de $40K,Blue,36,2,1,1950,88,0.706
708553008,Client actuel,38,F,1,Lycée (équivalent baccalauréat),Célibataire,$40K - $60K,Blue,36,2,3,1103,64,0.514
778880358,Client actuel,49,F,4,Licence,Divorcé(e),$40K - $60K,Blue,30,3,3,1648,71,0.663
720258183,Client actuel,39,F,4,Licence,Célibataire,$40K - $60K,Blue,25,3,3,2517,75,0.742
720689583,Client actuel,50,F,3,Lycée (équivalent baccalauréat),Marié(e),$40K - $60K,Blue,40,3,3,1747,91,0.519
758168133,Client actuel,50,F,0,Lycée (équivalent baccalauréat),Marié(e),$40K - $60K,Blue,43,3,1,1060,86,0.255
716322783,Client actuel,47,F,3,Non connu,Marié(e),Moins de $40K,Blue,37,2,2,1628,74,0.756
711118083,Client actuel,54,F,4,Licence,Divorcé(e),Moins de $40K,Blue,43,2,1,1784,80,0.712
709591533,Client actuel,46,F,3,Niveau Bac+2,Divorcé(e),Moins de $40K,Blue,38,1,3,1115,60,0.629
794556333,Client actuel,43,F,2,Non connu,Célibataire,Non connu,Blue,27,3,3,1697,77,0.516
771630783,Client actuel,42,F,3,Lycée (équivalent baccalauréat),Marié(e),Non connu,Blue,30,1,2,935,87,0.513
708672708,Client actuel,49,M,4,Lycée (équivalent baccalauréat),Non connu,$80K - $120K,Blue,31,3,3,2517,65,0.073
715590258,Client actuel,45,F,4,Sans diplôme,Célibataire,$40K - $60K,Blue,36,1,3,2070,69,0.528
714241083,Client actuel,49,F,1,Licence,Marié(e),Non connu,Blue,39,1,3,2091,58,0.383
708416433,Client perdu,41,F,1,Lycée (équivalent baccalauréat),Célibataire,Moins de $40K,Blue,36,3,2,0,41,0.0
779183958,Client perdu,45,F,2,Licence,Célibataire,$40K - $60K,Blue,33,3,5,0,38,0.0
709061658,Client actuel,44,F,1,Licence,Célibataire,Moins de $40K,Blue,31,2,3,716,87,0.462
717384183,Client actuel,58,F,3,Licence,Célibataire,Moins de $40K,Blue,53,3,1,2048,79,0.767
778921908,Client actuel,42,M,4,Niveau Bac+2,Célibataire,$60K - $80K,Blue,23,3,1,841,80,0.254
714745608,Client actuel,51,F,4,Lycée (équivalent baccalauréat),Célibataire,Moins de $40K,Blue,33,4,3,2071,71,0.675
709200633,Client actuel,55,F,1,Licence,Célibataire,Non connu,Blue,49,4,3,0,73,0.0
714714558,Client actuel,37,F,2,Sans diplôme,Célibataire,$40K - $60K,Blue,27,3,2,2517,75,0.825
801363633,Client actuel,60,F,2,Licence,Marié(e),Non connu,Blue,54,2,2,1664,81,0.496
778847808,Client actuel,42,F,4,Licence,Marié(e),$40K - $60K,Blue,23,2,3,1245,82,0.47
713015433,Client actuel,50,F,4,Non connu,Marié(e),Moins de $40K,Blue,36,4,3,1102,71,0.458
711666708,Client perdu,52,F,2,Lycée (équivalent baccalauréat),Marié(e),Non connu,Blue,39,3,5,1790,50,0.802
809631483,Client actuel,42,M,3,Master,Non connu,$80K - $120K,Blue,37,1,3,0,83,0.0
808967883,Client actuel,48,F,4,Non connu,Marié(e),Moins de $40K,Blue,43,1,0,1262,76,0.604
710532258,Client actuel,48,F,3,Lycée (équivalent baccalauréat),Divorcé(e),Moins de $40K,Blue,36,1,1,1495,83,0.684
812235108,Client actuel,44,F,2,Licence,Non connu,Moins de $40K,Blue,39,3,3,755,58,0.186
817293258,Client actuel,44,F,4,Niveau Bac+2,Marié(e),$40K - $60K,Blue,27,1,2,2517,63,0.791
714695883,Client actuel,45,F,5,Sans diplôme,Non connu,Moins de $40K,Blue,36,2,3,1583,75,0.587
738062658,Client actuel,57,M,3,Licence,Célibataire,$80K - $120K,Blue,50,3,3,1762,62,0.103
709518858,Client actuel,50,F,2,Licence,Marié(e),Moins de $40K,Blue,38,1,1,0,87,0.0
819634233,Client perdu,46,F,2,Licence,Non connu,$40K - $60K,Blue,40,2,2,0,33,0.0
711272058,Client actuel,40,F,4,Licence,Marié(e),Non connu,Blue,28,3,3,972,71,0.599
716262708,Client actuel,51,F,2,Niveau Bac+2,Célibataire,Moins de $40K,Blue,36,3,2,718,71,0.499
708928008,Client actuel,34,F,2,Lycée (équivalent baccalauréat),Célibataire,$40K - $60K,Blue,36,3,1,0,87,0.0
765755283,Client actuel,48,F,2,Licence,Marié(e),Non connu,Blue,41,1,3,745,74,0.094
711922158,Client actuel,57,F,2,Licence,Marié(e),Moins de $40K,Blue,45,3,3,0,62,0.0
773177358,Client actuel,48,F,3,Licence,Marié(e),Non connu,Blue,41,2,2,2426,93,0.3
779638983,Client actuel,47,F,4,Licence,Marié(e),Moins de $40K,Blue,30,3,3,1573,83,0.741
708723858,Client actuel,48,F,4,Licence,Célibataire,Moins de $40K,Blue,37,1,3,1715,67,0.502
712184133,Client actuel,41,F,5,Licence,Marié(e),Moins de $40K,Blue,24,3,3,1408,80,0.646
709948233,Client actuel,47,F,3,Sans diplôme,Célibataire,Non connu,Blue,35,4,3,1899,87,0.776
709415583,Client actuel,37,F,2,Non connu,Célibataire,Moins de $40K,Blue,21,1,1,1476,66,0.372
714005508,Client actuel,45,F,4,Licence,Marié(e),Non connu,Blue,36,2,2,2027,64,0.489
712407033,Client actuel,26,F,0,Sans diplôme,Non connu,Non connu,Silver,13,2,3,2403,59,0.07
716333283,Client actuel,58,F,0,Non connu,Non connu,Moins de $40K,Blue,52,2,2,1255,80,0.671
715534083,Client actuel,46,F,2,Niveau Bac+2,Célibataire,Non connu,Blue,33,3,1,1334,73,0.615
789492558,Client actuel,49,F,2,Niveau Bac+2,Marié(e),Moins de $40K,Blue,40,2,1,1276,82,0.609
770929383,Client actuel,41,M,2,Licence,Célibataire,$60K - $80K,Blue,28,1,1,993,82,0.136
708890133,Client actuel,46,F,4,Niveau Bac+2,Marié(e),Non connu,Blue,35,2,2,0,74,0.0
788595183,Client actuel,42,M,2,Licence,Célibataire,$40K - $60K,Blue,36,1,3,686,80,0.477
713167383,Client actuel,57,F,3,Lycée (équivalent baccalauréat),Célibataire,Moins de $40K,Blue,46,2,2,1540,81,0.67
717704433,Client actuel,48,F,4,Non connu,Célibataire,Non connu,Blue,37,2,1,836,85,0.218
718590183,Client actuel,58,F,3,Doctorat,Marié(e),Moins de $40K,Blue,47,3,3,920,69,0.606
719019483,Client actuel,46,F,2,Niveau Bac+2,Non connu,Moins de $40K,Silver,36,3,1,1507,63,0.112
710401458,Client actuel,53,M,3,Non connu,Marié(e),$80K - $120K,Blue,40,2,3,0,76,0.0
720783558,Client actuel,58,F,1,Licence,Marié(e),Non connu,Blue,48,3,1,2216,73,0.223
772364358,Client actuel,54,F,2,Lycée (équivalent baccalauréat),Non connu,Moins de $40K,Blue,44,1,1,811,80,0.301
719868183,Client perdu,42,F,3,Lycée (équivalent baccalauréat),Marié(e),$40K - $60K,Blue,30,3,2,0,42,0.0
709388058,Client actuel,43,F,4,Licence,Célibataire,Moins de $40K,Blue,34,3,2,1263,80,0.63
717004533,Client actuel,35,F,3,Lycée (équivalent baccalauréat),Marié(e),Moins de $40K,Blue,36,3,0,1189,81,0.248
714969183,Client actuel,46,F,2,Non connu,Marié(e),Moins de $40K,Blue,36,3,1,1639,76,0.525
720837708,Client actuel,42,F,3,Niveau Bac+2,Non connu,Moins de $40K,Blue,28,2,3,2517,94,0.46
759947433,Client actuel,53,M,3,Licence,Marié(e),$120K +,Blue,46,2,2,0,81,0.0
767404083,Client perdu,52,M,2,Licence,Célibataire,$60K - $80K,Blue,45,3,3,0,47,0.0
781926633,Client actuel,48,M,2,Sans diplôme,Marié(e),$40K - $60K,Blue,42,3,3,2517,88,0.786
772127508,Client perdu,31,F,1,Sans diplôme,Marié(e),Moins de $40K,Blue,20,2,2,0,49,0.0
720518283,Client actuel,50,M,2,Master,Célibataire,$60K - $80K,Blue,36,3,2,1371,77,0.597
715380483,Client actuel,54,F,5,Non connu,Célibataire,Moins de $40K,Blue,49,3,2,0,75,0.0
789296133,Client actuel,35,F,3,Doctorat,Célibataire,Non connu,Blue,24,1,3,770,65,0.063
711029358,Client actuel,41,F,4,Non connu,Célibataire,Moins de $40K,Blue,36,3,2,1566,61,0.634
712615008,Client actuel,46,M,2,Licence,Non connu,$120K +,Blue,34,3,2,892,66,0.037
816826008,Client actuel,41,M,4,Non connu,Marié(e),Moins de $40K,Blue,36,1,2,998,84,0.512
715488483,Client actuel,49,F,4,Licence,Marié(e),Moins de $40K,Blue,36,3,1,0,75,0.0
717759783,Client actuel,47,F,4,Non connu,Célibataire,Non connu,Blue,34,3,2,860,72,0.149
796083783,Client perdu,55,F,2,Niveau Bac+2,Célibataire,Non connu,Blue,49,0,8,0,57,0.0
709925733,Client actuel,32,F,0,Non connu,Célibataire,Moins de $40K,Blue,22,3,2,713,80,0.496
715309083,Client actuel,50,F,2,Licence,Marié(e),Moins de $40K,Blue,36,3,2,0,87,0.0
778441533,Client perdu,45,F,4,Lycée (équivalent baccalauréat),Marié(e),Non connu,Blue,26,2,2,1631,34,0.359
715891533,Client actuel,45,F,4,Licence,Non connu,Moins de $40K,Blue,33,2,1,1305,84,0.659
788848458,Client actuel,40,F,5,Non connu,Marié(e),$40K - $60K,Blue,24,1,2,1747,71,0.623
708399858,Client actuel,45,F,3,Lycée (équivalent baccalauréat),Marié(e),Moins de $40K,Blue,35,2,1,2250,77,0.883
711944733,Client actuel,45,F,2,Lycée (équivalent baccalauréat),Marié(e),Moins de $40K,Blue,36,2,2,828,93,0.568
712683633,Client perdu,32,F,0,Non connu,Marié(e),Moins de $40K,Blue,36,3,3,0,37,0.0
785487783,Client actuel,59,F,1,Licence,Célibataire,$40K - $60K,Blue,53,2,0,1409,96,0.712
718951683,Client actuel,48,F,2,Licence,Marié(e),Moins de $40K,Blue,35,3,1,1262,83,0.569
718329183,Client actuel,57,F,3,Licence,Divorcé(e),$40K - $60K,Blue,47,3,2,2517,75,0.591
788960658,Client actuel,42,F,2,Sans diplôme,Marié(e),Moins de $40K,Blue,28,2,3,1742,88,0.677
713120433,Client actuel,55,F,2,Lycée (équivalent baccalauréat),Marié(e),$40K - $60K,Blue,42,2,3,2007,82,0.37
720980958,Client actuel,43,F,5,Sans diplôme,Marié(e),Moins de $40K,Blue,30,3,2,909,87,0.294
709606158,Client actuel,37,F,2,Licence,Marié(e),Moins de $40K,Blue,31,3,3,0,86,0.0
714168183,Client actuel,48,F,2,Sans diplôme,Marié(e),Non connu,Blue,38,3,3,1017,77,0.465
712524858,Client actuel,34,M,1,Licence,Célibataire,Moins de $40K,Blue,28,6,3,1649,74,0.618
815072283,Client actuel,50,F,3,Licence,Marié(e),Moins de $40K,Blue,45,3,1,1156,75,0.646
715980258,Client actuel,36,F,1,Doctorat,Célibataire,Moins de $40K,Blue,25,2,3,2511,77,0.886
788715483,Client actuel,44,F,5,Licence,Célibataire,Moins de $40K,Blue,28,2,2,879,86,0.564
809276808,Client actuel,47,M,4,Licence,Célibataire,$80K - $120K,Blue,42,1,3,0,83,0.0
708885558,Client perdu,56,F,1,Lycée (équivalent baccalauréat),Célibataire,Moins de $40K,Blue,48,6,2,0,45,0.0
789373683,Client actuel,45,F,3,Licence,Marié(e),Moins de $40K,Blue,35,2,2,834,70,0.58
714216858,Client actuel,35,F,2,Non connu,Célibataire,Non connu,Blue,36,1,2,0,85,0.0
719150658,Client perdu,51,F,2,Licence,Marié(e),Non connu,Blue,34,3,2,0,46,0.0
712302783,Client actuel,38,F,2,Sans diplôme,Célibataire,Moins de $40K,Blue,25,3,1,872,76,0.353
799717458,Client actuel,42,F,3,Non connu,Marié(e),Moins de $40K,Blue,36,3,3,1453,74,0.578
716354883,Client perdu,59,F,0,Licence,Non connu,Non connu,Blue,49,3,2,0,53,0.0
719601708,Client actuel,45,M,3,Niveau Bac+2,Célibataire,$60K - $80K,Blue,35,1,2,1099,61,0.103
720150858,Client perdu,34,M,2,Lycée (équivalent baccalauréat),Marié(e),$80K - $120K,Blue,25,2,0,0,44,0.0
824915208,Client actuel,44,F,3,Doctorat,Marié(e),Non connu,Blue,40,1,1,1008,82,0.14
798777708,Client actuel,54,F,4,Lycée (équivalent baccalauréat),Célibataire,$40K - $60K,Blue,48,4,1,1177,75,0.381
805229133,Client actuel,46,M,3,Non connu,Non connu,$80K - $120K,Blue,41,2,2,0,70,0.0
716365233,Client actuel,53,F,1,Niveau Bac+2,Marié(e),Moins de $40K,Blue,36,3,3,964,75,0.579
796544133,Client actuel,54,M,1,Niveau Bac+2,Célibataire,$120K +,Blue,48,3,1,1654,84,0.673
778143183,Client actuel,47,M,1,Licence,Marié(e),$60K - $80K,Blue,40,2,3,0,58,0.0
717011958,Client actuel,43,F,4,Licence,Célibataire,$40K - $60K,Blue,23,1,1,0,82,0.0
778264008,Client actuel,41,F,3,Niveau Bac+2,Célibataire,$40K - $60K,Blue,32,1,2,1954,77,0.63
789507408,Client actuel,48,F,3,Niveau Bac+2,Non connu,Non connu,Blue,40,6,1,0,90,0.0
788842008,Client actuel,50,F,3,Sans diplôme,Marié(e),Moins de $40K,Blue,34,2,2,2336,87,0.575
714742758,Client actuel,42,F,4,Sans diplôme,Célibataire,Moins de $40K,Blue,24,2,2,2209,87,0.644
717742908,Client actuel,44,M,3,Non connu,Marié(e),$40K - $60K,Blue,36,1,1,2517,74,0.194
712874433,Client actuel,45,M,3,Non connu,Célibataire,Moins de $40K,Blue,36,1,0,642,90,0.276
711092658,Client perdu,39,F,3,Licence,Marié(e),Non connu,Blue,26,2,3,855,52,0.195
720299283,Client actuel,46,M,3,Sans diplôme,Marié(e),$60K - $80K,Blue,33,2,1,0,80,0.0
719237058,Client actuel,39,M,2,Doctorat,Célibataire,$60K - $80K,Blue,36,2,1,891,96,0.498
719671383,Client actuel,40,F,3,Sans diplôme,Non connu,Moins de $40K,Blue,30,3,2,0,70,0.0
788290383,Client actuel,43,M,3,Doctorat,Célibataire,$40K - $60K,Blue,35,6,3,1588,83,0.32
779701983,Client actuel,49,F,3,Licence,Célibataire,$40K - $60K,Blue,32,3,3,1426,80,0.264
779247483,Client perdu,46,F,1,Sans diplôme,Non connu,Non connu,Blue,28,2,6,0,55,0.0
767093133,Client actuel,52,F,2,Non connu,Marié(e),Non connu,Blue,45,2,1,0,80,0.0
717979008,Client actuel,48,F,3,Non connu,Célibataire,Moins de $40K,Blue,37,2,1,1072,81,0.509
712132383,Client actuel,44,M,4,Niveau Bac+2,Célibataire,$80K - $120K,Blue,34,2,3,861,82,0.459
772306383,Client perdu,57,F,3,Non connu,Non connu,Moins de $40K,Blue,43,3,2,0,42,0.0
714469008,Client actuel,40,F,2,Non connu,Célibataire,$40K - $60K,Blue,29,3,3,1337,84,0.569
812446158,Client actuel,54,F,3,Sans diplôme,Célibataire,Moins de $40K,Blue,49,2,2,0,65,0.0
779401233,Client actuel,47,F,4,Sans diplôme,Célibataire,$40K - $60K,Blue,36,1,0,0,78,0.0
784994883,Client actuel,26,F,0,Non connu,Marié(e),Moins de $40K,Blue,20,2,2,2378,75,0.945
721080183,Client actuel,33,F,1,Licence,Célibataire,$40K - $60K,Blue,20,2,3,0,82,0.0
712572858,Client actuel,38,M,3,Lycée (équivalent baccalauréat),Célibataire,$80K - $120K,Blue,29,1,3,1801,45,0.528
719759733,Client perdu,59,F,0,Non connu,Célibataire,$40K - $60K,Blue,52,7,3,0,49,0.0
780371433,Client actuel,35,F,2,Licence,Marié(e),Non connu,Blue,25,3,3,2014,83,0.603
822170733,Client perdu,45,F,4,Niveau Bac+2,Marié(e),$60K - $80K,Blue,41,3,2,2517,54,0.665
708224133,Client actuel,61,M,0,Sans diplôme,Célibataire,$40K - $60K,Blue,49,2,3,1480,71,0.664
719299533,Client perdu,55,F,1,Non connu,Non connu,Moins de $40K,Blue,36,3,2,795,42,0.219
780633483,Client actuel,58,F,0,Licence,Marié(e),$40K - $60K,Blue,47,2,1,1302,81,0.593
771356508,Client actuel,41,F,5,Licence,Marié(e),Moins de $40K,Blue,28,3,1,1936,71,0.726
823629333,Client actuel,42,M,4,Sans diplôme,Marié(e),$40K - $60K,Blue,38,4,1,0,50,0.0
712961658,Client actuel,45,F,4,Sans diplôme,Marié(e),Moins de $40K,Blue,32,1,1,2238,78,0.671
710464683,Client actuel,45,F,3,Master,Marié(e),Moins de $40K,Blue,32,3,2,2127,89,0.78
716688183,Client perdu,51,F,1,Lycée (équivalent baccalauréat),Marié(e),Moins de $40K,Blue,43,3,3,1521,45,0.914
789082758,Client actuel,40,F,2,Lycée (équivalent baccalauréat),Marié(e),Moins de $40K,Blue,28,3,3,1661,90,0.608
709140858,Client actuel,57,F,2,Niveau Bac+2,Célibataire,Moins de $40K,Blue,47,3,1,996,82,0.577
822127008,Client actuel,50,F,1,Master,Marié(e),Non connu,Blue,46,2,1,615,79,0.032
720496158,Client actuel,53,M,0,Non connu,Célibataire,$60K - $80K,Blue,42,2,0,1168,82,0.087
774588633,Client actuel,45,F,3,Licence,Célibataire,Moins de $40K,Blue,39,2,3,0,84,0.0
788465583,Client actuel,42,F,3,Niveau Bac+2,Célibataire,$40K - $60K,Blue,35,3,3,1573,52,0.248
741517458,Client perdu,49,F,4,Licence,Marié(e),$60K - $80K,Blue,42,7,3,2517,40,0.977
709935708,Client actuel,55,F,1,Non connu,Marié(e),$40K - $60K,Blue,43,1,2,1696,77,0.5
721112508,Client actuel,48,F,3,Licence,Marié(e),Moins de $40K,Blue,40,3,1,0,80,0.0
720734583,Client actuel,44,F,2,Master,Marié(e),Moins de $40K,Blue,32,3,3,1561,82,0.615
772286658,Client perdu,63,M,1,Licence,Célibataire,$60K - $80K,Blue,52,7,3,2507,56,0.175
807149058,Client actuel,48,F,5,Non connu,Marié(e),Moins de $40K,Blue,43,1,3,1628,80,0.566
771045708,Client perdu,41,F,5,Licence,Marié(e),$60K - $80K,Blue,28,3,3,970,51,0.645
711733308,Client actuel,45,F,2,Sans diplôme,Célibataire,Moins de $40K,Blue,36,2,2,0,91,0.0
710518308,Client actuel,54,F,2,Doctorat,Marié(e),Moins de $40K,Blue,35,4,2,0,85,0.0
716586408,Client actuel,48,F,3,Licence,Non connu,Moins de $40K,Blue,36,1,3,1022,86,0.211
713152383,Client actuel,40,F,3,Sans diplôme,Marié(e),Moins de $40K,Blue,27,1,1,2517,82,0.886
771935283,Client actuel,47,F,4,Licence,Célibataire,$40K - $60K,Blue,36,2,1,1927,88,0.647
720460083,Client perdu,45,F,4,Non connu,Célibataire,Non connu,Gold,27,2,3,0,42,0.0
825838908,Client actuel,39,F,1,Sans diplôme,Célibataire,Moins de $40K,Blue,35,5,1,0,92,0.0
709082808,Client actuel,53,F,2,Lycée (équivalent baccalauréat),Marié(e),Moins de $40K,Blue,36,3,2,1198,95,0.556
710937783,Client actuel,53,F,0,Sans diplôme,Marié(e),$40K - $60K,Blue,40,3,3,2414,68,0.871
789540108,Client actuel,29,F,1,Sans diplôme,Marié(e),Moins de $40K,Blue,21,1,3,1819,75,0.642
709824633,Client actuel,44,F,4,Lycée (équivalent baccalauréat),Célibataire,Moins de $40K,Blue,35,5,3,1375,80,0.886
717874533,Client perdu,46,M,2,Lycée (équivalent baccalauréat),Célibataire,$40K - $60K,Blue,36,2,2,0,51,0.0
712571883,Client actuel,40,M,3,Licence,Divorcé(e),Moins de $40K,Silver,36,3,2,1658,58,0.145
716926758,Client actuel,40,F,2,Sans diplôme,Célibataire,Moins de $40K,Blue,27,6,2,0,91,0.0
716181858,Client actuel,42,F,2,Sans diplôme,Marié(e),$40K - $60K,Blue,29,2,2,0,67,0.0
779613933,Client actuel,38,F,4,Sans diplôme,Marié(e),Moins de $40K,Blue,27,3,1,1319,86,0.76
712136058,Client perdu,54,F,2,Niveau Bac+2,Célibataire,Non connu,Blue,36,3,3,0,50,0.0
709678608,Client actuel,49,M,4,Lycée (équivalent baccalauréat),Marié(e),$80K - $120K,Blue,36,3,3,1076,69,0.044
714276408,Client perdu,52,F,3,Sans diplôme,Célibataire,$40K - $60K,Blue,36,3,3,1445,39,0.755
719953383,Client actuel,38,F,4,Niveau Bac+2,Célibataire,Moins de $40K,Blue,27,3,3,0,79,0.0
718795083,Client actuel,44,F,2,Licence,Marié(e),Non connu,Blue,26,1,3,1030,85,0.513
720503508,Client actuel,44,F,1,Sans diplôme,Divorcé(e),Moins de $40K,Blue,37,2,3,1235,75,0.221
770762133,Client actuel,52,F,3,Lycée (équivalent baccalauréat),Marié(e),Non connu,Blue,38,1,2,2517,79,0.718
713555133,Client perdu,56,F,3,Lycée (équivalent baccalauréat),Non connu,Moins de $40K,Blue,44,3,2,595,40,0.357
711232608,Client perdu,47,F,5,Lycée (équivalent baccalauréat),Célibataire,Moins de $40K,Blue,36,3,2,0,35,0.0
780322908,Client actuel,52,F,3,Non connu,Marié(e),Moins de $40K,Blue,38,2,3,911,67,0.278
708207783,Client actuel,50,F,3,Lycée (équivalent baccalauréat),Célibataire,Moins de $40K,Blue,42,3,2,0,80,0.0
719590458,Client perdu,44,F,4,Licence,Marié(e),$60K - $80K,Blue,36,3,3,0,46,0.0
778679883,Client actuel,39,M,2,Licence,Célibataire,$60K - $80K,Blue,19,2,1,0,76,0.0
780230208,Client actuel,53,M,2,Niveau Bac+2,Marié(e),$40K - $60K,Blue,40,3,0,1604,75,0.6
827703258,Client actuel,42,M,4,Lycée (équivalent baccalauréat),Marié(e),$60K - $80K,Blue,38,2,2,0,66,0.0
807379833,Client perdu,48,M,3,Licence,Divorcé(e),$40K - $60K,Blue,43,3,3,145,34,0.016
711178383,Client actuel,47,M,2,Master,Marié(e),$80K - $120K,Blue,35,3,1,1166,64,0.038
712203333,Client actuel,51,M,3,Licence,Marié(e),$80K - $120K,Blue,39,2,1,1750,76,0.247
709261383,Client actuel,56,F,3,Licence,Marié(e),$40K - $60K,Blue,36,3,2,661,81,0.353
715829358,Client actuel,33,F,4,Niveau Bac+2,Marié(e),$40K - $60K,Blue,26,2,3,2517,88,0.876
713213133,Client actuel,36,M,2,Licence,Célibataire,$40K - $60K,Blue,36,2,1,1660,76,0.245
778860783,Client perdu,57,M,2,Non connu,Divorcé(e),$120K +,Blue,38,2,5,1116,41,0.046
779442783,Client actuel,39,F,1,Licence,Célibataire,Moins de $40K,Blue,21,2,1,1365,89,0.476
780008358,Client perdu,59,M,0,Sans diplôme,Non connu,$60K - $80K,Blue,48,8,2,0,47,0.0
721274208,Client perdu,41,F,2,Lycée (équivalent baccalauréat),Célibataire,Moins de $40K,Blue,36,3,3,2104,38,0.956
714076683,Client perdu,29,F,0,Niveau Bac+2,Marié(e),$60K - $80K,Blue,19,1,2,2517,54,0.772
788791383,Client actuel,39,F,3,Lycée (équivalent baccalauréat),Marié(e),$40K - $60K,Blue,21,2,1,0,70,0.0
709459608,Client actuel,47,F,2,Non connu,Non connu,$40K - $60K,Blue,36,3,3,0,87,0.0
711560058,Client actuel,49,M,1,Lycée (équivalent baccalauréat),Marié(e),$60K - $80K,Blue,36,3,2,1334,83,0.541
717657333,Client actuel,43,F,3,Licence,Célibataire,Moins de $40K,Blue,36,3,3,1834,65,0.242
812218908,Client perdu,46,F,2,Non connu,Marié(e),Moins de $40K,Blue,36,3,2,2517,51,0.619
787482033,Client perdu,60,M,1,Lycée (équivalent baccalauréat),Divorcé(e),$80K - $120K,Blue,48,6,3,0,27,0.0
779141658,Client actuel,48,M,4,Licence,Marié(e),$80K - $120K,Blue,33,3,2,2115,78,0.426
813810333,Client perdu,50,M,3,Master,Marié(e),$60K - $80K,Blue,45,7,3,0,54,0.0
789613083,Client actuel,47,M,3,Sans diplôme,Divorcé(e),$60K - $80K,Blue,41,3,3,0,81,0.0
794540883,Client actuel,56,F,1,Master,Marié(e),$40K - $60K,Blue,38,2,1,1465,87,0.42
811889808,Client actuel,43,M,3,Licence,Marié(e),$80K - $120K,Blue,38,5,1,2305,83,0.098
720509433,Client actuel,51,F,2,Niveau Bac+2,Célibataire,Moins de $40K,Blue,31,1,3,1627,70,0.706
715091208,Client actuel,42,M,3,Lycée (équivalent baccalauréat),Marié(e),$80K - $120K,Blue,36,3,3,841,94,0.046
719269308,Client actuel,49,F,2,Licence,Non connu,Moins de $40K,Blue,36,1,3,2517,90,0.774
718200333,Client actuel,47,F,3,Sans diplôme,Célibataire,Moins de $40K,Blue,41,3,0,2117,87,0.732
713487633,Client actuel,44,M,3,Master,Marié(e),$80K - $120K,Blue,32,4,2,1807,91,0.052
789363408,Client actuel,44,M,3,Lycée (équivalent baccalauréat),Marié(e),$120K +,Silver,34,1,2,2517,83,0.073
713916708,Client actuel,53,M,3,Licence,Célibataire,$120K +,Gold,43,1,3,2435,98,0.071
823833483,Client actuel,41,M,3,Licence,Célibataire,$40K - $60K,Blue,37,3,2,1544,83,0.197
717756258,Client actuel,49,M,2,Non connu,Marié(e),$120K +,Blue,38,6,3,1158,84,0.07
712879158,Client actuel,49,M,1,Lycée (équivalent baccalauréat),Marié(e),$60K - $80K,Gold,36,2,3,2201,70,0.354
709474683,Client actuel,42,F,3,Niveau Bac+2,Marié(e),Moins de $40K,Blue,13,2,3,1478,95,0.243
772313358,Client actuel,50,M,3,Lycée (équivalent baccalauréat),Célibataire,$80K - $120K,Blue,39,3,2,2216,91,0.104
711856683,Client actuel,51,M,3,Master,Marié(e),$40K - $60K,Blue,36,3,3,1273,80,0.801
718530258,Client actuel,52,F,3,Sans diplôme,Divorcé(e),Moins de $40K,Blue,36,1,2,1411,86,0.71
716288208,Client actuel,48,M,3,Licence,Célibataire,$60K - $80K,Blue,36,1,1,0,77,0.0
718712583,Client actuel,44,M,2,Sans diplôme,Marié(e),$80K - $120K,Blue,33,1,1,1665,80,0.048
806432433,Client actuel,40,F,2,Lycée (équivalent baccalauréat),Célibataire,$40K - $60K,Blue,35,1,2,1713,88,0.673
720074583,Client actuel,42,M,1,Licence,Non connu,$80K - $120K,Blue,36,1,2,1516,76,0.318
768848658,Client actuel,43,F,3,Non connu,Célibataire,Non connu,Blue,37,3,1,1797,87,0.108
709895508,Client actuel,42,M,3,Licence,Marié(e),Moins de $40K,Blue,36,2,1,974,92,0.158
711542358,Client actuel,42,F,4,Lycée (équivalent baccalauréat),Marié(e),Moins de $40K,Gold,36,3,2,1187,88,0.074
718773333,Client actuel,51,F,4,Non connu,Célibataire,Moins de $40K,Blue,40,2,2,1799,89,0.35
816832383,Client actuel,61,F,1,Lycée (équivalent baccalauréat),Célibataire,Moins de $40K,Blue,56,2,2,2266,75,0.662
714042108,Client actuel,59,M,0,Sans diplôme,Célibataire,$40K - $60K,Blue,36,2,2,1013,86,0.092
714664683,Client actuel,46,F,4,Sans diplôme,Marié(e),Moins de $40K,Blue,37,3,3,0,91,0.0
713894358,Client actuel,51,M,2,Master,Non connu,$80K - $120K,Gold,46,3,2,814,98,0.024
715436883,Client actuel,48,F,3,Master,Marié(e),Moins de $40K,Blue,36,2,1,1582,86,0.635
715260558,Client actuel,44,F,4,Lycée (équivalent baccalauréat),Célibataire,$40K - $60K,Blue,36,2,2,0,80,0.0
713664258,Client actuel,56,M,2,Non connu,Célibataire,$40K - $60K,Blue,48,2,1,2014,85,0.14
713364783,Client actuel,42,F,1,Master,Célibataire,Moins de $40K,Blue,28,3,0,1010,85,0.292
718078008,Client actuel,40,M,2,Niveau Bac+2,Divorcé(e),$60K - $80K,Blue,36,2,1,0,85,0.0
798546408,Client actuel,61,F,1,Niveau Bac+2,Célibataire,Moins de $40K,Blue,55,3,2,1444,104,0.174
779018508,Client actuel,45,M,4,Sans diplôme,Célibataire,$80K - $120K,Blue,35,2,2,2082,93,0.184
802668333,Client perdu,49,M,2,Licence,Marié(e),$80K - $120K,Blue,43,3,3,1919,50,0.805
718320933,Client actuel,47,M,3,Sans diplôme,Marié(e),$60K - $80K,Blue,36,3,1,2347,96,0.197
789016983,Client actuel,45,F,3,Lycée (équivalent baccalauréat),Marié(e),Moins de $40K,Blue,32,5,1,968,86,0.328
713907633,Client actuel,43,M,3,Niveau Bac+2,Non connu,$60K - $80K,Blue,36,1,2,1265,84,0.234
708474333,Client actuel,42,M,3,Licence,Marié(e),$60K - $80K,Blue,29,3,1,2517,87,0.205
778894233,Client actuel,42,M,5,Lycée (équivalent baccalauréat),Non connu,$80K - $120K,Blue,23,2,3,0,83,0.0
717244683,Client actuel,43,F,3,Niveau Bac+2,Marié(e),Non connu,Blue,36,3,3,1467,89,0.067
711410958,Client actuel,40,M,3,Lycée (équivalent baccalauréat),Marié(e),$60K - $80K,Blue,28,2,3,2517,69,0.187
799711833,Client actuel,50,F,3,Niveau Bac+2,Marié(e),Non connu,Blue,44,1,3,2296,95,0.093
714047733,Client actuel,53,F,3,Licence,Célibataire,$40K - $60K,Blue,45,2,1,2119,85,0.429
710061783,Client perdu,49,M,1,Licence,Marié(e),$40K - $60K,Blue,40,1,5,0,59,0.0
711082908,Client actuel,44,M,4,Sans diplôme,Célibataire,$80K - $120K,Blue,31,2,3,1303,97,0.066
721190358,Client actuel,49,M,4,Non connu,Non connu,$80K - $120K,Blue,29,2,2,2517,86,0.085
712760208,Client actuel,42,F,4,Licence,Marié(e),Non connu,Blue,31,2,1,1192,93,0.177
751563933,Client actuel,43,F,3,Lycée (équivalent baccalauréat),Marié(e),Moins de $40K,Blue,36,3,2,2451,95,0.258
815498733,Client actuel,51,F,3,Non connu,Célibataire,Moins de $40K,Blue,46,2,2,1848,85,0.426
718433508,Client actuel,40,F,3,Sans diplôme,Non connu,Moins de $40K,Blue,30,5,2,2119,88,0.854
720935658,Client actuel,57,F,4,Master,Célibataire,Moins de $40K,Blue,45,2,3,1744,89,0.57
714754533,Client perdu,61,M,0,Doctorat,Marié(e),$120K +,Platinum,44,2,3,1925,87,0.056
714713508,Client actuel,49,M,2,Doctorat,Divorcé(e),$80K - $120K,Blue,36,3,1,1803,87,0.072
715038033,Client actuel,61,M,1,Licence,Célibataire,Moins de $40K,Blue,54,3,1,629,80,0.088
809169858,Client actuel,62,M,2,Licence,Célibataire,$60K - $80K,Blue,56,3,2,1383,93,0.076
718379358,Client actuel,39,M,1,Non connu,Célibataire,$80K - $120K,Silver,28,1,3,2017,90,0.058
779456508,Client actuel,52,M,2,Licence,Divorcé(e),$60K - $80K,Blue,34,1,1,0,91,0.0
708907833,Client actuel,38,F,1,Lycée (équivalent baccalauréat),Célibataire,Non connu,Blue,27,2,2,2517,84,0.101
708693558,Client actuel,50,F,3,Lycée (équivalent baccalauréat),Célibataire,Moins de $40K,Silver,38,2,2,2167,95,0.172
718665933,Client actuel,43,M,3,Non connu,Divorcé(e),$120K +,Blue,30,1,2,2517,86,0.073
816073983,Client actuel,53,F,2,Niveau Bac+2,Célibataire,Moins de $40K,Blue,48,2,2,1182,88,0.143
715851333,Client actuel,42,M,4,Lycée (équivalent baccalauréat),Marié(e),$60K - $80K,Blue,27,3,2,1903,97,0.138
712884408,Client actuel,43,F,1,Lycée (équivalent baccalauréat),Célibataire,Non connu,Blue,30,2,0,1904,95,0.334
715404783,Client actuel,43,F,4,Licence,Marié(e),Moins de $40K,Blue,35,3,0,1464,88,0.227
773356008,Client actuel,57,M,2,Master,Divorcé(e),$60K - $80K,Blue,51,3,3,1200,86,0.219
789525408,Client actuel,50,F,0,Sans diplôme,Marié(e),Moins de $40K,Blue,42,4,2,1594,89,0.425
721212258,Client actuel,48,M,4,Lycée (équivalent baccalauréat),Célibataire,$120K +,Blue,40,3,3,1946,88,0.064
719625933,Client actuel,41,M,3,Licence,Marié(e),$120K +,Blue,36,2,1,1143,96,0.197
714304458,Client actuel,44,M,3,Lycée (équivalent baccalauréat),Marié(e),$60K - $80K,Blue,36,2,1,0,78,0.0
819975183,Client actuel,44,F,4,Niveau Bac+2,Célibataire,$40K - $60K,Silver,39,1,3,2179,75,0.128
785515533,Client actuel,43,F,2,Niveau Bac+2,Marié(e),Moins de $40K,Blue,37,3,1,1337,93,0.249
720712533,Client actuel,51,M,3,Licence,Marié(e),$80K - $120K,Gold,36,1,3,761,88,0.022
709861008,Client actuel,47,M,4,Master,Marié(e),$80K - $120K,Blue,30,3,1,2414,89,0.087
713911233,Client actuel,47,F,3,Doctorat,Célibataire,$40K - $60K,Silver,39,2,1,1060,85,0.058
712580958,Client actuel,38,M,1,Lycée (équivalent baccalauréat),Célibataire,$120K +,Blue,30,1,1,2130,91,0.077
719473458,Client actuel,46,M,3,Lycée (équivalent baccalauréat),Célibataire,$40K - $60K,Blue,42,2,1,1359,84,0.164
711764733,Client actuel,41,F,4,Sans diplôme,Non connu,$40K - $60K,Silver,36,2,3,0,81,0.0
794124708,Client actuel,47,M,2,Licence,Non connu,$80K - $120K,Blue,41,2,2,2197,69,0.103
780707733,Client actuel,41,M,1,Licence,Célibataire,$80K - $120K,Blue,30,3,2,2109,87,0.061
780620883,Client actuel,49,F,2,Sans diplôme,Célibataire,$40K - $60K,Blue,37,1,3,1293,98,0.184
720849708,Client actuel,44,M,4,Licence,Célibataire,$80K - $120K,Blue,37,3,1,2517,85,0.175
789312033,Client perdu,48,F,4,Master,Célibataire,$40K - $60K,Blue,38,3,3,460,51,0.119
778742358,Client actuel,44,M,4,Licence,Marié(e),$60K - $80K,Blue,24,2,2,0,76,0.0
719658858,Client actuel,50,F,4,Doctorat,Marié(e),Non connu,Silver,36,2,1,2096,73,0.061
713425383,Client perdu,59,F,1,Lycée (équivalent baccalauréat),Célibataire,Moins de $40K,Blue,46,3,2,1939,56,0.259
770842833,Client perdu,49,F,3,Lycée (équivalent baccalauréat),Marié(e),Non connu,Silver,36,3,3,1273,51,0.037
712029783,Client actuel,42,M,4,Sans diplôme,Célibataire,$80K - $120K,Silver,36,2,1,2253,93,0.065
718893333,Client actuel,52,M,3,Licence,Marié(e),$60K - $80K,Blue,36,3,2,2077,84,0.113
711203658,Client actuel,46,M,3,Licence,Non connu,$40K - $60K,Blue,34,6,1,1346,88,0.596
718567758,Client actuel,41,M,1,Niveau Bac+2,Marié(e),$40K - $60K,Blue,32,4,2,1334,92,0.125
771719283,Client actuel,39,F,4,Doctorat,Marié(e),Moins de $40K,Blue,27,1,1,1324,92,0.154
717926358,Client actuel,46,F,2,Licence,Célibataire,Moins de $40K,Blue,30,1,0,2142,78,0.39
779751258,Client actuel,45,F,2,Licence,Marié(e),Moins de $40K,Blue,31,1,2,1183,82,0.608
774491958,Client actuel,53,M,3,Lycée (équivalent baccalauréat),Célibataire,$60K - $80K,Blue,47,1,3,1738,77,0.279
713428833,Client actuel,42,M,3,Non connu,Marié(e),$80K - $120K,Blue,32,1,3,1239,90,0.164
714166833,Client actuel,44,F,3,Licence,Célibataire,Moins de $40K,Silver,34,3,2,1432,77,0.105
809464608,Client perdu,47,F,3,Lycée (équivalent baccalauréat),Marié(e),Non connu,Silver,31,3,2,2517,42,0.073
789681708,Client actuel,46,M,3,Sans diplôme,Marié(e),$60K - $80K,Gold,33,1,3,713,82,0.021
713102733,Client actuel,38,F,3,Licence,Célibataire,Moins de $40K,Gold,31,3,2,1766,94,0.11
715195383,Client actuel,46,F,3,Licence,Divorcé(e),Moins de $40K,Blue,36,2,2,1625,101,0.68
812408058,Client actuel,39,M,2,Non connu,Non connu,$120K +,Blue,34,2,2,1082,92,0.031
787226508,Client actuel,47,M,2,Niveau Bac+2,Célibataire,$60K - $80K,Blue,41,3,3,1302,82,0.063
713537733,Client actuel,46,M,4,Doctorat,Non connu,$60K - $80K,Gold,36,2,3,1426,95,0.041
715170183,Client actuel,45,M,2,Licence,Marié(e),$40K - $60K,Blue,36,1,3,2113,82,0.566
717109983,Client actuel,50,F,2,Lycée (équivalent baccalauréat),Marié(e),$40K - $60K,Blue,39,2,2,2138,83,0.94
713208033,Client actuel,43,F,3,Lycée (équivalent baccalauréat),Marié(e),Moins de $40K,Blue,36,3,0,1360,64,0.185
712788258,Client actuel,48,M,3,Niveau Bac+2,Marié(e),$40K - $60K,Blue,34,2,1,1405,80,0.734
758382183,Client actuel,50,F,3,Licence,Non connu,Moins de $40K,Blue,43,3,3,789,93,0.186
715469583,Client actuel,40,F,2,Licence,Non connu,$40K - $60K,Blue,36,1,2,1250,88,0.585
709235058,Client actuel,46,M,4,Niveau Bac+2,Marié(e),$40K - $60K,Silver,36,2,2,1694,88,0.089
714786483,Client actuel,45,M,4,Niveau Bac+2,Célibataire,$60K - $80K,Blue,35,2,3,1186,82,0.088
713299758,Client actuel,53,M,1,Lycée (équivalent baccalauréat),Célibataire,Moins de $40K,Blue,36,3,3,1289,87,0.144
771912408,Client actuel,49,F,2,Licence,Marié(e),Moins de $40K,Blue,38,3,1,1402,92,0.21
721445658,Client actuel,52,F,2,Master,Célibataire,Moins de $40K,Blue,34,3,3,1677,89,0.268
719787633,Client actuel,47,M,0,Licence,Célibataire,$80K - $120K,Silver,36,2,1,1913,92,0.055
713697933,Client actuel,47,M,2,Sans diplôme,Célibataire,$80K - $120K,Blue,36,2,2,1264,77,0.037
712208658,Client actuel,43,M,2,Lycée (équivalent baccalauréat),Célibataire,$60K - $80K,Blue,33,2,1,1255,95,0.095
708219108,Client actuel,49,M,3,Niveau Bac+2,Divorcé(e),$80K - $120K,Blue,38,3,3,1143,77,0.115
709065483,Client actuel,40,F,3,Niveau Bac+2,Divorcé(e),$40K - $60K,Blue,28,2,3,2019,82,0.218
715237683,Client actuel,53,F,4,Licence,Célibataire,Moins de $40K,Blue,44,1,3,1649,88,0.348
712925808,Client perdu,51,F,1,Non connu,Marié(e),$40K - $60K,Blue,36,3,2,0,60,0.0
788931558,Client actuel,46,M,2,Lycée (équivalent baccalauréat),Célibataire,$40K - $60K,Blue,32,2,2,1739,85,0.87
717521508,Client actuel,41,M,3,Lycée (équivalent baccalauréat),Célibataire,$80K - $120K,Gold,28,2,0,2098,87,0.061
713688933,Client actuel,42,F,0,Non connu,Marié(e),Moins de $40K,Blue,28,1,1,1509,74,0.172
712405908,Client actuel,50,M,2,Lycée (équivalent baccalauréat),Non connu,$120K +,Blue,40,2,3,1623,76,0.066
789298833,Client actuel,51,M,2,Sans diplôme,Divorcé(e),$80K - $120K,Blue,40,2,3,0,96,0.0
715729683,Client actuel,44,M,3,Lycée (équivalent baccalauréat),Célibataire,$120K +,Silver,36,2,2,1106,76,0.032
717682233,Client actuel,49,M,4,Sans diplôme,Marié(e),$60K - $80K,Blue,36,2,2,1585,80,0.258
712266633,Client actuel,51,F,2,Non connu,Marié(e),$40K - $60K,Blue,36,2,1,1020,94,0.069
719272458,Client actuel,53,F,5,Licence,Célibataire,$40K - $60K,Blue,41,1,3,1699,89,0.173
780769308,Client actuel,49,F,4,Non connu,Célibataire,Moins de $40K,Blue,29,3,2,2278,85,0.581
721468533,Client actuel,59,M,1,Licence,Célibataire,Non connu,Blue,36,5,2,1412,82,0.115
816615633,Client actuel,47,F,2,Doctorat,Marié(e),$40K - $60K,Blue,42,3,1,2035,89,0.625
720167508,Client actuel,50,M,3,Sans diplôme,Célibataire,$80K - $120K,Blue,35,2,1,2389,74,0.126
711152658,Client actuel,44,M,4,Licence,Célibataire,$120K +,Silver,36,2,1,1635,86,0.047
771772083,Client actuel,48,M,4,Licence,Marié(e),$60K - $80K,Blue,37,1,1,0,84,0.0
708419733,Client perdu,47,M,3,Niveau Bac+2,Célibataire,$60K - $80K,Blue,39,3,2,0,55,0.0
709372608,Client actuel,43,M,4,Sans diplôme,Marié(e),$60K - $80K,Blue,31,1,2,2517,96,0.107
788907033,Client actuel,40,M,2,Lycée (équivalent baccalauréat),Non connu,$80K - $120K,Blue,26,3,1,2077,73,0.397
711136008,Client actuel,41,M,4,Licence,Célibataire,$80K - $120K,Blue,33,1,3,1298,93,0.041
716691783,Client actuel,46,F,3,Lycée (équivalent baccalauréat),Célibataire,Moins de $40K,Blue,36,2,3,2517,84,0.405
812618883,Client actuel,47,M,2,Lycée (équivalent baccalauréat),Divorcé(e),Non connu,Silver,42,2,2,2019,95,0.058
715908558,Client actuel,44,M,0,Licence,Non connu,$60K - $80K,Silver,36,1,1,1584,88,0.054
718024908,Client actuel,52,F,2,Licence,Non connu,Moins de $40K,Blue,40,1,3,1705,97,0.622
709558608,Client actuel,39,M,3,Sans diplôme,Célibataire,$80K - $120K,Blue,31,2,3,2065,73,0.726
824177733,Client actuel,53,F,2,Lycée (équivalent baccalauréat),Célibataire,Moins de $40K,Blue,49,2,3,1710,90,0.177
719784708,Client actuel,49,M,0,Non connu,Célibataire,$80K - $120K,Blue,36,2,1,1673,89,0.062
717535083,Client actuel,52,F,2,Master,Marié(e),Moins de $40K,Blue,40,2,1,1121,84,0.215
712453308,Client actuel,46,M,4,Lycée (équivalent baccalauréat),Divorcé(e),$40K - $60K,Silver,36,2,3,1356,84,0.09
721008933,Client actuel,44,F,2,Licence,Divorcé(e),$40K - $60K,Blue,36,1,2,1995,87,0.642
720859533,Client actuel,52,F,2,Lycée (équivalent baccalauréat),Célibataire,$40K - $60K,Blue,39,1,1,2379,105,0.195
789556533,Client actuel,52,M,4,Licence,Marié(e),$80K - $120K,Blue,45,2,3,1701,81,0.074
717656433,Client actuel,50,F,2,Licence,Célibataire,Moins de $40K,Blue,40,2,2,988,83,0.456
792524358,Client actuel,55,M,3,Lycée (équivalent baccalauréat),Célibataire,$80K - $120K,Gold,49,1,3,810,95,0.023
758211483,Client actuel,45,M,5,Non connu,Marié(e),$60K - $80K,Blue,38,2,3,2314,85,0.336
801380808,Client perdu,44,M,2,Doctorat,Marié(e),$80K - $120K,Blue,38,2,1,2517,49,0.097
716329383,Client perdu,46,F,3,Licence,Célibataire,$40K - $60K,Blue,36,2,3,986,56,0.314
716871633,Client actuel,49,M,1,Sans diplôme,Célibataire,$120K +,Blue,38,2,3,1858,93,0.154
718491708,Client actuel,53,F,2,Niveau Bac+2,Célibataire,Non connu,Blue,38,3,3,1435,89,0.086
787502883,Client actuel,60,F,1,Doctorat,Célibataire,Non connu,Silver,48,2,1,1542,98,0.045
715183308,Client actuel,47,M,3,Master,Non connu,Non connu,Silver,38,1,2,855,93,0.026
713872833,Client actuel,54,F,2,Licence,Célibataire,$40K - $60K,Blue,41,1,3,1845,80,0.172
708535158,Client actuel,39,M,2,Master,Non connu,$80K - $120K,Blue,29,1,3,1501,86,0.151
711658758,Client actuel,46,F,3,Sans diplôme,Marié(e),Moins de $40K,Blue,35,5,1,1101,82,0.532
717248583,Client actuel,43,F,3,Niveau Bac+2,Marié(e),Moins de $40K,Silver,34,2,2,1871,88,0.165
713087958,Client actuel,53,M,4,Lycée (équivalent baccalauréat),Divorcé(e),$120K +,Blue,36,3,2,1337,85,0.039
721495458,Client actuel,44,M,3,Licence,Marié(e),$60K - $80K,Blue,32,1,1,0,96,0.0
786097158,Client actuel,48,M,2,Lycée (équivalent baccalauréat),Marié(e),$40K - $60K,Blue,42,3,2,1559,92,0.177
712219083,Client actuel,41,M,3,Sans diplôme,Célibataire,$80K - $120K,Blue,28,3,3,1917,83,0.268
715327683,Client perdu,45,F,4,Master,Célibataire,$40K - $60K,Blue,36,3,3,2517,55,0.562
715624533,Client actuel,41,F,3,Non connu,Non connu,$40K - $60K,Blue,30,2,3,1272,97,0.237
715599633,Client actuel,51,M,1,Niveau Bac+2,Célibataire,$80K - $120K,Silver,38,3,2,0,89,0.0
718958583,Client perdu,44,M,4,Master,Marié(e),$80K - $120K,Blue,36,3,2,1606,59,0.678
717397983,Client actuel,39,M,2,Sans diplôme,Célibataire,$60K - $80K,Blue,29,2,3,958,98,0.041
715037133,Client actuel,40,M,3,Doctorat,Non connu,Moins de $40K,Blue,36,1,3,1771,83,0.386
818767458,Client actuel,41,M,3,Licence,Marié(e),$120K +,Blue,36,3,2,1130,97,0.172
778863258,Client perdu,46,F,4,Non connu,Marié(e),Non connu,Blue,27,2,3,0,62,0.0
712075083,Client perdu,50,M,4,Lycée (équivalent baccalauréat),Célibataire,$120K +,Blue,41,3,3,0,50,0.0
711963183,Client actuel,50,M,3,Sans diplôme,Marié(e),Moins de $40K,Blue,36,3,3,0,98,0.0
720903258,Client perdu,48,M,3,Non connu,Non connu,$60K - $80K,Blue,28,2,1,0,47,0.0
772404633,Client actuel,49,M,2,Licence,Marié(e),$80K - $120K,Silver,39,1,2,1118,74,0.032
713302758,Client actuel,49,M,2,Licence,Marié(e),$120K +,Blue,40,4,1,1448,92,0.099
717859233,Client actuel,41,M,5,Licence,Marié(e),$80K - $120K,Blue,37,3,2,2517,82,0.2
712955433,Client actuel,36,F,4,Sans diplôme,Non connu,$40K - $60K,Blue,16,2,2,1222,90,0.28
718292283,Client actuel,52,F,1,Lycée (équivalent baccalauréat),Célibataire,$40K - $60K,Blue,42,3,1,1970,75,0.577
713197308,Client actuel,42,M,4,Licence,Marié(e),$60K - $80K,Silver,33,2,1,0,82,0.0
789175683,Client actuel,49,F,2,Niveau Bac+2,Marié(e),Moins de $40K,Silver,38,3,2,2517,71,0.234
811700058,Client perdu,41,M,2,Licence,Marié(e),$60K - $80K,Gold,36,3,3,687,57,0.02
818476383,Client actuel,50,M,1,Non connu,Non connu,$120K +,Silver,45,2,0,1514,72,0.044
720164358,Client perdu,53,F,4,Licence,Célibataire,$40K - $60K,Blue,43,3,2,0,60,0.0
710357208,Client actuel,49,M,4,Sans diplôme,Marié(e),$80K - $120K,Blue,39,3,2,915,79,0.107
711325308,Client perdu,46,M,3,Non connu,Célibataire,$80K - $120K,Blue,34,3,3,0,64,0.0
721486908,Client actuel,51,F,5,Lycée (équivalent baccalauréat),Célibataire,Moins de $40K,Blue,36,1,1,2076,75,0.272
711210633,Client actuel,51,M,3,Sans diplôme,Célibataire,$60K - $80K,Blue,42,4,1,1124,76,0.585
712570458,Client actuel,51,F,2,Lycée (équivalent baccalauréat),Marié(e),Moins de $40K,Blue,33,1,3,1640,75,0.292
712058133,Client actuel,54,F,2,Niveau Bac+2,Célibataire,Moins de $40K,Blue,36,3,3,708,74,0.311
708153558,Client actuel,46,M,5,Doctorat,Divorcé(e),$120K +,Blue,31,2,2,1802,101,0.052
709893858,Client perdu,43,M,3,Master,Marié(e),$40K - $60K,Blue,36,2,2,2108,58,0.224
709225758,Client actuel,48,F,3,Master,Marié(e),Non connu,Blue,37,1,3,2474,86,0.331
709984083,Client actuel,43,F,3,Non connu,Célibataire,Moins de $40K,Blue,36,2,2,1281,90,0.333
711854808,Client perdu,41,M,3,Lycée (équivalent baccalauréat),Marié(e),$120K +,Blue,32,2,1,0,57,0.0
822125283,Client actuel,49,M,3,Sans diplôme,Marié(e),$80K - $120K,Blue,45,1,1,1351,74,0.283
717340608,Client actuel,51,F,3,Lycée (équivalent baccalauréat),Célibataire,Non connu,Gold,39,1,2,1873,104,0.054
711084183,Client actuel,47,F,5,Sans diplôme,Non connu,$40K - $60K,Blue,42,2,3,2265,80,0.438
720891633,Client perdu,53,F,2,Lycée (équivalent baccalauréat),Célibataire,Moins de $40K,Blue,46,1,2,0,59,0.0
719607183,Client actuel,55,F,2,Licence,Célibataire,Non connu,Blue,42,3,2,1631,95,0.077
715839708,Client actuel,51,M,1,Licence,Marié(e),$120K +,Blue,39,3,2,2452,82,0.071
717008358,Client actuel,40,F,1,Non connu,Marié(e),Moins de $40K,Blue,36,2,2,0,88,0.0
769152783,Client perdu,60,F,2,Lycée (équivalent baccalauréat),Célibataire,Moins de $40K,Blue,54,8,2,1811,53,0.222
788240358,Client actuel,40,F,5,Licence,Marié(e),Non connu,Silver,24,1,2,686,83,0.021
716098683,Client actuel,46,F,5,Licence,Non connu,Non connu,Blue,36,3,1,1816,93,0.33
802675983,Client actuel,42,F,3,Licence,Marié(e),Moins de $40K,Blue,33,3,1,1544,80,0.407
712716108,Client actuel,46,F,2,Licence,Célibataire,Moins de $40K,Blue,36,1,1,2130,86,0.368
709238358,Client actuel,51,F,0,Sans diplôme,Marié(e),Non connu,Blue,39,3,2,810,87,0.042
708682908,Client actuel,43,F,4,Non connu,Célibataire,Non connu,Blue,28,2,1,1934,87,0.681
812794983,Client actuel,41,F,3,Niveau Bac+2,Marié(e),Moins de $40K,Blue,31,2,2,1974,87,0.483
708968733,Client actuel,47,M,3,Sans diplôme,Marié(e),$80K - $120K,Blue,38,3,2,0,83,0.0
779315508,Client perdu,43,M,4,Master,Célibataire,$40K - $60K,Blue,25,2,2,1974,48,0.218
740065833,Client actuel,47,F,3,Licence,Célibataire,Moins de $40K,Silver,40,2,2,2517,93,0.226
721063533,Client actuel,51,M,2,Licence,Célibataire,$40K - $60K,Blue,41,3,3,2058,75,0.672
718189908,Client actuel,44,F,4,Non connu,Non connu,$40K - $60K,Gold,31,2,3,2135,86,0.089
780064983,Client actuel,44,M,1,Licence,Marié(e),$80K - $120K,Gold,29,1,3,942,86,0.027
770920908,Client actuel,39,F,0,Non connu,Célibataire,$40K - $60K,Silver,26,1,1,1146,82,0.052
718046433,Client actuel,53,F,2,Licence,Non connu,Moins de $40K,Blue,35,2,3,693,86,0.315
711842508,Client actuel,45,M,3,Sans diplôme,Non connu,$80K - $120K,Blue,33,3,3,1580,87,0.17
772869033,Client actuel,47,M,3,Non connu,Célibataire,$120K +,Gold,38,4,3,1342,89,0.039
715298808,Client actuel,40,M,2,Lycée (équivalent baccalauréat),Divorcé(e),$40K - $60K,Blue,32,3,2,1618,88,0.214
708877458,Client actuel,50,F,3,Sans diplôme,Marié(e),Non connu,Blue,34,3,3,0,94,0.0
787496733,Client actuel,47,F,2,Sans diplôme,Marié(e),Non connu,Blue,35,1,1,1287,79,0.085
789469083,Client actuel,55,M,2,Non connu,Célibataire,$80K - $120K,Blue,46,1,1,0,81,0.0
709497108,Client actuel,44,F,2,Lycée (équivalent baccalauréat),Marié(e),Moins de $40K,Blue,36,1,0,1322,106,0.199
784819758,Client actuel,54,F,1,Licence,Célibataire,Non connu,Blue,48,1,2,2128,94,0.248
720412308,Client actuel,40,M,4,Non connu,Marié(e),$80K - $120K,Blue,36,1,1,2330,75,0.068
719178183,Client actuel,50,M,2,Licence,Marié(e),$80K - $120K,Silver,42,3,3,2517,85,0.073
789560433,Client perdu,49,M,3,Master,Célibataire,$60K - $80K,Blue,42,7,2,0,53,0.0
712931733,Client actuel,49,F,4,Licence,Célibataire,Moins de $40K,Blue,36,1,3,1257,82,0.477
714417183,Client actuel,39,F,1,Sans diplôme,Non connu,Moins de $40K,Blue,31,3,1,2220,95,0.233
771097683,Client perdu,43,M,2,Lycée (équivalent baccalauréat),Célibataire,$120K +,Blue,30,2,2,2517,58,0.231
713824983,Client actuel,43,F,0,Lycée (équivalent baccalauréat),Marié(e),Moins de $40K,Blue,35,1,0,1085,98,0.129
715360458,Client actuel,45,F,3,Licence,Divorcé(e),Non connu,Blue,36,3,2,1980,90,0.16
711736083,Client perdu,47,F,4,Niveau Bac+2,Divorcé(e),Non connu,Blue,36,3,3,274,54,0.04
714821433,Client actuel,45,F,4,Niveau Bac+2,Marié(e),Moins de $40K,Blue,36,1,1,0,80,0.0
779263533,Client actuel,34,F,2,Licence,Non connu,Non connu,Silver,16,2,1,1731,76,0.054
773988708,Client actuel,52,M,2,Sans diplôme,Marié(e),$120K +,Silver,43,2,2,1588,81,0.046
719623083,Client actuel,33,F,1,Doctorat,Non connu,Moins de $40K,Gold,24,3,2,1992,81,0.125
718304583,Client perdu,43,M,2,Non connu,Marié(e),$60K - $80K,Gold,33,3,2,1085,54,0.031
720198183,Client actuel,42,M,5,Niveau Bac+2,Marié(e),$40K - $60K,Blue,27,3,1,1718,77,0.705
780545133,Client actuel,49,M,3,Licence,Célibataire,$80K - $120K,Blue,36,3,1,985,91,0.216
711128433,Client actuel,55,M,3,Sans diplôme,Célibataire,$40K - $60K,Blue,36,3,3,829,91,0.076
789960783,Client actuel,39,F,1,Licence,Non connu,Moins de $40K,Silver,30,2,3,1630,81,0.157
709556208,Client actuel,40,F,3,Niveau Bac+2,Célibataire,$40K - $60K,Silver,28,1,2,1873,94,0.084
712053033,Client actuel,46,M,2,Non connu,Célibataire,$80K - $120K,Blue,34,3,2,1411,81,0.367
794482158,Client actuel,46,M,3,Niveau Bac+2,Célibataire,$80K - $120K,Silver,32,1,3,1954,69,0.057
780450708,Client perdu,58,M,1,Niveau Bac+2,Marié(e),$120K +,Silver,45,3,2,0,48,0.0
710016708,Client actuel,44,F,3,Licence,Marié(e),Moins de $40K,Silver,26,3,1,1802,90,0.166
709434408,Client actuel,42,M,3,Non connu,Marié(e),$40K - $60K,Blue,26,1,2,1481,95,0.253
778716783,Client actuel,50,M,2,Non connu,Marié(e),$60K - $80K,Blue,32,2,1,1970,96,0.171
712447758,Client actuel,46,M,2,Licence,Marié(e),$80K - $120K,Blue,39,2,3,2517,82,0.211
779435883,Client actuel,37,M,3,Lycée (équivalent baccalauréat),Non connu,$80K - $120K,Blue,19,2,2,0,79,0.0
719918358,Client actuel,57,F,3,Licence,Non connu,Moins de $40K,Blue,36,2,1,2507,89,0.813
720474408,Client actuel,52,M,2,Licence,Célibataire,$40K - $60K,Blue,41,2,2,1898,87,0.204
719401158,Client actuel,62,F,0,Master,Célibataire,$40K - $60K,Blue,53,2,3,0,97,0.0
778430733,Client actuel,45,M,5,Lycée (équivalent baccalauréat),Non connu,$60K - $80K,Blue,25,5,1,1461,82,0.118
717583908,Client actuel,57,M,1,Lycée (équivalent baccalauréat),Célibataire,$80K - $120K,Blue,45,6,1,1395,81,0.093
823519458,Client actuel,44,F,3,Licence,Marié(e),Moins de $40K,Blue,40,1,3,2151,94,0.334
712381683,Client actuel,42,F,4,Non connu,Marié(e),Non connu,Blue,36,4,2,837,80,0.112
716045508,Client actuel,40,F,2,Non connu,Célibataire,Moins de $40K,Blue,36,2,3,1054,85,0.295
820936533,Client actuel,47,M,3,Licence,Non connu,Moins de $40K,Blue,43,3,3,1950,93,0.701
721227258,Client actuel,51,M,1,Master,Marié(e),$120K +,Silver,31,5,2,1991,79,0.058
771304383,Client actuel,45,F,3,Lycée (équivalent baccalauréat),Marié(e),Moins de $40K,Blue,33,2,3,2507,86,0.601
717600483,Client actuel,50,M,2,Non connu,Marié(e),$60K - $80K,Blue,43,2,1,628,87,0.027
778865583,Client actuel,46,M,3,Licence,Marié(e),Moins de $40K,Blue,27,2,2,1502,89,0.216
709871658,Client actuel,47,F,1,Non connu,Célibataire,Moins de $40K,Blue,36,3,3,2345,86,0.329
818280108,Client actuel,43,F,4,Lycée (équivalent baccalauréat),Célibataire,Moins de $40K,Blue,38,1,1,0,91,0.0
716350008,Client actuel,52,M,1,Sans diplôme,Marié(e),$40K - $60K,Blue,36,2,3,1633,102,0.556
778172583,Client actuel,46,F,3,Lycée (équivalent baccalauréat),Célibataire,Moins de $40K,Blue,36,3,2,2399,86,0.362
719121708,Client actuel,41,M,2,Licence,Marié(e),$60K - $80K,Silver,31,3,3,2192,92,0.07
714342033,Client perdu,52,M,1,Lycée (équivalent baccalauréat),Marié(e),$120K +,Blue,34,3,1,0,56,0.0
788811558,Client actuel,52,F,1,Lycée (équivalent baccalauréat),Marié(e),Moins de $40K,Blue,35,3,3,1022,65,0.522
788943333,Client perdu,51,M,3,Master,Marié(e),$80K - $120K,Silver,37,2,2,989,55,0.029
719258433,Client actuel,49,M,5,Licence,Célibataire,$60K - $80K,Blue,42,1,3,2018,91,0.259
717895833,Client actuel,55,M,3,Niveau Bac+2,Célibataire,$120K +,Blue,44,2,3,1837,99,0.285
711550983,Client actuel,46,M,1,Licence,Divorcé(e),$40K - $60K,Blue,37,2,2,1175,107,0.104
714077583,Client perdu,53,M,3,Master,Marié(e),$40K - $60K,Platinum,31,3,5,593,65,0.025
720939933,Client perdu,46,F,4,Non connu,Célibataire,Moins de $40K,Blue,33,3,5,0,56,0.0
716725008,Client actuel,49,M,4,Lycée (équivalent baccalauréat),Marié(e),$80K - $120K,Blue,40,3,2,2191,94,0.286
788824083,Client actuel,41,M,2,Sans diplôme,Célibataire,$120K +,Blue,24,2,1,1022,88,0.03
716335983,Client actuel,37,M,2,Lycée (équivalent baccalauréat),Célibataire,$80K - $120K,Blue,36,2,3,1590,85,0.237
719157933,Client actuel,51,M,2,Sans diplôme,Marié(e),$120K +,Blue,40,3,1,1429,85,0.13
716704158,Client actuel,50,M,1,Doctorat,Marié(e),$120K +,Blue,39,3,2,2517,86,0.073
716258358,Client actuel,57,M,2,Sans diplôme,Célibataire,$60K - $80K,Blue,36,1,3,1534,82,0.067
827904183,Client actuel,40,M,4,Sans diplôme,Marié(e),$120K +,Blue,36,2,2,1377,83,0.078
820394733,Client actuel,52,M,0,Niveau Bac+2,Marié(e),$120K +,Gold,47,1,1,1464,87,0.042
716574033,Client actuel,45,F,3,Lycée (équivalent baccalauréat),Divorcé(e),$40K - $60K,Silver,36,2,2,1829,86,0.102
736786908,Client actuel,48,F,2,Niveau Bac+2,Marié(e),Moins de $40K,Blue,41,2,2,2517,85,0.454
774099708,Client actuel,39,F,3,Lycée (équivalent baccalauréat),Célibataire,Moins de $40K,Blue,33,1,2,0,86,0.0
714282333,Client actuel,49,F,4,Niveau Bac+2,Marié(e),Moins de $40K,Blue,36,1,2,0,97,0.0
717471933,Client actuel,45,M,2,Non connu,Marié(e),$40K - $60K,Blue,27,2,3,1434,89,0.247
818316108,Client actuel,43,F,1,Licence,Marié(e),Moins de $40K,Blue,38,2,1,1421,72,0.557
709838508,Client actuel,45,M,3,Licence,Divorcé(e),$60K - $80K,Silver,31,1,3,1509,91,0.044
716212383,Client perdu,38,M,1,Lycée (équivalent baccalauréat),Célibataire,$120K +,Blue,30,3,3,2415,59,0.222
757667133,Client perdu,54,M,2,Niveau Bac+2,Célibataire,$80K - $120K,Blue,47,2,2,0,53,0.0
794571108,Client perdu,39,M,2,Licence,Divorcé(e),$40K - $60K,Silver,23,2,3,304,63,0.017
711370458,Client actuel,49,F,5,Licence,Marié(e),Moins de $40K,Gold,38,2,2,2016,84,0.134
788528958,Client actuel,45,M,4,Licence,Célibataire,$120K +,Blue,38,1,3,0,79,0.0
716745408,Client actuel,54,M,1,Lycée (équivalent baccalauréat),Célibataire,$80K - $120K,Blue,36,2,3,1998,81,0.156
771752508,Client actuel,40,F,3,Doctorat,Marié(e),Moins de $40K,Blue,29,1,1,1844,84,0.396
788916933,Client actuel,49,M,5,Niveau Bac+2,Marié(e),$60K - $80K,Gold,35,2,2,1064,81,0.031
714938733,Client perdu,48,M,1,Master,Marié(e),$80K - $120K,Blue,38,2,2,0,49,0.0
761818758,Client actuel,43,M,1,Licence,Célibataire,Non connu,Blue,36,1,2,1079,86,0.096
714422058,Client actuel,42,M,3,Licence,Célibataire,$120K +,Blue,36,2,3,2446,86,0.077
712191783,Client actuel,49,M,4,Lycée (équivalent baccalauréat),Marié(e),$120K +,Gold,36,1,1,1634,94,0.047
716319258,Client actuel,43,M,4,Sans diplôme,Célibataire,$120K +,Blue,36,1,3,1742,82,0.05
719813058,Client actuel,44,F,5,Non connu,Marié(e),Moins de $40K,Blue,34,1,3,1235,88,0.496
712351908,Client actuel,45,M,3,Lycée (équivalent baccalauréat),Non connu,$80K - $120K,Blue,34,2,3,1655,81,0.063
716742483,Client actuel,38,F,1,Licence,Célibataire,Moins de $40K,Blue,29,3,3,1134,100,0.151
708160008,Client actuel,44,M,1,Sans diplôme,Marié(e),$120K +,Blue,33,2,3,1058,84,0.031
709269708,Client perdu,45,M,4,Licence,Marié(e),$120K +,Platinum,34,2,1,1488,95,0.043
779098308,Client actuel,51,F,2,Niveau Bac+2,Marié(e),Non connu,Blue,32,3,2,2517,96,0.167
717257658,Client actuel,41,M,3,Licence,Célibataire,$80K - $120K,Blue,29,2,1,1942,84,0.208
775112958,Client actuel,51,M,1,Non connu,Marié(e),$60K - $80K,Blue,45,3,3,0,72,0.0
788812608,Client actuel,56,F,2,Sans diplôme,Célibataire,Moins de $40K,Blue,39,2,3,1684,79,0.192
711002058,Client actuel,42,M,4,Non connu,Célibataire,$40K - $60K,Blue,33,3,1,2410,94,0.454
716199408,Client perdu,52,F,2,Licence,Célibataire,Non connu,Blue,41,3,3,2517,53,0.698
718100808,Client actuel,49,F,1,Sans diplôme,Marié(e),Moins de $40K,Gold,37,3,1,2065,100,0.129
790051758,Client perdu,50,M,2,Licence,Marié(e),$120K +,Blue,42,1,2,0,53,0.0
772430733,Client actuel,42,M,2,Licence,Marié(e),$120K +,Blue,32,1,1,1440,88,0.042
713460258,Client actuel,45,F,0,Doctorat,Marié(e),$40K - $60K,Silver,36,1,3,933,89,0.049
820036533,Client actuel,50,M,4,Non connu,Marié(e),$80K - $120K,Blue,45,1,3,1466,87,0.042
719785683,Client actuel,41,M,4,Master,Marié(e),$80K - $120K,Blue,36,2,2,1573,102,0.072
711830433,Client actuel,44,F,3,Niveau Bac+2,Célibataire,Moins de $40K,Blue,32,2,1,1051,87,0.133
807393558,Client perdu,51,M,4,Non connu,Marié(e),$120K +,Silver,46,3,3,1279,49,0.037
718306308,Client actuel,48,M,4,Licence,Marié(e),$80K - $120K,Blue,36,2,3,1793,81,0.064
772725408,Client actuel,40,M,3,Sans diplôme,Divorcé(e),$60K - $80K,Blue,30,3,2,2517,84,0.103
711183558,Client actuel,49,M,0,Lycée (équivalent baccalauréat),Célibataire,$80K - $120K,Blue,39,1,3,1291,98,0.581
720317658,Client actuel,43,M,2,Licence,Célibataire,$80K - $120K,Blue,35,2,2,961,82,0.164
710596983,Client actuel,51,M,1,Sans diplôme,Célibataire,$80K - $120K,Blue,37,3,2,2416,96,0.088
716986458,Client actuel,44,F,3,Lycée (équivalent baccalauréat),Célibataire,Non connu,Blue,36,3,2,1575,101,0.161
717382608,Client actuel,59,M,1,Licence,Célibataire,$60K - $80K,Silver,36,2,2,2517,86,0.094
825767658,Client actuel,49,M,2,Licence,Célibataire,$60K - $80K,Gold,45,3,1,913,80,0.026
717513933,Client actuel,38,M,3,Niveau Bac+2,Célibataire,$120K +,Blue,26,2,1,0,90,0.0
789186858,Client actuel,52,M,2,Licence,Marié(e),$80K - $120K,Blue,41,5,1,928,97,0.028
717658758,Client actuel,49,M,4,Licence,Célibataire,$120K +,Silver,36,2,2,0,99,0.0
715575258,Client actuel,47,M,2,Licence,Célibataire,$40K - $60K,Blue,35,6,3,1957,93,0.338
714975633,Client actuel,51,F,2,Lycée (équivalent baccalauréat),Célibataire,Non connu,Blue,36,1,2,1347,85,0.581
715396983,Client actuel,46,M,1,Sans diplôme,Marié(e),$80K - $120K,Blue,36,3,2,1769,95,0.1
712624383,Client actuel,52,M,4,Niveau Bac+2,Célibataire,$80K - $120K,Silver,41,1,2,1701,99,0.049
721335558,Client actuel,57,F,2,Licence,Célibataire,Moins de $40K,Blue,36,2,3,1686,101,0.26
711167808,Client perdu,40,M,4,Non connu,Célibataire,$60K - $80K,Blue,30,3,7,0,65,0.0
713761608,Client actuel,44,M,3,Licence,Divorcé(e),$60K - $80K,Silver,34,3,3,1652,90,0.048
713367858,Client actuel,47,M,3,Non connu,Célibataire,$40K - $60K,Blue,36,2,2,1748,85,0.705
710489583,Client actuel,41,F,3,Licence,Non connu,Moins de $40K,Blue,36,1,1,1040,91,0.21
720422358,Client actuel,42,M,1,Master,Célibataire,$60K - $80K,Gold,36,1,2,2276,90,0.066
772098858,Client actuel,44,F,4,Sans diplôme,Marié(e),Non connu,Blue,33,2,1,1333,84,0.162
789304983,Client actuel,44,M,0,Non connu,Marié(e),$40K - $60K,Silver,34,1,2,1864,97,0.084
779257233,Client actuel,47,M,2,Sans diplôme,Célibataire,$120K +,Blue,29,3,2,1974,90,0.068
717579258,Client perdu,36,M,1,Non connu,Non connu,$40K - $60K,Blue,36,3,3,1462,50,0.212
709418508,Client actuel,45,M,2,Licence,Marié(e),$60K - $80K,Blue,35,2,3,1693,93,0.221
778439883,Client actuel,50,M,1,Lycée (équivalent baccalauréat),Non connu,$80K - $120K,Blue,31,2,2,769,93,0.029
716063583,Client actuel,41,M,3,Lycée (équivalent baccalauréat),Divorcé(e),$60K - $80K,Blue,32,2,1,2109,85,0.464
716609433,Client perdu,55,M,2,Lycée (équivalent baccalauréat),Divorcé(e),$120K +,Blue,46,3,2,2517,63,0.15
721053633,Client actuel,45,M,2,Niveau Bac+2,Célibataire,$40K - $60K,Blue,31,2,1,1425,101,0.218
711559008,Client actuel,40,F,4,Master,Célibataire,$40K - $60K,Blue,28,1,2,1501,92,0.129
718698558,Client actuel,43,M,3,Niveau Bac+2,Célibataire,$80K - $120K,Blue,34,2,2,1324,106,0.246
770190258,Client actuel,49,F,3,Licence,Marié(e),Moins de $40K,Blue,43,1,1,0,93,0.0
709008708,Client actuel,47,M,3,Niveau Bac+2,Marié(e),Moins de $40K,Blue,34,1,2,0,92,0.0
823922208,Client actuel,49,M,3,Non connu,Célibataire,$60K - $80K,Blue,45,1,1,1101,103,0.519
718457058,Client actuel,43,M,4,Lycée (équivalent baccalauréat),Marié(e),$40K - $60K,Blue,35,1,1,2517,74,0.731
708472008,Client actuel,44,F,3,Sans diplôme,Marié(e),Moins de $40K,Blue,36,3,3,1839,95,0.275
710395233,Client actuel,42,F,2,Licence,Célibataire,Non connu,Silver,36,2,3,1066,98,0.031
716732958,Client actuel,44,F,2,Lycée (équivalent baccalauréat),Marié(e),$40K - $60K,Blue,32,2,3,2031,90,0.28
780108408,Client actuel,52,M,2,Licence,Marié(e),$80K - $120K,Blue,37,3,1,1369,82,0.04
720962208,Client perdu,42,M,2,Master,Marié(e),$60K - $80K,Blue,27,2,2,2250,48,0.909
714019083,Client actuel,40,F,1,Licence,Marié(e),Moins de $40K,Blue,30,1,3,803,102,0.398
721225083,Client actuel,54,F,2,Non connu,Divorcé(e),Moins de $40K,Blue,36,2,1,1511,89,0.173
819109308,Client actuel,62,M,0,Licence,Divorcé(e),$60K - $80K,Blue,56,3,3,2517,92,0.412
721029858,Client actuel,52,F,3,Licence,Célibataire,Moins de $40K,Blue,36,1,2,1458,109,0.673
716762733,Client actuel,50,F,2,Doctorat,Célibataire,Moins de $40K,Blue,40,1,1,1634,94,0.474
710260983,Client actuel,51,F,4,Licence,Divorcé(e),Moins de $40K,Blue,36,3,2,2512,91,0.842
793608258,Client perdu,54,F,3,Licence,Célibataire,$60K - $80K,Silver,48,6,2,0,50,0.0
719677758,Client actuel,39,F,1,Non connu,Marié(e),$40K - $60K,Blue,36,1,3,2184,88,0.202
771411408,Client perdu,50,M,1,Master,Non connu,$80K - $120K,Blue,38,3,5,0,54,0.0
794191008,Client actuel,46,M,2,Niveau Bac+2,Marié(e),$120K +,Blue,40,2,2,1649,87,0.048
708905733,Client actuel,45,M,5,Sans diplôme,Célibataire,$60K - $80K,Blue,32,2,1,1989,91,0.096
788327358,Client actuel,61,M,1,Licence,Célibataire,Non connu,Blue,54,1,3,2097,102,0.231
751974258,Client actuel,51,M,3,Non connu,Non connu,$120K +,Blue,44,2,3,0,93,0.0
805516608,Client actuel,50,M,1,Licence,Marié(e),$80K - $120K,Silver,45,1,3,925,84,0.027
720006333,Client perdu,48,M,2,Niveau Bac+2,Divorcé(e),$80K - $120K,Blue,40,3,3,0,63,0.0
780114558,Client actuel,50,M,1,Lycée (équivalent baccalauréat),Marié(e),Moins de $40K,Blue,35,1,3,2264,118,0.571
713090658,Client actuel,58,F,2,Sans diplôme,Célibataire,Non connu,Blue,44,2,2,1407,98,0.541
718889508,Client actuel,46,M,2,Niveau Bac+2,Divorcé(e),$60K - $80K,Blue,37,3,1,1223,99,0.121
824799108,Client actuel,46,F,3,Lycée (équivalent baccalauréat),Marié(e),$40K - $60K,Blue,42,2,1,1874,90,0.172
788618208,Client actuel,42,F,5,Non connu,Célibataire,Moins de $40K,Blue,30,3,3,0,90,0.0
713133258,Client actuel,38,M,3,Non connu,Célibataire,$80K - $120K,Silver,36,2,3,2008,86,0.058
717370533,Client actuel,40,M,3,Master,Célibataire,$120K +,Blue,26,2,1,2088,89,0.06
720425508,Client actuel,43,M,5,Licence,Célibataire,$80K - $120K,Blue,36,1,3,696,93,0.097
712948383,Client actuel,48,M,4,Licence,Marié(e),$60K - $80K,Gold,36,6,1,0,100,0.0
712839633,Client actuel,38,M,2,Sans diplôme,Célibataire,$80K - $120K,Blue,22,1,3,1595,97,0.046
820330008,Client actuel,46,M,5,Lycée (équivalent baccalauréat),Marié(e),$120K +,Blue,42,1,3,1540,98,0.047
826150608,Client actuel,44,M,4,Sans diplôme,Non connu,$40K - $60K,Silver,40,1,2,1378,98,0.076
779187783,Client actuel,50,M,2,Non connu,Célibataire,$80K - $120K,Blue,38,3,1,1813,77,0.074
720809358,Client actuel,39,M,1,Niveau Bac+2,Non connu,$40K - $60K,Blue,32,1,3,2317,98,0.475
714054408,Client actuel,50,M,3,Niveau Bac+2,Non connu,$60K - $80K,Blue,42,2,3,1822,79,0.141
789827208,Client actuel,41,F,5,Licence,Marié(e),Moins de $40K,Blue,31,3,1,1692,92,0.225
718308558,Client actuel,49,F,4,Licence,Divorcé(e),Moins de $40K,Blue,37,6,1,1155,93,0.628
801064833,Client actuel,42,M,3,Licence,Marié(e),$80K - $120K,Blue,36,1,2,2129,91,0.071
719838558,Client actuel,46,M,2,Sans diplôme,Célibataire,$60K - $80K,Blue,35,1,1,1484,92,0.289
714510483,Client actuel,44,M,3,Licence,Célibataire,$80K - $120K,Gold,36,3,3,2517,87,0.073
718246458,Client actuel,53,M,3,Licence,Célibataire,$80K - $120K,Blue,45,1,2,1984,105,0.082
710822808,Client actuel,51,M,0,Niveau Bac+2,Célibataire,$80K - $120K,Blue,33,3,1,1228,89,0.036
791730183,Client perdu,38,F,2,Niveau Bac+2,Non connu,$60K - $80K,Blue,32,2,7,1817,50,0.246
709722858,Client actuel,50,M,1,Licence,Marié(e),$60K - $80K,Blue,37,2,2,1357,88,0.066
712582983,Client perdu,47,F,3,Licence,Marié(e),$60K - $80K,Silver,36,3,1,1381,54,0.098
714999483,Client actuel,38,M,4,Sans diplôme,Non connu,$80K - $120K,Silver,36,1,2,1132,106,0.033
711388458,Client actuel,45,M,3,Lycée (équivalent baccalauréat),Marié(e),$60K - $80K,Blue,36,5,1,1519,99,0.089
796174983,Client actuel,52,M,2,Lycée (équivalent baccalauréat),Célibataire,$80K - $120K,Blue,46,3,3,1168,94,0.045
712918083,Client actuel,44,F,1,Non connu,Célibataire,Moins de $40K,Blue,33,3,1,768,88,0.347
715459158,Client actuel,35,F,4,Lycée (équivalent baccalauréat),Non connu,Non connu,Blue,26,1,2,0,97,0.0
712687083,Client actuel,44,M,3,Licence,Marié(e),$60K - $80K,Blue,24,1,3,0,83,0.0
713003358,Client perdu,40,M,3,Licence,Marié(e),$80K - $120K,Blue,30,2,2,159,40,0.005
812443458,Client actuel,57,M,4,Licence,Célibataire,$120K +,Blue,52,3,2,0,94,0.0
712984983,Client actuel,43,F,2,Non connu,Marié(e),Moins de $40K,Blue,30,3,2,1853,101,0.824
708826158,Client actuel,45,F,4,Sans diplôme,Divorcé(e),$40K - $60K,Blue,27,2,1,1684,100,0.459
788725608,Client actuel,44,F,3,Licence,Célibataire,Moins de $40K,Blue,17,2,3,1149,102,0.13
717559533,Client actuel,47,M,3,Licence,Marié(e),$120K +,Silver,42,3,1,1161,100,0.034
720443358,Client actuel,50,M,2,Non connu,Marié(e),$60K - $80K,Blue,36,3,1,1250,84,0.156
806694333,Client actuel,44,F,4,Non connu,Marié(e),Moins de $40K,Blue,39,1,1,1779,73,0.642
709770408,Client actuel,51,M,2,Licence,Marié(e),$120K +,Silver,36,1,2,1702,98,0.049
718259433,Client perdu,45,F,3,Lycée (équivalent baccalauréat),Marié(e),Non connu,Blue,40,7,2,0,63,0.0
770705208,Client actuel,44,F,2,Non connu,Célibataire,Moins de $40K,Gold,30,3,3,630,91,0.041
720655833,Client perdu,48,F,4,Lycée (équivalent baccalauréat),Marié(e),$40K - $60K,Blue,30,3,2,0,56,0.0
797898858,Client actuel,40,F,2,Sans diplôme,Célibataire,Moins de $40K,Blue,34,2,1,2085,88,0.439
779548008,Client actuel,50,M,2,Licence,Célibataire,$80K - $120K,Silver,35,2,3,0,83,0.0
718388733,Client actuel,38,F,1,Niveau Bac+2,Non connu,Moins de $40K,Blue,32,3,3,1259,96,0.483
711742758,Client perdu,43,F,5,Niveau Bac+2,Marié(e),$40K - $60K,Blue,32,3,1,0,74,0.0
757863258,Client actuel,45,F,4,Licence,Non connu,Moins de $40K,Blue,38,2,1,887,84,0.37
711947358,Client actuel,49,M,4,Sans diplôme,Marié(e),$120K +,Blue,38,3,1,1208,83,0.064
712157958,Client perdu,44,M,3,Lycée (équivalent baccalauréat),Marié(e),$80K - $120K,Blue,36,3,2,0,42,0.0
814760358,Client actuel,53,M,3,Licence,Non connu,$40K - $60K,Blue,48,2,2,1997,82,0.137
710192283,Client actuel,46,M,4,Master,Marié(e),$40K - $60K,Blue,36,2,2,1180,91,0.532
718977483,Client actuel,56,M,4,Licence,Célibataire,$80K - $120K,Blue,46,3,1,1388,91,0.054
712129158,Client actuel,63,M,0,Sans diplôme,Célibataire,$60K - $80K,Blue,36,3,1,1096,104,0.137
714880533,Client actuel,40,M,5,Licence,Célibataire,$40K - $60K,Blue,36,2,3,1741,99,0.611
808287408,Client actuel,45,M,5,Licence,Marié(e),$80K - $120K,Blue,40,2,0,1151,100,0.039
709619433,Client actuel,52,M,2,Doctorat,Marié(e),$120K +,Blue,44,2,2,1382,108,0.04
708881583,Client actuel,50,M,2,Sans diplôme,Marié(e),$40K - $60K,Blue,43,3,1,1332,95,0.107
711332883,Client perdu,62,M,1,Lycée (équivalent baccalauréat),Célibataire,$60K - $80K,Blue,46,3,3,2477,73,0.328
717696333,Client perdu,44,M,4,Non connu,Marié(e),$120K +,Blue,36,3,3,0,60,0.0
820587258,Client actuel,45,F,4,Licence,Marié(e),Moins de $40K,Silver,40,5,2,0,94,0.0
768733533,Client actuel,53,M,5,Sans diplôme,Non connu,$80K - $120K,Blue,47,3,2,1612,88,0.689
779779083,Client actuel,38,F,3,Lycée (équivalent baccalauréat),Célibataire,$40K - $60K,Gold,26,2,1,0,103,0.0
720735408,Client actuel,44,F,4,Doctorat,Marié(e),$40K - $60K,Blue,30,3,1,1643,109,0.26
819160158,Client actuel,42,M,3,Sans diplôme,Marié(e),$40K - $60K,Blue,37,3,3,1724,88,0.348
804601833,Client actuel,44,M,2,Lycée (équivalent baccalauréat),Non connu,$60K - $80K,Silver,39,2,3,1601,86,0.046
714823308,Client actuel,55,F,3,Niveau Bac+2,Célibataire,Moins de $40K,Gold,35,3,3,1973,98,0.123
711577458,Client actuel,52,F,1,Sans diplôme,Célibataire,Moins de $40K,Blue,36,2,1,1855,95,0.572
787539333,Client actuel,48,M,4,Licence,Marié(e),$60K - $80K,Blue,37,2,3,2517,88,0.345
716806383,Client actuel,48,M,4,Licence,Marié(e),$80K - $120K,Blue,40,1,3,1506,122,0.053
812230308,Client actuel,47,M,2,Licence,Marié(e),$40K - $60K,Blue,42,3,3,1657,100,0.682
778420383,Client actuel,49,M,1,Licence,Marié(e),$120K +,Blue,29,3,2,2045,109,0.267
774012933,Client actuel,47,F,3,Niveau Bac+2,Divorcé(e),$40K - $60K,Blue,41,2,1,2073,92,0.322
718756533,Client actuel,47,M,2,Sans diplôme,Marié(e),$80K - $120K,Blue,41,2,1,1497,105,0.112
812224983,Client actuel,56,M,2,Licence,Célibataire,$120K +,Blue,51,1,2,1340,100,0.287
714284358,Client actuel,61,M,1,Sans diplôme,Célibataire,$40K - $60K,Blue,52,1,1,1329,82,0.61
709530408,Client actuel,45,M,4,Doctorat,Célibataire,$120K +,Gold,36,3,1,1411,96,0.041
750690258,Client actuel,49,F,2,Licence,Marié(e),Moins de $40K,Blue,39,3,3,1995,103,0.707
716283108,Client actuel,44,F,4,Sans diplôme,Marié(e),Moins de $40K,Blue,36,2,3,1133,88,0.167
718353633,Client perdu,50,M,1,Master,Non connu,$80K - $120K,Gold,36,3,2,0,75,0.0
718528833,Client actuel,51,M,1,Lycée (équivalent baccalauréat),Célibataire,$120K +,Blue,43,3,2,1825,101,0.06
718006608,Client actuel,44,F,5,Sans diplôme,Célibataire,Moins de $40K,Blue,36,3,1,1163,100,0.15
710569233,Client actuel,46,M,3,Non connu,Célibataire,$80K - $120K,Blue,35,1,1,1440,100,0.122
718694658,Client actuel,41,M,4,Non connu,Marié(e),$80K - $120K,Blue,32,1,3,1607,90,0.056
779293308,Client actuel,51,M,4,Licence,Marié(e),$60K - $80K,Silver,33,3,3,2059,103,0.08
718276758,Client actuel,52,F,1,Licence,Célibataire,$40K - $60K,Blue,40,1,2,890,97,0.189
712654233,Client actuel,39,M,3,Lycée (équivalent baccalauréat),Marié(e),$80K - $120K,Blue,27,3,1,1093,85,0.057
719296383,Client actuel,38,M,2,Lycée (équivalent baccalauréat),Célibataire,$60K - $80K,Gold,18,2,3,1494,85,0.043
808279158,Client actuel,51,M,3,Licence,Marié(e),$80K - $120K,Blue,46,3,1,1429,99,0.121
780497958,Client actuel,41,M,3,Lycée (équivalent baccalauréat),Divorcé(e),$80K - $120K,Blue,28,3,3,2118,99,0.127
715519983,Client actuel,43,M,2,Master,Marié(e),$60K - $80K,Blue,34,1,3,1448,94,0.107
708568983,Client actuel,40,M,3,Lycée (équivalent baccalauréat),Marié(e),$60K - $80K,Blue,28,3,1,2365,113,0.206
823648983,Client actuel,58,M,1,Sans diplôme,Célibataire,$80K - $120K,Blue,54,3,1,1459,112,0.282
789412458,Client perdu,44,M,2,Master,Marié(e),$60K - $80K,Blue,34,3,6,2517,52,0.109
716837508,Client actuel,48,M,4,Licence,Marié(e),$60K - $80K,Blue,37,2,1,0,95,0.0
711249858,Client perdu,49,M,4,Non connu,Marié(e),$80K - $120K,Blue,38,3,2,0,47,0.0
712009083,Client actuel,48,M,3,Non connu,Non connu,$60K - $80K,Blue,36,1,2,1030,93,0.124
720522633,Client actuel,44,M,3,Niveau Bac+2,Marié(e),$40K - $60K,Silver,36,1,2,1533,106,0.095
713071383,Client actuel,54,F,1,Non connu,Célibataire,Non connu,Blue,36,3,3,1728,99,0.464
712938258,Client actuel,45,M,2,Licence,Célibataire,Moins de $40K,Silver,32,1,3,1613,94,0.127
719071158,Client perdu,54,F,0,Licence,Célibataire,$60K - $80K,Platinum,38,2,2,0,54,0.0
709046958,Client actuel,46,M,2,Non connu,Marié(e),$60K - $80K,Silver,39,1,1,2175,100,0.072
708748833,Client actuel,37,F,3,Licence,Célibataire,$40K - $60K,Blue,25,2,3,1239,105,0.125
711364233,Client actuel,41,M,4,Non connu,Marié(e),$60K - $80K,Platinum,26,1,2,1559,104,0.045
712645908,Client actuel,43,M,2,Lycée (équivalent baccalauréat),Marié(e),$60K - $80K,Blue,37,3,3,2047,111,0.787
708428958,Client actuel,39,M,2,Non connu,Célibataire,$80K - $120K,Gold,33,3,2,0,113,0.0
719714658,Client perdu,61,M,0,Master,Célibataire,$60K - $80K,Blue,43,3,2,0,62,0.0
720874983,Client actuel,51,M,3,Sans diplôme,Marié(e),$80K - $120K,Silver,37,2,1,0,97,0.0
719180958,Client actuel,48,F,2,Sans diplôme,Divorcé(e),$40K - $60K,Silver,39,2,2,0,104,0.0
710360583,Client actuel,46,M,2,Sans diplôme,Célibataire,$60K - $80K,Blue,35,1,0,604,101,0.072
823848183,Client actuel,39,F,1,Non connu,Célibataire,Moins de $40K,Platinum,35,2,3,1494,92,0.093
783121008,Client actuel,55,F,0,Licence,Célibataire,Moins de $40K,Silver,49,2,3,1870,106,0.155
789529158,Client actuel,44,M,4,Lycée (équivalent baccalauréat),Célibataire,$60K - $80K,Blue,36,1,3,743,88,0.252
708500883,Client actuel,48,M,2,Sans diplôme,Célibataire,$40K - $60K,Silver,40,3,2,0,106,0.0
811965558,Client actuel,46,F,4,Niveau Bac+2,Célibataire,$40K - $60K,Blue,41,3,3,0,106,0.0
714383583,Client actuel,39,F,2,Non connu,Célibataire,$40K - $60K,Gold,36,3,3,1696,97,0.071
809425533,Client actuel,45,F,2,Sans diplôme,Divorcé(e),$40K - $60K,Silver,40,2,2,1174,105,0.074
716858433,Client perdu,43,F,4,Licence,Marié(e),$40K - $60K,Blue,32,3,1,0,75,0.0
812534958,Client actuel,40,F,3,Lycée (équivalent baccalauréat),Marié(e),$40K - $60K,Silver,34,2,2,1568,97,0.083
714052158,Client perdu,49,M,2,Lycée (équivalent baccalauréat),Marié(e),$120K +,Blue,39,3,2,949,68,0.081
780200208,Client actuel,39,F,2,Non connu,Célibataire,$40K - $60K,Blue,29,2,2,1563,112,0.14
711458583,Client actuel,47,M,2,Niveau Bac+2,Marié(e),$60K - $80K,Silver,35,1,1,1349,106,0.039
826451433,Client actuel,42,M,4,Licence,Célibataire,$80K - $120K,Silver,38,1,3,2273,103,0.066
719740983,Client actuel,44,F,1,Non connu,Divorcé(e),Moins de $40K,Silver,34,1,3,866,102,0.065
709019283,Client actuel,47,M,1,Niveau Bac+2,Célibataire,$80K - $120K,Blue,39,3,1,2210,100,0.39
710213508,Client actuel,63,M,1,Lycée (équivalent baccalauréat),Célibataire,$60K - $80K,Blue,54,3,3,1061,95,0.045
710814633,Client actuel,49,M,2,Sans diplôme,Marié(e),$80K - $120K,Blue,31,5,3,2517,103,0.121
775267158,Client actuel,43,F,3,Licence,Marié(e),$40K - $60K,Blue,37,1,3,1396,111,0.564
712268808,Client actuel,55,M,4,Licence,Célibataire,$120K +,Silver,36,2,3,2443,105,0.071
720178158,Client perdu,46,F,4,Lycée (équivalent baccalauréat),Non connu,Moins de $40K,Blue,37,3,3,0,63,0.0
779805408,Client actuel,42,M,3,Non connu,Marié(e),Moins de $40K,Silver,31,1,1,0,99,0.0
710958933,Client perdu,43,M,3,Licence,Marié(e),$40K - $60K,Blue,35,3,2,787,56,0.129
720698883,Client perdu,51,M,1,Lycée (équivalent baccalauréat),Marié(e),$80K - $120K,Blue,38,3,3,0,67,0.0
780384483,Client perdu,49,M,4,Non connu,Non connu,$80K - $120K,Blue,39,2,2,925,58,0.321
714190983,Client perdu,51,F,2,Licence,Célibataire,Non connu,Platinum,32,3,3,531,65,0.015
713808633,Client actuel,31,F,0,Sans diplôme,Divorcé(e),Moins de $40K,Silver,23,2,1,1873,127,0.173
710295858,Client actuel,43,M,4,Licence,Divorcé(e),$80K - $120K,Blue,32,1,2,1649,84,0.068
713209308,Client actuel,59,M,0,Licence,Célibataire,$60K - $80K,Blue,46,3,2,1829,97,0.106
788709408,Client actuel,41,F,2,Non connu,Marié(e),Non connu,Blue,21,3,1,0,127,0.0
717757608,Client actuel,53,M,2,Niveau Bac+2,Célibataire,$120K +,Gold,36,1,1,1051,114,0.03
715300683,Client actuel,39,M,1,Sans diplôme,Célibataire,$80K - $120K,Blue,36,1,3,846,94,0.025
711436983,Client actuel,57,M,3,Non connu,Célibataire,$120K +,Silver,49,2,1,2517,102,0.073
789582483,Client actuel,60,M,1,Lycée (équivalent baccalauréat),Divorcé(e),$40K - $60K,Blue,53,3,3,1813,101,0.194
790168083,Client actuel,51,M,0,Lycée (équivalent baccalauréat),Non connu,$80K - $120K,Blue,44,2,3,2176,100,0.096
742865883,Client perdu,46,F,3,Non connu,Marié(e),$40K - $60K,Blue,39,3,3,2517,69,0.276
770848308,Client perdu,45,M,2,Licence,Marié(e),$60K - $80K,Platinum,31,2,1,1308,105,0.038
713486583,Client actuel,41,M,3,Licence,Marié(e),$60K - $80K,Blue,29,2,1,2151,97,0.125
708697983,Client actuel,56,M,0,Lycée (équivalent baccalauréat),Non connu,$120K +,Blue,49,2,2,2156,78,0.062
823539558,Client actuel,39,F,3,Sans diplôme,Célibataire,Non connu,Silver,35,2,3,1627,94,0.048
711339258,Client actuel,49,F,3,Licence,Célibataire,$40K - $60K,Silver,36,3,1,2219,86,0.11
781171908,Client actuel,45,M,3,Licence,Célibataire,$40K - $60K,Blue,38,3,1,1869,106,0.498
815582358,Client actuel,47,F,5,Non connu,Non connu,Moins de $40K,Blue,42,1,2,1584,95,0.629
755212608,Client perdu,50,M,2,Non connu,Marié(e),$40K - $60K,Blue,43,3,3,0,71,0.0
716486508,Client perdu,45,F,3,Lycée (équivalent baccalauréat),Marié(e),$40K - $60K,Blue,37,2,2,0,78,0.0
771674958,Client actuel,45,M,2,Lycée (équivalent baccalauréat),Marié(e),$40K - $60K,Blue,33,3,3,1823,97,0.158
787909158,Client actuel,40,F,3,Licence,Divorcé(e),Moins de $40K,Blue,31,3,2,1117,105,0.128
717140733,Client actuel,52,F,1,Licence,Célibataire,Moins de $40K,Blue,36,3,3,831,85,0.126
799468083,Client actuel,51,M,2,Licence,Marié(e),$40K - $60K,Blue,45,2,2,1146,97,0.1
718993533,Client actuel,44,M,2,Licence,Non connu,$80K - $120K,Blue,37,3,0,1334,103,0.084
713870958,Client actuel,56,F,3,Sans diplôme,Célibataire,Non connu,Platinum,46,3,2,0,93,0.0
709171308,Client actuel,30,M,1,Lycée (équivalent baccalauréat),Marié(e),$60K - $80K,Blue,16,3,3,1742,96,0.11
798553158,Client perdu,62,F,1,Licence,Célibataire,$40K - $60K,Blue,56,2,1,0,72,0.0
720819858,Client actuel,47,F,4,Master,Célibataire,Moins de $40K,Blue,27,2,2,2517,100,0.285
815078433,Client actuel,42,F,4,Non connu,Marié(e),Moins de $40K,Blue,37,1,3,1718,99,0.262
710924658,Client actuel,52,F,2,Lycée (équivalent baccalauréat),Célibataire,$40K - $60K,Blue,36,2,2,1093,99,0.43
709883883,Client actuel,46,F,4,Sans diplôme,Divorcé(e),Non connu,Blue,34,3,1,1549,94,0.191
718650258,Client actuel,54,F,3,Licence,Célibataire,Non connu,Blue,47,3,1,2210,97,0.36
711613308,Client perdu,58,M,2,Non connu,Célibataire,$60K - $80K,Blue,48,1,2,710,38,0.318
718558758,Client perdu,34,M,1,Non connu,Célibataire,$80K - $120K,Blue,22,2,2,1413,51,0.381
718504233,Client perdu,43,F,4,Sans diplôme,Marié(e),Moins de $40K,Blue,30,2,3,1794,48,0.862
709108533,Client actuel,49,M,4,Licence,Marié(e),$80K - $120K,Blue,29,2,3,2216,90,0.223
713236458,Client actuel,55,M,4,Non connu,Célibataire,$60K - $80K,Blue,48,2,3,2517,113,0.133
714352533,Client actuel,47,F,3,Licence,Marié(e),$40K - $60K,Silver,29,2,2,865,103,0.056
717353433,Client actuel,50,F,2,Non connu,Célibataire,Non connu,Blue,42,3,3,1542,104,0.072
813804783,Client perdu,41,F,1,Lycée (équivalent baccalauréat),Célibataire,$40K - $60K,Blue,36,3,3,0,54,0.0
771062733,Client actuel,44,F,2,Licence,Célibataire,Moins de $40K,Blue,31,2,1,1285,101,0.299
715649358,Client perdu,39,M,2,Niveau Bac+2,Marié(e),$60K - $80K,Blue,26,2,2,0,81,0.0
713552958,Client actuel,43,M,5,Licence,Non connu,$60K - $80K,Blue,28,3,1,1637,114,0.128
715209333,Client actuel,32,M,0,Lycée (équivalent baccalauréat),Célibataire,$60K - $80K,Blue,36,1,1,1965,124,0.316
769935783,Client actuel,40,M,3,Non connu,Célibataire,$60K - $80K,Blue,34,2,1,2517,100,0.262
815613033,Client actuel,49,M,2,Non connu,Marié(e),Moins de $40K,Silver,44,2,3,1722,96,0.138
718732833,Client perdu,56,F,1,Niveau Bac+2,Célibataire,$60K - $80K,Blue,48,2,2,1763,42,0.633
816328308,Client actuel,60,F,0,Licence,Marié(e),Moins de $40K,Blue,55,1,3,0,118,0.0
711814608,Client actuel,41,F,5,Lycée (équivalent baccalauréat),Marié(e),$40K - $60K,Silver,36,1,1,1805,110,0.094
803216433,Client perdu,43,F,5,Licence,Marié(e),$60K - $80K,Silver,33,3,2,2517,57,0.17
710694033,Client actuel,32,M,0,Licence,Divorcé(e),$40K - $60K,Blue,36,1,1,1253,104,0.168
709257708,Client actuel,47,F,2,Lycée (équivalent baccalauréat),Célibataire,Moins de $40K,Blue,41,1,2,1978,127,0.636
720174033,Client actuel,46,M,3,Licence,Divorcé(e),$80K - $120K,Blue,33,3,1,975,104,0.028
820666083,Client perdu,41,M,2,Licence,Marié(e),$120K +,Blue,37,3,6,2517,85,0.091
712044558,Client perdu,51,F,1,Sans diplôme,Célibataire,$60K - $80K,Silver,41,2,3,1309,70,0.09
713131158,Client perdu,58,M,2,Sans diplôme,Célibataire,$80K - $120K,Blue,46,3,1,0,59,0.0
803335008,Client actuel,48,F,2,Licence,Divorcé(e),Non connu,Blue,43,3,3,1472,107,0.189
795869583,Client actuel,53,F,3,Sans diplôme,Marié(e),Moins de $40K,Blue,47,3,2,1620,118,0.434
789535233,Client actuel,52,M,1,Licence,Célibataire,$80K - $120K,Silver,44,1,2,1618,109,0.047
716441058,Client actuel,45,F,4,Lycée (équivalent baccalauréat),Célibataire,Moins de $40K,Silver,36,5,2,0,99,0.0
718113633,Client perdu,41,M,3,Sans diplôme,Marié(e),$120K +,Blue,36,2,3,0,56,0.0
708908883,Client actuel,37,F,2,Licence,Divorcé(e),Moins de $40K,Silver,32,3,2,1025,106,0.085
712152408,Client actuel,44,M,4,Lycée (équivalent baccalauréat),Célibataire,$60K - $80K,Gold,29,2,1,1930,97,0.056
708229308,Client perdu,49,F,2,Non connu,Marié(e),Moins de $40K,Blue,41,2,2,0,71,0.0
715351983,Client actuel,32,F,2,Non connu,Marié(e),Moins de $40K,Blue,20,3,2,1470,97,0.151
798451908,Client actuel,36,F,2,Licence,Marié(e),Moins de $40K,Blue,30,3,2,0,120,0.0
794962983,Client actuel,47,F,3,Licence,Divorcé(e),Moins de $40K,Blue,41,1,3,2496,110,0.251
721000833,Client actuel,49,M,0,Sans diplôme,Marié(e),$60K - $80K,Blue,38,3,2,0,110,0.0
720086358,Client actuel,58,M,2,Doctorat,Marié(e),$120K +,Blue,48,3,1,1604,125,0.127
710064033,Client perdu,45,M,3,Sans diplôme,Marié(e),$40K - $60K,Blue,28,2,5,0,42,0.0
780588258,Client actuel,53,F,5,Non connu,Marié(e),Moins de $40K,Blue,42,2,2,1745,120,0.434
710833908,Client actuel,45,M,5,Lycée (équivalent baccalauréat),Marié(e),$80K - $120K,Blue,25,3,3,1384,100,0.054
714449283,Client actuel,44,M,4,Sans diplôme,Non connu,$80K - $120K,Blue,36,3,1,1528,97,0.06
772339383,Client actuel,54,M,3,Master,Célibataire,$40K - $60K,Blue,44,5,3,1290,121,0.306
721382208,Client actuel,38,F,2,Lycée (équivalent baccalauréat),Marié(e),$40K - $60K,Blue,27,1,2,2517,122,0.802
779349783,Client actuel,46,M,3,Doctorat,Marié(e),$60K - $80K,Blue,31,2,2,1198,104,0.057
789450408,Client actuel,41,F,2,Sans diplôme,Marié(e),Non connu,Blue,32,5,3,1713,91,0.291
709210833,Client actuel,48,F,2,Doctorat,Marié(e),$40K - $60K,Blue,36,2,2,1648,110,0.182
821752908,Client actuel,53,M,2,Lycée (équivalent baccalauréat),Célibataire,$60K - $80K,Blue,49,3,2,2252,117,0.544
789878283,Client actuel,39,M,3,Licence,Marié(e),$40K - $60K,Blue,29,2,2,1174,117,0.372
709319658,Client perdu,48,F,4,Licence,Célibataire,$80K - $120K,Platinum,37,3,6,0,71,0.0
719222133,Client actuel,41,M,3,Licence,Célibataire,$40K - $60K,Blue,36,3,2,1723,96,0.193
715551783,Client actuel,54,F,2,Sans diplôme,Marié(e),Non connu,Blue,42,1,3,1273,113,0.051
712718958,Client actuel,49,M,2,Lycée (équivalent baccalauréat),Divorcé(e),$40K - $60K,Blue,36,1,1,2150,101,0.65
709764483,Client perdu,61,M,1,Licence,Non connu,$60K - $80K,Blue,53,1,2,581,65,0.094
783361533,Client actuel,41,M,3,Non connu,Marié(e),$60K - $80K,Silver,35,3,2,1203,112,0.035
717942033,Client actuel,52,M,2,Sans diplôme,Non connu,$120K +,Blue,42,1,3,1252,98,0.037
817908783,Client actuel,44,M,3,Non connu,Célibataire,$120K +,Silver,39,3,1,2123,107,0.062
713708358,Client actuel,33,F,3,Non connu,Célibataire,$40K - $60K,Silver,36,3,3,971,111,0.05
713705358,Client actuel,37,M,2,Licence,Célibataire,$60K - $80K,Blue,28,6,1,994,109,0.135
789551883,Client actuel,52,F,3,Licence,Célibataire,$40K - $60K,Blue,45,1,2,985,87,0.067
812247033,Client perdu,51,F,3,Sans diplôme,Marié(e),Moins de $40K,Blue,46,6,2,0,39,0.0
717580458,Client perdu,43,M,4,Sans diplôme,Divorcé(e),$80K - $120K,Blue,36,3,2,0,63,0.0
780551733,Client actuel,54,F,1,Lycée (équivalent baccalauréat),Marié(e),Moins de $40K,Silver,44,2,3,1470,117,0.127
719722308,Client actuel,31,F,0,Sans diplôme,Divorcé(e),Moins de $40K,Blue,22,1,3,0,114,0.0
718328283,Client actuel,40,F,4,Lycée (équivalent baccalauréat),Célibataire,Moins de $40K,Blue,36,1,3,1531,100,0.387
826061508,Client actuel,49,F,4,Sans diplôme,Non connu,Moins de $40K,Blue,45,3,1,2045,102,0.342
715610733,Client perdu,60,M,1,Sans diplôme,Marié(e),$40K - $60K,Blue,47,1,5,1175,66,0.315
710161083,Client perdu,62,F,0,Sans diplôme,Célibataire,Moins de $40K,Blue,36,3,3,0,40,0.0
712464933,Client actuel,44,M,2,Licence,Marié(e),$80K - $120K,Blue,36,2,2,1933,114,0.101
768181608,Client actuel,43,F,3,Licence,Non connu,Moins de $40K,Blue,37,3,3,1767,122,0.511
713869083,Client actuel,56,M,2,Lycée (équivalent baccalauréat),Marié(e),$80K - $120K,Blue,43,2,1,1002,92,0.034
711465333,Client actuel,35,M,4,Lycée (équivalent baccalauréat),Célibataire,$80K - $120K,Blue,26,1,1,0,99,0.0
719924433,Client actuel,40,F,4,Licence,Marié(e),$40K - $60K,Silver,32,2,3,0,107,0.0
719248158,Client actuel,52,M,2,Lycée (équivalent baccalauréat),Divorcé(e),$60K - $80K,Blue,42,3,2,1443,108,0.199
719944458,Client actuel,29,M,0,Lycée (équivalent baccalauréat),Célibataire,$40K - $60K,Blue,36,3,1,1437,96,0.357
715799808,Client perdu,52,M,0,Lycée (équivalent baccalauréat),Célibataire,$60K - $80K,Blue,39,3,2,0,69,0.0
721264533,Client actuel,49,F,3,Non connu,Marié(e),Moins de $40K,Blue,36,1,3,1106,126,0.294
711838008,Client perdu,37,M,3,Licence,Marié(e),$60K - $80K,Blue,28,3,2,478,77,0.075
711826983,Client perdu,47,F,3,Non connu,Marié(e),$40K - $60K,Blue,36,3,7,0,38,0.0
719413383,Client actuel,32,M,1,Sans diplôme,Célibataire,$60K - $80K,Silver,36,3,1,1437,134,0.043
712990458,Client actuel,44,F,3,Licence,Marié(e),Non connu,Silver,34,2,1,1976,113,0.062
789594108,Client actuel,47,M,5,Niveau Bac+2,Célibataire,$80K - $120K,Blue,41,1,3,1779,99,0.519
718764708,Client actuel,45,M,3,Licence,Non connu,$120K +,Blue,36,4,3,1359,103,0.153
820271208,Client actuel,46,M,2,Licence,Divorcé(e),$60K - $80K,Blue,41,2,3,1234,103,0.175
708369633,Client perdu,34,F,3,Licence,Marié(e),$60K - $80K,Gold,36,3,2,1847,67,0.119
712055433,Client actuel,39,F,4,Lycée (équivalent baccalauréat),Marié(e),Moins de $40K,Blue,36,2,1,2072,116,0.576
721114458,Client actuel,46,M,4,Niveau Bac+2,Célibataire,$120K +,Blue,36,2,2,585,96,0.017
714959358,Client perdu,50,M,3,Lycée (équivalent baccalauréat),Marié(e),$80K - $120K,Silver,36,3,3,2292,71,0.066
708396033,Client actuel,45,F,2,Sans diplôme,Marié(e),Moins de $40K,Blue,27,2,2,1059,101,0.425
719593608,Client perdu,56,M,1,Sans diplôme,Marié(e),$80K - $120K,Blue,36,2,1,0,61,0.0
715830558,Client perdu,50,M,2,Sans diplôme,Non connu,$120K +,Blue,38,2,1,397,81,0.012
716406483,Client actuel,30,M,0,Non connu,Célibataire,$60K - $80K,Blue,20,3,3,1349,103,0.057
714941358,Client perdu,53,F,4,Licence,Marié(e),$40K - $60K,Blue,36,3,7,0,75,0.0
716088783,Client perdu,60,M,0,Niveau Bac+2,Marié(e),$80K - $120K,Blue,50,6,2,0,65,0.0
718458858,Client perdu,41,M,4,Licence,Marié(e),$80K - $120K,Silver,29,3,7,0,53,0.0
715754133,Client actuel,42,F,3,Licence,Célibataire,Moins de $40K,Blue,32,2,3,1359,107,0.401
715630983,Client perdu,31,F,0,Licence,Célibataire,$40K - $60K,Blue,21,2,3,0,77,0.0
712768983,Client perdu,51,M,4,Licence,Marié(e),$80K - $120K,Silver,42,6,2,230,65,0.007
716881683,Client perdu,45,M,5,Sans diplôme,Marié(e),$80K - $120K,Blue,34,3,3,2517,51,0.733
711108408,Client actuel,55,M,2,Sans diplôme,Célibataire,$60K - $80K,Blue,36,1,1,1337,96,0.076
717565233,Client actuel,51,M,3,Doctorat,Célibataire,$80K - $120K,Blue,38,3,2,1318,92,0.042
789539058,Client actuel,28,M,0,Sans diplôme,Célibataire,Moins de $40K,Blue,20,1,3,893,116,0.206
768643158,Client actuel,44,F,5,Licence,Divorcé(e),Moins de $40K,Blue,38,1,3,2459,119,0.64
721530633,Client actuel,51,F,2,Licence,Célibataire,$40K - $60K,Blue,36,1,1,1329,104,0.351
721188033,Client actuel,48,M,5,Niveau Bac+2,Marié(e),Moins de $40K,Blue,39,3,1,2239,112,0.329
810261633,Client actuel,44,M,4,Licence,Célibataire,$60K - $80K,Blue,39,2,3,1727,95,0.178
717529233,Client perdu,40,F,3,Licence,Marié(e),$40K - $60K,Blue,30,3,2,0,44,0.0
719365233,Client actuel,34,M,4,Non connu,Célibataire,Moins de $40K,Blue,23,3,2,1785,126,0.233
720943308,Client actuel,47,M,3,Licence,Célibataire,$60K - $80K,Silver,36,1,2,1990,120,0.065
714425283,Client actuel,50,F,2,Lycée (équivalent baccalauréat),Marié(e),Non connu,Blue,40,3,2,0,119,0.0
711794358,Client perdu,61,M,0,Niveau Bac+2,Célibataire,$80K - $120K,Blue,50,6,3,0,53,0.0
719683158,Client perdu,56,F,2,Non connu,Marié(e),$40K - $60K,Blue,48,5,2,0,66,0.0
709406733,Client actuel,46,M,3,Licence,Divorcé(e),$80K - $120K,Blue,36,2,1,1504,106,0.074
708572658,Client actuel,49,M,5,Licence,Marié(e),$60K - $80K,Silver,38,1,2,2088,120,0.071
714001008,Client actuel,56,M,1,Sans diplôme,Divorcé(e),$120K +,Blue,36,1,2,0,102,0.0
712833633,Client actuel,41,M,2,Master,Marié(e),$40K - $60K,Blue,36,1,3,653,98,0.061
716260833,Client perdu,56,F,5,Non connu,Marié(e),Moins de $40K,Blue,36,3,5,2517,63,0.539
708863733,Client actuel,35,M,3,Non connu,Célibataire,$40K - $60K,Gold,19,1,3,808,120,0.036
717076458,Client actuel,40,M,3,Non connu,Célibataire,$40K - $60K,Blue,36,3,1,1178,102,0.144
712412958,Client actuel,41,F,3,Doctorat,Marié(e),$40K - $60K,Silver,33,1,2,822,124,0.045
720535008,Client actuel,46,M,4,Sans diplôme,Célibataire,$80K - $120K,Blue,36,2,3,1094,104,0.104
711578658,Client actuel,56,F,2,Lycée (équivalent baccalauréat),Marié(e),$40K - $60K,Blue,49,3,3,2517,97,0.395
709373883,Client actuel,37,F,5,Non connu,Marié(e),$40K - $60K,Silver,36,1,2,2517,124,0.132
780730008,Client actuel,51,M,2,Niveau Bac+2,Célibataire,$120K +,Blue,36,2,2,752,120,0.216
824816358,Client actuel,36,F,1,Sans diplôme,Célibataire,Moins de $40K,Blue,32,3,2,0,127,0.0
716106108,Client actuel,49,M,4,Master,Marié(e),$120K +,Silver,41,3,2,0,129,0.0
709807383,Client actuel,35,F,2,Non connu,Marié(e),Moins de $40K,Blue,22,1,1,1155,94,0.319
716430933,Client actuel,46,F,4,Non connu,Célibataire,Moins de $40K,Blue,36,1,2,0,131,0.0
789866133,Client actuel,45,F,3,Licence,Non connu,$40K - $60K,Blue,35,3,2,2359,118,0.546
718634058,Client actuel,48,F,2,Lycée (équivalent baccalauréat),Non connu,Non connu,Blue,31,2,1,764,100,0.1
715129983,Client actuel,46,F,3,Licence,Divorcé(e),Non connu,Blue,36,3,2,0,116,0.0
717177783,Client actuel,36,F,0,Non connu,Marié(e),Moins de $40K,Silver,19,2,3,0,121,0.0
719694408,Client perdu,30,F,1,Niveau Bac+2,Célibataire,$40K - $60K,Blue,36,3,8,0,80,0.0
806992533,Client actuel,49,F,1,Licence,Marié(e),Moins de $40K,Blue,44,1,1,797,102,0.096
718045008,Client perdu,31,M,0,Master,Marié(e),$40K - $60K,Blue,21,2,2,0,71,0.0
711010683,Client actuel,35,M,3,Lycée (équivalent baccalauréat),Marié(e),$40K - $60K,Blue,27,2,3,1950,131,0.136
714759708,Client actuel,54,F,1,Lycée (équivalent baccalauréat),Célibataire,Non connu,Blue,36,2,3,1378,105,0.128
718801158,Client actuel,49,M,3,Licence,Célibataire,$40K - $60K,Gold,36,2,2,1408,96,0.059
712256358,Client actuel,40,M,3,Licence,Marié(e),$60K - $80K,Blue,23,3,1,1581,110,0.07
779803008,Client actuel,41,F,2,Lycée (équivalent baccalauréat),Célibataire,Non connu,Blue,30,2,1,0,124,0.0
710968008,Client actuel,37,F,4,Sans diplôme,Marié(e),Moins de $40K,Blue,26,1,2,647,124,0.189
771584658,Client actuel,46,F,4,Non connu,Célibataire,Non connu,Silver,34,2,3,1473,98,0.043
718102758,Client actuel,61,F,0,Lycée (équivalent baccalauréat),Marié(e),Moins de $40K,Blue,36,1,3,1116,101,0.351
811076883,Client perdu,45,M,3,Licence,Marié(e),$40K - $60K,Blue,40,5,3,0,63,0.0
770970558,Client actuel,41,M,2,Non connu,Célibataire,$80K - $120K,Blue,28,2,3,2267,103,0.166
758863383,Client actuel,47,F,2,Sans diplôme,Non connu,Moins de $40K,Silver,36,3,2,948,104,0.064
716863458,Client perdu,44,M,2,Sans diplôme,Marié(e),$80K - $120K,Silver,36,3,3,569,68,0.016
766821033,Client perdu,61,M,0,Non connu,Célibataire,$120K +,Blue,46,3,3,1162,74,0.25
814590483,Client actuel,45,F,2,Licence,Marié(e),$40K - $60K,Blue,40,3,3,865,95,0.241
773283108,Client actuel,31,M,0,Lycée (équivalent baccalauréat),Marié(e),$60K - $80K,Silver,24,1,3,1722,116,0.053
721006458,Client actuel,42,M,2,Non connu,Célibataire,$120K +,Blue,35,1,3,1471,114,0.458
714615258,Client perdu,32,M,1,Lycée (équivalent baccalauréat),Célibataire,$40K - $60K,Blue,36,3,2,2134,64,0.443
788687133,Client actuel,42,M,2,Licence,Marié(e),$80K - $120K,Blue,31,3,1,0,125,0.0
820108008,Client actuel,49,M,4,Non connu,Marié(e),$80K - $120K,Blue,44,3,3,1361,121,0.112
717781608,Client actuel,52,F,3,Licence,Marié(e),Moins de $40K,Blue,40,2,1,1518,99,0.164
720136458,Client actuel,39,M,3,Master,Marié(e),$60K - $80K,Blue,36,2,3,776,97,0.113
716247708,Client actuel,51,M,4,Niveau Bac+2,Célibataire,$120K +,Gold,33,2,2,1848,103,0.054
714968208,Client actuel,52,M,2,Lycée (équivalent baccalauréat),Marié(e),$80K - $120K,Blue,36,3,1,0,104,0.0
719913783,Client actuel,40,M,3,Licence,Célibataire,$40K - $60K,Blue,27,2,3,1589,105,0.207
720621408,Client actuel,38,F,2,Sans diplôme,Marié(e),Moins de $40K,Blue,36,3,2,0,100,0.0
721169883,Client actuel,41,M,5,Niveau Bac+2,Marié(e),$60K - $80K,Blue,31,3,2,1945,109,0.389
719324658,Client actuel,27,M,0,Niveau Bac+2,Non connu,$80K - $120K,Silver,19,1,3,1131,112,0.033
714577233,Client actuel,50,F,3,Licence,Marié(e),$40K - $60K,Blue,41,3,1,0,109,0.0
712367658,Client actuel,58,M,1,Sans diplôme,Célibataire,$80K - $120K,Blue,40,3,0,1783,112,0.081
803655333,Client actuel,53,M,2,Master,Célibataire,$60K - $80K,Silver,47,3,3,2295,103,0.079
710455608,Client perdu,40,M,3,Lycée (équivalent baccalauréat),Célibataire,$80K - $120K,Blue,36,3,2,0,61,0.0
711328458,Client actuel,58,M,1,Lycée (équivalent baccalauréat),Célibataire,$80K - $120K,Blue,50,1,3,1341,127,0.039
708123033,Client actuel,41,F,3,Licence,Célibataire,Moins de $40K,Silver,30,1,1,0,105,0.0
713514633,Client perdu,59,M,2,Licence,Célibataire,$60K - $80K,Blue,50,5,2,0,69,0.0
710745633,Client actuel,53,M,1,Non connu,Célibataire,$120K +,Blue,36,3,3,751,112,0.039
710374008,Client actuel,53,M,1,Licence,Célibataire,$80K - $120K,Blue,47,1,2,1583,100,0.046
772166058,Client actuel,31,M,1,Non connu,Célibataire,$40K - $60K,Blue,20,2,3,1564,112,0.484
715017858,Client actuel,54,M,2,Sans diplôme,Marié(e),$120K +,Platinum,36,1,3,1421,114,0.041
717571683,Client perdu,47,F,4,Sans diplôme,Marié(e),$40K - $60K,Gold,34,3,3,0,61,0.0
743420208,Client actuel,47,F,2,Niveau Bac+2,Célibataire,Moins de $40K,Blue,40,2,2,1882,121,0.39
716201883,Client actuel,46,M,2,Licence,Non connu,$120K +,Silver,39,2,3,1381,114,0.04
714593883,Client actuel,53,F,2,Licence,Marié(e),Moins de $40K,Silver,45,2,1,1350,115,0.112
711003483,Client actuel,40,M,3,Non connu,Divorcé(e),$60K - $80K,Blue,24,3,3,1138,97,0.056
819628158,Client actuel,42,M,3,Licence,Célibataire,$60K - $80K,Blue,37,3,1,1821,116,0.102
712021233,Client perdu,33,M,3,Licence,Marié(e),$60K - $80K,Blue,15,1,3,0,74,0.0
708573933,Client actuel,45,F,2,Non connu,Célibataire,Moins de $40K,Silver,36,2,3,789,100,0.061
710758683,Client actuel,61,F,1,Licence,Non connu,$40K - $60K,Silver,48,3,3,2000,82,0.127
718288833,Client actuel,31,M,1,Non connu,Marié(e),$40K - $60K,Blue,36,3,3,875,127,0.157
708873183,Client actuel,47,M,2,Master,Célibataire,$60K - $80K,Blue,39,3,2,618,128,0.035
766224933,Client actuel,46,M,2,Licence,Marié(e),$80K - $120K,Blue,39,1,1,1769,119,0.06
771626283,Client perdu,54,M,2,Master,Marié(e),$60K - $80K,Platinum,42,3,1,1996,114,0.058
720372483,Client actuel,60,F,0,Lycée (équivalent baccalauréat),Marié(e),Moins de $40K,Blue,36,1,3,2262,111,0.545
712916958,Client perdu,55,F,2,Licence,Marié(e),Non connu,Blue,36,3,2,0,69,0.0
716124408,Client perdu,32,M,2,Licence,Marié(e),$120K +,Gold,22,2,3,1692,64,0.049
714128283,Client actuel,49,F,1,Non connu,Marié(e),Moins de $40K,Silver,40,3,2,1736,113,0.129
708163758,Client actuel,41,M,3,Non connu,Marié(e),$120K +,Blue,33,4,3,638,139,0.018
716979183,Client actuel,45,M,2,Niveau Bac+2,Marié(e),$60K - $80K,Blue,34,1,2,1396,106,0.079
716480358,Client actuel,45,M,3,Sans diplôme,Célibataire,$60K - $80K,Blue,36,2,1,1296,81,0.117
800758233,Client perdu,30,M,0,Niveau Bac+2,Célibataire,$60K - $80K,Blue,24,2,2,0,77,0.0
720413658,Client actuel,44,M,2,Lycée (équivalent baccalauréat),Marié(e),$120K +,Blue,31,1,3,905,95,0.147
715832058,Client actuel,40,F,5,Licence,Non connu,Moins de $40K,Blue,36,2,3,1172,98,0.26
716323683,Client actuel,31,M,0,Licence,Célibataire,$80K - $120K,Blue,36,3,3,1607,106,0.049
819616383,Client actuel,40,F,3,Sans diplôme,Divorcé(e),Moins de $40K,Blue,35,3,3,2004,118,0.42
771069033,Client actuel,56,M,1,Non connu,Non connu,$60K - $80K,Blue,43,2,3,1083,91,0.102
821241708,Client perdu,47,M,4,Non connu,Non connu,$80K - $120K,Blue,42,5,1,0,74,0.0
716987358,Client perdu,29,M,0,Master,Divorcé(e),$60K - $80K,Blue,15,1,3,0,59,0.0
710300733,Client actuel,38,M,3,Lycée (équivalent baccalauréat),Célibataire,$120K +,Blue,27,4,1,0,106,0.0
712497783,Client actuel,56,F,2,Non connu,Marié(e),Moins de $40K,Blue,48,2,3,1363,94,0.15
709259958,Client perdu,53,F,1,Licence,Célibataire,$40K - $60K,Blue,44,3,2,2517,73,0.454
716296833,Client actuel,56,M,0,Doctorat,Célibataire,$80K - $120K,Blue,47,1,2,0,113,0.0
715728108,Client actuel,27,F,0,Licence,Non connu,Moins de $40K,Blue,36,1,2,1450,131,0.319
771507258,Client actuel,38,F,2,Licence,Célibataire,Moins de $40K,Blue,26,2,1,1175,118,0.304
713758758,Client actuel,48,M,2,Lycée (équivalent baccalauréat),Marié(e),Moins de $40K,Silver,36,2,2,2517,109,0.173
779809908,Client actuel,44,F,3,Lycée (équivalent baccalauréat),Célibataire,Moins de $40K,Blue,34,2,2,0,96,0.0
816310158,Client actuel,49,M,4,Sans diplôme,Non connu,$60K - $80K,Blue,44,3,2,2263,106,0.183
780349833,Client actuel,36,M,2,Niveau Bac+2,Marié(e),$40K - $60K,Gold,23,1,3,0,120,0.0
818235408,Client actuel,30,M,0,Niveau Bac+2,Marié(e),$60K - $80K,Blue,25,3,1,0,118,0.0
709213458,Client perdu,42,M,3,Lycée (équivalent baccalauréat),Marié(e),$80K - $120K,Blue,36,3,2,0,75,0.0
719634408,Client actuel,51,M,2,Non connu,Célibataire,$120K +,Silver,31,2,2,585,104,0.017
709934808,Client actuel,59,M,1,Non connu,Célibataire,$40K - $60K,Silver,51,2,1,1071,103,0.071
712238958,Client actuel,45,M,4,Licence,Marié(e),Moins de $40K,Blue,36,2,3,1047,115,0.145
711813258,Client actuel,56,M,2,Niveau Bac+2,Célibataire,$60K - $80K,Gold,43,1,2,2022,116,0.059
789983133,Client actuel,31,M,2,Licence,Non connu,$80K - $120K,Silver,22,3,2,1780,98,0.052
792139308,Client actuel,48,F,3,Licence,Célibataire,$40K - $60K,Blue,42,2,3,639,114,0.069
718123608,Client actuel,32,M,2,Licence,Marié(e),$80K - $120K,Blue,36,1,2,1907,104,0.075
715369008,Client actuel,46,F,3,Lycée (équivalent baccalauréat),Célibataire,Moins de $40K,Blue,36,2,2,0,106,0.0
717556758,Client actuel,52,F,2,Lycée (équivalent baccalauréat),Célibataire,Moins de $40K,Blue,36,2,3,2267,113,0.748
718252533,Client perdu,30,F,0,Licence,Divorcé(e),$60K - $80K,Blue,18,1,1,996,68,0.237
716340783,Client actuel,48,M,4,Lycée (équivalent baccalauréat),Marié(e),$80K - $120K,Blue,36,1,2,1320,105,0.061
717898758,Client perdu,55,F,2,Licence,Marié(e),$80K - $120K,Silver,45,3,3,0,74,0.0
825743583,Client actuel,39,F,2,Licence,Célibataire,Non connu,Silver,35,3,3,1971,121,0.061
717711108,Client actuel,43,F,3,Non connu,Marié(e),Moins de $40K,Blue,27,2,2,1042,123,0.294
789791808,Client actuel,43,M,4,Lycée (équivalent baccalauréat),Marié(e),$40K - $60K,Blue,32,2,2,1512,112,0.212
807971658,Client actuel,47,F,3,Non connu,Marié(e),Moins de $40K,Blue,42,2,3,2517,112,0.686
770220558,Client perdu,57,M,3,Non connu,Célibataire,$60K - $80K,Blue,51,8,1,0,82,0.0
818239983,Client actuel,53,M,2,Non connu,Divorcé(e),$80K - $120K,Blue,48,1,2,1590,118,0.102
712544358,Client actuel,48,M,3,Licence,Marié(e),$120K +,Gold,36,4,2,1823,108,0.053
720306408,Client actuel,50,F,2,Lycée (équivalent baccalauréat),Célibataire,Moins de $40K,Blue,41,3,2,0,103,0.0
721488858,Client actuel,53,M,3,Sans diplôme,Marié(e),$60K - $80K,Silver,38,3,2,871,121,0.027
710771433,Client actuel,48,M,1,Licence,Célibataire,$80K - $120K,Blue,36,3,1,2152,125,0.781
708662583,Client perdu,41,M,3,Non connu,Marié(e),$60K - $80K,Silver,29,3,7,0,70,0.0
717663033,Client actuel,51,M,2,Sans diplôme,Célibataire,$120K +,Blue,35,2,2,1068,123,0.031
721524858,Client actuel,51,F,2,Non connu,Marié(e),Moins de $40K,Blue,37,2,3,1829,102,0.258
788778033,Client actuel,39,F,2,Niveau Bac+2,Célibataire,Moins de $40K,Silver,20,2,3,1277,109,0.104
708649683,Client actuel,51,M,2,Lycée (équivalent baccalauréat),Célibataire,$60K - $80K,Blue,42,3,2,1140,122,0.068
708770883,Client actuel,43,M,2,Sans diplôme,Marié(e),$80K - $120K,Blue,24,2,2,1463,115,0.088
708152358,Client perdu,54,M,1,Master,Non connu,$80K - $120K,Blue,36,3,2,1664,57,0.09
719210133,Client actuel,47,M,3,Sans diplôme,Célibataire,$60K - $80K,Blue,35,3,1,1333,103,0.094
714690633,Client actuel,51,F,3,Licence,Célibataire,Moins de $40K,Blue,36,3,1,1474,116,0.45
719719158,Client actuel,38,M,4,Master,Célibataire,$80K - $120K,Silver,36,3,1,1435,114,0.042
712690458,Client actuel,38,F,2,Sans diplôme,Marié(e),Moins de $40K,Blue,28,1,2,1891,113,0.521
718758783,Client actuel,44,F,4,Non connu,Célibataire,Moins de $40K,Silver,36,3,3,1943,118,0.149
716947083,Client actuel,32,M,3,Lycée (équivalent baccalauréat),Célibataire,$40K - $60K,Blue,36,2,1,1871,110,0.487
709075533,Client perdu,41,M,5,Sans diplôme,Célibataire,$80K - $120K,Blue,32,3,3,0,90,0.0
712952283,Client actuel,50,M,3,Licence,Marié(e),$120K +,Blue,35,1,2,1638,121,0.047
718799958,Client actuel,60,F,1,Licence,Marié(e),Non connu,Blue,52,3,3,1974,106,0.148
718663983,Client actuel,38,F,1,Doctorat,Célibataire,Moins de $40K,Blue,36,2,2,2517,94,0.726
789550458,Client actuel,59,M,0,Lycée (équivalent baccalauréat),Célibataire,$40K - $60K,Silver,52,2,1,1729,111,0.114
708226833,Client actuel,53,M,1,Lycée (équivalent baccalauréat),Célibataire,$120K +,Gold,44,6,3,831,107,0.024
714361083,Client perdu,40,F,2,Niveau Bac+2,Célibataire,$60K - $80K,Blue,36,2,3,0,60,0.0
714608583,Client perdu,45,M,5,Lycée (équivalent baccalauréat),Divorcé(e),$120K +,Blue,36,3,2,0,69,0.0
710775483,Client actuel,53,M,1,Lycée (équivalent baccalauréat),Non connu,$40K - $60K,Blue,43,1,3,0,102,0.0
709410033,Client actuel,56,M,2,Lycée (équivalent baccalauréat),Non connu,$80K - $120K,Blue,36,1,1,831,118,0.176
717173358,Client actuel,60,F,0,Licence,Célibataire,$40K - $60K,Blue,47,2,3,1881,100,0.198
719773158,Client actuel,42,M,3,Licence,Marié(e),$80K - $120K,Blue,36,3,0,2370,97,0.08
771292233,Client actuel,48,F,1,Non connu,Célibataire,Moins de $40K,Blue,36,1,2,813,103,0.208
756371058,Client actuel,58,F,1,Non connu,Marié(e),Moins de $40K,Blue,40,2,3,1006,124,0.255
709476033,Client actuel,55,M,2,Sans diplôme,Marié(e),$120K +,Blue,48,1,2,1800,120,0.274
770560683,Client actuel,51,M,1,Licence,Célibataire,$120K +,Gold,37,3,1,2417,117,0.07
788766933,Client actuel,46,M,2,Master,Marié(e),$80K - $120K,Blue,26,3,1,714,97,0.021
713550483,Client actuel,45,M,4,Licence,Non connu,$60K - $80K,Blue,33,5,1,1930,96,0.223
709928358,Client perdu,40,M,3,Licence,Marié(e),$80K - $120K,Blue,20,2,2,0,87,0.0
713895633,Client actuel,56,F,1,Lycée (équivalent baccalauréat),Non connu,$40K - $60K,Blue,36,1,3,0,103,0.0
720471108,Client actuel,34,F,4,Lycée (équivalent baccalauréat),Célibataire,Non connu,Silver,26,2,2,1668,106,0.052
718192608,Client actuel,48,M,3,Sans diplôme,Marié(e),$60K - $80K,Blue,36,1,2,1148,106,0.074
805485933,Client actuel,45,F,3,Licence,Marié(e),Moins de $40K,Blue,40,1,3,2517,101,0.628
712517808,Client actuel,42,M,5,Lycée (équivalent baccalauréat),Marié(e),$60K - $80K,Blue,36,4,3,1525,112,0.466
780604083,Client actuel,49,M,1,Non connu,Célibataire,$60K - $80K,Blue,37,2,2,1209,110,0.066
715311183,Client actuel,35,M,2,Master,Célibataire,$60K - $80K,Blue,24,3,1,1659,100,0.49
712265508,Client perdu,32,M,0,Master,Célibataire,$40K - $60K,Blue,14,1,3,0,65,0.0
715051608,Client perdu,34,M,2,Lycée (équivalent baccalauréat),Célibataire,$60K - $80K,Blue,36,3,2,2517,51,0.259
757786608,Client actuel,33,M,2,Master,Célibataire,$80K - $120K,Blue,24,3,2,2463,107,0.59
714303483,Client actuel,40,M,2,Niveau Bac+2,Marié(e),$40K - $60K,Gold,31,2,1,1474,130,0.395
718728108,Client actuel,43,M,4,Sans diplôme,Marié(e),$60K - $80K,Silver,30,3,1,1576,119,0.053
710019933,Client actuel,29,M,1,Sans diplôme,Célibataire,$40K - $60K,Blue,22,3,3,1203,119,0.104
812453283,Client actuel,42,M,3,Licence,Marié(e),$40K - $60K,Blue,37,2,3,1788,117,0.566
717439983,Client perdu,48,M,2,Licence,Marié(e),$80K - $120K,Blue,28,3,3,2517,63,0.17
714391683,Client perdu,39,M,4,Non connu,Marié(e),$60K - $80K,Gold,36,3,2,2517,66,0.073
827901183,Client actuel,51,F,2,Licence,Marié(e),Moins de $40K,Blue,47,2,1,980,109,0.191
708841233,Client perdu,41,M,2,Niveau Bac+2,Marié(e),$80K - $120K,Blue,33,3,3,2517,72,0.171
710663508,Client actuel,42,M,4,Sans diplôme,Marié(e),$40K - $60K,Blue,33,2,2,2280,99,0.734
716439258,Client actuel,32,M,3,Licence,Marié(e),$60K - $80K,Blue,36,1,1,1413,103,0.438
719610708,Client actuel,43,M,1,Licence,Célibataire,$120K +,Blue,34,1,3,2517,105,0.088
715026258,Client actuel,50,M,1,Licence,Marié(e),$60K - $80K,Silver,37,1,1,777,112,0.125
711706458,Client actuel,44,M,4,Doctorat,Marié(e),$80K - $120K,Blue,27,2,1,1290,110,0.053
712180308,Client actuel,36,M,4,Lycée (équivalent baccalauréat),Célibataire,$120K +,Blue,36,3,3,1898,123,0.068
802622733,Client actuel,44,F,4,Sans diplôme,Célibataire,$40K - $60K,Blue,34,3,3,0,95,0.0
778832883,Client actuel,47,F,3,Master,Marié(e),Moins de $40K,Blue,28,3,1,961,104,0.116
788671608,Client actuel,45,F,4,Niveau Bac+2,Célibataire,$40K - $60K,Gold,30,2,1,1836,107,0.08
718023708,Client actuel,53,F,2,Sans diplôme,Célibataire,$40K - $60K,Blue,42,1,3,2226,115,0.15
718692258,Client actuel,43,M,3,Non connu,Marié(e),$60K - $80K,Blue,34,3,1,1591,110,0.424
718357458,Client actuel,48,M,5,Non connu,Célibataire,$60K - $80K,Blue,36,3,0,0,125,0.0
714003483,Client actuel,37,M,1,Doctorat,Non connu,$60K - $80K,Blue,36,3,1,0,129,0.0
713632983,Client perdu,43,M,4,Lycée (équivalent baccalauréat),Marié(e),$80K - $120K,Blue,35,3,2,503,70,0.048
711008508,Client actuel,59,M,2,Licence,Célibataire,$40K - $60K,Blue,50,1,2,0,113,0.0
815230458,Client actuel,31,M,1,Lycée (équivalent baccalauréat),Divorcé(e),$40K - $60K,Silver,26,1,3,1277,126,0.082
719612583,Client perdu,52,F,4,Sans diplôme,Divorcé(e),Non connu,Blue,42,5,1,0,74,0.0
709514433,Client actuel,41,M,3,Lycée (équivalent baccalauréat),Marié(e),$80K - $120K,Blue,33,1,1,609,101,0.044
815826708,Client actuel,53,F,2,Non connu,Marié(e),$40K - $60K,Blue,48,3,3,1107,109,0.249
815520333,Client actuel,55,M,3,Lycée (équivalent baccalauréat),Marié(e),$60K - $80K,Blue,50,1,2,1144,115,0.217
718661958,Client actuel,41,M,3,Niveau Bac+2,Marié(e),$80K - $120K,Blue,28,1,3,1617,93,0.047
788980983,Client actuel,55,M,1,Lycée (équivalent baccalauréat),Célibataire,$80K - $120K,Blue,42,4,2,1583,112,0.046
721171008,Client actuel,31,F,1,Non connu,Marié(e),Moins de $40K,Silver,36,3,1,1520,124,0.147
714682233,Client actuel,48,M,3,Licence,Marié(e),$80K - $120K,Blue,43,4,1,0,125,0.0
720736608,Client actuel,42,M,2,Licence,Marié(e),$60K - $80K,Blue,36,2,1,2181,92,0.347
718333983,Client perdu,57,M,4,Non connu,Divorcé(e),$120K +,Blue,36,2,3,2219,63,0.162
772207683,Client actuel,34,M,2,Licence,Célibataire,Moins de $40K,Blue,23,3,2,1518,97,0.17
714794133,Client actuel,54,M,2,Sans diplôme,Marié(e),$60K - $80K,Blue,45,3,1,1908,112,0.291
756639708,Client actuel,46,F,2,Non connu,Marié(e),Non connu,Silver,39,1,2,992,113,0.03
713686008,Client actuel,38,M,2,Licence,Célibataire,$60K - $80K,Blue,25,1,1,0,98,0.0
713475633,Client actuel,40,M,5,Non connu,Célibataire,$120K +,Silver,31,3,3,2203,96,0.064
717518733,Client perdu,56,F,2,Lycée (équivalent baccalauréat),Marié(e),Moins de $40K,Blue,46,3,3,764,61,0.081
712532058,Client actuel,44,M,3,Master,Marié(e),$40K - $60K,Blue,36,1,2,1405,95,0.112
789666333,Client actuel,39,M,2,Licence,Célibataire,$60K - $80K,Blue,24,3,2,1073,115,0.049
711422358,Client actuel,42,M,5,Master,Non connu,$40K - $60K,Blue,36,2,2,2330,118,0.221
708510858,Client actuel,60,F,1,Sans diplôme,Célibataire,Moins de $40K,Blue,47,3,2,2413,109,0.492
767023308,Client actuel,35,M,3,Niveau Bac+2,Non connu,$80K - $120K,Silver,29,2,2,0,106,0.0
789289383,Client actuel,42,M,3,Licence,Célibataire,$80K - $120K,Silver,31,2,3,2120,97,0.061
708805908,Client perdu,30,M,2,Licence,Marié(e),$80K - $120K,Silver,18,1,3,726,68,0.072
710155158,Client perdu,37,M,2,Sans diplôme,Non connu,$80K - $120K,Blue,18,1,2,518,59,0.016
713330133,Client actuel,37,F,1,Licence,Marié(e),Moins de $40K,Blue,19,3,2,1346,95,0.23
714403983,Client actuel,43,M,2,Licence,Célibataire,$80K - $120K,Blue,36,2,1,1613,112,0.047
720353808,Client perdu,34,M,3,Lycée (équivalent baccalauréat),Non connu,$80K - $120K,Silver,21,2,3,0,50,0.0
710362233,Client actuel,48,M,3,Non connu,Non connu,$80K - $120K,Platinum,40,2,3,1723,98,0.05
771484908,Client actuel,31,M,0,Licence,Divorcé(e),$80K - $120K,Silver,19,3,3,1984,96,0.057
717047583,Client perdu,47,F,3,Doctorat,Marié(e),$40K - $60K,Blue,35,3,2,2517,63,0.527
715694433,Client actuel,51,M,1,Non connu,Célibataire,$60K - $80K,Blue,22,3,3,1177,116,0.277
793456983,Client actuel,43,M,0,Master,Célibataire,$40K - $60K,Blue,37,2,3,989,104,0.126
715742658,Client actuel,41,F,3,Licence,Non connu,Moins de $40K,Blue,13,3,2,1421,97,0.234
715518783,Client actuel,48,F,3,Licence,Célibataire,Moins de $40K,Blue,36,3,1,2029,128,0.523
779514558,Client actuel,41,F,2,Lycée (équivalent baccalauréat),Marié(e),Moins de $40K,Blue,24,1,1,1645,96,0.228
720017958,Client actuel,48,F,4,Non connu,Célibataire,$40K - $60K,Blue,36,1,2,1679,117,0.274
712895733,Client perdu,40,M,4,Sans diplôme,Célibataire,$80K - $120K,Blue,36,3,2,572,81,0.017
719039283,Client actuel,32,M,1,Sans diplôme,Marié(e),$40K - $60K,Blue,36,2,3,1964,85,0.556
719629308,Client perdu,55,F,2,Non connu,Célibataire,Non connu,Silver,37,2,3,1783,80,0.052
754443033,Client perdu,50,M,1,Licence,Marié(e),$80K - $120K,Silver,43,3,3,432,72,0.013
716159958,Client actuel,49,M,2,Non connu,Marié(e),$60K - $80K,Blue,36,1,2,1329,93,0.214
712195383,Client actuel,37,F,0,Doctorat,Célibataire,Moins de $40K,Blue,36,2,3,1585,110,0.173
822885033,Client actuel,31,M,1,Lycée (équivalent baccalauréat),Marié(e),$60K - $80K,Blue,24,1,3,1493,120,0.345
716543433,Client actuel,52,M,2,Niveau Bac+2,Marié(e),$80K - $120K,Blue,36,2,2,1049,99,0.105
717403158,Client actuel,60,F,0,Sans diplôme,Célibataire,Moins de $40K,Blue,47,2,2,2076,102,0.215
826065258,Client actuel,35,F,2,Non connu,Divorcé(e),Non connu,Blue,31,2,2,1555,116,0.082
709397508,Client actuel,48,M,1,Sans diplôme,Marié(e),$60K - $80K,Blue,39,3,1,1709,111,0.198
720748608,Client perdu,44,M,3,Licence,Divorcé(e),$40K - $60K,Blue,32,2,2,0,66,0.0
709823733,Client perdu,44,F,2,Licence,Non connu,$40K - $60K,Blue,34,3,3,0,78,0.0
713542908,Client actuel,31,M,2,Licence,Célibataire,Moins de $40K,Blue,19,2,3,1829,117,0.312
720512433,Client perdu,56,M,1,Sans diplôme,Célibataire,$60K - $80K,Blue,36,6,3,2281,78,0.15
713671158,Client actuel,46,M,2,Sans diplôme,Célibataire,$120K +,Blue,32,3,1,2328,121,0.067
802449933,Client actuel,29,M,1,Sans diplôme,Marié(e),$40K - $60K,Blue,23,3,1,1750,114,0.215
716723658,Client actuel,37,F,2,Master,Célibataire,Moins de $40K,Blue,28,3,1,1519,110,0.431
710451708,Client actuel,32,M,1,Licence,Marié(e),$40K - $60K,Blue,24,1,2,972,115,0.1
809540733,Client actuel,52,M,2,Lycée (équivalent baccalauréat),Marié(e),$80K - $120K,Blue,47,1,1,1425,92,0.125
716372358,Client actuel,58,F,3,Licence,Marié(e),Moins de $40K,Blue,47,2,1,0,124,0.0
710162133,Client perdu,41,M,4,Licence,Marié(e),$80K - $120K,Blue,36,3,8,1253,77,0.265
710878308,Client perdu,50,F,4,Licence,Célibataire,$40K - $60K,Blue,37,2,3,913,71,0.247
710262408,Client actuel,29,M,1,Licence,Célibataire,$80K - $120K,Silver,36,2,1,1666,116,0.048
713975433,Client actuel,32,F,0,Lycée (équivalent baccalauréat),Divorcé(e),Moins de $40K,Blue,25,3,0,1753,110,0.198
771244383,Client actuel,52,F,1,Niveau Bac+2,Non connu,Moins de $40K,Blue,39,2,1,0,113,0.0
710405808,Client actuel,48,M,2,Licence,Divorcé(e),Moins de $40K,Blue,36,3,2,1229,100,0.357
715542783,Client actuel,33,F,2,Licence,Marié(e),Moins de $40K,Blue,24,3,2,0,92,0.0
815840283,Client actuel,51,F,2,Non connu,Marié(e),Moins de $40K,Blue,46,6,3,1893,124,0.244
788908308,Client actuel,46,M,2,Lycée (équivalent baccalauréat),Célibataire,$40K - $60K,Blue,32,3,2,0,116,0.0
789394833,Client actuel,47,M,2,Non connu,Divorcé(e),$80K - $120K,Blue,37,2,2,1969,104,0.091
712609533,Client actuel,32,M,1,Sans diplôme,Célibataire,$80K - $120K,Blue,15,2,1,1530,118,0.454
710237283,Client actuel,50,F,2,Licence,Marié(e),Moins de $40K,Blue,38,1,1,960,111,0.101
770766633,Client actuel,28,F,1,Master,Célibataire,Moins de $40K,Blue,14,3,3,0,105,0.0
823837158,Client actuel,44,M,3,Licence,Célibataire,$40K - $60K,Blue,40,3,1,1230,123,0.134
712123008,Client actuel,43,M,2,Lycée (équivalent baccalauréat),Marié(e),$60K - $80K,Blue,31,3,1,1845,116,0.138
711727083,Client actuel,50,F,1,Licence,Célibataire,$40K - $60K,Blue,36,1,3,1622,101,0.573
720033033,Client actuel,53,F,2,Master,Célibataire,Non connu,Blue,41,2,3,1396,96,0.092
787723758,Client actuel,58,F,3,Non connu,Marié(e),Moins de $40K,Blue,48,1,2,1465,101,0.407
770926158,Client actuel,51,F,0,Doctorat,Célibataire,Moins de $40K,Blue,38,2,2,2517,129,0.609
711360783,Client actuel,39,F,0,Niveau Bac+2,Célibataire,Moins de $40K,Blue,36,2,2,1870,127,0.428
708285108,Client actuel,42,M,4,Licence,Célibataire,$40K - $60K,Blue,36,1,2,2239,116,0.365
713390433,Client perdu,44,M,3,Licence,Non connu,$60K - $80K,Gold,29,3,2,2517,67,0.073
718096608,Client actuel,44,F,4,Lycée (équivalent baccalauréat),Célibataire,Moins de $40K,Blue,30,2,3,1930,113,0.28
719094333,Client actuel,46,M,4,Sans diplôme,Marié(e),$80K - $120K,Blue,33,2,1,1567,105,0.116
813764283,Client actuel,39,M,3,Lycée (équivalent baccalauréat),Marié(e),$80K - $120K,Blue,34,1,2,1820,114,0.101
713398158,Client actuel,45,M,3,Master,Marié(e),$40K - $60K,Blue,30,2,2,1673,89,0.438
711227883,Client actuel,41,F,2,Licence,Célibataire,Moins de $40K,Blue,21,3,3,1641,121,0.453
810040908,Client actuel,42,F,3,Lycée (équivalent baccalauréat),Célibataire,Moins de $40K,Blue,37,3,1,824,120,0.218
772640808,Client actuel,38,F,1,Niveau Bac+2,Célibataire,Moins de $40K,Blue,28,2,2,1366,118,0.295
784907658,Client actuel,36,M,2,Lycée (équivalent baccalauréat),Marié(e),$80K - $120K,Blue,30,1,2,2220,119,0.511
794692158,Client actuel,43,F,3,Lycée (équivalent baccalauréat),Non connu,$40K - $60K,Silver,25,2,1,0,105,0.0
718383183,Client actuel,51,F,3,Lycée (équivalent baccalauréat),Marié(e),Moins de $40K,Blue,39,1,1,2437,117,0.641
721156758,Client actuel,52,M,3,Licence,Marié(e),$60K - $80K,Blue,44,2,1,603,124,0.025
811793433,Client actuel,50,F,3,Licence,Divorcé(e),Non connu,Silver,45,1,2,2381,103,0.069
712010358,Client perdu,49,M,4,Licence,Marié(e),$80K - $120K,Blue,36,3,2,0,76,0.0
719420058,Client actuel,44,M,4,Non connu,Célibataire,$80K - $120K,Blue,26,2,1,2177,110,0.185
809459733,Client actuel,43,F,4,Non connu,Célibataire,Moins de $40K,Blue,38,1,2,0,90,0.0
798783858,Client actuel,48,F,3,Non connu,Non connu,$40K - $60K,Blue,42,1,1,2517,92,0.258
711432258,Client perdu,55,M,3,Licence,Célibataire,$60K - $80K,Blue,46,6,2,0,54,0.0
721294533,Client actuel,48,M,4,Licence,Marié(e),$80K - $120K,Blue,34,1,1,738,121,0.021
718425333,Client actuel,45,M,4,Licence,Marié(e),$80K - $120K,Blue,32,1,3,1657,111,0.062
714294183,Client perdu,54,M,1,Licence,Divorcé(e),$80K - $120K,Blue,44,3,3,132,51,0.014
714637908,Client actuel,47,F,4,Non connu,Célibataire,Moins de $40K,Blue,36,2,1,1669,118,0.21
712341933,Client actuel,39,M,1,Licence,Célibataire,$60K - $80K,Gold,36,3,2,1662,105,0.048
708332808,Client actuel,47,M,2,Sans diplôme,Marié(e),$40K - $60K,Blue,39,2,2,0,115,0.0
708354858,Client perdu,51,M,2,Non connu,Célibataire,$120K +,Blue,42,7,2,0,80,0.0
766649283,Client actuel,49,F,3,Licence,Divorcé(e),Non connu,Blue,42,2,3,1917,107,0.136
817951083,Client actuel,58,F,1,Non connu,Marié(e),$40K - $60K,Silver,53,3,3,1527,125,0.096
708301683,Client perdu,40,M,2,Sans diplôme,Marié(e),$80K - $120K,Blue,30,2,3,1059,90,0.051
713655108,Client actuel,60,F,1,Licence,Célibataire,Moins de $40K,Blue,45,3,1,1423,108,0.146
714560358,Client actuel,53,M,1,Non connu,Célibataire,$40K - $60K,Blue,45,2,1,1514,100,0.468
712113558,Client perdu,45,M,2,Licence,Marié(e),$80K - $120K,Blue,36,3,3,1273,75,0.051
710603958,Client actuel,49,M,2,Sans diplôme,Marié(e),$80K - $120K,Blue,36,1,3,0,101,0.0
720597108,Client perdu,48,F,3,Master,Divorcé(e),$40K - $60K,Blue,36,3,1,2138,54,0.215
713810658,Client actuel,44,M,3,Licence,Marié(e),$60K - $80K,Blue,36,2,3,799,100,0.236
721519908,Client actuel,29,F,1,Sans diplôme,Célibataire,Moins de $40K,Blue,36,2,1,1419,99,0.39
712025958,Client actuel,42,M,4,Sans diplôme,Marié(e),$80K - $120K,Silver,35,2,3,1420,110,0.041
794740458,Client actuel,45,F,3,Licence,Marié(e),Moins de $40K,Silver,39,2,3,1608,106,0.158
709814883,Client actuel,55,F,2,Lycée (équivalent baccalauréat),Célibataire,Moins de $40K,Platinum,36,3,1,2262,127,0.141
719767683,Client perdu,46,M,0,Niveau Bac+2,Célibataire,$80K - $120K,Blue,39,3,3,0,79,0.0
715321008,Client perdu,39,M,2,Non connu,Marié(e),$120K +,Blue,36,3,3,2517,63,0.073
710106933,Client actuel,32,M,2,Sans diplôme,Célibataire,$80K - $120K,Silver,20,3,3,2136,119,0.062
716655858,Client actuel,38,M,2,Lycée (équivalent baccalauréat),Célibataire,$80K - $120K,Blue,31,3,2,0,99,0.0
778260108,Client actuel,50,F,4,Non connu,Marié(e),$40K - $60K,Blue,41,2,2,1509,112,0.354
713986908,Client actuel,50,F,2,Lycée (équivalent baccalauréat),Marié(e),Non connu,Blue,40,3,2,1084,126,0.101
780042633,Client perdu,37,F,2,Non connu,Marié(e),Non connu,Silver,21,2,2,0,64,0.0
713269533,Client perdu,42,M,2,Niveau Bac+2,Célibataire,$80K - $120K,Blue,36,3,1,2517,85,0.253
713868033,Client actuel,53,M,1,Niveau Bac+2,Célibataire,$80K - $120K,Silver,36,2,2,1484,114,0.043
708103608,Client actuel,52,M,1,Lycée (équivalent baccalauréat),Célibataire,$60K - $80K,Blue,45,5,1,2517,128,0.212
789684258,Client perdu,57,M,2,Master,Marié(e),$80K - $120K,Silver,43,3,3,1847,61,0.054
779067408,Client actuel,46,M,1,Sans diplôme,Marié(e),$60K - $80K,Blue,27,3,1,1890,102,0.145
712231308,Client actuel,60,M,0,Licence,Célibataire,Moins de $40K,Silver,47,1,3,1413,128,0.101
761079783,Client perdu,40,M,3,Licence,Marié(e),$60K - $80K,Blue,33,3,8,442,67,0.08
787518258,Client perdu,49,M,3,Sans diplôme,Marié(e),$120K +,Blue,38,3,3,0,77,0.0
717631908,Client perdu,56,M,2,Non connu,Marié(e),Moins de $40K,Blue,44,3,1,0,69,0.0
769396158,Client perdu,55,M,1,Niveau Bac+2,Célibataire,$80K - $120K,Blue,43,2,3,0,53,0.0
713462508,Client actuel,55,F,2,Licence,Marié(e),Non connu,Blue,41,1,1,1760,121,0.49
716717733,Client perdu,55,F,3,Sans diplôme,Marié(e),Moins de $40K,Blue,47,6,7,859,87,0.177
709383933,Client perdu,31,M,2,Non connu,Non connu,$80K - $120K,Blue,18,1,3,2517,66,0.593
717283008,Client actuel,44,F,4,Licence,Célibataire,Non connu,Blue,36,1,2,1378,108,0.184
793449333,Client actuel,54,M,2,Licence,Divorcé(e),$80K - $120K,Blue,48,3,2,2114,115,0.071
710873583,Client actuel,58,M,1,Licence,Marié(e),$60K - $80K,Blue,48,3,2,2221,109,0.107
718486608,Client actuel,53,M,2,Lycée (équivalent baccalauréat),Célibataire,$120K +,Blue,36,2,2,1431,96,0.068
716748483,Client actuel,59,F,1,Sans diplôme,Marié(e),$40K - $60K,Blue,36,2,3,1569,129,0.422
715113933,Client perdu,54,M,1,Non connu,Célibataire,$80K - $120K,Blue,36,3,2,573,87,0.052
711160233,Client actuel,32,M,1,Lycée (équivalent baccalauréat),Marié(e),$40K - $60K,Blue,19,3,1,0,105,0.0
715714458,Client perdu,48,M,5,Licence,Célibataire,$40K - $60K,Blue,38,3,3,0,76,0.0
709615458,Client actuel,54,M,3,Licence,Marié(e),$120K +,Blue,44,1,3,862,111,0.025
719955558,Client actuel,32,M,0,Non connu,Marié(e),Moins de $40K,Silver,24,2,3,0,123,0.0
713072358,Client actuel,42,M,2,Licence,Marié(e),$80K - $120K,Silver,31,1,3,1356,104,0.039
721402233,Client actuel,42,M,3,Sans diplôme,Marié(e),$120K +,Blue,28,3,1,1507,125,0.079
713691633,Client actuel,29,M,0,Master,Marié(e),Moins de $40K,Blue,36,1,1,0,123,0.0
708866133,Client actuel,43,M,3,Licence,Marié(e),$80K - $120K,Blue,32,1,2,1331,116,0.317
757256358,Client actuel,45,M,3,Licence,Célibataire,$60K - $80K,Blue,38,3,3,1580,122,0.487
784868958,Client actuel,56,F,1,Lycée (équivalent baccalauréat),Marié(e),Non connu,Blue,49,2,1,2517,138,0.143
710845308,Client actuel,46,M,4,Lycée (équivalent baccalauréat),Marié(e),$80K - $120K,Blue,36,2,1,1190,113,0.036
719368533,Client actuel,41,F,2,Doctorat,Marié(e),Non connu,Silver,28,3,3,1289,100,0.04
718337733,Client actuel,50,F,2,Licence,Marié(e),Non connu,Gold,40,1,1,1826,121,0.053
715132758,Client actuel,52,F,2,Niveau Bac+2,Divorcé(e),$40K - $60K,Gold,43,2,3,2114,100,0.088
712556433,Client actuel,52,F,2,Licence,Marié(e),$40K - $60K,Blue,43,2,3,1649,92,0.403
718947558,Client actuel,32,F,0,Lycée (équivalent baccalauréat),Célibataire,Non connu,Blue,21,3,1,2295,115,0.54
710303208,Client actuel,52,F,1,Lycée (équivalent baccalauréat),Célibataire,Moins de $40K,Blue,40,1,1,2517,121,0.611
804158583,Client actuel,60,M,1,Lycée (équivalent baccalauréat),Marié(e),Moins de $40K,Silver,55,2,3,1456,122,0.109
711720408,Client actuel,44,F,0,Non connu,Marié(e),Moins de $40K,Blue,34,3,3,1273,129,0.14
715808808,Client actuel,48,F,4,Sans diplôme,Marié(e),Non connu,Blue,36,6,1,1216,104,0.163
715076358,Client perdu,57,M,1,Master,Non connu,$80K - $120K,Blue,36,3,3,0,62,0.0
718343058,Client actuel,52,F,2,Lycée (équivalent baccalauréat),Divorcé(e),Moins de $40K,Blue,40,2,3,2517,105,0.48
769667583,Client perdu,34,M,3,Master,Célibataire,$40K - $60K,Blue,28,3,2,0,69,0.0
709013208,Client actuel,40,M,2,Sans diplôme,Célibataire,$80K - $120K,Blue,36,2,1,1690,127,0.108
716004258,Client actuel,45,M,4,Lycée (équivalent baccalauréat),Célibataire,$60K - $80K,Blue,35,1,3,2092,120,0.248
715645908,Client perdu,59,M,0,Lycée (équivalent baccalauréat),Marié(e),$80K - $120K,Gold,48,2,8,0,71,0.0
717724233,Client actuel,43,M,3,Non connu,Non connu,$80K - $120K,Blue,28,1,3,734,116,0.074
719850933,Client actuel,30,M,2,Niveau Bac+2,Célibataire,$60K - $80K,Blue,36,3,3,1734,106,0.414
790131033,Client actuel,38,F,1,Lycée (équivalent baccalauréat),Marié(e),Moins de $40K,Blue,31,6,3,2517,105,0.737
721211433,Client actuel,42,M,4,Doctorat,Célibataire,$60K - $80K,Blue,31,2,2,0,108,0.0
721290708,Client actuel,50,M,1,Sans diplôme,Célibataire,$60K - $80K,Blue,30,3,2,1816,99,0.128
712107783,Client actuel,49,M,4,Niveau Bac+2,Célibataire,$60K - $80K,Blue,35,2,2,1817,118,0.105
818960133,Client actuel,58,M,4,Lycée (équivalent baccalauréat),Marié(e),$60K - $80K,Blue,53,3,0,698,91,0.051
713560758,Client actuel,54,F,1,Sans diplôme,Marié(e),Moins de $40K,Blue,42,2,3,2087,92,0.656
718579833,Client actuel,39,F,3,Licence,Non connu,Moins de $40K,Blue,26,2,1,2488,101,0.467
778643733,Client perdu,48,F,1,Sans diplôme,Célibataire,$40K - $60K,Gold,28,2,1,1454,64,0.061
770977833,Client actuel,36,M,2,Licence,Marié(e),Moins de $40K,Blue,23,2,3,0,102,0.0
708721533,Client actuel,56,F,1,Licence,Marié(e),Moins de $40K,Blue,36,1,2,1148,128,0.223
772300383,Client actuel,57,F,2,Non connu,Marié(e),$40K - $60K,Blue,46,1,3,1533,122,0.302
751155783,Client actuel,47,F,2,Lycée (équivalent baccalauréat),Marié(e),$40K - $60K,Blue,40,1,3,1868,118,0.459
768457008,Client actuel,27,M,1,Licence,Célibataire,$40K - $60K,Blue,21,3,1,787,92,0.077
794494308,Client perdu,52,M,3,Sans diplôme,Marié(e),$120K +,Platinum,23,7,3,2070,102,0.06
710980383,Client perdu,53,M,3,Lycée (équivalent baccalauréat),Marié(e),$80K - $120K,Silver,33,2,3,0,74,0.0
716663808,Client actuel,57,F,3,Lycée (équivalent baccalauréat),Marié(e),Moins de $40K,Blue,36,3,1,721,102,0.18
712912233,Client actuel,50,F,0,Master,Divorcé(e),Moins de $40K,Blue,36,4,1,2221,122,0.64
717992433,Client actuel,50,M,4,Licence,Marié(e),$80K - $120K,Blue,39,1,2,1796,101,0.151
709971708,Client perdu,51,F,1,Lycée (équivalent baccalauréat),Célibataire,Non connu,Blue,41,3,2,0,62,0.0
715600533,Client actuel,61,M,0,Licence,Célibataire,$80K - $120K,Gold,50,3,3,1357,124,0.039
710153583,Client perdu,30,F,0,Sans diplôme,Marié(e),Moins de $40K,Blue,13,1,3,0,63,0.0
794132808,Client actuel,60,M,0,Sans diplôme,Marié(e),$40K - $60K,Blue,54,3,3,1285,97,0.099
720565458,Client perdu,43,M,2,Master,Célibataire,$60K - $80K,Blue,36,3,3,0,65,0.0
715496058,Client perdu,41,F,4,Sans diplôme,Célibataire,$80K - $120K,Gold,36,3,3,0,73,0.0
709015833,Client actuel,42,M,2,Licence,Célibataire,$60K - $80K,Silver,36,3,2,0,132,0.0
718612758,Client actuel,36,M,2,Lycée (équivalent baccalauréat),Marié(e),$120K +,Blue,36,1,2,939,107,0.027
712438308,Client actuel,27,F,1,Lycée (équivalent baccalauréat),Marié(e),Non connu,Blue,15,1,2,0,122,0.0
716238483,Client perdu,59,M,0,Niveau Bac+2,Marié(e),$80K - $120K,Blue,50,2,3,2352,76,0.182
718297683,Client perdu,59,F,1,Lycée (équivalent baccalauréat),Célibataire,Moins de $40K,Blue,50,0,3,0,71,0.0
712206033,Client actuel,55,M,1,Licence,Marié(e),$40K - $60K,Blue,36,1,2,1355,119,0.366
710904708,Client actuel,56,F,1,Lycée (équivalent baccalauréat),Marié(e),Moins de $40K,Blue,43,1,1,921,110,0.173
711190233,Client actuel,34,M,3,Licence,Marié(e),$40K - $60K,Blue,36,2,1,990,123,0.218
710535708,Client actuel,49,M,2,Sans diplôme,Marié(e),$80K - $120K,Blue,39,3,1,1293,118,0.081
794573883,Client actuel,32,M,1,Non connu,Célibataire,$40K - $60K,Silver,16,3,1,2517,111,0.141
719118708,Client perdu,49,F,3,Non connu,Marié(e),Moins de $40K,Blue,37,2,2,0,80,0.0
790201158,Client actuel,60,F,1,Sans diplôme,Marié(e),Moins de $40K,Silver,54,2,3,1731,108,0.133
779333883,Client perdu,51,F,3,Sans diplôme,Marié(e),Moins de $40K,Blue,33,3,3,0,62,0.0
719805183,Client actuel,39,M,2,Niveau Bac+2,Marié(e),Moins de $40K,Blue,19,3,2,961,117,0.109
721220583,Client actuel,54,F,2,Licence,Marié(e),$40K - $60K,Blue,41,1,3,1176,130,0.16
779685558,Client actuel,53,M,5,Licence,Célibataire,$120K +,Gold,36,4,1,2088,123,0.06
713965683,Client actuel,35,M,3,Master,Marié(e),$80K - $120K,Blue,28,1,2,0,121,0.0
710667708,Client actuel,47,M,2,Sans diplôme,Célibataire,$60K - $80K,Blue,36,3,2,1871,128,0.15
718979733,Client actuel,52,M,5,Non connu,Célibataire,$60K - $80K,Blue,36,3,2,2195,115,0.093
712104333,Client actuel,57,F,2,Doctorat,Célibataire,Moins de $40K,Blue,44,2,3,1254,100,0.137
793560033,Client actuel,47,F,3,Sans diplôme,Célibataire,Non connu,Silver,33,2,3,1930,125,0.056
779920533,Client actuel,54,F,1,Lycée (équivalent baccalauréat),Marié(e),Moins de $40K,Blue,41,3,2,2517,96,0.665
717480783,Client actuel,39,M,1,Lycée (équivalent baccalauréat),Célibataire,$80K - $120K,Blue,29,1,2,2101,100,0.217
709066983,Client actuel,50,M,4,Lycée (équivalent baccalauréat),Marié(e),$120K +,Blue,41,2,2,2353,129,0.068
718528008,Client actuel,60,F,1,Lycée (équivalent baccalauréat),Marié(e),Moins de $40K,Blue,47,3,1,1460,106,0.38
712390683,Client actuel,41,M,2,Sans diplôme,Célibataire,$40K - $60K,Blue,27,3,1,1255,99,0.094
826245858,Client perdu,50,M,2,Licence,Marié(e),$80K - $120K,Silver,40,7,7,0,79,0.0
712966458,Client actuel,51,M,0,Non connu,Célibataire,$80K - $120K,Blue,36,2,3,0,115,0.0
709467183,Client actuel,56,M,3,Licence,Marié(e),$60K - $80K,Blue,40,3,2,561,99,0.027
710529708,Client actuel,41,M,3,Niveau Bac+2,Célibataire,$60K - $80K,Blue,36,3,1,1476,105,0.063
789817833,Client perdu,44,F,5,Master,Non connu,$40K - $60K,Blue,33,3,2,2466,60,0.272
712363158,Client actuel,36,M,1,Licence,Célibataire,$60K - $80K,Blue,24,2,1,1299,115,0.065
717060858,Client perdu,31,M,0,Licence,Marié(e),$40K - $60K,Blue,36,2,3,2517,71,0.364
718060983,Client actuel,49,F,1,Licence,Marié(e),Moins de $40K,Blue,36,3,2,2186,120,0.639
711600033,Client actuel,40,F,3,Niveau Bac+2,Célibataire,Moins de $40K,Silver,36,1,0,0,108,0.0
709910733,Client actuel,49,F,4,Lycée (équivalent baccalauréat),Célibataire,Non connu,Silver,30,3,2,1963,86,0.057
757291008,Client perdu,46,M,4,Non connu,Marié(e),$80K - $120K,Blue,39,3,2,289,76,0.008
819376683,Client actuel,54,M,1,Non connu,Célibataire,$80K - $120K,Blue,49,3,3,2027,102,0.071
720458883,Client actuel,29,M,1,Lycée (équivalent baccalauréat),Marié(e),$60K - $80K,Blue,16,2,1,2517,106,0.201
708963258,Client perdu,46,M,3,Niveau Bac+2,Marié(e),$60K - $80K,Blue,39,3,2,1907,86,0.143
711746133,Client perdu,50,M,1,Non connu,Célibataire,$120K +,Blue,37,3,2,0,81,0.0
715249533,Client actuel,49,F,3,Licence,Célibataire,Non connu,Blue,36,2,2,0,103,0.0
708522033,Client actuel,50,M,2,Niveau Bac+2,Marié(e),$60K - $80K,Blue,36,2,1,1664,90,0.135
708496833,Client perdu,60,M,1,Lycée (équivalent baccalauréat),Célibataire,$40K - $60K,Blue,50,6,5,0,78,0.0
717464958,Client actuel,55,F,2,Doctorat,Marié(e),Moins de $40K,Silver,36,2,1,0,111,0.0
751166508,Client actuel,57,M,3,Master,Célibataire,$80K - $120K,Blue,50,1,1,2293,114,0.066
795218883,Client actuel,47,M,3,Lycée (équivalent baccalauréat),Marié(e),$60K - $80K,Blue,41,3,3,1556,122,0.37
710856558,Client actuel,45,F,2,Licence,Marié(e),Moins de $40K,Blue,36,3,1,1889,105,0.566
721107258,Client actuel,45,F,5,Non connu,Non connu,Moins de $40K,Blue,37,2,2,1967,115,0.36
716457783,Client actuel,55,F,1,Niveau Bac+2,Célibataire,Moins de $40K,Silver,36,1,3,1661,98,0.131
710810883,Client actuel,39,M,1,Niveau Bac+2,Célibataire,$80K - $120K,Blue,36,1,3,1260,95,0.037
710895708,Client perdu,35,F,0,Doctorat,Marié(e),$40K - $60K,Blue,27,3,2,0,73,0.0
789200208,Client actuel,40,F,4,Sans diplôme,Marié(e),Non connu,Blue,29,3,3,2181,110,0.656
718578708,Client actuel,49,M,4,Master,Célibataire,$120K +,Silver,38,3,1,1562,100,0.045
719859033,Client perdu,32,M,3,Licence,Marié(e),$40K - $60K,Blue,20,2,2,0,63,0.0
713036208,Client actuel,46,M,1,Licence,Marié(e),$40K - $60K,Blue,27,2,2,2091,107,0.303
771769383,Client actuel,42,F,3,Non connu,Marié(e),Moins de $40K,Blue,31,3,2,0,120,0.0
718316058,Client actuel,51,M,1,Sans diplôme,Marié(e),$60K - $80K,Blue,38,3,1,1375,99,0.1
710155983,Client perdu,52,M,1,Non connu,Célibataire,$40K - $60K,Blue,36,3,6,0,62,0.0
779571708,Client perdu,43,M,5,Licence,Marié(e),$60K - $80K,Blue,25,2,3,0,71,0.0
718042383,Client actuel,38,M,1,Sans diplôme,Non connu,$40K - $60K,Blue,18,3,3,1379,118,0.391
710244108,Client actuel,44,M,3,Niveau Bac+2,Marié(e),$60K - $80K,Gold,34,1,3,1543,101,0.045
806649333,Client actuel,47,F,4,Lycée (équivalent baccalauréat),Non connu,Non connu,Blue,42,3,2,1404,127,0.083
789280683,Client actuel,56,M,2,Licence,Célibataire,$120K +,Blue,45,2,3,898,122,0.077
713318733,Client perdu,32,M,0,Niveau Bac+2,Célibataire,$60K - $80K,Blue,24,2,3,0,64,0.0
709611183,Client perdu,41,F,3,Lycée (équivalent baccalauréat),Marié(e),Moins de $40K,Blue,31,3,3,0,82,0.0
712441308,Client perdu,41,F,4,Non connu,Célibataire,Non connu,Blue,25,2,3,0,65,0.0
709315383,Client actuel,31,F,0,Master,Célibataire,Non connu,Blue,36,3,1,0,108,0.0
710141208,Client actuel,45,F,4,Sans diplôme,Marié(e),Moins de $40K,Blue,37,3,1,1817,104,0.569
711684408,Client perdu,50,F,0,Licence,Marié(e),$80K - $120K,Blue,38,3,1,1574,84,0.319
758331483,Client actuel,31,M,0,Licence,Célibataire,$60K - $80K,Silver,24,2,2,984,109,0.029
715825458,Client perdu,47,M,2,Licence,Marié(e),$80K - $120K,Blue,36,3,2,2239,56,0.173
708248358,Client actuel,42,M,4,Licence,Non connu,$60K - $80K,Silver,30,1,3,0,109,0.0
779808333,Client actuel,48,F,2,Licence,Célibataire,Moins de $40K,Blue,38,1,2,1901,110,0.214
715989108,Client actuel,52,M,3,Non connu,Célibataire,$80K - $120K,Blue,42,3,3,1834,100,0.067
714912408,Client actuel,45,M,2,Sans diplôme,Marié(e),$80K - $120K,Blue,37,1,1,1845,88,0.057
827683383,Client actuel,48,F,3,Sans diplôme,Divorcé(e),Moins de $40K,Blue,44,2,1,2517,112,0.613
719595708,Client actuel,53,F,2,Lycée (équivalent baccalauréat),Marié(e),Non connu,Blue,47,1,1,1294,124,0.173
711566208,Client actuel,58,F,3,Licence,Marié(e),Moins de $40K,Blue,36,2,2,1857,98,0.37
711161133,Client perdu,36,F,2,Non connu,Célibataire,Moins de $40K,Blue,36,3,3,0,59,0.0
715052583,Client actuel,45,M,3,Doctorat,Célibataire,$60K - $80K,Silver,34,3,1,879,112,0.032
714586458,Client actuel,41,F,1,Lycée (équivalent baccalauréat),Divorcé(e),Moins de $40K,Blue,36,3,1,2031,124,0.286
711523533,Client actuel,43,M,5,Master,Célibataire,$60K - $80K,Blue,31,3,1,1805,130,0.105
756658083,Client actuel,49,M,4,Master,Célibataire,$80K - $120K,Blue,42,2,1,2018,115,0.065
709247808,Client actuel,53,F,1,Non connu,Non connu,Moins de $40K,Blue,43,2,2,2517,102,0.694
713242383,Client perdu,39,M,2,Sans diplôme,Marié(e),$120K +,Silver,19,1,2,796,75,0.023
717135333,Client actuel,50,F,1,Licence,Célibataire,Non connu,Blue,36,2,2,1390,97,0.077
716150358,Client actuel,38,M,3,Licence,Marié(e),Moins de $40K,Silver,27,2,3,2070,115,0.2
717457008,Client perdu,43,M,3,Sans diplôme,Célibataire,$40K - $60K,Blue,36,3,3,0,90,0.0
711822933,Client actuel,55,F,2,Niveau Bac+2,Marié(e),$40K - $60K,Blue,45,3,3,1651,103,0.553
803968233,Client actuel,39,F,2,Sans diplôme,Marié(e),Moins de $40K,Silver,34,3,3,2517,114,0.175
779037408,Client actuel,38,M,1,Lycée (équivalent baccalauréat),Célibataire,$40K - $60K,Blue,19,3,3,694,109,0.194
709007883,Client actuel,37,M,2,Licence,Marié(e),Moins de $40K,Blue,28,2,3,1267,104,0.411
714635883,Client actuel,48,F,2,Non connu,Célibataire,Moins de $40K,Blue,37,3,2,1996,109,0.555
779914383,Client actuel,34,M,1,Sans diplôme,Marié(e),$60K - $80K,Blue,18,2,2,1636,116,0.156
712841883,Client perdu,50,M,3,Niveau Bac+2,Marié(e),$80K - $120K,Silver,36,3,2,2517,66,0.073
719582058,Client perdu,41,M,3,Doctorat,Célibataire,$80K - $120K,Blue,29,2,3,1629,75,0.068
708387933,Client actuel,49,F,2,Master,Marié(e),Moins de $40K,Blue,37,1,2,0,110,0.0
717251508,Client actuel,37,M,1,Sans diplôme,Célibataire,$120K +,Blue,17,1,3,0,116,0.0
710699283,Client actuel,46,M,2,Licence,Célibataire,$120K +,Blue,28,1,1,1921,131,0.247
709141908,Client actuel,53,M,2,Licence,Marié(e),$80K - $120K,Blue,41,3,1,2451,111,0.238
720356133,Client actuel,48,F,4,Lycée (équivalent baccalauréat),Célibataire,Non connu,Blue,36,3,1,1419,101,0.059
717788958,Client actuel,31,M,0,Licence,Divorcé(e),$80K - $120K,Blue,19,1,2,570,103,0.026
778563858,Client actuel,40,F,3,Sans diplôme,Marié(e),Moins de $40K,Blue,33,1,1,991,115,0.114
711096633,Client perdu,37,F,2,Sans diplôme,Non connu,$80K - $120K,Silver,29,2,7,0,94,0.0
716816583,Client actuel,61,M,0,Licence,Marié(e),$60K - $80K,Blue,48,3,1,2148,94,0.139
719841708,Client actuel,45,M,0,Sans diplôme,Célibataire,$80K - $120K,Blue,36,4,3,2031,121,0.1
708555633,Client actuel,32,F,1,Lycée (équivalent baccalauréat),Célibataire,Moins de $40K,Blue,16,3,1,2517,97,0.709
714638883,Client actuel,31,M,0,Licence,Célibataire,$40K - $60K,Blue,36,3,3,1835,110,0.394
809147283,Client actuel,43,F,5,Licence,Marié(e),Moins de $40K,Gold,38,2,1,1372,109,0.086
708197358,Client perdu,57,M,2,Sans diplôme,Non connu,$80K - $120K,Blue,48,1,3,264,63,0.009
757247808,Client perdu,42,F,3,Licence,Marié(e),$40K - $60K,Blue,35,6,3,2517,61,0.481
820922733,Client actuel,43,M,2,Licence,Marié(e),$80K - $120K,Blue,38,1,2,0,124,0.0
807977808,Client actuel,39,F,2,Licence,Célibataire,Moins de $40K,Blue,34,3,3,2517,103,0.775
712863183,Client actuel,46,F,3,Licence,Marié(e),$40K - $60K,Blue,38,3,3,829,114,0.083
778825908,Client actuel,43,F,2,Non connu,Célibataire,Moins de $40K,Silver,24,1,3,1523,113,0.148
713379258,Client actuel,32,F,1,Lycée (équivalent baccalauréat),Marié(e),Moins de $40K,Blue,36,1,2,1293,100,0.316
710232483,Client actuel,49,F,1,Sans diplôme,Marié(e),Non connu,Blue,36,3,2,2162,122,0.109
710170758,Client perdu,32,M,0,Master,Marié(e),$60K - $80K,Blue,25,2,2,2331,67,0.522
803421108,Client actuel,49,M,4,Licence,Célibataire,$80K - $120K,Blue,43,2,2,2517,113,0.122
792152283,Client actuel,54,M,3,Licence,Marié(e),$120K +,Blue,48,3,2,0,103,0.0
717291333,Client actuel,38,M,3,Sans diplôme,Marié(e),$80K - $120K,Blue,29,2,2,0,113,0.0
714928158,Client actuel,60,M,0,Lycée (équivalent baccalauréat),Célibataire,$80K - $120K,Silver,36,2,3,806,102,0.023
780511683,Client perdu,47,M,3,Licence,Célibataire,$40K - $60K,Blue,34,3,3,232,76,0.053
772491333,Client actuel,31,F,1,Master,Marié(e),Moins de $40K,Blue,21,1,2,2005,94,0.375
719847108,Client perdu,52,M,1,Non connu,Marié(e),$40K - $60K,Blue,36,3,3,2517,73,0.298
808045833,Client actuel,49,M,3,Sans diplôme,Célibataire,Moins de $40K,Blue,44,3,2,1698,105,0.222
708385533,Client perdu,49,F,1,Licence,Marié(e),$60K - $80K,Silver,36,3,3,0,80,0.0
770205708,Client actuel,31,M,0,Non connu,Marié(e),Moins de $40K,Blue,25,3,0,0,112,0.0
719379858,Client perdu,39,M,1,Licence,Marié(e),$80K - $120K,Blue,36,2,3,0,73,0.0
709657533,Client perdu,44,M,3,Lycée (équivalent baccalauréat),Non connu,$120K +,Blue,36,3,2,2270,54,0.291
798788958,Client actuel,32,M,1,Lycée (équivalent baccalauréat),Célibataire,$80K - $120K,Blue,26,3,2,1130,93,0.176
720011958,Client actuel,57,M,2,Lycée (équivalent baccalauréat),Célibataire,$60K - $80K,Blue,36,3,3,1532,97,0.254
708982158,Client actuel,48,F,2,Licence,Célibataire,Moins de $40K,Blue,36,2,3,2122,106,0.633
710803983,Client actuel,44,M,1,Non connu,Marié(e),$80K - $120K,Blue,33,3,1,0,95,0.0
719768658,Client actuel,31,F,0,Niveau Bac+2,Marié(e),Non connu,Silver,24,3,1,2032,104,0.059
711355908,Client actuel,44,F,3,Licence,Non connu,Non connu,Silver,36,3,3,941,117,0.027
813153108,Client actuel,49,M,4,Niveau Bac+2,Marié(e),$80K - $120K,Blue,44,3,3,966,108,0.031
712487883,Client perdu,54,M,5,Lycée (équivalent baccalauréat),Marié(e),$80K - $120K,Blue,48,1,3,0,74,0.0
753220383,Client perdu,29,M,0,Licence,Marié(e),$120K +,Blue,22,2,3,0,78,0.0
708340758,Client perdu,41,M,4,Lycée (équivalent baccalauréat),Marié(e),Moins de $40K,Blue,32,3,3,0,74,0.0
720852108,Client actuel,46,M,4,Lycée (équivalent baccalauréat),Divorcé(e),$120K +,Blue,31,3,1,1553,116,0.435
716728233,Client actuel,47,F,4,Lycée (équivalent baccalauréat),Marié(e),Moins de $40K,Blue,36,3,1,1480,123,0.46
711863433,Client actuel,30,M,1,Non connu,Non connu,Moins de $40K,Blue,13,3,1,1782,116,0.47
779422458,Client actuel,31,F,1,Non connu,Divorcé(e),Moins de $40K,Blue,13,2,3,1206,120,0.341
715573758,Client actuel,43,M,4,Sans diplôme,Marié(e),$120K +,Silver,36,2,1,1816,113,0.053
794530608,Client actuel,52,M,2,Sans diplôme,Célibataire,$80K - $120K,Blue,34,2,3,0,120,0.0
718376583,Client perdu,52,M,2,Licence,Divorcé(e),$80K - $120K,Silver,44,3,2,751,40,0.022
720827133,Client perdu,43,F,3,Doctorat,Célibataire,$60K - $80K,Blue,30,2,2,463,64,0.074
767414808,Client actuel,57,F,0,Sans diplôme,Marié(e),Moins de $40K,Blue,51,3,3,2092,120,0.299
718919433,Client actuel,52,F,4,Licence,Célibataire,Moins de $40K,Blue,36,3,3,1149,112,0.259
708694983,Client actuel,55,F,1,Sans diplôme,Non connu,Moins de $40K,Blue,36,2,1,2222,96,0.705
719270358,Client actuel,57,F,2,Doctorat,Divorcé(e),$40K - $60K,Blue,48,2,2,1678,113,0.391
708948483,Client perdu,54,M,3,Licence,Marié(e),$80K - $120K,Silver,36,3,1,761,68,0.022
708462258,Client actuel,51,F,1,Lycée (équivalent baccalauréat),Marié(e),Moins de $40K,Blue,38,1,2,1171,94,0.226
716721483,Client perdu,59,M,0,Sans diplôme,Célibataire,$40K - $60K,Blue,52,2,2,2017,72,0.14
799011558,Client actuel,43,M,3,Sans diplôme,Marié(e),$120K +,Blue,37,2,3,1171,120,0.069
710697408,Client actuel,41,F,5,Non connu,Marié(e),Moins de $40K,Blue,22,1,3,896,115,0.133
710527533,Client perdu,45,M,5,Niveau Bac+2,Célibataire,$40K - $60K,Blue,36,3,3,0,58,0.0
709996833,Client perdu,31,M,1,Master,Célibataire,$60K - $80K,Silver,36,3,5,0,70,0.0
718531983,Client actuel,51,M,3,Lycée (équivalent baccalauréat),Marié(e),$80K - $120K,Blue,41,3,3,2068,124,0.208
715554708,Client actuel,53,M,1,Lycée (équivalent baccalauréat),Non connu,$120K +,Blue,34,1,2,1484,114,0.174
718774533,Client actuel,48,M,1,Niveau Bac+2,Marié(e),$60K - $80K,Blue,44,3,1,1823,111,0.119
712337208,Client actuel,59,F,2,Non connu,Célibataire,Non connu,Blue,46,3,2,1890,93,0.08
714022833,Client perdu,42,F,2,Licence,Célibataire,$40K - $60K,Silver,32,3,3,0,58,0.0
710026458,Client actuel,34,M,1,Non connu,Marié(e),$40K - $60K,Blue,36,2,2,2475,99,0.62
710178558,Client perdu,46,M,2,Lycée (équivalent baccalauréat),Marié(e),$60K - $80K,Gold,38,3,7,2517,89,0.073
768712383,Client perdu,51,M,5,Licence,Divorcé(e),$120K +,Blue,45,3,7,0,91,0.0
711156858,Client perdu,48,F,5,Lycée (équivalent baccalauréat),Marié(e),Moins de $40K,Blue,40,7,3,2517,74,0.303
719799033,Client actuel,52,M,1,Master,Non connu,$80K - $120K,Blue,40,1,2,2448,116,0.443
720788883,Client actuel,58,F,0,Sans diplôme,Non connu,Non connu,Blue,36,2,3,2209,118,0.591
710306358,Client perdu,38,M,1,Non connu,Marié(e),$40K - $60K,Blue,18,1,2,1983,56,0.205
758617233,Client actuel,56,F,5,Doctorat,Célibataire,Moins de $40K,Blue,49,3,2,1559,108,0.377
720163458,Client actuel,38,M,1,Sans diplôme,Non connu,$120K +,Blue,21,2,3,1786,109,0.064
708482658,Client actuel,41,M,3,Licence,Marié(e),$80K - $120K,Blue,31,2,2,1946,114,0.195
826148883,Client actuel,45,M,2,Licence,Marié(e),$120K +,Blue,41,3,1,1660,108,0.101
779055033,Client perdu,43,F,3,Sans diplôme,Non connu,Moins de $40K,Blue,24,2,2,2416,64,0.293
713118183,Client actuel,31,M,1,Non connu,Marié(e),$40K - $60K,Blue,23,1,2,1562,108,0.116
714103083,Client actuel,47,M,2,Niveau Bac+2,Marié(e),$40K - $60K,Blue,37,3,1,1525,110,0.467
714145233,Client perdu,34,M,0,Licence,Divorcé(e),$80K - $120K,Silver,24,2,3,400,49,0.012
719547033,Client perdu,40,M,4,Non connu,Marié(e),$80K - $120K,Blue,31,3,6,0,60,0.0
720899058,Client actuel,35,M,2,Licence,Marié(e),$80K - $120K,Blue,21,2,1,2517,116,0.328
789432033,Client perdu,32,F,1,Licence,Marié(e),$40K - $60K,Blue,23,2,3,230,64,0.057
717214158,Client actuel,41,M,4,Master,Marié(e),$40K - $60K,Blue,28,3,3,0,94,0.0
715269483,Client actuel,50,M,4,Master,Marié(e),$120K +,Blue,36,1,3,2517,128,0.145
718805733,Client actuel,39,F,2,Licence,Célibataire,$40K - $60K,Blue,28,1,1,2517,120,0.355
789780033,Client actuel,33,M,3,Niveau Bac+2,Marié(e),$80K - $120K,Silver,22,2,2,917,114,0.027
716482533,Client actuel,48,F,2,Non connu,Marié(e),Moins de $40K,Blue,36,1,2,0,98,0.0
708319908,Client perdu,37,M,3,Licence,Célibataire,$80K - $120K,Blue,17,1,2,1473,70,0.358
711663858,Client actuel,28,M,1,Master,Célibataire,Non connu,Blue,13,3,3,1204,127,0.06
716894658,Client actuel,49,F,1,Licence,Divorcé(e),Moins de $40K,Blue,44,2,2,1763,123,0.203
714082308,Client perdu,39,M,3,Lycée (équivalent baccalauréat),Célibataire,$80K - $120K,Blue,13,1,3,0,89,0.0
708082083,Client actuel,45,F,3,Lycée (équivalent baccalauréat),Marié(e),Moins de $40K,Blue,36,3,3,1661,111,0.469
714820158,Client perdu,29,M,0,Lycée (équivalent baccalauréat),Célibataire,$40K - $60K,Blue,36,3,1,660,68,0.11
713347608,Client perdu,54,F,2,Master,Célibataire,$40K - $60K,Blue,43,3,2,0,69,0.0
721395633,Client actuel,53,M,1,Licence,Célibataire,$80K - $120K,Blue,41,3,3,994,108,0.053
721438233,Client actuel,39,M,2,Master,Célibataire,$40K - $60K,Blue,31,3,3,1761,120,0.534
713987808,Client actuel,43,F,3,Niveau Bac+2,Célibataire,Moins de $40K,Blue,33,2,2,2165,120,0.38
721086483,Client actuel,27,F,0,Sans diplôme,Célibataire,Moins de $40K,Silver,19,3,3,2517,97,0.229
709969758,Client perdu,53,M,3,Licence,Célibataire,$60K - $80K,Platinum,35,3,3,1774,115,0.051
801502008,Client actuel,37,M,1,Licence,Marié(e),$60K - $80K,Blue,31,1,2,1195,106,0.059
819051183,Client actuel,47,F,4,Licence,Marié(e),Non connu,Blue,42,1,3,1925,114,0.118
710858658,Client actuel,48,F,4,Doctorat,Divorcé(e),Moins de $40K,Silver,38,1,2,0,108,0.0
716002458,Client actuel,43,M,4,Niveau Bac+2,Marié(e),$40K - $60K,Blue,30,1,2,656,126,0.089
718080558,Client perdu,41,F,4,Lycée (équivalent baccalauréat),Marié(e),Moins de $40K,Blue,36,3,3,0,67,0.0
788019483,Client actuel,49,M,3,Licence,Marié(e),$80K - $120K,Blue,40,1,3,766,122,0.209
716151858,Client actuel,46,M,3,Non connu,Célibataire,$80K - $120K,Blue,36,1,3,1893,97,0.146
717241233,Client actuel,60,F,1,Non connu,Célibataire,Moins de $40K,Blue,51,3,3,1341,123,0.22
713880633,Client perdu,53,M,2,Non connu,Célibataire,$60K - $80K,Blue,43,2,3,0,83,0.0
712374708,Client actuel,28,F,0,Licence,Marié(e),Non connu,Blue,15,2,2,897,120,0.039
721145433,Client actuel,52,F,5,Lycée (équivalent baccalauréat),Célibataire,Moins de $40K,Silver,36,2,2,1523,128,0.135
711398433,Client actuel,38,M,0,Lycée (équivalent baccalauréat),Marié(e),$60K - $80K,Blue,31,3,3,1200,99,0.072
715601808,Client actuel,50,M,3,Licence,Marié(e),$120K +,Blue,41,2,3,2253,131,0.065
717324183,Client actuel,31,F,0,Lycée (équivalent baccalauréat),Célibataire,Moins de $40K,Silver,21,1,3,1288,119,0.09
720557883,Client actuel,35,M,3,Sans diplôme,Célibataire,Moins de $40K,Blue,21,2,1,1595,102,0.261
708759408,Client actuel,48,F,3,Sans diplôme,Célibataire,$40K - $60K,Blue,39,3,2,0,108,0.0
719430483,Client actuel,51,M,3,Niveau Bac+2,Marié(e),$120K +,Blue,40,3,2,1476,119,0.043
758753283,Client perdu,52,M,3,Doctorat,Marié(e),$120K +,Blue,45,3,3,550,71,0.016
716933283,Client actuel,52,M,2,Lycée (équivalent baccalauréat),Célibataire,$60K - $80K,Gold,39,1,1,1882,116,0.055
773172483,Client perdu,30,M,0,Licence,Marié(e),$40K - $60K,Blue,23,2,6,0,70,0.0
721459008,Client actuel,36,M,2,Lycée (équivalent baccalauréat),Célibataire,$120K +,Blue,36,1,2,1168,101,0.099
710639658,Client perdu,29,M,1,Lycée (équivalent baccalauréat),Célibataire,$60K - $80K,Blue,17,1,3,829,78,0.047
710710233,Client actuel,58,M,4,Licence,Marié(e),$120K +,Silver,45,2,3,0,100,0.0
708996708,Client actuel,55,M,1,Licence,Célibataire,$80K - $120K,Blue,46,1,1,1409,105,0.067
713315433,Client actuel,61,M,2,Sans diplôme,Marié(e),$60K - $80K,Blue,48,1,2,0,118,0.0
712941483,Client perdu,51,F,4,Master,Marié(e),$40K - $60K,Silver,43,3,3,0,61,0.0
789890958,Client actuel,53,F,4,Lycée (équivalent baccalauréat),Divorcé(e),$40K - $60K,Blue,43,1,2,482,111,0.044
714757083,Client perdu,44,M,4,Sans diplôme,Marié(e),$60K - $80K,Silver,37,2,2,0,84,0.0
789237333,Client actuel,47,M,4,Master,Divorcé(e),$60K - $80K,Blue,36,2,5,1593,102,0.079
714949758,Client perdu,51,F,3,Licence,Célibataire,Non connu,Platinum,42,1,6,1913,123,0.055
714136233,Client perdu,53,M,4,Licence,Marié(e),$120K +,Blue,38,2,3,0,72,0.0
778888083,Client perdu,45,F,2,Licence,Marié(e),$40K - $60K,Blue,26,2,7,0,62,0.0
710923533,Client actuel,38,M,4,Non connu,Célibataire,$120K +,Blue,31,2,3,0,127,0.0
709385133,Client actuel,42,F,2,Doctorat,Marié(e),Non connu,Blue,30,3,5,1513,113,0.102
716836308,Client actuel,29,M,1,Licence,Divorcé(e),Moins de $40K,Blue,36,3,2,1139,124,0.297
720633558,Client actuel,37,F,3,Licence,Divorcé(e),Moins de $40K,Blue,24,3,4,995,101,0.267
712846458,Client actuel,45,M,4,Lycée (équivalent baccalauréat),Divorcé(e),$80K - $120K,Blue,39,3,4,1432,125,0.1
709399908,Client actuel,34,F,2,Licence,Célibataire,$40K - $60K,Blue,23,2,2,1442,99,0.19
772698783,Client actuel,50,F,2,Niveau Bac+2,Marié(e),Moins de $40K,Blue,40,2,4,1549,124,0.184
718665033,Client perdu,44,M,5,Doctorat,Célibataire,$60K - $80K,Silver,36,3,7,0,76,0.0
771561183,Client perdu,42,F,4,Licence,Célibataire,$40K - $60K,Blue,30,3,3,2517,66,0.183
789008508,Client actuel,44,M,4,Niveau Bac+2,Marié(e),$80K - $120K,Blue,31,1,1,1687,119,0.486
719439108,Client actuel,42,M,1,Licence,Marié(e),$40K - $60K,Silver,34,3,2,1613,100,0.105
720817533,Client actuel,54,M,1,Sans diplôme,Marié(e),$120K +,Blue,40,1,2,1264,91,0.105
813901458,Client actuel,60,M,1,Lycée (équivalent baccalauréat),Célibataire,$60K - $80K,Silver,55,5,3,1642,95,0.048
717783483,Client actuel,47,F,5,Master,Divorcé(e),Moins de $40K,Blue,30,1,2,2286,122,0.456
718299933,Client actuel,42,M,3,Lycée (équivalent baccalauréat),Marié(e),$40K - $60K,Blue,30,3,4,739,100,0.171
789074358,Client actuel,46,M,2,Lycée (équivalent baccalauréat),Célibataire,$60K - $80K,Blue,34,2,1,0,122,0.0
712036383,Client perdu,49,M,4,Lycée (équivalent baccalauréat),Célibataire,$60K - $80K,Blue,30,3,3,0,68,0.0
720618033,Client actuel,43,F,3,Niveau Bac+2,Marié(e),$40K - $60K,Blue,36,3,2,0,90,0.0
720415833,Client actuel,47,M,2,Lycée (équivalent baccalauréat),Marié(e),$60K - $80K,Blue,32,5,2,1563,107,0.407
720385608,Client actuel,45,M,3,Niveau Bac+2,Non connu,$80K - $120K,Blue,31,1,4,1936,99,0.092
709937583,Client actuel,45,F,2,Lycée (équivalent baccalauréat),Célibataire,Non connu,Blue,34,3,2,1835,108,0.607
770743983,Client actuel,34,F,3,Sans diplôme,Célibataire,$40K - $60K,Blue,20,2,3,874,94,0.1
715671183,Client perdu,43,M,3,Sans diplôme,Marié(e),$80K - $120K,Blue,31,3,8,2517,67,0.369
711283008,Client actuel,50,M,1,Lycée (équivalent baccalauréat),Célibataire,$80K - $120K,Silver,36,5,3,0,105,0.0
778873608,Client actuel,44,M,4,Sans diplôme,Marié(e),$80K - $120K,Silver,25,1,1,1984,116,0.057
709592808,Client actuel,38,F,2,Licence,Célibataire,Moins de $40K,Blue,28,3,4,1556,103,0.47
773306658,Client actuel,54,M,1,Non connu,Célibataire,$60K - $80K,Blue,48,5,4,1230,103,0.259
822084333,Client perdu,51,M,3,Lycée (équivalent baccalauréat),Marié(e),$80K - $120K,Blue,47,7,3,0,84,0.0
708821733,Client perdu,43,F,3,Non connu,Célibataire,$40K - $60K,Silver,36,3,8,531,70,0.027
711070683,Client actuel,48,F,3,Master,Marié(e),$40K - $60K,Blue,37,1,2,493,106,0.073
772596783,Client actuel,31,M,1,Licence,Non connu,Moins de $40K,Gold,21,2,2,1109,125,0.073
806917983,Client actuel,32,F,2,Licence,Divorcé(e),Non connu,Silver,27,3,1,1526,126,0.045
719329983,Client actuel,42,F,3,Non connu,Non connu,Non connu,Blue,36,1,2,0,88,0.0
710190858,Client actuel,28,M,1,Non connu,Non connu,$40K - $60K,Blue,15,2,4,2288,110,0.246
708880683,Client actuel,49,M,5,Niveau Bac+2,Marié(e),$40K - $60K,Blue,40,3,4,892,102,0.225
709332408,Client actuel,44,F,1,Lycée (équivalent baccalauréat),Célibataire,Moins de $40K,Blue,36,3,3,1640,106,0.266
710751033,Client perdu,31,F,1,Licence,Célibataire,$40K - $60K,Blue,13,1,3,0,65,0.0
710679933,Client perdu,59,M,1,Licence,Célibataire,$80K - $120K,Blue,54,6,8,0,58,0.0
710849208,Client actuel,47,M,2,Master,Célibataire,$120K +,Silver,35,3,4,1652,113,0.048
710056758,Client actuel,51,M,4,Lycée (équivalent baccalauréat),Célibataire,$40K - $60K,Blue,36,2,4,1850,116,0.185
713520858,Client actuel,53,F,1,Niveau Bac+2,Célibataire,Moins de $40K,Blue,38,3,2,1981,119,0.509
714710733,Client actuel,51,M,3,Non connu,Célibataire,$80K - $120K,Blue,36,1,2,0,120,0.0
766769058,Client actuel,51,M,1,Licence,Célibataire,$40K - $60K,Gold,44,3,3,1790,121,0.079
716990883,Client actuel,38,M,5,Non connu,Marié(e),$80K - $120K,Blue,26,1,2,766,115,0.048
718298733,Client actuel,40,M,4,Lycée (équivalent baccalauréat),Célibataire,$80K - $120K,Blue,29,3,2,0,85,0.0
717174558,Client perdu,57,F,1,Sans diplôme,Célibataire,Moins de $40K,Blue,46,3,3,0,81,0.0
714543633,Client perdu,45,F,3,Non connu,Célibataire,Moins de $40K,Blue,36,2,5,0,78,0.0
715756683,Client actuel,50,M,4,Licence,Célibataire,$80K - $120K,Blue,36,2,4,1696,111,0.115
719400108,Client actuel,53,M,3,Non connu,Célibataire,$80K - $120K,Blue,43,3,4,1084,124,0.031
710463408,Client actuel,47,M,3,Non connu,Marié(e),$80K - $120K,Blue,36,2,3,1116,104,0.115
708245808,Client actuel,35,M,3,Licence,Marié(e),$60K - $80K,Blue,36,1,4,924,124,0.047
799253808,Client actuel,42,M,3,Lycée (équivalent baccalauréat),Marié(e),$80K - $120K,Silver,36,2,3,1294,120,0.037
716552433,Client actuel,40,F,4,Sans diplôme,Marié(e),Moins de $40K,Blue,36,1,2,1067,117,0.211
720995583,Client actuel,48,M,2,Licence,Divorcé(e),$60K - $80K,Silver,33,2,2,1754,110,0.07
780118158,Client actuel,27,M,0,Licence,Célibataire,Moins de $40K,Blue,13,2,4,2420,124,0.675
713668158,Client perdu,31,F,1,Sans diplôme,Célibataire,Non connu,Blue,36,3,3,0,71,0.0
709249083,Client perdu,40,M,2,Non connu,Célibataire,$60K - $80K,Blue,20,2,8,0,64,0.0
717081483,Client actuel,37,M,2,Licence,Divorcé(e),$80K - $120K,Blue,25,2,2,2209,96,0.088
718455633,Client actuel,60,F,0,Licence,Célibataire,Non connu,Gold,55,3,2,2517,124,0.337
708974283,Client actuel,50,M,4,Licence,Marié(e),$60K - $80K,Blue,34,1,1,0,95,0.0
713399583,Client perdu,49,M,2,Non connu,Marié(e),$80K - $120K,Blue,39,3,8,2097,74,0.07
713293983,Client actuel,52,M,3,Master,Divorcé(e),$60K - $80K,Blue,33,3,2,2517,91,0.743
714785508,Client actuel,49,M,2,Lycée (équivalent baccalauréat),Célibataire,$80K - $120K,Silver,40,3,2,1313,99,0.038
827318958,Client actuel,49,F,4,Non connu,Célibataire,Moins de $40K,Blue,45,3,2,1785,99,0.189
718496283,Client actuel,42,F,1,Niveau Bac+2,Célibataire,Non connu,Silver,31,2,3,2228,121,0.072
709608708,Client perdu,29,M,1,Licence,Marié(e),$60K - $80K,Blue,17,1,8,2517,79,0.387
710939283,Client actuel,45,F,3,Sans diplôme,Divorcé(e),$40K - $60K,Blue,36,2,4,1300,105,0.309
770824833,Client actuel,32,M,1,Licence,Divorcé(e),$40K - $60K,Blue,19,3,5,1135,94,0.31
779082633,Client actuel,30,M,2,Sans diplôme,Célibataire,$60K - $80K,Blue,13,2,3,979,104,0.238
720515883,Client actuel,57,F,1,Licence,Marié(e),Moins de $40K,Blue,46,3,2,0,115,0.0
747885858,Client actuel,39,F,2,Licence,Célibataire,Moins de $40K,Blue,31,3,3,2048,91,0.246
779140533,Client actuel,49,M,2,Doctorat,Marié(e),$120K +,Blue,34,6,4,2311,121,0.085
716619558,Client actuel,38,F,0,Lycée (équivalent baccalauréat),Célibataire,Moins de $40K,Silver,36,3,2,1941,119,0.141
788633733,Client actuel,36,M,3,Licence,Marié(e),$60K - $80K,Silver,13,3,2,1173,108,0.042
715291908,Client actuel,31,M,1,Niveau Bac+2,Célibataire,$40K - $60K,Blue,36,1,2,2045,92,0.184
709977933,Client perdu,52,M,5,Sans diplôme,Marié(e),$80K - $120K,Blue,44,3,8,199,60,0.02
716454858,Client actuel,35,F,2,Licence,Marié(e),Moins de $40K,Blue,28,1,3,2266,94,0.565
720539583,Client actuel,46,M,4,Non connu,Célibataire,$60K - $80K,Blue,31,1,4,1202,96,0.057
739021908,Client actuel,56,F,2,Non connu,Marié(e),$40K - $60K,Blue,49,3,2,0,112,0.0
711289533,Client actuel,39,M,4,Master,Célibataire,$80K - $120K,Blue,32,3,2,1681,117,0.063
716464533,Client actuel,32,F,1,Licence,Marié(e),Moins de $40K,Blue,36,3,3,2517,116,0.264
710590683,Client perdu,33,M,2,Non connu,Marié(e),$120K +,Blue,36,3,5,0,82,0.0
710081208,Client perdu,52,M,2,Niveau Bac+2,Marié(e),$120K +,Blue,32,3,1,0,64,0.0
717482658,Client actuel,55,M,2,Lycée (équivalent baccalauréat),Célibataire,$80K - $120K,Blue,36,2,2,0,106,0.0
712246983,Client actuel,50,M,4,Lycée (équivalent baccalauréat),Marié(e),$80K - $120K,Blue,43,2,5,2413,121,0.144
711460458,Client perdu,44,M,1,Sans diplôme,Marié(e),$40K - $60K,Blue,34,2,3,0,75,0.0
713159133,Client actuel,32,F,2,Lycée (équivalent baccalauréat),Célibataire,Moins de $40K,Silver,23,2,2,1472,117,0.104
710047533,Client perdu,51,M,3,Licence,Marié(e),$80K - $120K,Gold,36,3,3,2201,63,0.064
716708583,Client perdu,54,M,4,Licence,Marié(e),$120K +,Blue,36,3,5,0,68,0.0
712766208,Client perdu,45,M,5,Sans diplôme,Marié(e),$120K +,Silver,36,2,1,0,84,0.0
715150983,Client perdu,44,F,3,Non connu,Célibataire,Non connu,Blue,34,3,3,0,60,0.0
717991533,Client actuel,44,M,2,Sans diplôme,Marié(e),$40K - $60K,Blue,36,3,2,1460,105,0.38
797641683,Client actuel,40,M,3,Sans diplôme,Marié(e),$80K - $120K,Blue,34,3,2,2043,111,0.138
714879483,Client perdu,39,M,4,Licence,Marié(e),$80K - $120K,Blue,31,3,3,542,64,0.138
720105933,Client actuel,48,M,3,Sans diplôme,Divorcé(e),$40K - $60K,Blue,35,5,3,2307,107,0.202
804670758,Client actuel,48,F,5,Non connu,Divorcé(e),Non connu,Blue,43,3,2,2249,121,0.107
818987958,Client actuel,43,M,4,Licence,Non connu,$40K - $60K,Blue,38,1,3,0,125,0.0
824160333,Client actuel,56,M,2,Lycée (équivalent baccalauréat),Non connu,$120K +,Blue,52,2,2,1453,116,0.062
714919308,Client perdu,32,F,0,Licence,Célibataire,$60K - $80K,Blue,36,3,3,0,67,0.0
717928308,Client actuel,40,F,1,Sans diplôme,Célibataire,Moins de $40K,Silver,34,2,2,1774,130,0.13
788890533,Client actuel,54,M,2,Niveau Bac+2,Marié(e),$80K - $120K,Silver,39,1,4,2305,106,0.067
779692608,Client actuel,36,M,1,Sans diplôme,Marié(e),$60K - $80K,Blue,19,3,5,0,115,0.0
717774333,Client perdu,48,M,3,Lycée (équivalent baccalauréat),Marié(e),$60K - $80K,Blue,36,2,5,0,57,0.0
718140783,Client actuel,47,M,4,Non connu,Marié(e),$60K - $80K,Blue,36,5,2,1749,108,0.165
714465558,Client actuel,41,M,4,Non connu,Marié(e),$120K +,Silver,36,1,4,2205,98,0.064
804431283,Client actuel,57,F,1,Licence,Marié(e),Moins de $40K,Blue,52,1,2,1101,120,0.14
715199808,Client actuel,39,F,3,Licence,Non connu,Non connu,Silver,30,3,5,2070,99,0.061
759584958,Client perdu,51,F,1,Licence,Marié(e),$60K - $80K,Silver,44,2,8,2418,72,0.073
758802333,Client actuel,40,M,2,Licence,Célibataire,$120K +,Blue,33,1,2,1213,117,0.058
720237408,Client actuel,59,M,1,Doctorat,Célibataire,$80K - $120K,Blue,49,2,2,707,117,0.031
713787333,Client actuel,46,M,2,Lycée (équivalent baccalauréat),Célibataire,Moins de $40K,Blue,36,1,0,1142,113,0.299
709660233,Client perdu,52,M,3,Non connu,Célibataire,$80K - $120K,Blue,44,2,7,2429,63,0.689
721005108,Client actuel,41,M,0,Niveau Bac+2,Marié(e),$40K - $60K,Blue,29,2,2,1384,104,0.198
809589783,Client actuel,41,M,4,Master,Marié(e),$40K - $60K,Silver,36,3,2,817,120,0.05
712627083,Client perdu,38,M,4,Sans diplôme,Marié(e),$80K - $120K,Blue,25,2,7,0,78,0.0
778444908,Client actuel,57,M,2,Licence,Marié(e),$120K +,Silver,39,2,3,1444,116,0.042
711433908,Client perdu,41,F,3,Sans diplôme,Marié(e),$40K - $60K,Blue,30,2,3,0,51,0.0
768728508,Client actuel,45,F,5,Doctorat,Marié(e),Moins de $40K,Gold,39,3,2,1096,103,0.069
789937683,Client actuel,37,M,3,Master,Marié(e),$40K - $60K,Blue,28,1,2,701,120,0.192
711788583,Client actuel,61,F,1,Licence,Célibataire,Moins de $40K,Blue,36,2,2,1444,124,0.417
819196158,Client actuel,49,F,2,Non connu,Célibataire,Moins de $40K,Blue,44,2,3,998,116,0.102
710207208,Client actuel,31,F,1,Non connu,Célibataire,Moins de $40K,Blue,18,1,3,1800,121,0.53
713994108,Client actuel,40,M,5,Lycée (équivalent baccalauréat),Marié(e),$60K - $80K,Blue,33,1,2,1315,128,0.316
712509108,Client perdu,46,F,3,Doctorat,Célibataire,$80K - $120K,Gold,36,3,5,532,68,0.035
711745233,Client perdu,30,F,0,Lycée (équivalent baccalauréat),Célibataire,Non connu,Blue,22,2,6,0,69,0.0
778745058,Client actuel,50,M,3,Lycée (équivalent baccalauréat),Célibataire,$80K - $120K,Silver,41,2,1,0,118,0.0
721455558,Client actuel,56,M,0,Licence,Célibataire,$60K - $80K,Blue,44,3,2,1859,104,0.272
710721858,Client perdu,46,F,3,Non connu,Marié(e),$40K - $60K,Blue,37,3,6,0,59,0.0
769206483,Client actuel,58,M,3,Non connu,Marié(e),$120K +,Blue,52,3,3,2101,97,0.134
769587258,Client actuel,38,M,3,Niveau Bac+2,Célibataire,$60K - $80K,Silver,32,2,2,1671,126,0.056
712080333,Client actuel,46,M,2,Lycée (équivalent baccalauréat),Divorcé(e),$120K +,Blue,34,2,4,1381,112,0.377
712457208,Client perdu,58,M,1,Licence,Célibataire,$80K - $120K,Blue,36,3,4,0,77,0.0
719934783,Client actuel,43,M,3,Doctorat,Marié(e),$80K - $120K,Blue,27,2,2,673,105,0.183
709589208,Client actuel,53,M,0,Licence,Célibataire,$60K - $80K,Blue,35,1,3,596,83,0.034
714860808,Client actuel,59,F,1,Licence,Célibataire,Moins de $40K,Blue,39,3,2,2272,93,0.516
713934633,Client perdu,40,F,4,Sans diplôme,Divorcé(e),$40K - $60K,Blue,35,3,3,2517,87,0.569
773185833,Client actuel,49,M,3,Lycée (équivalent baccalauréat),Marié(e),$60K - $80K,Gold,42,1,4,0,102,0.0
715923408,Client actuel,30,F,0,Niveau Bac+2,Marié(e),Moins de $40K,Blue,19,2,3,1254,110,0.3
778956033,Client actuel,51,M,1,Licence,Marié(e),$80K - $120K,Blue,32,2,3,1549,104,0.045
712260633,Client actuel,47,F,5,Doctorat,Célibataire,Non connu,Blue,36,1,4,2461,94,0.091
714945708,Client perdu,33,M,4,Niveau Bac+2,Marié(e),$40K - $60K,Silver,20,1,3,0,64,0.0
720971358,Client actuel,59,M,0,Lycée (équivalent baccalauréat),Célibataire,$80K - $120K,Blue,47,3,3,1491,110,0.056
719701383,Client actuel,44,M,4,Non connu,Marié(e),$60K - $80K,Blue,32,3,3,0,99,0.0
764316708,Client actuel,30,F,1,Lycée (équivalent baccalauréat),Célibataire,Moins de $40K,Blue,23,2,2,2352,109,0.595
715545933,Client actuel,43,M,5,Licence,Marié(e),$120K +,Blue,36,2,4,2179,99,0.097
714524583,Client perdu,56,M,3,Sans diplôme,Marié(e),$80K - $120K,Blue,46,3,3,1534,82,0.066
780079833,Client actuel,43,M,3,Licence,Divorcé(e),$60K - $80K,Blue,28,3,4,1183,126,0.216
714199008,Client perdu,50,M,2,Non connu,Marié(e),$120K +,Blue,36,2,2,492,61,0.031
719941533,Client actuel,32,F,1,Licence,Marié(e),Moins de $40K,Blue,20,1,4,1735,124,0.316
715544883,Client actuel,39,M,1,Licence,Marié(e),Moins de $40K,Silver,30,3,3,630,99,0.045
710122458,Client actuel,38,M,2,Lycée (équivalent baccalauréat),Célibataire,$60K - $80K,Silver,36,3,2,2057,108,0.065
713833233,Client actuel,49,M,5,Sans diplôme,Marié(e),$80K - $120K,Silver,30,3,2,1768,124,0.051
719326758,Client perdu,52,F,0,Doctorat,Marié(e),$40K - $60K,Blue,36,3,2,1489,85,0.342
711686658,Client actuel,48,M,5,Lycée (équivalent baccalauréat),Marié(e),$80K - $120K,Silver,40,2,2,1417,109,0.041
708964683,Client actuel,48,F,4,Niveau Bac+2,Non connu,Non connu,Blue,36,2,1,0,89,0.0
718840833,Client perdu,49,M,3,Lycée (équivalent baccalauréat),Marié(e),$40K - $60K,Blue,36,3,4,0,76,0.0
797228883,Client actuel,46,M,2,Lycée (équivalent baccalauréat),Marié(e),$40K - $60K,Blue,40,3,0,0,114,0.0
709566408,Client perdu,40,F,2,Licence,Célibataire,$40K - $60K,Blue,30,3,6,0,70,0.0
780097533,Client actuel,48,M,3,Doctorat,Divorcé(e),$80K - $120K,Blue,33,1,2,0,111,0.0
715020933,Client perdu,44,F,4,Lycée (équivalent baccalauréat),Non connu,Non connu,Blue,34,3,4,0,67,0.0
711149133,Client perdu,30,F,1,Licence,Marié(e),Non connu,Blue,18,1,4,2517,74,0.575
716832858,Client perdu,46,M,3,Licence,Marié(e),$60K - $80K,Blue,34,2,4,159,60,0.032
715154058,Client perdu,49,F,0,Non connu,Marié(e),$60K - $80K,Blue,39,3,3,2517,65,0.505
789497283,Client perdu,50,M,2,Lycée (équivalent baccalauréat),Célibataire,$120K +,Blue,42,3,2,1723,56,0.05
711834708,Client actuel,55,M,4,Niveau Bac+2,Marié(e),$80K - $120K,Blue,40,2,5,1482,102,0.366
785038908,Client actuel,43,F,0,Licence,Marié(e),Moins de $40K,Blue,37,1,4,1160,124,0.182
720001758,Client actuel,42,F,1,Licence,Célibataire,Moins de $40K,Blue,34,1,3,1175,94,0.332
778428108,Client actuel,36,F,1,Licence,Célibataire,Moins de $40K,Blue,16,5,3,1184,113,0.194
715268508,Client actuel,42,M,3,Licence,Marié(e),$40K - $60K,Gold,36,2,5,1399,125,0.058
788741733,Client actuel,53,F,1,Licence,Marié(e),Moins de $40K,Blue,32,2,3,1784,106,0.228
717355533,Client actuel,56,M,3,Licence,Célibataire,$120K +,Blue,44,1,2,1307,120,0.038
712128258,Client actuel,49,F,4,Lycée (équivalent baccalauréat),Célibataire,Moins de $40K,Silver,40,3,5,2127,116,0.155
735825258,Client actuel,39,M,2,Lycée (équivalent baccalauréat),Célibataire,Moins de $40K,Blue,32,1,4,1643,112,0.371
714544908,Client perdu,56,M,4,Licence,Divorcé(e),$60K - $80K,Blue,36,3,3,0,68,0.0
818712633,Client actuel,41,F,3,Licence,Célibataire,Moins de $40K,Blue,36,6,2,1067,119,0.258
709831983,Client actuel,57,M,2,Sans diplôme,Célibataire,$120K +,Blue,46,2,3,1244,126,0.036
789398733,Client actuel,56,M,3,Licence,Marié(e),$120K +,Blue,46,3,2,779,105,0.148
716850558,Client actuel,48,M,4,Licence,Non connu,$60K - $80K,Gold,32,1,3,1285,122,0.037
717316008,Client actuel,38,M,2,Non connu,Marié(e),$120K +,Blue,36,2,3,0,117,0.0
714677583,Client perdu,50,F,3,Doctorat,Célibataire,Non connu,Blue,36,3,3,0,68,0.0
767348733,Client actuel,56,M,2,Non connu,Marié(e),$60K - $80K,Blue,49,3,3,793,105,0.195
779900808,Client actuel,32,M,0,Niveau Bac+2,Célibataire,$60K - $80K,Blue,16,3,2,0,94,0.0
719900733,Client actuel,60,M,1,Lycée (équivalent baccalauréat),Marié(e),$40K - $60K,Blue,47,1,3,1007,95,0.103
816517683,Client actuel,38,F,2,Doctorat,Marié(e),Moins de $40K,Blue,33,3,3,1336,115,0.177
755305683,Client actuel,45,M,5,Licence,Marié(e),$60K - $80K,Blue,38,1,4,0,124,0.0
715769958,Client actuel,53,F,3,Non connu,Marié(e),$40K - $60K,Blue,39,2,2,1912,104,0.394
715493733,Client perdu,53,M,2,Licence,Marié(e),$40K - $60K,Blue,36,3,4,0,64,0.0
827440458,Client perdu,48,M,4,Niveau Bac+2,Marié(e),$80K - $120K,Blue,44,3,3,1449,58,0.152
715713408,Client actuel,55,M,2,Licence,Marié(e),Moins de $40K,Gold,46,5,3,0,117,0.0
720128658,Client perdu,49,M,1,Sans diplôme,Célibataire,$120K +,Blue,30,3,3,0,68,0.0
770038983,Client perdu,37,M,4,Lycée (équivalent baccalauréat),Célibataire,$60K - $80K,Silver,31,3,3,2517,69,0.087
714684108,Client perdu,31,M,1,Master,Célibataire,$40K - $60K,Blue,24,2,4,534,70,0.128
708942408,Client actuel,46,F,3,Sans diplôme,Célibataire,$40K - $60K,Blue,36,2,2,1784,116,0.254
779134458,Client perdu,33,F,1,Doctorat,Célibataire,$40K - $60K,Blue,15,1,3,1180,74,0.318
710066133,Client perdu,30,M,0,Licence,Célibataire,$60K - $80K,Silver,36,3,3,0,75,0.0
709578258,Client actuel,40,F,3,Sans diplôme,Célibataire,Moins de $40K,Blue,33,3,2,1917,102,0.504
718043583,Client actuel,50,M,2,Sans diplôme,Célibataire,$120K +,Blue,40,3,4,1368,116,0.063
715186608,Client actuel,43,M,4,Licence,Marié(e),$80K - $120K,Blue,35,2,3,2517,120,0.762
708447858,Client actuel,59,F,2,Sans diplôme,Marié(e),Moins de $40K,Blue,36,3,2,0,117,0.0
718071933,Client actuel,49,M,1,Licence,Marié(e),$40K - $60K,Blue,36,2,3,1889,130,0.454
771217758,Client actuel,44,F,2,Lycée (équivalent baccalauréat),Célibataire,Moins de $40K,Blue,31,2,3,2028,114,0.485
721210158,Client actuel,29,M,2,Niveau Bac+2,Marié(e),$40K - $60K,Blue,17,1,3,1232,102,0.266
788779983,Client actuel,58,M,2,Master,Marié(e),$80K - $120K,Blue,39,2,3,2517,121,0.673
718614183,Client perdu,43,F,4,Lycée (équivalent baccalauréat),Non connu,$80K - $120K,Silver,31,2,2,0,71,0.0
709865883,Client perdu,38,M,2,Lycée (équivalent baccalauréat),Divorcé(e),$60K - $80K,Silver,25,2,3,821,58,0.031
766273533,Client actuel,53,M,2,Sans diplôme,Non connu,$80K - $120K,Blue,46,6,3,1736,117,0.101
717390408,Client perdu,49,F,4,Sans diplôme,Marié(e),$40K - $60K,Blue,36,2,3,0,87,0.0
718655808,Client actuel,44,F,3,Sans diplôme,Marié(e),Moins de $40K,Silver,36,3,2,1200,105,0.093
817035108,Client actuel,31,M,2,Licence,Célibataire,Moins de $40K,Blue,14,3,3,1870,115,0.27
747551658,Client actuel,47,M,3,Lycée (équivalent baccalauréat),Non connu,$80K - $120K,Silver,40,3,2,1371,123,0.04
713281833,Client perdu,37,M,3,Non connu,Marié(e),$40K - $60K,Blue,29,2,3,2517,79,0.185
771982083,Client actuel,44,M,4,Doctorat,Marié(e),$80K - $120K,Blue,33,1,3,1144,104,0.251
717642633,Client actuel,51,M,2,Licence,Marié(e),$60K - $80K,Blue,40,3,3,1801,116,0.48
772721208,Client actuel,50,M,2,Lycée (équivalent baccalauréat),Célibataire,$60K - $80K,Blue,40,3,3,1720,120,0.097
714385983,Client actuel,57,F,2,Sans diplôme,Célibataire,Moins de $40K,Blue,36,3,2,1239,124,0.151
712516608,Client actuel,43,M,3,Licence,Marié(e),$80K - $120K,Blue,36,2,3,1275,96,0.323
714725883,Client actuel,41,F,4,Licence,Divorcé(e),$40K - $60K,Blue,36,1,0,2470,111,0.437
709398708,Client actuel,40,M,3,Lycée (équivalent baccalauréat),Divorcé(e),$60K - $80K,Blue,36,1,2,2517,124,0.155
715090008,Client actuel,45,M,4,Licence,Célibataire,$60K - $80K,Silver,36,3,4,2517,107,0.088
709159308,Client actuel,42,F,4,Lycée (équivalent baccalauréat),Célibataire,Moins de $40K,Blue,30,1,3,1212,99,0.196
711348033,Client actuel,50,M,2,Licence,Marié(e),$40K - $60K,Blue,40,3,2,1243,117,0.229
788230158,Client actuel,29,M,1,Non connu,Marié(e),$40K - $60K,Silver,20,1,2,1409,126,0.085
718170033,Client actuel,42,F,4,Sans diplôme,Marié(e),Non connu,Blue,23,1,2,0,111,0.0
718161708,Client actuel,46,F,4,Licence,Marié(e),Moins de $40K,Blue,34,1,2,1500,100,0.198
717714633,Client actuel,49,M,3,Sans diplôme,Marié(e),$120K +,Gold,38,3,4,0,131,0.0
824150733,Client actuel,43,M,2,Lycée (équivalent baccalauréat),Marié(e),$80K - $120K,Silver,39,1,3,1987,122,0.058
713768358,Client actuel,45,M,4,Licence,Célibataire,$40K - $60K,Blue,35,2,2,888,122,0.112
709188108,Client actuel,45,M,2,Licence,Célibataire,$60K - $80K,Silver,33,2,2,1529,105,0.044
720328983,Client perdu,52,F,5,Non connu,Marié(e),Moins de $40K,Blue,36,3,3,0,64,0.0
712296408,Client actuel,36,F,3,Non connu,Marié(e),$40K - $60K,Blue,22,3,3,2273,96,0.175
719106783,Client actuel,52,M,1,Lycée (équivalent baccalauréat),Célibataire,$80K - $120K,Blue,41,1,4,1972,118,0.481
713437008,Client perdu,40,F,3,Licence,Marié(e),Non connu,Blue,25,2,3,1878,64,0.273
719574033,Client actuel,38,M,1,Lycée (équivalent baccalauréat),Célibataire,$60K - $80K,Blue,28,2,2,0,119,0.0
716123283,Client actuel,59,M,1,Non connu,Célibataire,$60K - $80K,Blue,48,1,2,0,120,0.0
789023508,Client actuel,46,M,3,Non connu,Marié(e),$80K - $120K,Blue,33,1,3,1099,110,0.032
710005683,Client actuel,56,M,2,Niveau Bac+2,Célibataire,$80K - $120K,Blue,46,3,5,1696,115,0.135
801036033,Client actuel,31,M,0,Lycée (équivalent baccalauréat),Célibataire,$40K - $60K,Blue,25,2,3,1388,104,0.309
716644008,Client perdu,55,M,3,Licence,Marié(e),$120K +,Silver,36,3,4,0,70,0.0
709094358,Client actuel,51,F,1,Licence,Célibataire,Moins de $40K,Blue,41,2,3,798,88,0.09
719848008,Client actuel,39,M,2,Licence,Non connu,$60K - $80K,Silver,36,2,2,0,128,0.0
718372458,Client actuel,42,M,2,Licence,Non connu,$40K - $60K,Blue,30,2,5,1723,92,0.461
720608658,Client actuel,33,F,1,Sans diplôme,Célibataire,Moins de $40K,Blue,36,3,3,1875,123,0.223
717185658,Client perdu,51,M,1,Lycée (équivalent baccalauréat),Marié(e),$80K - $120K,Blue,36,3,4,0,77,0.0
715474083,Client actuel,51,M,3,Licence,Célibataire,$60K - $80K,Silver,36,2,2,1743,93,0.059
709646433,Client perdu,59,F,1,Lycée (équivalent baccalauréat),Marié(e),$40K - $60K,Blue,50,6,3,743,66,0.147
717494358,Client actuel,58,F,0,Licence,Célibataire,Moins de $40K,Blue,48,2,5,1334,123,0.31
713924283,Client perdu,61,M,0,Licence,Célibataire,$60K - $80K,Blue,54,1,4,1644,79,0.139
714471183,Client perdu,47,M,4,Licence,Divorcé(e),$80K - $120K,Blue,39,3,4,476,66,0.027
780613758,Client actuel,47,M,5,Lycée (équivalent baccalauréat),Célibataire,Moins de $40K,Blue,35,3,5,0,111,0.0
718225683,Client actuel,56,M,1,Licence,Célibataire,$80K - $120K,Silver,49,2,2,1091,108,0.032
710734308,Client actuel,49,M,1,Licence,Célibataire,$60K - $80K,Blue,40,3,3,1569,119,0.242
708564858,Client perdu,33,M,2,Niveau Bac+2,Marié(e),$120K +,Gold,20,1,4,0,73,0.0
713733633,Client perdu,27,M,0,Lycée (équivalent baccalauréat),Divorcé(e),$60K - $80K,Blue,36,3,2,2517,85,0.189
720841533,Client actuel,29,M,0,Licence,Marié(e),Moins de $40K,Blue,15,1,5,0,96,0.0
712210458,Client actuel,38,M,1,Sans diplôme,Célibataire,$40K - $60K,Blue,36,3,2,1558,109,0.276
714109308,Client actuel,46,M,5,Niveau Bac+2,Célibataire,$80K - $120K,Blue,36,2,3,2241,112,0.17
712503408,Client actuel,57,M,2,Licence,Marié(e),$80K - $120K,Blue,40,3,4,1909,111,0.106
713755458,Client perdu,50,M,1,Non connu,Non connu,$80K - $120K,Blue,36,3,4,952,63,0.096
716893683,Client perdu,55,F,3,Sans diplôme,Célibataire,Non connu,Blue,47,3,3,2517,53,0.172
710841183,Client actuel,54,M,1,Lycée (équivalent baccalauréat),Célibataire,$60K - $80K,Blue,34,2,0,2109,114,0.151
713899383,Client actuel,56,F,1,Licence,Célibataire,Moins de $40K,Blue,50,1,4,606,120,0.164
772366833,Client actuel,50,M,2,Licence,Célibataire,$40K - $60K,Blue,40,2,3,1851,117,0.462
710638233,Client perdu,41,M,2,Non connu,Divorcé(e),$40K - $60K,Blue,25,2,3,2186,69,0.511
716506083,Client perdu,44,F,1,Lycée (équivalent baccalauréat),Marié(e),$60K - $80K,Blue,36,3,4,0,60,0.0
717406983,Client perdu,30,M,2,Licence,Non connu,$40K - $60K,Blue,36,3,3,0,62,0.0
714337233,Client perdu,43,F,2,Licence,Marié(e),$40K - $60K,Silver,25,2,4,1961,61,0.189
