N° du client,Statut du client,Âge du client,Genre du client,Nb de personnes à charge,Niveau de diplôme,Statut marital,Catégorie du revenu annuel,Type de carte,Durée d'engagement en mois,Nb de mois inactif,Nb d'interactions,Montant crédit renouvellé,Nb de transactions,Utilisation moyenne de la carte,risque_inactivite,risque_interactions,risque_credit,risque_transactions,risque_utilisation,score_risque,niveau_risque
768805383,Client actuel,45,M,3,Lycée (équivalent baccalauréat),Marié(e),$60K - $80K,Blue,39,1,3,777,42,0.061,0,0,0,1,1,2,Modéré
818770008,Client actuel,49,F,5,Licence,Célibataire,Moins de $40K,Blue,44,1,2,864,33,0.105,0,0,0,1,1,2,Modéré
713982108,Client actuel,51,M,3,Licence,Marié(e),$80K - $120K,Blue,36,1,0,0,20,0.0,0,0,1,1,1,3,Modéré
769911858,Client actuel,40,F,4,Lycée (équivalent baccalauréat),Non connu,Moins de $40K,Blue,34,4,1,2517,20,0.76,1,0,0,1,0,2,Modéré
709106358,Client actuel,40,M,3,Sans diplôme,Marié(e),$60K - $80K,Blue,21,1,0,0,28,0.0,0,0,1,1,1,3,Modéré
713061558,Client actuel,44,M,2,Licence,Marié(e),$40K - $60K,Blue,36,1,2,1247,24,0.311,0,0,0,1,0,1,Faible
810347208,Client actuel,51,M,4,Non connu,Marié(e),$120K +,Gold,46,1,3,2264,31,0.066,0,0,0,1,1,2,Modéré
818906208,Client actuel,32,M,0,Lycée (équivalent baccalauréat),Non connu,$60K - $80K,Silver,27,2,2,1396,36,0.048,0,0,0,1,1,2,Modéré
710930508,Client actuel,37,M,3,Sans diplôme,Célibataire,$60K - $80K,Blue,36,2,0,2517,24,0.113,0,0,0,1,1,2,Modéré
719661558,Client actuel,48,M,2,Licence,Célibataire,$80K - $120K,Blue,36,3,3,1677,32,0.144,0,0,0,1,1,2,Modéré
708790833,Client actuel,42,M,5,Sans diplôme,Non connu,$120K +,Blue,31,3,2,1467,42,0.217,0,0,0,1,0,1,Faible
710821833,Client actuel,65,M,1,Non connu,Marié(e),$40K - $60K,Blue,54,2,3,1587,26,0.174,0,0,0,1,0,1,Faible
710599683,Client actuel,56,M,1,Niveau Bac+2,Célibataire,$80K - $120K,Blue,36,6,0,0,17,0.0,1,0,1,1,1,4,Élevé
816082233,Client actuel,35,M,3,Licence,Non connu,$60K - $80K,Blue,30,1,3,1666,33,0.195,0,0,0,1,0,1,Faible
712396908,Client actuel,57,F,2,Licence,Marié(e),Moins de $40K,Blue,48,2,2,680,29,0.279,0,0,0,1,0,1,Faible
714885258,Client actuel,44,M,4,Non connu,Non connu,$80K - $120K,Blue,37,1,2,972,27,0.23,0,0,0,1,0,1,Faible
709967358,Client actuel,48,M,4,Master,Marié(e),$80K - $120K,Blue,36,2,3,2362,27,0.078,0,0,0,1,1,2,Modéré
753327333,Client actuel,41,M,3,Non connu,Célibataire,$80K - $120K,Blue,34,4,1,1291,21,0.095,1,0,0,1,1,3,Modéré
806160108,Client actuel,61,M,1,Lycée (équivalent baccalauréat),Marié(e),$40K - $60K,Blue,56,2,3,2517,30,0.788,0,0,0,1,0,1,Faible
709327383,Client actuel,45,F,2,Licence,Marié(e),Non connu,Blue,37,1,2,1157,21,0.08,0,0,0,1,1,2,Modéré
806165208,Client actuel,47,M,1,Doctorat,Divorcé(e),$60K - $80K,Blue,42,2,0,1800,27,0.086,0,0,0,1,1,2,Modéré
784725333,Client actuel,41,M,3,Lycée (équivalent baccalauréat),Marié(e),$40K - $60K,Blue,33,2,1,680,18,0.152,0,0,0,1,1,2,Modéré
811604133,Client actuel,47,F,4,Non connu,Célibataire,Moins de $40K,Blue,36,3,2,1560,23,0.626,0,0,0,1,0,1,Faible
789124683,Client actuel,54,M,2,Non connu,Célibataire,$80K - $120K,Blue,42,2,3,0,21,0.0,0,0,1,1,1,3,Modéré
771071958,Client actuel,41,F,3,Licence,Célibataire,Moins de $40K,Blue,28,1,2,1669,22,0.215,0,0,0,1,0,1,Faible
720466383,Client actuel,59,M,1,Lycée (équivalent baccalauréat),Non connu,$40K - $60K,Blue,46,1,2,1374,23,0.093,0,0,0,1,1,2,Modéré
804424383,Client actuel,63,M,1,Non connu,Célibataire,$60K - $80K,Blue,56,3,2,1010,40,0.099,0,0,0,1,1,2,Modéré
718813833,Client actuel,44,F,3,Sans diplôme,Célibataire,Non connu,Blue,34,2,2,0,18,0.0,0,0,1,1,1,3,Modéré
806624208,Client actuel,47,M,4,Lycée (équivalent baccalauréat),Marié(e),$40K - $60K,Blue,42,0,0,1362,38,0.285,0,0,0,1,0,1,Faible
778348233,Client actuel,53,M,3,Non connu,Célibataire,$80K - $120K,Blue,33,2,3,1811,25,0.658,0,0,0,1,0,1,Faible
712991808,Client actuel,53,M,2,Sans diplôme,Célibataire,$60K - $80K,Blue,48,5,1,1690,26,0.69,1,0,0,1,0,2,Modéré
709029408,Client actuel,41,M,4,Licence,Marié(e),$60K - $80K,Blue,36,1,2,2517,24,0.282,0,0,0,1,0,1,Faible
788658483,Client actuel,53,F,2,Niveau Bac+2,Marié(e),Moins de $40K,Blue,38,2,3,1490,28,0.562,0,0,0,1,0,1,Faible
787937058,Client actuel,58,M,0,Licence,Célibataire,$80K - $120K,Blue,49,2,2,1696,24,0.135,0,0,0,1,1,2,Modéré
715318008,Client actuel,55,F,1,Niveau Bac+2,Célibataire,Moins de $40K,Blue,36,2,1,1914,43,0.544,0,0,0,1,0,1,Faible
713962233,Client actuel,55,F,3,Licence,Marié(e),Moins de $40K,Blue,36,2,3,2298,37,0.757,0,0,0,1,0,1,Faible
785432733,Client actuel,42,F,4,Lycée (équivalent baccalauréat),Marié(e),Moins de $40K,Gold,36,3,3,0,22,0.0,0,0,1,1,1,3,Modéré
715190283,Client actuel,57,F,1,Licence,Non connu,$40K - $60K,Blue,49,3,2,886,28,0.241,0,0,0,1,0,1,Faible
827111283,Client actuel,45,M,3,Licence,Célibataire,$80K - $120K,Blue,41,2,2,578,28,0.018,0,0,1,1,1,3,Modéré
758551608,Client actuel,51,M,2,Non connu,Marié(e),$40K - $60K,Blue,44,1,0,2204,28,0.355,0,0,0,1,0,1,Faible
773146383,Client actuel,50,F,1,Niveau Bac+2,Célibataire,$40K - $60K,Silver,43,2,3,2517,33,0.145,0,0,0,1,1,2,Modéré
778493808,Client actuel,49,M,3,Lycée (équivalent baccalauréat),Marié(e),$60K - $80K,Blue,37,2,1,0,32,0.0,0,0,1,1,1,3,Modéré
720572508,Client actuel,38,F,4,Licence,Célibataire,Non connu,Blue,28,3,3,2055,23,0.209,0,0,0,1,0,1,Faible
712661433,Client actuel,49,M,4,Sans diplôme,Célibataire,$80K - $120K,Blue,30,2,3,0,28,0.0,0,0,1,1,1,3,Modéré
789172683,Client actuel,56,M,2,Doctorat,Célibataire,$60K - $80K,Blue,45,2,0,1430,27,0.626,0,0,0,1,0,1,Faible
738406533,Client actuel,59,M,1,Doctorat,Marié(e),$40K - $60K,Blue,52,2,2,2020,27,0.793,0,0,0,1,0,1,Faible
799723908,Client actuel,46,M,3,Lycée (équivalent baccalauréat),Célibataire,$80K - $120K,Blue,40,3,3,1435,27,0.074,0,0,0,1,1,2,Modéré
771490833,Client actuel,52,M,1,Niveau Bac+2,Célibataire,$80K - $120K,Blue,40,1,1,1227,40,0.259,0,0,0,1,0,1,Faible
720756708,Client actuel,52,F,3,Non connu,Marié(e),Moins de $40K,Blue,41,3,2,1549,30,0.591,0,0,0,1,0,1,Faible
711525033,Client actuel,66,F,0,Lycée (équivalent baccalauréat),Marié(e),Moins de $40K,Blue,54,4,2,2179,38,0.687,1,0,0,1,0,2,Modéré
712813458,Client actuel,49,M,2,Non connu,Célibataire,$120K +,Blue,36,2,0,2517,35,0.127,0,0,0,1,1,2,Modéré
717891558,Client actuel,49,F,4,Licence,Non connu,Moins de $40K,Blue,36,4,2,2200,32,0.667,1,0,0,1,0,2,Modéré
716632758,Client actuel,49,F,3,Licence,Célibataire,Moins de $40K,Blue,36,2,0,2363,40,0.843,0,0,0,1,0,1,Faible
768563658,Client actuel,56,M,2,Sans diplôme,Marié(e),$40K - $60K,Blue,50,2,3,1880,29,0.422,0,0,0,1,0,1,Faible
711427458,Client actuel,44,F,5,Licence,Marié(e),Non connu,Blue,35,1,2,978,25,0.156,0,0,0,1,1,2,Modéré
714091983,Client actuel,42,M,2,Lycée (équivalent baccalauréat),Célibataire,$60K - $80K,Blue,34,4,3,1753,27,0.525,1,0,0,1,0,2,Modéré
787584108,Client actuel,55,M,3,Non connu,Célibataire,$80K - $120K,Blue,47,2,3,2016,33,0.587,0,0,0,1,0,1,Faible
711481533,Client actuel,39,M,1,Lycée (équivalent baccalauréat),Divorcé(e),$60K - $80K,Blue,33,3,3,1251,28,0.211,0,0,0,1,0,1,Faible
710082708,Client actuel,44,M,4,Master,Célibataire,$120K +,Blue,32,4,2,2102,26,0.088,1,0,0,1,1,3,Modéré
708155733,Client actuel,53,M,2,Lycée (équivalent baccalauréat),Célibataire,$120K +,Blue,44,2,2,1634,23,0.111,0,0,0,1,1,2,Modéré
788979258,Client actuel,51,M,4,Sans diplôme,Célibataire,$80K - $120K,Silver,38,1,4,1515,32,0.044,0,1,0,1,1,3,Modéré
807986133,Client actuel,57,M,2,Niveau Bac+2,Célibataire,$60K - $80K,Blue,52,3,3,1817,35,0.276,0,0,0,1,0,1,Faible
788730933,Client actuel,44,F,2,Sans diplôme,Célibataire,Moins de $40K,Blue,20,3,3,1468,28,0.704,0,0,0,1,0,1,Faible
711314058,Client actuel,49,M,2,Licence,Célibataire,$60K - $80K,Blue,32,2,2,1107,17,0.656,0,0,0,1,0,1,Faible
717975333,Client actuel,50,M,2,Doctorat,Célibataire,$80K - $120K,Blue,38,2,2,1330,15,0.053,0,0,0,1,1,2,Modéré
715971108,Client actuel,51,M,4,Licence,Célibataire,$120K +,Blue,42,2,3,1763,41,0.051,0,0,0,1,1,2,Modéré
720096558,Client actuel,55,F,2,Licence,Marié(e),Moins de $40K,Blue,42,3,3,1034,36,0.467,0,0,0,1,0,1,Faible
719580033,Client actuel,54,M,1,Licence,Non connu,$60K - $80K,Blue,43,2,3,2030,21,0.698,0,0,0,1,0,1,Faible
820582308,Client actuel,42,M,5,Sans diplôme,Marié(e),$80K - $120K,Blue,37,2,2,1528,35,0.067,0,0,0,1,1,2,Modéré
789973308,Client actuel,44,M,1,Niveau Bac+2,Célibataire,$60K - $80K,Blue,35,3,3,1932,24,0.079,0,0,0,1,1,2,Modéré
712876233,Client actuel,53,M,2,Licence,Célibataire,$80K - $120K,Blue,36,3,2,1515,33,0.287,0,0,0,1,0,1,Faible
804595158,Client actuel,44,F,4,Licence,Célibataire,Moins de $40K,Blue,36,4,2,2517,23,0.36,1,0,0,1,0,2,Modéré
714826758,Client actuel,37,F,3,Sans diplôme,Célibataire,Moins de $40K,Blue,29,4,2,1801,57,0.256,1,0,0,0,0,1,Faible
779058108,Client actuel,49,M,3,Licence,Divorcé(e),$60K - $80K,Blue,30,1,2,1823,23,0.719,0,0,0,1,0,1,Faible
710790258,Client actuel,47,M,2,Licence,Célibataire,$80K - $120K,Blue,38,3,2,1899,35,0.066,0,0,0,1,1,2,Modéré
715623483,Client actuel,47,M,3,Licence,Marié(e),$60K - $80K,Blue,37,4,0,1695,41,0.198,1,0,0,1,0,2,Modéré
715156383,Client actuel,44,M,1,Non connu,Non connu,$120K +,Blue,36,2,2,1533,29,0.044,0,0,0,1,1,2,Modéré
755420433,Client actuel,59,F,1,Licence,Marié(e),Non connu,Blue,52,3,3,1417,20,0.14,0,0,0,1,1,2,Modéré
794543958,Client actuel,53,M,1,Licence,Divorcé(e),$80K - $120K,Blue,35,4,2,1219,27,0.035,1,0,0,1,1,3,Modéré
716396358,Client actuel,52,M,2,Licence,Célibataire,$60K - $80K,Blue,47,3,0,1910,35,0.619,0,0,0,1,0,1,Faible
715398033,Client actuel,53,M,2,Lycée (équivalent baccalauréat),Célibataire,$120K +,Blue,35,2,1,2056,31,0.108,0,0,0,1,1,2,Modéré
711743883,Client actuel,43,F,3,Sans diplôme,Célibataire,Moins de $40K,Blue,35,2,3,0,32,0.0,0,0,1,1,1,3,Modéré
719720058,Client actuel,44,M,3,Lycée (équivalent baccalauréat),Célibataire,$60K - $80K,Blue,31,3,1,837,14,0.066,0,0,0,1,1,2,Modéré
778992108,Client actuel,57,M,2,Non connu,Célibataire,$120K +,Blue,45,3,3,0,29,0.0,0,0,1,1,1,3,Modéré
717539808,Client actuel,51,F,2,Lycée (équivalent baccalauréat),Célibataire,Moins de $40K,Blue,36,2,2,0,21,0.0,0,0,1,1,1,3,Modéré
714070758,Client actuel,49,M,4,Lycée (équivalent baccalauréat),Marié(e),$80K - $120K,Blue,38,3,0,1953,35,0.062,0,0,0,1,1,2,Modéré
714107958,Client actuel,45,M,1,Licence,Célibataire,$40K - $60K,Blue,36,4,3,0,34,0.0,1,0,1,1,1,4,Élevé
789140283,Client actuel,53,M,0,Licence,Célibataire,$80K - $120K,Blue,42,4,1,2037,29,0.765,1,0,0,1,0,2,Modéré
715550508,Client actuel,45,F,3,Non connu,Marié(e),Non connu,Blue,28,1,2,2440,20,0.963,0,0,0,1,0,1,Faible
719712633,Client actuel,64,M,1,Licence,Marié(e),Moins de $40K,Blue,52,4,3,895,32,0.524,1,0,0,1,0,2,Modéré
772629333,Client actuel,45,M,3,Licence,Marié(e),$40K - $60K,Blue,35,4,2,1200,30,0.347,1,0,0,1,0,2,Modéré
720336708,Client actuel,53,M,3,Doctorat,Marié(e),$40K - $60K,Blue,35,3,2,1706,42,0.45,0,0,0,1,0,1,Faible
802013583,Client actuel,56,M,3,Niveau Bac+2,Marié(e),$120K +,Blue,50,2,0,2250,19,0.232,0,0,0,1,0,1,Faible
714778833,Client actuel,49,F,3,Niveau Bac+2,Célibataire,Non connu,Blue,43,4,0,1960,22,0.085,1,0,0,1,1,3,Modéré
713843283,Client actuel,41,F,3,Non connu,Marié(e),Non connu,Silver,34,3,3,2053,26,0.059,0,0,0,1,1,2,Modéré
779155158,Client actuel,53,M,3,Licence,Marié(e),$120K +,Blue,34,2,2,1264,33,0.43,0,0,0,1,0,1,Faible
721091583,Client actuel,44,F,2,Licence,Célibataire,Moins de $40K,Blue,32,3,3,1879,15,0.62,0,0,0,1,0,1,Faible
713572683,Client actuel,44,M,3,Lycée (équivalent baccalauréat),Non connu,$60K - $80K,Blue,25,3,0,0,34,0.0,0,0,1,1,1,3,Modéré
716657058,Client actuel,43,F,4,Master,Marié(e),Moins de $40K,Blue,33,3,3,926,37,0.111,0,0,0,1,1,2,Modéré
779509983,Client actuel,53,M,2,Master,Célibataire,$120K +,Blue,36,1,2,931,21,0.027,0,0,0,1,1,2,Modéré
717929133,Client actuel,44,M,1,Sans diplôme,Célibataire,$60K - $80K,Blue,36,2,3,2440,30,0.169,0,0,0,1,0,1,Faible
808284783,Client actuel,62,F,1,Non connu,Marié(e),Moins de $40K,Blue,56,0,0,0,44,0.0,0,0,1,1,1,3,Modéré
708476808,Client actuel,54,M,4,Non connu,Divorcé(e),$120K +,Blue,36,3,2,1960,31,0.058,0,0,0,1,1,2,Modéré
710916408,Client actuel,57,M,4,Licence,Marié(e),$60K - $80K,Blue,39,3,0,1886,32,0.223,0,0,0,1,0,1,Faible
708492558,Client actuel,42,M,3,Non connu,Marié(e),$60K - $80K,Blue,36,3,3,865,21,0.057,0,0,0,1,1,2,Modéré
799825758,Client actuel,42,M,4,Lycée (équivalent baccalauréat),Divorcé(e),$60K - $80K,Blue,36,1,2,1674,35,0.513,0,0,0,1,0,1,Faible
718619883,Client actuel,54,F,0,Sans diplôme,Marié(e),Moins de $40K,Blue,36,2,2,706,24,0.473,0,0,0,1,0,1,Faible
711844758,Client actuel,48,M,3,Licence,Célibataire,$80K - $120K,Blue,35,1,0,1294,37,0.095,0,0,0,1,1,2,Modéré
714798783,Client actuel,49,M,1,Licence,Célibataire,$80K - $120K,Blue,36,2,2,895,18,0.047,0,0,0,1,1,2,Modéré
826762908,Client actuel,52,M,3,Lycée (équivalent baccalauréat),Non connu,$80K - $120K,Blue,48,2,0,1273,36,0.106,0,0,0,1,1,2,Modéré
771894558,Client actuel,50,M,3,Lycée (équivalent baccalauréat),Célibataire,$80K - $120K,Blue,39,1,4,1559,25,0.156,0,1,0,1,1,3,Modéré
721074183,Client actuel,49,M,1,Doctorat,Célibataire,$60K - $80K,Blue,36,6,3,1196,24,0.05,1,0,0,1,1,3,Modéré
715259583,Client actuel,53,F,2,Lycée (équivalent baccalauréat),Marié(e),Moins de $40K,Blue,44,2,3,1901,38,0.355,0,0,0,1,0,1,Faible
718414008,Client actuel,50,M,2,Licence,Célibataire,$120K +,Blue,36,2,2,1023,13,0.03,0,0,0,1,1,2,Modéré
719666283,Client actuel,55,F,1,Doctorat,Marié(e),Moins de $40K,Blue,36,1,0,1951,29,0.615,0,0,0,1,0,1,Faible
714877233,Client actuel,53,M,1,Lycée (équivalent baccalauréat),Célibataire,$80K - $120K,Blue,47,2,2,1836,38,0.15,0,0,0,1,1,2,Modéré
785387883,Client actuel,47,F,3,Lycée (équivalent baccalauréat),Célibataire,$40K - $60K,Blue,41,3,3,1540,47,0.407,0,0,0,0,0,0,Faible
771075258,Client actuel,55,M,2,Niveau Bac+2,Célibataire,$120K +,Silver,42,3,2,1527,42,0.044,0,0,0,1,1,2,Modéré
711318033,Client actuel,47,M,3,Licence,Célibataire,$60K - $80K,Blue,36,2,2,0,24,0.0,0,0,1,1,1,3,Modéré
783554958,Client actuel,58,M,4,Licence,Célibataire,$120K +,Blue,52,1,0,0,30,0.0,0,0,1,1,1,3,Modéré
718039683,Client actuel,52,M,2,Lycée (équivalent baccalauréat),Célibataire,$40K - $60K,Blue,45,1,2,1300,29,0.096,0,0,0,1,1,2,Modéré
710806083,Client actuel,50,F,1,Sans diplôme,Non connu,Moins de $40K,Silver,36,2,2,2090,30,0.176,0,0,0,1,0,1,Faible
714752208,Client actuel,42,F,1,Licence,Marié(e),Moins de $40K,Blue,36,1,2,1985,16,0.83,0,0,0,1,0,1,Faible
822063408,Client actuel,43,M,4,Non connu,Marié(e),$40K - $60K,Blue,39,1,2,2517,16,0.412,0,0,0,1,0,1,Faible
714490308,Client actuel,57,M,4,Licence,Marié(e),$80K - $120K,Blue,46,2,3,1662,28,0.086,0,0,0,1,1,2,Modéré
713356833,Client actuel,52,M,1,Licence,Célibataire,$80K - $120K,Blue,43,1,4,2517,34,0.678,0,1,0,1,0,2,Modéré
711402333,Client actuel,47,M,2,Doctorat,Célibataire,Moins de $40K,Blue,37,1,3,797,32,0.246,0,0,0,1,0,1,Faible
708296883,Client actuel,44,F,3,Licence,Célibataire,$40K - $60K,Blue,38,1,0,788,27,0.067,0,0,0,1,1,2,Modéré
719154483,Client actuel,53,M,2,Lycée (équivalent baccalauréat),Divorcé(e),$60K - $80K,Blue,36,3,2,2100,26,0.271,0,0,0,1,0,1,Faible
717721458,Client actuel,45,M,4,Niveau Bac+2,Divorcé(e),$60K - $80K,Blue,40,1,0,1186,42,0.114,0,0,0,1,1,2,Modéré
711112683,Client actuel,63,F,1,Niveau Bac+2,Marié(e),Non connu,Blue,36,2,3,1568,29,0.395,0,0,0,1,0,1,Faible
715674483,Client actuel,39,F,2,Master,Célibataire,Moins de $40K,Blue,27,2,2,2517,19,0.406,0,0,0,1,0,1,Faible
789968058,Client actuel,51,M,1,Non connu,Célibataire,$120K +,Blue,42,2,3,2327,18,0.258,0,0,0,1,0,1,Faible
709919283,Client actuel,54,M,4,Licence,Marié(e),$80K - $120K,Blue,34,3,2,2517,25,0.169,0,0,0,1,0,1,Faible
718744008,Client actuel,59,F,1,Licence,Célibataire,Moins de $40K,Blue,36,2,3,1128,20,0.178,0,0,0,1,0,1,Faible
716104983,Client actuel,41,F,2,Licence,Célibataire,Moins de $40K,Blue,32,3,2,2117,31,0.941,0,0,0,1,0,1,Faible
818839983,Client actuel,55,M,2,Licence,Célibataire,$120K +,Blue,50,2,0,1536,34,0.141,0,0,0,1,1,2,Modéré
772288758,Client actuel,47,F,4,Licence,Marié(e),Non connu,Blue,36,1,3,1228,30,0.23,0,0,0,1,0,1,Faible
712350858,Client actuel,41,M,2,Lycée (équivalent baccalauréat),Célibataire,$80K - $120K,Blue,24,1,3,1104,39,0.118,0,0,0,1,1,2,Modéré
711009708,Client actuel,40,M,3,Lycée (équivalent baccalauréat),Célibataire,$80K - $120K,Blue,28,1,0,0,22,0.0,0,0,1,1,1,3,Modéré
712720158,Client actuel,68,M,1,Licence,Marié(e),Non connu,Blue,56,2,3,1652,32,0.119,0,0,0,1,1,2,Modéré
712215258,Client actuel,50,F,1,Licence,Célibataire,$40K - $60K,Silver,31,2,3,0,22,0.0,0,0,1,1,1,3,Modéré
773827008,Client actuel,47,M,4,Sans diplôme,Célibataire,$60K - $80K,Blue,41,2,2,1540,29,0.64,0,0,0,1,0,1,Faible
795232683,Client actuel,53,F,1,Niveau Bac+2,Marié(e),Moins de $40K,Blue,47,2,3,930,26,0.432,0,0,0,1,0,1,Faible
713786508,Client actuel,42,F,5,Non connu,Marié(e),$40K - $60K,Blue,36,3,3,0,28,0.0,0,0,1,1,1,3,Modéré
713539833,Client actuel,48,F,4,Lycée (équivalent baccalauréat),Célibataire,$40K - $60K,Blue,38,1,3,0,29,0.0,0,0,1,1,1,3,Modéré
712454058,Client actuel,49,M,1,Doctorat,Célibataire,$120K +,Blue,38,1,3,618,27,0.066,0,0,1,1,1,3,Modéré
718759833,Client actuel,44,F,2,Sans diplôme,Marié(e),Non connu,Silver,35,3,2,0,24,0.0,0,0,1,1,1,3,Modéré
718803333,Client actuel,43,F,4,Licence,Divorcé(e),Moins de $40K,Blue,34,3,1,1954,29,0.612,0,0,0,1,0,1,Faible
720253908,Client actuel,56,M,0,Lycée (équivalent baccalauréat),Célibataire,$80K - $120K,Blue,43,2,1,1024,28,0.359,0,0,0,1,0,1,Faible
714133158,Client actuel,59,F,1,Niveau Bac+2,Célibataire,Non connu,Blue,36,3,3,1305,31,0.309,0,0,0,1,0,1,Faible
713187033,Client actuel,46,M,1,Sans diplôme,Célibataire,$60K - $80K,Blue,36,2,2,2071,38,0.101,0,0,0,1,1,2,Modéré
714791208,Client actuel,47,F,4,Non connu,Divorcé(e),Moins de $40K,Blue,41,5,3,2114,24,0.607,1,0,0,1,0,2,Modéré
772426383,Client actuel,50,F,4,Sans diplôme,Marié(e),$40K - $60K,Blue,40,2,3,1570,28,0.512,0,0,0,1,0,1,Faible
710975883,Client actuel,51,F,3,Sans diplôme,Marié(e),Moins de $40K,Blue,43,1,2,1761,30,0.806,0,0,0,1,0,1,Faible
714264408,Client actuel,47,F,3,Sans diplôme,Marié(e),Moins de $40K,Blue,36,1,0,746,29,0.463,0,0,0,1,0,1,Faible
715827858,Client actuel,58,F,4,Sans diplôme,Marié(e),Moins de $40K,Blue,47,3,3,2173,23,0.77,0,0,0,1,0,1,Faible
709531908,Client actuel,53,M,3,Lycée (équivalent baccalauréat),Marié(e),$60K - $80K,Blue,47,2,2,0,53,0.0,0,0,1,0,1,2,Modéré
716493408,Client actuel,45,F,4,Sans diplôme,Divorcé(e),Non connu,Blue,36,3,3,1719,37,0.108,0,0,0,1,1,2,Modéré
714141108,Client actuel,52,F,1,Lycée (équivalent baccalauréat),Marié(e),Moins de $40K,Blue,45,3,3,893,28,0.133,0,0,0,1,1,2,Modéré
712608783,Client actuel,50,M,2,Lycée (équivalent baccalauréat),Célibataire,$80K - $120K,Silver,45,1,3,1260,34,0.037,0,0,0,1,1,2,Modéré
820353558,Client actuel,41,F,3,Lycée (équivalent baccalauréat),Marié(e),$40K - $60K,Blue,36,1,2,1434,34,0.146,0,0,0,1,1,2,Modéré
714964758,Client actuel,45,F,5,Licence,Divorcé(e),$40K - $60K,Blue,36,2,2,1777,28,0.171,0,0,0,1,0,1,Faible
716264358,Client actuel,53,M,3,Sans diplôme,Célibataire,$80K - $120K,Blue,42,1,2,1836,47,0.069,0,0,0,0,1,1,Faible
717296808,Client actuel,67,F,1,Licence,Marié(e),Moins de $40K,Blue,56,3,2,2517,32,0.837,0,0,0,1,0,1,Faible
712977183,Client actuel,57,F,2,Sans diplôme,Célibataire,$40K - $60K,Silver,36,3,0,1072,22,0.055,0,0,0,1,1,2,Modéré
710829108,Client actuel,59,F,1,Sans diplôme,Marié(e),$40K - $60K,Blue,36,2,3,985,28,0.294,0,0,0,1,0,1,Faible
779562633,Client actuel,45,M,2,Sans diplôme,Marié(e),$40K - $60K,Blue,34,2,1,2248,18,0.39,0,0,0,1,0,1,Faible
715315833,Client actuel,51,M,3,Licence,Célibataire,$80K - $120K,Blue,36,2,3,2107,24,0.19,0,0,0,1,0,1,Faible
815500983,Client actuel,59,F,1,Sans diplôme,Marié(e),Moins de $40K,Blue,54,3,0,2001,36,0.692,0,0,0,1,0,1,Faible
719360583,Client actuel,53,M,1,Licence,Célibataire,$60K - $80K,Blue,45,2,2,1701,25,0.503,0,0,0,1,0,1,Faible
709701558,Client actuel,47,M,3,Licence,Marié(e),$60K - $80K,Blue,36,1,2,1251,50,0.059,0,0,0,0,1,1,Faible
721148358,Client actuel,49,F,3,Sans diplôme,Célibataire,Non connu,Blue,38,2,1,0,27,0.0,0,0,1,1,1,3,Modéré
779862408,Client actuel,49,M,3,Master,Célibataire,$80K - $120K,Blue,33,1,0,462,33,0.074,0,0,1,1,1,3,Modéré
812627208,Client actuel,60,F,0,Niveau Bac+2,Célibataire,Moins de $40K,Blue,55,1,3,738,33,0.513,0,0,0,1,0,1,Faible
711033408,Client actuel,50,F,2,Lycée (équivalent baccalauréat),Marié(e),Moins de $40K,Blue,36,1,2,1626,28,0.174,0,0,0,1,0,1,Faible
779956608,Client actuel,41,F,2,Master,Marié(e),Non connu,Blue,31,1,3,0,32,0.0,0,0,1,1,1,3,Modéré
780376683,Client actuel,57,M,1,Licence,Célibataire,$80K - $120K,Blue,47,3,1,1976,24,0.135,0,0,0,1,1,2,Modéré
717912483,Client actuel,43,M,4,Licence,Non connu,$80K - $120K,Blue,27,2,0,0,35,0.0,0,0,1,1,1,3,Modéré
714454758,Client actuel,57,F,3,Licence,Marié(e),Moins de $40K,Blue,47,2,3,1594,37,0.251,0,0,0,1,0,1,Faible
780466533,Client actuel,54,M,3,Doctorat,Marié(e),$120K +,Blue,41,3,0,1676,52,0.078,0,0,0,0,1,1,Faible
715735233,Client actuel,51,F,5,Master,Marié(e),Moins de $40K,Blue,44,1,1,1598,42,0.463,0,0,0,1,0,1,Faible
720476733,Client actuel,47,F,3,Lycée (équivalent baccalauréat),Marié(e),Moins de $40K,Blue,34,1,2,799,22,0.133,0,0,0,1,1,2,Modéré
715872333,Client actuel,41,M,0,Lycée (équivalent baccalauréat),Non connu,$120K +,Blue,36,2,3,1998,21,0.11,0,0,0,1,1,2,Modéré
712375758,Client actuel,53,M,3,Sans diplôme,Célibataire,$80K - $120K,Blue,43,3,1,1423,42,0.087,0,0,0,1,1,2,Modéré
718030083,Client actuel,59,M,1,Niveau Bac+2,Célibataire,$60K - $80K,Blue,36,1,2,1687,22,0.214,0,0,0,1,0,1,Faible
720707283,Client actuel,48,M,4,Non connu,Marié(e),$80K - $120K,Blue,36,3,0,866,42,0.164,0,0,0,1,0,1,Faible
771698658,Client actuel,44,M,5,Licence,Marié(e),$60K - $80K,Blue,32,5,3,2006,27,0.176,1,0,0,1,0,2,Modéré
748326258,Client actuel,48,M,3,Niveau Bac+2,Célibataire,$80K - $120K,Blue,41,5,3,1632,41,0.133,1,0,0,1,1,3,Modéré
770817783,Client actuel,47,M,4,Licence,Marié(e),$60K - $80K,Silver,33,2,1,1679,27,0.049,0,0,0,1,1,2,Modéré
779353083,Client actuel,47,M,2,Licence,Célibataire,$60K - $80K,Silver,32,2,2,1468,32,0.043,0,0,0,1,1,2,Modéré
711441333,Client actuel,43,F,1,Lycée (équivalent baccalauréat),Divorcé(e),Moins de $40K,Silver,35,2,2,1580,27,0.15,0,0,0,1,1,2,Modéré
809164083,Client actuel,63,M,1,Licence,Marié(e),$40K - $60K,Blue,56,1,2,1779,37,0.679,0,0,0,1,0,1,Faible
820596183,Client actuel,58,M,2,Niveau Bac+2,Célibataire,$120K +,Blue,53,3,0,2395,48,0.098,0,0,0,0,1,1,Faible
715999608,Client actuel,53,F,2,Lycée (équivalent baccalauréat),Marié(e),Moins de $40K,Blue,36,1,2,1649,26,0.694,0,0,0,1,0,1,Faible
710565408,Client actuel,59,M,0,Non connu,Non connu,$80K - $120K,Silver,40,2,3,1359,26,0.039,0,0,0,1,1,2,Modéré
805543158,Client actuel,52,M,3,Licence,Marié(e),$120K +,Blue,47,3,3,2207,40,0.199,0,0,0,1,0,1,Faible
709752183,Client actuel,48,M,3,Lycée (équivalent baccalauréat),Célibataire,$60K - $80K,Blue,36,2,2,2517,37,0.22,0,0,0,1,0,1,Faible
716479233,Client actuel,43,M,4,Lycée (équivalent baccalauréat),Marié(e),$40K - $60K,Blue,36,3,2,1721,21,0.13,0,0,0,1,1,2,Modéré
713837058,Client actuel,48,M,2,Niveau Bac+2,Célibataire,Moins de $40K,Blue,36,2,3,1955,24,0.76,0,0,0,1,0,1,Faible
718876683,Client actuel,43,F,4,Licence,Célibataire,Moins de $40K,Blue,31,2,0,1168,32,0.202,0,0,0,1,0,1,Faible
770746908,Client actuel,44,M,4,Non connu,Marié(e),$60K - $80K,Blue,30,1,2,2509,32,0.319,0,0,0,1,0,1,Faible
794843883,Client actuel,41,M,3,Lycée (équivalent baccalauréat),Célibataire,$80K - $120K,Blue,35,1,2,1202,33,0.035,0,0,0,1,1,2,Modéré
803043933,Client actuel,44,F,3,Sans diplôme,Divorcé(e),Moins de $40K,Silver,38,1,3,1835,25,0.165,0,0,0,1,0,1,Faible
758076408,Client actuel,50,M,2,Non connu,Célibataire,$40K - $60K,Blue,43,1,3,1603,43,0.863,0,0,0,1,0,1,Faible
714606558,Client actuel,60,F,1,Sans diplôme,Marié(e),Moins de $40K,Blue,36,1,0,1272,22,0.665,0,0,0,1,0,1,Faible
778425408,Client actuel,44,M,4,Licence,Marié(e),$80K - $120K,Blue,24,3,0,2295,24,0.598,0,0,0,1,0,1,Faible
714171108,Client actuel,48,F,3,Licence,Divorcé(e),$40K - $60K,Blue,39,2,3,1141,20,0.539,0,0,0,1,0,1,Faible
719662458,Client actuel,44,F,2,Licence,Divorcé(e),Moins de $40K,Blue,27,2,2,679,29,0.472,0,0,0,1,0,1,Faible
713137233,Client actuel,41,M,2,Lycée (équivalent baccalauréat),Célibataire,$80K - $120K,Blue,28,3,0,1789,24,0.064,0,0,0,1,1,2,Modéré
769425858,Client actuel,45,M,3,Niveau Bac+2,Célibataire,$60K - $80K,Blue,32,1,2,0,26,0.0,0,0,1,1,1,3,Modéré
711297483,Client actuel,47,F,2,Sans diplôme,Divorcé(e),Moins de $40K,Silver,34,4,2,2222,38,0.16,1,0,0,1,1,3,Modéré
788900883,Client actuel,51,F,2,Licence,Marié(e),Moins de $40K,Blue,36,1,3,1304,38,0.42,0,0,0,1,0,1,Faible
758348808,Client actuel,51,M,2,Licence,Célibataire,$120K +,Blue,44,3,3,1666,18,0.048,0,0,0,1,1,2,Modéré
708711483,Client actuel,57,M,2,Non connu,Célibataire,$80K - $120K,Blue,46,3,0,1740,21,0.092,0,0,0,1,1,2,Modéré
717906783,Client actuel,41,M,5,Licence,Célibataire,$120K +,Blue,29,2,2,1748,26,0.336,0,0,0,1,0,1,Faible
719437908,Client actuel,44,M,3,Master,Divorcé(e),$80K - $120K,Blue,36,2,2,1644,50,0.092,0,0,0,0,1,1,Faible
769433508,Client actuel,43,M,1,Niveau Bac+2,Célibataire,$60K - $80K,Blue,37,3,3,1819,25,0.666,0,0,0,1,0,1,Faible
790096533,Client actuel,55,M,2,Niveau Bac+2,Célibataire,$60K - $80K,Blue,48,3,2,1301,27,0.147,0,0,0,1,1,2,Modéré
787541883,Client actuel,44,M,3,Licence,Non connu,$80K - $120K,Blue,33,3,3,0,27,0.0,0,0,1,1,1,3,Modéré
709930758,Client actuel,41,M,2,Sans diplôme,Marié(e),$40K - $60K,Blue,30,3,3,1222,33,0.11,0,0,0,1,1,2,Modéré
789830058,Client actuel,44,M,4,Non connu,Marié(e),$80K - $120K,Blue,34,1,2,1585,36,0.073,0,0,0,1,1,2,Modéré
710741208,Client actuel,39,M,2,Lycée (équivalent baccalauréat),Célibataire,$80K - $120K,Blue,36,2,2,1475,25,0.28,0,0,0,1,0,1,Faible
715341858,Client actuel,54,M,2,Licence,Célibataire,$80K - $120K,Blue,46,2,3,1289,49,0.65,0,0,0,0,0,0,Faible
793636308,Client actuel,49,M,3,Sans diplôme,Célibataire,$80K - $120K,Blue,43,2,2,1650,33,0.355,0,0,0,1,0,1,Faible
713779908,Client actuel,46,F,3,Doctorat,Célibataire,Non connu,Blue,36,3,2,1666,36,0.761,0,0,0,1,0,1,Faible
709703433,Client actuel,47,M,3,Licence,Marié(e),$60K - $80K,Blue,38,1,2,1532,25,0.072,0,0,0,1,1,2,Modéré
721022433,Client actuel,44,M,2,Doctorat,Célibataire,$60K - $80K,Blue,36,1,2,2480,35,0.327,0,0,0,1,0,1,Faible
710103558,Client actuel,50,M,3,Master,Célibataire,$120K +,Blue,31,1,2,1486,28,0.459,0,0,0,1,0,1,Faible
715952883,Client actuel,73,M,0,Lycée (équivalent baccalauréat),Marié(e),$40K - $60K,Blue,36,3,2,1125,34,0.252,0,0,0,1,0,1,Faible
719731458,Client actuel,56,M,3,Non connu,Non connu,$40K - $60K,Blue,46,3,4,709,27,0.244,0,1,0,1,0,2,Modéré
787348608,Client actuel,70,M,0,Lycée (équivalent baccalauréat),Marié(e),Moins de $40K,Blue,56,2,3,1495,15,0.46,0,0,0,1,0,1,Faible
709485033,Client actuel,55,F,2,Lycée (équivalent baccalauréat),Marié(e),Moins de $40K,Blue,36,3,3,1152,26,0.489,0,0,0,1,0,1,Faible
715432608,Client actuel,43,M,4,Non connu,Célibataire,$60K - $80K,Blue,36,1,0,953,34,0.043,0,0,0,1,1,2,Modéré
799471833,Client actuel,45,M,1,Sans diplôme,Célibataire,$120K +,Blue,39,2,2,1510,38,0.482,0,0,0,1,0,1,Faible
714187533,Client actuel,45,F,2,Sans diplôme,Célibataire,$40K - $60K,Blue,35,3,0,849,28,0.24,0,0,0,1,0,1,Faible
779656908,Client actuel,40,M,1,Licence,Marié(e),$40K - $60K,Blue,23,3,2,1378,29,0.197,0,0,0,1,0,1,Faible
788950158,Client actuel,36,M,2,Niveau Bac+2,Non connu,$80K - $120K,Blue,22,2,3,1652,39,0.048,0,0,0,1,1,2,Modéré
710620383,Client actuel,43,M,4,Non connu,Marié(e),$60K - $80K,Blue,35,3,2,1171,17,0.048,0,0,0,1,1,2,Modéré
778661358,Client actuel,46,F,1,Non connu,Marié(e),Moins de $40K,Blue,36,3,2,2143,40,0.866,0,0,0,1,0,1,Faible
789483333,Client actuel,41,M,2,Sans diplôme,Marié(e),$40K - $60K,Blue,32,1,3,795,23,0.152,0,0,0,1,1,2,Modéré
809855808,Client actuel,51,F,2,Licence,Marié(e),Moins de $40K,Blue,46,2,2,1650,20,0.317,0,0,0,1,0,1,Faible
718464258,Client actuel,51,F,3,Non connu,Non connu,Moins de $40K,Blue,25,2,2,1082,22,0.114,0,0,0,1,1,2,Modéré
708528483,Client actuel,43,F,4,Licence,Divorcé(e),Non connu,Blue,23,3,2,2430,33,0.762,0,0,0,1,0,1,Faible
719942883,Client actuel,54,M,5,Licence,Marié(e),$60K - $80K,Blue,38,3,3,1434,18,0.626,0,0,0,1,0,1,Faible
807226683,Client actuel,48,M,3,Non connu,Célibataire,$40K - $60K,Blue,43,1,3,1115,41,0.211,0,0,0,1,0,1,Faible
717806133,Client actuel,40,M,2,Sans diplôme,Divorcé(e),$60K - $80K,Blue,29,3,0,0,31,0.0,0,0,1,1,1,3,Modéré
720615708,Client actuel,57,M,0,Sans diplôme,Marié(e),$40K - $60K,Blue,45,2,2,0,32,0.0,0,0,1,1,1,3,Modéré
714511758,Client actuel,45,M,4,Licence,Marié(e),$80K - $120K,Blue,40,3,0,1029,16,0.162,0,0,0,1,0,1,Faible
715050408,Client actuel,41,M,3,Lycée (équivalent baccalauréat),Célibataire,$80K - $120K,Blue,36,3,3,1576,32,0.196,0,0,0,1,0,1,Faible
721132233,Client actuel,42,F,4,Sans diplôme,Marié(e),Moins de $40K,Blue,31,2,2,1769,30,0.734,0,0,0,1,0,1,Faible
712069008,Client actuel,42,F,4,Sans diplôme,Marié(e),Moins de $40K,Blue,23,2,0,1007,33,0.446,0,0,0,1,0,1,Faible
715996983,Client actuel,47,M,4,Sans diplôme,Divorcé(e),$80K - $120K,Blue,30,2,2,2481,31,0.14,0,0,0,1,1,2,Modéré
773466258,Client actuel,48,F,4,Lycée (équivalent baccalauréat),Marié(e),$40K - $60K,Blue,42,1,3,1100,22,0.262,0,0,0,1,0,1,Faible
798983508,Client actuel,43,M,1,Licence,Célibataire,$80K - $120K,Silver,37,3,2,1440,34,0.042,0,0,0,1,1,2,Modéré
719117433,Client actuel,41,M,4,Lycée (équivalent baccalauréat),Non connu,$80K - $120K,Blue,36,3,0,2168,24,0.094,0,0,0,1,1,2,Modéré
716451183,Client actuel,54,F,1,Sans diplôme,Marié(e),$40K - $60K,Blue,44,2,3,1711,21,0.308,0,0,0,1,0,1,Faible
715085733,Client actuel,61,M,0,Licence,Marié(e),$40K - $60K,Blue,52,1,2,1999,33,0.68,0,0,0,1,0,1,Faible
788977833,Client actuel,61,M,0,Sans diplôme,Célibataire,$80K - $120K,Blue,48,1,0,1274,41,0.238,0,0,0,1,0,1,Faible
708421833,Client actuel,45,F,4,Licence,Célibataire,Moins de $40K,Blue,36,3,2,2517,30,0.753,0,0,0,1,0,1,Faible
709879458,Client actuel,54,F,3,Doctorat,Marié(e),Non connu,Blue,46,2,3,1376,45,0.724,0,0,0,1,0,1,Faible
715120608,Client actuel,44,M,3,Licence,Célibataire,$60K - $80K,Blue,37,3,2,1703,27,0.117,0,0,0,1,1,2,Modéré
770632758,Client actuel,50,F,4,Doctorat,Célibataire,Non connu,Blue,36,3,2,1608,33,0.638,0,0,0,1,0,1,Faible
779078733,Client actuel,55,M,2,Doctorat,Célibataire,$60K - $80K,Blue,36,4,3,1682,36,0.102,1,0,0,1,1,3,Modéré
771742533,Client actuel,48,M,2,Licence,Non connu,$40K - $60K,Blue,36,1,2,1718,28,0.131,0,0,0,1,1,2,Modéré
720250158,Client actuel,45,M,2,Niveau Bac+2,Célibataire,$60K - $80K,Blue,33,3,0,1814,37,0.078,0,0,0,1,1,2,Modéré
716458983,Client actuel,60,M,0,Lycée (équivalent baccalauréat),Marié(e),$40K - $60K,Blue,36,1,3,837,29,0.255,0,0,0,1,0,1,Faible
713747733,Client actuel,55,M,2,Lycée (équivalent baccalauréat),Marié(e),$40K - $60K,Blue,47,3,2,2217,41,0.716,0,0,0,1,0,1,Faible
712270158,Client actuel,62,F,0,Lycée (équivalent baccalauréat),Marié(e),$40K - $60K,Blue,52,2,3,1250,31,0.609,0,0,0,1,0,1,Faible
789562383,Client actuel,38,F,1,Lycée (équivalent baccalauréat),Non connu,Moins de $40K,Blue,30,3,0,583,24,0.405,0,0,1,1,0,2,Modéré
754897008,Client actuel,46,M,3,Lycée (équivalent baccalauréat),Célibataire,$40K - $60K,Blue,39,3,2,1418,26,0.15,0,0,0,1,1,2,Modéré
819700533,Client actuel,50,M,0,Lycée (équivalent baccalauréat),Célibataire,$120K +,Silver,45,2,3,2303,27,0.154,0,0,0,1,1,2,Modéré
712890408,Client actuel,45,M,2,Sans diplôme,Célibataire,$60K - $80K,Blue,36,3,2,1343,30,0.605,0,0,0,1,0,1,Faible
720248208,Client actuel,47,M,3,Master,Divorcé(e),$60K - $80K,Blue,37,3,0,1577,26,0.275,0,0,0,1,0,1,Faible
779749908,Client actuel,48,M,4,Niveau Bac+2,Marié(e),$60K - $80K,Gold,33,2,3,2061,32,0.06,0,0,0,1,1,2,Modéré
717401883,Client actuel,35,M,3,Sans diplôme,Marié(e),$60K - $80K,Blue,22,2,2,1130,44,0.162,0,0,0,1,0,1,Faible
721509558,Client actuel,51,M,2,Licence,Célibataire,$120K +,Blue,42,3,0,1707,40,0.07,0,0,0,1,1,2,Modéré
710572458,Client actuel,36,F,3,Lycée (équivalent baccalauréat),Marié(e),Non connu,Blue,24,1,1,0,43,0.0,0,0,1,1,1,3,Modéré
714576183,Client actuel,47,M,4,Licence,Marié(e),$80K - $120K,Blue,36,3,2,2030,23,0.094,0,0,0,1,1,2,Modéré
721425558,Client actuel,52,M,2,Licence,Célibataire,$120K +,Blue,37,3,2,0,37,0.0,0,0,1,1,1,3,Modéré
711109908,Client actuel,43,F,4,Sans diplôme,Marié(e),Moins de $40K,Blue,36,1,1,2475,31,0.256,0,0,0,1,0,1,Faible
715203108,Client actuel,63,M,2,Lycée (équivalent baccalauréat),Marié(e),$40K - $60K,Blue,36,2,2,930,28,0.186,0,0,0,1,0,1,Faible
710027508,Client actuel,61,M,0,Licence,Célibataire,$60K - $80K,Blue,54,2,0,1047,33,0.648,0,0,0,1,0,1,Faible
787464408,Client actuel,53,M,2,Sans diplôme,Célibataire,$60K - $80K,Blue,40,2,2,0,29,0.0,0,0,1,1,1,3,Modéré
783542133,Client actuel,53,F,3,Licence,Marié(e),Moins de $40K,Blue,47,6,2,2223,42,0.806,1,0,0,1,0,2,Modéré
714426783,Client actuel,38,F,2,Licence,Célibataire,Non connu,Blue,31,3,2,2154,29,0.153,0,0,0,1,1,2,Modéré
712701333,Client actuel,53,M,3,Lycée (équivalent baccalauréat),Marié(e),$60K - $80K,Blue,43,3,2,2169,27,0.412,0,0,0,1,0,1,Faible
709494483,Client actuel,63,F,0,Non connu,Marié(e),Moins de $40K,Blue,54,2,1,1912,36,0.79,0,0,0,1,0,1,Faible
773373108,Client actuel,49,F,4,Lycée (équivalent baccalauréat),Marié(e),Moins de $40K,Blue,43,2,0,2070,28,0.732,0,0,0,1,0,1,Faible
715812258,Client actuel,45,M,2,Lycée (équivalent baccalauréat),Célibataire,$80K - $120K,Blue,34,5,2,1539,33,0.123,1,0,0,1,1,3,Modéré
778286433,Client actuel,67,M,0,Licence,Marié(e),$40K - $60K,Blue,56,2,1,1297,55,0.221,0,0,0,0,0,0,Faible
789270033,Client actuel,48,M,3,Licence,Célibataire,$80K - $120K,Silver,37,2,3,0,13,0.0,0,0,1,1,1,3,Modéré
711569433,Client actuel,51,F,2,Sans diplôme,Divorcé(e),Moins de $40K,Blue,38,1,2,1926,22,0.2,0,0,0,1,0,1,Faible
720214833,Client actuel,52,M,2,Lycée (équivalent baccalauréat),Célibataire,$80K - $120K,Silver,40,3,3,2177,23,0.063,0,0,0,1,1,2,Modéré
709346133,Client actuel,55,F,2,Sans diplôme,Marié(e),Non connu,Blue,35,3,0,2376,23,0.785,0,0,0,1,0,1,Faible
788194458,Client actuel,34,M,3,Lycée (équivalent baccalauréat),Marié(e),$60K - $80K,Blue,26,3,3,2517,35,0.771,0,0,0,1,0,1,Faible
720779733,Client actuel,56,M,1,Sans diplôme,Célibataire,$120K +,Blue,36,2,2,1355,49,0.224,0,0,0,0,0,0,Faible
717424458,Client actuel,44,F,2,Master,Marié(e),Moins de $40K,Blue,36,3,2,1823,22,0.795,0,0,0,1,0,1,Faible
708820308,Client actuel,47,M,3,Master,Non connu,$80K - $120K,Blue,36,2,2,2505,31,0.187,0,0,0,1,0,1,Faible
710558058,Client actuel,46,F,3,Non connu,Marié(e),Moins de $40K,Blue,38,3,3,2517,36,0.583,0,0,0,1,0,1,Faible
770590758,Client actuel,43,F,3,Licence,Célibataire,$40K - $60K,Blue,29,2,0,1069,16,0.316,0,0,0,1,0,1,Faible
718490658,Client actuel,50,F,1,Licence,Célibataire,Moins de $40K,Blue,36,1,3,2242,28,0.447,0,0,0,1,0,1,Faible
711985833,Client actuel,38,F,4,Sans diplôme,Célibataire,Moins de $40K,Blue,30,1,0,1605,46,0.625,0,0,0,0,0,0,Faible
708967608,Client actuel,53,F,1,Licence,Célibataire,Moins de $40K,Blue,45,1,2,1785,24,0.514,0,0,0,1,0,1,Faible
718505958,Client actuel,43,M,5,Licence,Divorcé(e),$120K +,Silver,31,3,3,1699,38,0.049,0,0,0,1,1,2,Modéré
715024233,Client actuel,53,M,1,Lycée (équivalent baccalauréat),Célibataire,$120K +,Blue,36,3,2,1844,32,0.557,0,0,0,1,0,1,Faible
779249583,Client actuel,56,F,1,Licence,Marié(e),Moins de $40K,Blue,38,3,3,2462,29,0.955,0,0,0,1,0,1,Faible
778928283,Client actuel,57,F,3,Lycée (équivalent baccalauréat),Marié(e),Moins de $40K,Blue,39,2,1,2321,32,0.846,0,0,0,1,0,1,Faible
712299858,Client actuel,62,M,1,Lycée (équivalent baccalauréat),Marié(e),Moins de $40K,Blue,53,3,3,1571,38,0.756,0,0,0,1,0,1,Faible
799224108,Client actuel,46,F,4,Licence,Célibataire,Moins de $40K,Blue,40,1,2,1942,43,0.31,0,0,0,1,0,1,Faible
809976033,Client actuel,49,M,2,Sans diplôme,Célibataire,$60K - $80K,Blue,44,3,0,1560,25,0.2,0,0,0,1,0,1,Faible
716203308,Client actuel,52,M,3,Licence,Célibataire,$80K - $120K,Blue,42,3,3,1692,22,0.62,0,0,0,1,0,1,Faible
716139933,Client actuel,54,M,0,Lycée (équivalent baccalauréat),Célibataire,$80K - $120K,Blue,36,1,2,1710,49,0.105,0,0,0,0,1,1,Faible
716984658,Client actuel,49,M,1,Licence,Célibataire,$120K +,Blue,39,2,3,0,31,0.0,0,0,1,1,1,3,Modéré
713086008,Client actuel,58,F,3,Lycée (équivalent baccalauréat),Marié(e),Moins de $40K,Blue,47,1,0,2439,34,0.935,0,0,0,1,0,1,Faible
713773458,Client actuel,52,M,2,Lycée (équivalent baccalauréat),Célibataire,$60K - $80K,Blue,45,3,2,1173,32,0.155,0,0,0,1,1,2,Modéré
719242533,Client actuel,41,M,5,Lycée (équivalent baccalauréat),Marié(e),$60K - $80K,Blue,33,3,3,2517,38,0.111,0,0,0,1,1,2,Modéré
772712658,Client actuel,62,F,0,Sans diplôme,Marié(e),Moins de $40K,Blue,50,1,2,1648,34,0.435,0,0,0,1,0,1,Faible
788868858,Client actuel,54,M,2,Licence,Marié(e),Moins de $40K,Blue,39,4,2,2517,32,0.932,1,0,0,1,0,2,Modéré
811898133,Client actuel,40,F,3,Lycée (équivalent baccalauréat),Divorcé(e),Moins de $40K,Blue,35,1,3,2117,32,0.829,0,0,0,1,0,1,Faible
788808633,Client actuel,43,M,3,Licence,Célibataire,$80K - $120K,Blue,26,3,2,1090,29,0.463,0,0,0,1,0,1,Faible
779804208,Client actuel,53,F,2,Licence,Célibataire,$40K - $60K,Blue,42,2,0,0,39,0.0,0,0,1,1,1,3,Modéré
781391058,Client actuel,55,M,1,Sans diplôme,Célibataire,$40K - $60K,Blue,49,3,2,1375,38,0.953,0,0,0,1,0,1,Faible
790134408,Client actuel,46,M,4,Licence,Célibataire,$60K - $80K,Blue,39,2,3,755,22,0.07,0,0,0,1,1,2,Modéré
788853258,Client actuel,41,M,1,Sans diplôme,Célibataire,$60K - $80K,Blue,25,2,0,1503,39,0.188,0,0,0,1,0,1,Faible
711857733,Client actuel,49,M,3,Sans diplôme,Célibataire,$60K - $80K,Blue,32,2,2,2517,34,0.135,0,0,0,1,1,2,Modéré
822969858,Client actuel,61,F,0,Licence,Marié(e),Non connu,Blue,56,1,3,1465,31,0.262,0,0,0,1,0,1,Faible
719554758,Client actuel,46,M,2,Sans diplôme,Célibataire,$80K - $120K,Blue,38,3,2,2165,32,0.063,0,0,0,1,1,2,Modéré
711643458,Client actuel,50,F,1,Sans diplôme,Marié(e),Moins de $40K,Blue,43,3,4,0,41,0.0,0,1,1,1,1,4,Élevé
788830683,Client actuel,40,M,2,Licence,Célibataire,$80K - $120K,Blue,24,1,0,2031,31,0.82,0,0,0,1,0,1,Faible
807030858,Client actuel,51,M,4,Lycée (équivalent baccalauréat),Célibataire,$120K +,Blue,46,3,3,2274,47,0.066,0,0,0,0,1,1,Faible
793059108,Client actuel,50,F,2,Licence,Marié(e),$40K - $60K,Blue,44,2,3,1440,22,0.616,0,0,0,1,0,1,Faible
716568708,Client actuel,47,F,2,Licence,Marié(e),Moins de $40K,Blue,36,3,2,0,27,0.0,0,0,1,1,1,3,Modéré
828281733,Client actuel,43,M,4,Non connu,Marié(e),$120K +,Blue,39,3,3,848,23,0.057,0,0,0,1,1,2,Modéré
717229158,Client actuel,36,F,4,Licence,Marié(e),$40K - $60K,Blue,36,3,3,969,15,0.595,0,0,0,1,0,1,Faible
715915458,Client actuel,47,F,2,Licence,Marié(e),Moins de $40K,Blue,34,2,2,1644,31,0.521,0,0,0,1,0,1,Faible
819129858,Client actuel,46,F,2,Licence,Célibataire,Moins de $40K,Blue,41,3,0,1270,31,0.268,0,0,0,1,0,1,Faible
713441958,Client actuel,46,M,2,Lycée (équivalent baccalauréat),Célibataire,$120K +,Blue,36,3,2,1785,25,0.09,0,0,0,1,1,2,Modéré
719091333,Client actuel,52,M,0,Sans diplôme,Célibataire,$60K - $80K,Blue,36,3,2,793,27,0.035,0,0,0,1,1,2,Modéré
708666258,Client actuel,43,M,4,Non connu,Marié(e),$40K - $60K,Blue,36,3,0,1799,33,0.221,0,0,0,1,0,1,Faible
714914583,Client actuel,40,F,4,Licence,Célibataire,Moins de $40K,Blue,27,2,3,1521,30,0.405,0,0,0,1,0,1,Faible
714363858,Client actuel,54,F,4,Lycée (équivalent baccalauréat),Marié(e),Moins de $40K,Blue,36,5,3,1411,35,0.885,1,0,0,1,0,2,Modéré
721347408,Client actuel,55,F,1,Lycée (équivalent baccalauréat),Célibataire,Moins de $40K,Blue,43,2,0,1403,39,0.546,0,0,0,1,0,1,Faible
809608533,Client actuel,49,F,4,Master,Célibataire,Non connu,Blue,44,3,2,1586,48,0.087,0,0,0,0,1,1,Faible
772047183,Client actuel,45,M,4,Lycée (équivalent baccalauréat),Marié(e),$40K - $60K,Blue,34,3,3,1766,24,0.569,0,0,0,1,0,1,Faible
714217908,Client actuel,49,M,3,Licence,Marié(e),$40K - $60K,Blue,41,3,2,1560,32,0.648,0,0,0,1,0,1,Faible
714819183,Client actuel,63,M,1,Sans diplôme,Célibataire,$80K - $120K,Blue,36,2,3,1955,28,0.08,0,0,0,1,1,2,Modéré
716455683,Client actuel,40,F,3,Lycée (équivalent baccalauréat),Célibataire,Moins de $40K,Gold,36,2,3,726,28,0.047,0,0,0,1,1,2,Modéré
710865633,Client actuel,41,F,2,Licence,Marié(e),Moins de $40K,Silver,33,2,0,2250,29,0.183,0,0,0,1,0,1,Faible
752952108,Client actuel,37,M,4,Licence,Marié(e),$80K - $120K,Blue,26,2,3,1818,37,0.639,0,0,0,1,0,1,Faible
712595433,Client actuel,58,M,2,Sans diplôme,Non connu,$120K +,Blue,49,2,3,1794,37,0.183,0,0,0,1,0,1,Faible
714982383,Client actuel,55,M,2,Lycée (équivalent baccalauréat),Célibataire,$60K - $80K,Blue,36,3,3,2381,23,0.329,0,0,0,1,0,1,Faible
813814008,Client actuel,53,F,1,Lycée (équivalent baccalauréat),Marié(e),Moins de $40K,Blue,48,3,2,1576,37,0.678,0,0,0,1,0,1,Faible
794545983,Client actuel,57,M,2,Licence,Célibataire,$80K - $120K,Blue,40,2,3,1980,34,0.162,0,0,0,1,0,1,Faible
715585158,Client actuel,58,M,1,Licence,Célibataire,$60K - $80K,Blue,46,3,2,1617,25,0.161,0,0,0,1,1,2,Modéré
810449883,Client actuel,64,M,0,Non connu,Marié(e),Moins de $40K,Blue,56,1,0,1915,27,0.865,0,0,0,1,0,1,Faible
789863208,Client actuel,54,F,2,Licence,Marié(e),Moins de $40K,Blue,44,2,3,1480,37,0.73,0,0,0,1,0,1,Faible
715022133,Client actuel,53,M,2,Licence,Célibataire,$60K - $80K,Blue,47,2,2,1162,26,0.183,0,0,0,1,0,1,Faible
712506708,Client actuel,39,F,3,Niveau Bac+2,Célibataire,Moins de $40K,Blue,25,1,2,2008,53,0.512,0,0,0,0,0,0,Faible
715699983,Client actuel,56,M,3,Lycée (équivalent baccalauréat),Marié(e),$60K - $80K,Blue,36,1,3,1233,29,0.134,0,0,0,1,1,2,Modéré
818942433,Client actuel,54,F,4,Non connu,Divorcé(e),Moins de $40K,Blue,49,1,1,1288,33,0.137,0,0,0,1,1,2,Modéré
712459233,Client actuel,59,F,1,Master,Marié(e),$40K - $60K,Blue,46,3,3,1346,57,0.692,0,0,0,0,0,0,Faible
716545383,Client actuel,42,M,3,Sans diplôme,Célibataire,$40K - $60K,Blue,36,1,0,1554,38,0.162,0,0,0,1,0,1,Faible
721144383,Client actuel,42,M,4,Licence,Marié(e),$60K - $80K,Silver,28,1,2,843,38,0.03,0,0,0,1,1,2,Modéré
821837958,Client actuel,43,M,3,Niveau Bac+2,Non connu,$80K - $120K,Blue,39,3,1,1662,25,0.067,0,0,0,1,1,2,Modéré
804359133,Client actuel,55,M,0,Lycée (équivalent baccalauréat),Célibataire,$120K +,Blue,49,3,3,2233,27,0.587,0,0,0,1,0,1,Faible
713308683,Client actuel,52,M,1,Sans diplôme,Célibataire,$80K - $120K,Blue,37,2,2,1306,39,0.478,0,0,0,1,0,1,Faible
788780958,Client actuel,46,M,1,Sans diplôme,Non connu,$40K - $60K,Blue,27,3,3,1253,21,0.098,0,0,0,1,1,2,Modéré
798473808,Client actuel,48,M,3,Niveau Bac+2,Marié(e),$80K - $120K,Blue,42,3,0,0,32,0.0,0,0,1,1,1,3,Modéré
712372158,Client actuel,45,M,4,Non connu,Marié(e),$120K +,Blue,33,1,3,2086,47,0.06,0,0,0,0,1,1,Faible
715192308,Client actuel,48,M,2,Lycée (équivalent baccalauréat),Célibataire,$120K +,Blue,36,5,2,2094,28,0.07,1,0,0,1,1,3,Modéré
708813033,Client actuel,47,M,1,Licence,Célibataire,$40K - $60K,Blue,36,3,0,2033,37,0.312,0,0,0,1,0,1,Faible
709311633,Client actuel,41,M,2,Licence,Non connu,$60K - $80K,Silver,36,2,0,0,39,0.0,0,0,1,1,1,3,Modéré
709470858,Client actuel,51,M,4,Niveau Bac+2,Marié(e),$120K +,Silver,31,2,1,1254,25,0.036,0,0,0,1,1,2,Modéré
717292758,Client actuel,55,F,2,Licence,Célibataire,Moins de $40K,Blue,47,3,2,0,44,0.0,0,0,1,1,1,3,Modéré
779241783,Client actuel,67,M,1,Sans diplôme,Marié(e),$40K - $60K,Blue,49,3,2,1675,38,0.539,0,0,0,1,0,1,Faible
715205358,Client actuel,39,M,1,Licence,Célibataire,$60K - $80K,Blue,31,1,1,913,35,0.36,0,0,0,1,0,1,Faible
778871508,Client actuel,54,M,3,Master,Célibataire,$60K - $80K,Blue,35,3,0,1954,24,0.15,0,0,0,1,1,2,Modéré
779462433,Client actuel,55,F,2,Non connu,Marié(e),Moins de $40K,Blue,37,3,1,968,50,0.395,0,0,0,0,0,0,Faible
710147958,Client actuel,47,M,3,Lycée (équivalent baccalauréat),Marié(e),$40K - $60K,Silver,36,2,2,1249,33,0.077,0,0,0,1,1,2,Modéré
709864833,Client actuel,49,M,2,Master,Célibataire,$60K - $80K,Blue,38,2,0,1965,26,0.243,0,0,0,1,0,1,Faible
717276708,Client actuel,57,M,2,Non connu,Célibataire,$80K - $120K,Blue,36,3,2,2517,30,0.805,0,0,0,1,0,1,Faible
710004933,Client actuel,44,M,5,Sans diplôme,Marié(e),$60K - $80K,Blue,36,3,2,1454,25,0.168,0,0,0,1,0,1,Faible
753606108,Client actuel,56,M,3,Non connu,Célibataire,$60K - $80K,Blue,49,1,3,0,22,0.0,0,0,1,1,1,3,Modéré
718927533,Client actuel,45,M,3,Licence,Célibataire,$80K - $120K,Blue,32,2,2,2517,42,0.103,0,0,0,1,1,2,Modéré
719337408,Client actuel,63,M,0,Lycée (équivalent baccalauréat),Célibataire,$60K - $80K,Blue,36,2,3,0,43,0.0,0,0,1,1,1,3,Modéré
772308408,Client actuel,44,M,3,Licence,Célibataire,$80K - $120K,Blue,33,3,3,785,22,0.19,0,0,0,1,0,1,Faible
712981383,Client actuel,44,F,4,Niveau Bac+2,Marié(e),Moins de $40K,Silver,37,2,2,1930,16,0.179,0,0,0,1,0,1,Faible
790099758,Client actuel,40,M,3,Lycée (équivalent baccalauréat),Marié(e),$40K - $60K,Blue,33,3,3,1001,11,0.145,0,0,0,1,1,2,Modéré
778770783,Client actuel,42,M,4,Lycée (équivalent baccalauréat),Marié(e),$80K - $120K,Blue,30,1,0,1916,21,0.064,0,0,0,1,1,2,Modéré
713134458,Client actuel,54,M,3,Lycée (équivalent baccalauréat),Marié(e),$120K +,Blue,43,1,1,0,24,0.0,0,0,1,1,1,3,Modéré
713639958,Client actuel,46,F,4,Licence,Divorcé(e),Moins de $40K,Blue,36,3,1,820,41,0.087,0,0,0,1,1,2,Modéré
771180033,Client actuel,47,F,4,Non connu,Divorcé(e),$40K - $60K,Blue,34,1,2,1851,31,0.529,0,0,0,1,0,1,Faible
717916758,Client actuel,67,F,0,Non connu,Marié(e),Non connu,Blue,56,3,3,2388,34,0.227,0,0,0,1,0,1,Faible
711089733,Client actuel,50,F,2,Niveau Bac+2,Divorcé(e),Moins de $40K,Blue,36,3,0,0,34,0.0,0,0,1,1,1,3,Modéré
716988633,Client actuel,55,M,0,Lycée (équivalent baccalauréat),Divorcé(e),$60K - $80K,Blue,46,1,2,0,38,0.0,0,0,1,1,1,3,Modéré
779031033,Client actuel,46,F,2,Licence,Marié(e),$40K - $60K,Blue,22,1,3,1627,36,0.706,0,0,0,1,0,1,Faible
716302383,Client actuel,47,F,4,Sans diplôme,Marié(e),$40K - $60K,Blue,36,1,3,2081,44,0.146,0,0,0,1,1,2,Modéré
718281408,Client actuel,36,F,2,Non connu,Marié(e),$40K - $60K,Blue,25,1,2,1257,29,0.262,0,0,0,1,0,1,Faible
721333233,Client actuel,40,M,4,Doctorat,Divorcé(e),$60K - $80K,Blue,34,2,3,1727,39,0.075,0,0,0,1,1,2,Modéré
794496033,Client actuel,57,M,2,Non connu,Célibataire,$80K - $120K,Blue,38,1,3,2280,36,0.099,0,0,0,1,1,2,Modéré
710519433,Client actuel,48,M,1,Non connu,Divorcé(e),$80K - $120K,Blue,36,1,0,2517,40,0.804,0,0,0,1,0,1,Faible
814995933,Client actuel,58,F,3,Licence,Marié(e),Moins de $40K,Blue,53,3,2,1794,45,0.309,0,0,0,1,0,1,Faible
721469433,Client actuel,48,M,3,Licence,Célibataire,$40K - $60K,Blue,36,2,3,1390,35,0.202,0,0,0,1,0,1,Faible
717198633,Client actuel,53,F,2,Niveau Bac+2,Marié(e),$40K - $60K,Blue,34,2,1,1469,49,0.708,0,0,0,0,0,0,Faible
767695083,Client actuel,50,M,2,Licence,Célibataire,$80K - $120K,Blue,44,3,0,0,37,0.0,0,0,1,1,1,3,Modéré
710038008,Client actuel,56,F,1,Licence,Célibataire,$40K - $60K,Blue,47,2,1,0,30,0.0,0,0,1,1,1,3,Modéré
789129033,Client actuel,44,M,5,Non connu,Marié(e),$80K - $120K,Blue,32,3,2,877,26,0.059,0,0,0,1,1,2,Modéré
718349058,Client actuel,49,M,3,Lycée (équivalent baccalauréat),Marié(e),$80K - $120K,Blue,39,3,2,1143,21,0.039,0,0,0,1,1,2,Modéré
714513033,Client actuel,39,F,1,Non connu,Célibataire,$40K - $60K,Blue,36,1,3,0,23,0.0,0,0,1,1,1,3,Modéré
714717483,Client actuel,39,F,3,Sans diplôme,Divorcé(e),Non connu,Blue,29,1,2,0,35,0.0,0,0,1,1,1,3,Modéré
714900408,Client actuel,41,F,4,Lycée (équivalent baccalauréat),Célibataire,Moins de $40K,Blue,31,1,0,0,39,0.0,0,0,1,1,1,3,Modéré
720115683,Client actuel,47,M,3,Sans diplôme,Marié(e),$80K - $120K,Blue,36,2,2,1565,42,0.053,0,0,0,1,1,2,Modéré
779504058,Client actuel,46,F,2,Master,Marié(e),Moins de $40K,Blue,28,1,1,1910,25,0.381,0,0,0,1,0,1,Faible
795979833,Client actuel,53,F,1,Lycée (équivalent baccalauréat),Marié(e),Moins de $40K,Blue,47,1,2,1074,31,0.312,0,0,0,1,0,1,Faible
717392358,Client actuel,60,M,1,Licence,Célibataire,$80K - $120K,Blue,50,2,2,1078,50,0.046,0,0,0,0,1,1,Faible
718640508,Client actuel,59,F,0,Licence,Célibataire,Moins de $40K,Blue,46,1,2,1611,36,0.529,0,0,0,1,0,1,Faible
803366358,Client actuel,38,M,1,Non connu,Célibataire,$60K - $80K,Blue,29,2,1,2192,25,0.15,0,0,0,1,1,2,Modéré
709230708,Client actuel,56,M,4,Sans diplôme,Célibataire,Moins de $40K,Blue,36,2,2,1654,42,0.428,0,0,0,1,0,1,Faible
801383808,Client actuel,50,M,3,Licence,Célibataire,$60K - $80K,Blue,44,2,3,839,24,0.036,0,0,0,1,1,2,Modéré
710677608,Client actuel,53,M,2,Master,Non connu,$80K - $120K,Blue,36,2,0,1208,43,0.041,0,0,0,1,1,2,Modéré
708217758,Client actuel,63,M,2,Licence,Célibataire,$60K - $80K,Blue,49,2,3,2061,30,0.147,0,0,0,1,1,2,Modéré
717469158,Client actuel,46,M,2,Non connu,Célibataire,$80K - $120K,Blue,30,3,0,1385,54,0.075,0,0,0,0,1,1,Faible
711864783,Client actuel,61,M,1,Sans diplôme,Célibataire,$60K - $80K,Blue,46,3,2,1138,32,0.517,0,0,0,1,0,1,Faible
719407983,Client actuel,37,F,0,Master,Marié(e),Moins de $40K,Blue,25,3,2,1483,60,0.72,0,0,0,0,0,0,Faible
710665533,Client actuel,42,F,5,Doctorat,Marié(e),Non connu,Blue,23,2,2,1660,44,0.067,0,0,0,1,1,2,Modéré
716804283,Client actuel,41,M,2,Sans diplôme,Divorcé(e),$120K +,Blue,29,2,2,896,33,0.056,0,0,0,1,1,2,Modéré
709122483,Client actuel,56,M,3,Licence,Marié(e),$60K - $80K,Blue,37,3,0,1526,54,0.548,0,0,0,0,0,0,Faible
717860358,Client actuel,40,F,3,Lycée (équivalent baccalauréat),Célibataire,$40K - $60K,Blue,36,3,2,2235,42,0.436,0,0,0,1,0,1,Faible
789337233,Client actuel,63,M,1,Licence,Marié(e),$40K - $60K,Blue,53,6,2,2362,26,0.82,1,0,0,1,0,2,Modéré
720902133,Client actuel,58,M,1,Lycée (équivalent baccalauréat),Célibataire,$40K - $60K,Blue,46,1,0,0,35,0.0,0,0,1,1,1,3,Modéré
721043058,Client actuel,58,M,4,Non connu,Marié(e),$60K - $80K,Blue,44,1,3,2149,35,0.179,0,0,0,1,0,1,Faible
711870333,Client actuel,46,M,2,Sans diplôme,Divorcé(e),$80K - $120K,Blue,36,3,3,1597,51,0.046,0,0,0,0,1,1,Faible
708398283,Client actuel,37,F,1,Licence,Marié(e),$40K - $60K,Blue,29,2,2,885,32,0.201,0,0,0,1,0,1,Faible
715878183,Client actuel,46,M,4,Licence,Marié(e),$80K - $120K,Blue,35,3,3,723,33,0.039,0,0,0,1,1,2,Modéré
719451483,Client actuel,46,F,4,Master,Marié(e),Moins de $40K,Blue,37,3,2,1972,25,0.523,0,0,0,1,0,1,Faible
709110633,Client actuel,41,M,1,Licence,Célibataire,$80K - $120K,Blue,29,1,3,1748,24,0.081,0,0,0,1,1,2,Modéré
721059033,Client actuel,48,F,3,Lycée (équivalent baccalauréat),Divorcé(e),$40K - $60K,Blue,40,1,2,774,33,0.403,0,0,0,1,0,1,Faible
779912283,Client actuel,49,F,3,Licence,Célibataire,$40K - $60K,Blue,33,3,2,1713,38,0.171,0,0,0,1,0,1,Faible
717701733,Client actuel,44,M,2,Licence,Célibataire,$80K - $120K,Blue,35,2,2,2098,39,0.176,0,0,0,1,0,1,Faible
709913733,Client actuel,39,F,3,Niveau Bac+2,Marié(e),Moins de $40K,Blue,36,2,0,1529,32,0.671,0,0,0,1,0,1,Faible
718768158,Client actuel,57,M,1,Niveau Bac+2,Célibataire,$40K - $60K,Blue,48,1,2,0,23,0.0,0,0,1,1,1,3,Modéré
721375308,Client actuel,48,M,3,Lycée (équivalent baccalauréat),Marié(e),$80K - $120K,Blue,36,1,3,1351,19,0.044,0,0,0,1,1,2,Modéré
711374283,Client actuel,47,M,3,Lycée (équivalent baccalauréat),Célibataire,$80K - $120K,Blue,42,1,0,1923,32,0.079,0,0,0,1,1,2,Modéré
822893133,Client actuel,56,F,1,Sans diplôme,Divorcé(e),Non connu,Blue,52,1,2,0,33,0.0,0,0,1,1,1,3,Modéré
778465533,Client actuel,54,F,0,Niveau Bac+2,Marié(e),Moins de $40K,Blue,40,1,2,0,51,0.0,0,0,1,0,1,2,Modéré
712138983,Client actuel,54,M,1,Licence,Célibataire,$60K - $80K,Blue,36,3,2,2216,53,0.752,0,0,0,0,0,0,Faible
716920908,Client actuel,52,M,4,Lycée (équivalent baccalauréat),Marié(e),$80K - $120K,Blue,42,1,0,1112,48,0.194,0,0,0,0,0,0,Faible
708095133,Client actuel,43,M,4,Non connu,Non connu,$120K +,Blue,34,2,2,1833,29,0.055,0,0,0,1,1,2,Modéré
711195558,Client actuel,59,M,1,Niveau Bac+2,Célibataire,$40K - $60K,Blue,48,3,3,1603,36,0.221,0,0,0,1,0,1,Faible
772735758,Client actuel,44,M,1,Non connu,Marié(e),Non connu,Blue,34,2,0,1895,31,0.657,0,0,0,1,0,1,Faible
712024908,Client actuel,56,F,1,Niveau Bac+2,Marié(e),Moins de $40K,Blue,36,2,3,1257,39,0.476,0,0,0,1,0,1,Faible
778239933,Client actuel,45,F,4,Licence,Marié(e),Non connu,Blue,35,3,0,2043,46,0.729,0,0,0,0,0,0,Faible
714893733,Client actuel,55,M,1,Lycée (équivalent baccalauréat),Célibataire,$80K - $120K,Blue,45,3,3,809,33,0.048,0,0,0,1,1,2,Modéré
754886958,Client actuel,48,F,3,Niveau Bac+2,Divorcé(e),$40K - $60K,Blue,41,1,3,1672,39,0.179,0,0,0,1,0,1,Faible
710104908,Client actuel,56,F,5,Niveau Bac+2,Célibataire,Moins de $40K,Blue,43,1,0,2517,31,0.911,0,0,0,1,0,1,Faible
710558883,Client actuel,41,M,3,Sans diplôme,Marié(e),$60K - $80K,Blue,36,3,2,1044,27,0.06,0,0,0,1,1,2,Modéré
713827383,Client actuel,65,F,1,Lycée (équivalent baccalauréat),Marié(e),Moins de $40K,Blue,36,2,0,2493,44,0.78,0,0,0,1,0,1,Faible
720267033,Client actuel,34,M,4,Master,Marié(e),$80K - $120K,Blue,26,3,2,1786,63,0.35,0,0,0,0,0,0,Faible
712049208,Client actuel,56,M,3,Master,Marié(e),$60K - $80K,Blue,39,1,2,2517,25,0.636,0,0,0,1,0,1,Faible
708688608,Client actuel,62,F,1,Lycée (équivalent baccalauréat),Marié(e),Moins de $40K,Blue,48,3,1,1985,41,0.632,0,0,0,1,0,1,Faible
713217858,Client actuel,38,F,2,Sans diplôme,Célibataire,Moins de $40K,Blue,32,3,3,0,28,0.0,0,0,1,1,1,3,Modéré
819352983,Client actuel,49,M,3,Non connu,Non connu,$120K +,Blue,44,2,2,2008,33,0.093,0,0,0,1,1,2,Modéré
711019308,Client actuel,58,M,2,Lycée (équivalent baccalauréat),Célibataire,$60K - $80K,Blue,45,2,0,1535,47,0.24,0,0,0,0,0,0,Faible
768600558,Client actuel,41,F,4,Licence,Célibataire,$40K - $60K,Blue,31,2,3,1658,28,0.698,0,0,0,1,0,1,Faible
710202783,Client actuel,33,M,2,Licence,Célibataire,$60K - $80K,Blue,13,3,3,1721,37,0.877,0,0,0,1,0,1,Faible
712899333,Client actuel,47,F,4,Niveau Bac+2,Célibataire,Moins de $40K,Blue,37,2,2,1084,29,0.255,0,0,0,1,0,1,Faible
767036433,Client actuel,56,F,1,Licence,Marié(e),Moins de $40K,Blue,49,1,0,1152,45,0.226,0,0,0,1,0,1,Faible
793473033,Client actuel,51,M,1,Licence,Célibataire,$60K - $80K,Blue,45,2,3,2517,33,0.78,0,0,0,1,0,1,Faible
721232058,Client actuel,49,M,1,Licence,Non connu,$40K - $60K,Silver,41,1,3,977,36,0.048,0,0,0,1,1,2,Modéré
715449333,Client actuel,55,F,3,Non connu,Marié(e),$40K - $60K,Blue,47,2,0,1540,50,0.798,0,0,0,0,0,0,Faible
717998058,Client actuel,26,M,0,Licence,Célibataire,Moins de $40K,Blue,13,3,2,2019,40,0.781,0,0,0,1,0,1,Faible
827332983,Client actuel,46,M,3,Lycée (équivalent baccalauréat),Célibataire,$80K - $120K,Gold,42,2,2,2113,31,0.061,0,0,0,1,1,2,Modéré
721183983,Client actuel,48,M,4,Lycée (équivalent baccalauréat),Marié(e),$120K +,Blue,31,3,1,1013,37,0.029,0,0,0,1,1,2,Modéré
718426533,Client actuel,42,M,4,Sans diplôme,Divorcé(e),$60K - $80K,Blue,32,1,2,0,32,0.0,0,0,1,1,1,3,Modéré
710698233,Client actuel,37,M,4,Licence,Marié(e),$80K - $120K,Blue,28,1,2,1203,40,0.12,0,0,0,1,1,2,Modéré
780253533,Client actuel,63,F,0,Non connu,Marié(e),Moins de $40K,Blue,49,3,0,2318,31,0.651,0,0,0,1,0,1,Faible
793581933,Client actuel,50,M,3,Lycée (équivalent baccalauréat),Célibataire,$40K - $60K,Silver,44,3,4,1513,55,0.076,0,1,0,0,1,2,Modéré
719229708,Client actuel,41,F,1,Lycée (équivalent baccalauréat),Célibataire,$40K - $60K,Blue,31,3,2,838,32,0.169,0,0,0,1,0,1,Faible
715158483,Client actuel,48,F,3,Licence,Divorcé(e),Moins de $40K,Blue,40,2,3,1603,37,0.514,0,0,0,1,0,1,Faible
809296308,Client actuel,46,M,2,Niveau Bac+2,Célibataire,$80K - $120K,Blue,41,2,0,2332,37,0.108,0,0,0,1,1,2,Modéré
778176108,Client actuel,61,M,0,Lycée (équivalent baccalauréat),Célibataire,$60K - $80K,Blue,51,2,2,1412,38,0.257,0,0,0,1,0,1,Faible
796532958,Client actuel,59,F,0,Non connu,Marié(e),Moins de $40K,Blue,53,3,2,1124,49,0.204,0,0,0,0,0,0,Faible
717049533,Client actuel,39,F,3,Doctorat,Non connu,$40K - $60K,Blue,28,3,0,1466,28,0.202,0,0,0,1,0,1,Faible
719366358,Client actuel,51,M,3,Lycée (équivalent baccalauréat),Marié(e),$120K +,Blue,40,3,2,1692,29,0.231,0,0,0,1,0,1,Faible
711622683,Client actuel,48,M,4,Non connu,Célibataire,$60K - $80K,Blue,30,3,3,1387,39,0.18,0,0,0,1,0,1,Faible
714578283,Client actuel,47,M,1,Licence,Célibataire,$60K - $80K,Blue,37,3,0,0,28,0.0,0,0,1,1,1,3,Modéré
769574883,Client actuel,41,M,2,Lycée (équivalent baccalauréat),Marié(e),$40K - $60K,Blue,32,1,3,2517,37,0.197,0,0,0,1,0,1,Faible
717643608,Client actuel,48,M,4,Niveau Bac+2,Marié(e),$80K - $120K,Blue,36,3,2,1601,36,0.061,0,0,0,1,1,2,Modéré
709198158,Client actuel,50,F,4,Licence,Célibataire,Moins de $40K,Blue,36,2,0,1928,46,0.617,0,0,0,0,0,0,Faible
712419708,Client actuel,56,F,2,Master,Marié(e),Moins de $40K,Blue,48,1,2,2259,53,0.458,0,0,0,0,0,0,Faible
709103358,Client actuel,39,F,2,Niveau Bac+2,Célibataire,Moins de $40K,Blue,36,3,3,0,27,0.0,0,0,1,1,1,3,Modéré
716966808,Client actuel,47,M,1,Licence,Célibataire,$80K - $120K,Blue,37,3,3,1667,35,0.142,0,0,0,1,1,2,Modéré
772264383,Client actuel,44,M,2,Licence,Célibataire,$120K +,Blue,33,1,3,0,50,0.0,0,0,1,0,1,2,Modéré
721057758,Client actuel,61,F,1,Non connu,Marié(e),Non connu,Blue,47,2,3,0,27,0.0,0,0,1,1,1,3,Modéré
716445783,Client actuel,42,F,2,Sans diplôme,Marié(e),Non connu,Blue,31,2,0,0,37,0.0,0,0,1,1,1,3,Modéré
708579633,Client actuel,40,M,4,Non connu,Divorcé(e),$40K - $60K,Gold,28,2,2,1788,34,0.075,0,0,0,1,1,2,Modéré
718715583,Client actuel,65,M,2,Non connu,Marié(e),Moins de $40K,Blue,56,2,4,1010,35,0.436,0,1,0,1,0,2,Modéré
778686408,Client actuel,48,M,1,Niveau Bac+2,Célibataire,$60K - $80K,Blue,29,3,2,1040,50,0.054,0,0,0,0,1,1,Faible
715015683,Client actuel,44,M,2,Licence,Célibataire,$40K - $60K,Blue,34,3,1,1993,39,0.374,0,0,0,1,0,1,Faible
805254708,Client actuel,36,F,4,Non connu,Marié(e),Non connu,Blue,31,2,0,1276,48,0.081,0,0,0,0,1,1,Faible
710462433,Client actuel,45,M,4,Licence,Célibataire,$60K - $80K,Blue,30,2,2,894,39,0.051,0,0,0,1,1,2,Modéré
721342383,Client actuel,39,M,2,Licence,Célibataire,$80K - $120K,Blue,34,3,2,0,37,0.0,0,0,1,1,1,3,Modéré
720179883,Client actuel,40,M,4,Niveau Bac+2,Non connu,$80K - $120K,Blue,25,3,1,0,27,0.0,0,0,1,1,1,3,Modéré
779445108,Client actuel,26,M,0,Licence,Célibataire,$40K - $60K,Blue,13,1,2,1616,54,0.491,0,0,0,0,0,0,Faible
718193958,Client actuel,60,M,0,Sans diplôme,Célibataire,Moins de $40K,Blue,53,3,2,1728,53,0.719,0,0,0,0,0,0,Faible
710955633,Client actuel,54,F,3,Doctorat,Célibataire,Moins de $40K,Blue,42,1,0,1999,37,0.216,0,0,0,1,0,1,Faible
716149383,Client actuel,62,M,0,Licence,Célibataire,$60K - $80K,Blue,36,3,3,895,48,0.244,0,0,0,0,0,0,Faible
713889933,Client actuel,59,M,0,Licence,Célibataire,$40K - $60K,Blue,48,2,2,0,44,0.0,0,0,1,1,1,3,Modéré
709446783,Client actuel,46,M,4,Licence,Célibataire,$60K - $80K,Blue,38,3,2,2480,36,0.572,0,0,0,1,0,1,Faible
789115833,Client actuel,44,M,4,Lycée (équivalent baccalauréat),Célibataire,$60K - $80K,Blue,32,3,2,1034,29,0.32,0,0,0,1,0,1,Faible
787623858,Client actuel,43,M,2,Sans diplôme,Divorcé(e),$120K +,Silver,24,2,0,1938,45,0.056,0,0,0,1,1,2,Modéré
709040508,Client actuel,57,M,4,Sans diplôme,Marié(e),$120K +,Blue,38,6,2,1961,58,0.099,1,0,0,0,1,2,Modéré
708864708,Client actuel,46,M,3,Niveau Bac+2,Non connu,$80K - $120K,Blue,36,2,2,1729,36,0.07,0,0,0,1,1,2,Modéré
717758583,Client actuel,40,M,3,Lycée (équivalent baccalauréat),Non connu,$60K - $80K,Blue,36,2,1,1975,23,0.545,0,0,0,1,0,1,Faible
715416633,Client actuel,54,M,1,Non connu,Célibataire,$80K - $120K,Blue,36,1,2,960,59,0.155,0,0,0,0,1,1,Faible
717956283,Client actuel,57,F,1,Licence,Célibataire,$40K - $60K,Blue,48,1,0,1945,29,0.178,0,0,0,1,0,1,Faible
721379433,Client actuel,44,M,4,Licence,Marié(e),$60K - $80K,Blue,28,2,3,0,24,0.0,0,0,1,1,1,3,Modéré
712027683,Client actuel,47,F,2,Doctorat,Marié(e),Moins de $40K,Blue,35,2,2,1184,38,0.214,0,0,0,1,0,1,Faible
716027208,Client actuel,47,M,4,Doctorat,Marié(e),$60K - $80K,Blue,36,1,1,706,58,0.036,0,0,0,0,1,1,Faible
720475233,Client actuel,50,F,2,Lycée (équivalent baccalauréat),Marié(e),Moins de $40K,Blue,43,2,3,1412,26,0.482,0,0,0,1,0,1,Faible
712275108,Client actuel,53,F,3,Niveau Bac+2,Marié(e),$40K - $60K,Blue,33,3,3,1618,44,0.314,0,0,0,1,0,1,Faible
716222808,Client actuel,53,F,4,Lycée (équivalent baccalauréat),Marié(e),Moins de $40K,Blue,36,1,3,1170,45,0.393,0,0,0,1,0,1,Faible
788779008,Client actuel,57,M,2,Lycée (équivalent baccalauréat),Célibataire,$60K - $80K,Blue,38,1,2,1822,25,0.666,0,0,0,1,0,1,Faible
710404533,Client actuel,50,M,2,Licence,Célibataire,$80K - $120K,Blue,37,2,1,862,40,0.599,0,0,0,1,0,1,Faible
711173058,Client actuel,56,F,2,Non connu,Marié(e),Non connu,Blue,45,3,0,1782,29,0.33,0,0,0,1,0,1,Faible
715383108,Client actuel,52,M,2,Licence,Célibataire,$120K +,Blue,44,1,1,2174,50,0.063,0,0,0,0,1,1,Faible
711697158,Client actuel,60,M,0,Licence,Marié(e),Moins de $40K,Blue,36,2,2,1311,43,0.663,0,0,0,1,0,1,Faible
709186983,Client actuel,49,M,4,Sans diplôme,Marié(e),$80K - $120K,Blue,40,1,1,2252,38,0.258,0,0,0,1,0,1,Faible
808964433,Client actuel,46,F,4,Doctorat,Divorcé(e),Moins de $40K,Blue,41,1,1,1378,45,0.159,0,0,0,1,1,2,Modéré
711948333,Client actuel,42,M,1,Sans diplôme,Célibataire,$80K - $120K,Blue,36,1,2,710,30,0.077,0,0,0,1,1,2,Modéré
710541858,Client actuel,45,M,3,Lycée (équivalent baccalauréat),Marié(e),Moins de $40K,Blue,33,5,0,1430,37,0.185,1,0,0,1,0,2,Modéré
713490483,Client actuel,61,M,0,Sans diplôme,Célibataire,$80K - $120K,Blue,48,2,2,0,54,0.0,0,0,1,0,1,2,Modéré
779743908,Client actuel,44,M,4,Non connu,Divorcé(e),$60K - $80K,Blue,29,2,2,0,30,0.0,0,0,1,1,1,3,Modéré
710784333,Client actuel,57,M,2,Non connu,Célibataire,$120K +,Blue,36,2,2,1314,28,0.055,0,0,0,1,1,2,Modéré
816596583,Client actuel,45,M,2,Doctorat,Célibataire,$80K - $120K,Blue,40,3,1,693,50,0.059,0,0,0,0,1,1,Faible
717517758,Client actuel,57,F,0,Lycée (équivalent baccalauréat),Marié(e),$40K - $60K,Blue,45,2,2,845,45,0.371,0,0,0,1,0,1,Faible
712880283,Client actuel,31,M,0,Sans diplôme,Marié(e),$40K - $60K,Blue,22,3,0,1113,45,0.275,0,0,0,1,0,1,Faible
753226158,Client actuel,34,F,2,Licence,Marié(e),Moins de $40K,Blue,24,2,2,1853,35,0.506,0,0,0,1,0,1,Faible
758317233,Client actuel,35,F,1,Niveau Bac+2,Célibataire,Non connu,Blue,28,5,2,1575,60,0.448,1,0,0,0,0,1,Faible
711028308,Client actuel,44,F,4,Licence,Marié(e),Moins de $40K,Blue,36,1,0,0,29,0.0,0,0,1,1,1,3,Modéré
814852533,Client actuel,50,M,1,Licence,Célibataire,$80K - $120K,Blue,45,2,2,1185,46,0.07,0,0,0,0,1,1,Faible
711526533,Client actuel,33,M,3,Master,Marié(e),$80K - $120K,Blue,25,2,3,2104,37,0.128,0,0,0,1,1,2,Modéré
804403908,Client actuel,50,M,3,Licence,Célibataire,$60K - $80K,Blue,45,2,3,1118,31,0.051,0,0,0,1,1,2,Modéré
716999883,Client actuel,51,M,4,Lycée (équivalent baccalauréat),Marié(e),$80K - $120K,Blue,41,2,0,1437,43,0.09,0,0,0,1,1,2,Modéré
716452083,Client actuel,56,F,4,Non connu,Marié(e),Moins de $40K,Blue,46,3,2,1150,50,0.269,0,0,0,0,0,0,Faible
787599258,Client actuel,55,F,3,Licence,Célibataire,Moins de $40K,Blue,29,1,2,1309,34,0.178,0,0,0,1,0,1,Faible
714495258,Client actuel,26,M,0,Niveau Bac+2,Célibataire,Moins de $40K,Blue,36,1,3,479,37,0.333,0,0,1,1,0,2,Modéré
717713283,Client actuel,42,F,3,Licence,Marié(e),Moins de $40K,Blue,33,3,3,1077,58,0.125,0,0,0,0,1,1,Faible
789317883,Client actuel,54,M,2,Niveau Bac+2,Célibataire,$80K - $120K,Blue,44,3,3,1705,36,0.091,0,0,0,1,1,2,Modéré
714500883,Client actuel,44,F,3,Licence,Marié(e),Non connu,Blue,36,2,3,819,37,0.039,0,0,0,1,1,2,Modéré
789467508,Client actuel,65,F,0,Licence,Marié(e),$40K - $60K,Blue,56,3,0,1570,57,0.53,0,0,0,0,0,0,Faible
710317758,Client actuel,38,F,3,Lycée (équivalent baccalauréat),Marié(e),Non connu,Blue,29,2,2,1528,38,0.135,0,0,0,1,1,2,Modéré
711231558,Client actuel,58,M,3,Lycée (équivalent baccalauréat),Marié(e),$60K - $80K,Blue,40,1,3,2517,37,0.303,0,0,0,1,0,1,Faible
716829483,Client actuel,39,F,3,Master,Marié(e),$40K - $60K,Blue,28,2,2,2217,36,0.682,0,0,0,1,0,1,Faible
779713608,Client actuel,52,M,2,Lycée (équivalent baccalauréat),Célibataire,$120K +,Blue,36,1,2,1358,30,0.456,0,0,0,1,0,1,Faible
711628458,Client actuel,45,F,3,Licence,Marié(e),Moins de $40K,Blue,31,1,0,901,45,0.102,0,0,0,1,1,2,Modéré
718943508,Client actuel,42,M,3,Non connu,Célibataire,$80K - $120K,Blue,33,3,2,2170,35,0.584,0,0,0,1,0,1,Faible
783561558,Client actuel,57,M,4,Master,Marié(e),$120K +,Blue,51,2,3,0,61,0.0,0,0,1,0,1,2,Modéré
788785083,Client actuel,44,F,3,Niveau Bac+2,Non connu,Moins de $40K,Blue,25,3,2,1040,78,0.337,0,0,0,0,0,0,Faible
780481308,Client actuel,37,F,3,Licence,Marié(e),Non connu,Blue,24,2,2,1550,33,0.146,0,0,0,1,1,2,Modéré
711757383,Client actuel,50,F,3,Non connu,Marié(e),Moins de $40K,Blue,42,1,2,0,39,0.0,0,0,1,1,1,3,Modéré
787550808,Client actuel,51,M,2,Licence,Marié(e),$40K - $60K,Blue,40,1,2,1566,26,0.128,0,0,0,1,1,2,Modéré
779863533,Client actuel,37,M,1,Licence,Célibataire,$80K - $120K,Blue,21,2,0,0,32,0.0,0,0,1,1,1,3,Modéré
714529233,Client actuel,36,F,2,Licence,Marié(e),Moins de $40K,Blue,24,1,3,1593,41,0.51,0,0,0,1,0,1,Faible
708177333,Client actuel,51,F,2,Lycée (équivalent baccalauréat),Marié(e),Moins de $40K,Silver,36,3,0,2485,26,0.221,0,0,0,1,0,1,Faible
812019933,Client actuel,65,M,1,Sans diplôme,Marié(e),$40K - $60K,Blue,56,3,2,2021,46,0.819,0,0,0,0,0,0,Faible
708557358,Client actuel,43,M,2,Niveau Bac+2,Célibataire,$60K - $80K,Blue,28,2,3,1355,55,0.061,0,0,0,0,1,1,Faible
713580633,Client actuel,46,M,3,Licence,Marié(e),$40K - $60K,Blue,32,2,3,0,27,0.0,0,0,1,1,1,3,Modéré
711466533,Client actuel,43,F,2,Licence,Marié(e),Moins de $40K,Blue,33,2,2,852,45,0.217,0,0,0,1,0,1,Faible
802276683,Client actuel,56,M,3,Licence,Célibataire,$80K - $120K,Blue,50,3,3,1372,31,0.171,0,0,0,1,0,1,Faible
780913308,Client actuel,43,M,3,Non connu,Célibataire,$60K - $80K,Blue,34,2,0,2517,42,0.183,0,0,0,1,0,1,Faible
719428308,Client actuel,50,M,2,Lycée (équivalent baccalauréat),Non connu,$60K - $80K,Blue,41,2,2,1762,32,0.543,0,0,0,1,0,1,Faible
713010483,Client actuel,43,F,3,Licence,Marié(e),$40K - $60K,Blue,36,1,3,2379,57,0.81,0,0,0,0,0,0,Faible
717006333,Client actuel,54,M,3,Lycée (équivalent baccalauréat),Célibataire,$80K - $120K,Blue,36,1,2,1133,41,0.788,0,0,0,1,0,1,Faible
787621158,Client actuel,33,M,2,Non connu,Célibataire,$60K - $80K,Blue,25,3,3,491,59,0.079,0,0,1,0,1,2,Modéré
716924058,Client actuel,58,F,2,Sans diplôme,Marié(e),$40K - $60K,Blue,49,1,3,1166,25,0.189,0,0,0,1,0,1,Faible
720916683,Client actuel,41,M,3,Licence,Célibataire,$80K - $120K,Blue,26,3,2,1811,31,0.153,0,0,0,1,1,2,Modéré
720923658,Client actuel,48,M,3,Master,Célibataire,$60K - $80K,Blue,39,2,2,954,45,0.202,0,0,0,1,0,1,Faible
712710708,Client actuel,55,M,2,Lycée (équivalent baccalauréat),Célibataire,$40K - $60K,Blue,36,2,0,2517,40,0.403,0,0,0,1,0,1,Faible
719085933,Client actuel,35,M,3,Licence,Célibataire,$80K - $120K,Blue,24,1,2,864,64,0.037,0,0,0,0,1,1,Faible
715124958,Client actuel,50,M,3,Sans diplôme,Célibataire,$80K - $120K,Blue,36,2,3,1676,31,0.068,0,0,0,1,1,2,Modéré
712006308,Client actuel,45,F,0,Niveau Bac+2,Divorcé(e),Moins de $40K,Blue,35,1,3,1686,35,0.285,0,0,0,1,0,1,Faible
710801133,Client actuel,34,M,2,Sans diplôme,Célibataire,$60K - $80K,Blue,36,1,2,2326,63,0.271,0,0,0,0,0,0,Faible
712490283,Client actuel,55,F,4,Licence,Marié(e),$40K - $60K,Blue,41,3,3,2517,48,0.798,0,0,0,0,0,0,Faible
717958833,Client actuel,46,M,4,Licence,Marié(e),$60K - $80K,Blue,35,1,2,700,25,0.456,0,0,0,1,0,1,Faible
712370208,Client actuel,48,M,1,Sans diplôme,Non connu,$60K - $80K,Blue,35,2,2,1213,37,0.071,0,0,0,1,1,2,Modéré
715940358,Client actuel,51,F,1,Licence,Marié(e),Moins de $40K,Blue,42,2,2,2387,49,0.41,0,0,0,0,0,0,Faible
715041333,Client actuel,39,M,3,Doctorat,Marié(e),$60K - $80K,Blue,29,1,3,2517,43,0.712,0,0,0,1,0,1,Faible
712797258,Client actuel,43,M,3,Licence,Marié(e),$120K +,Blue,33,1,3,2129,38,0.062,0,0,0,1,1,2,Modéré
769170558,Client actuel,53,M,3,Licence,Célibataire,$60K - $80K,Blue,47,4,3,0,41,0.0,1,0,1,1,1,4,Élevé
715884858,Client actuel,38,M,2,Lycée (équivalent baccalauréat),Célibataire,$80K - $120K,Blue,36,3,3,843,28,0.35,0,0,0,1,0,1,Faible
796343058,Client actuel,49,F,2,Lycée (équivalent baccalauréat),Célibataire,Moins de $40K,Blue,43,1,2,0,38,0.0,0,0,1,1,1,3,Modéré
783910008,Client actuel,37,F,0,Non connu,Marié(e),Moins de $40K,Blue,31,2,2,1381,60,0.515,0,0,0,0,0,0,Faible
718888308,Client actuel,53,M,3,Licence,Célibataire,$80K - $120K,Blue,36,3,2,2517,33,0.073,0,0,0,1,1,2,Modéré
785114808,Client actuel,46,M,2,Master,Célibataire,$40K - $60K,Silver,40,2,2,0,30,0.0,0,0,1,1,1,3,Modéré
709852908,Client actuel,44,F,3,Sans diplôme,Célibataire,Moins de $40K,Blue,36,3,3,0,37,0.0,0,0,1,1,1,3,Modéré
823528833,Client actuel,50,F,1,Non connu,Célibataire,Moins de $40K,Blue,46,2,3,1235,29,0.593,0,0,0,1,0,1,Faible
719679858,Client actuel,58,F,2,Sans diplôme,Marié(e),$40K - $60K,Blue,47,2,2,1468,27,0.515,0,0,0,1,0,1,Faible
827108583,Client actuel,55,M,3,Lycée (équivalent baccalauréat),Célibataire,$120K +,Blue,51,1,3,1266,26,0.037,0,0,0,1,1,2,Modéré
787833333,Client actuel,44,M,3,Niveau Bac+2,Non connu,$80K - $120K,Blue,35,1,2,1292,38,0.203,0,0,0,1,0,1,Faible
719781183,Client actuel,57,M,4,Lycée (équivalent baccalauréat),Marié(e),$80K - $120K,Blue,38,1,3,1553,40,0.101,0,0,0,1,1,2,Modéré
710429358,Client actuel,57,M,1,Lycée (équivalent baccalauréat),Marié(e),$40K - $60K,Blue,48,1,3,1927,30,0.757,0,0,0,1,0,1,Faible
710280558,Client actuel,51,M,1,Licence,Célibataire,$60K - $80K,Blue,39,3,2,2517,18,0.286,0,0,0,1,0,1,Faible
809825358,Client actuel,53,F,3,Sans diplôme,Marié(e),Moins de $40K,Blue,48,1,3,1566,34,0.457,0,0,0,1,0,1,Faible
714451833,Client actuel,45,F,1,Doctorat,Célibataire,Moins de $40K,Blue,36,2,2,0,34,0.0,0,0,1,1,1,3,Modéré
713943783,Client actuel,41,M,4,Master,Marié(e),$60K - $80K,Blue,32,3,2,906,25,0.05,0,0,0,1,1,2,Modéré
710706558,Client actuel,51,F,4,Licence,Célibataire,Moins de $40K,Blue,42,1,3,1753,33,0.654,0,0,0,1,0,1,Faible
713620308,Client actuel,46,F,2,Lycée (équivalent baccalauréat),Marié(e),Moins de $40K,Blue,35,4,3,1734,34,0.371,1,0,0,1,0,2,Modéré
813453408,Client actuel,40,F,5,Niveau Bac+2,Marié(e),Moins de $40K,Blue,35,1,3,1693,30,0.692,0,0,0,1,0,1,Faible
818248383,Client actuel,33,M,2,Doctorat,Célibataire,$60K - $80K,Blue,28,3,3,0,35,0.0,0,0,1,1,1,3,Modéré
780106908,Client actuel,53,M,1,Lycée (équivalent baccalauréat),Célibataire,$80K - $120K,Blue,38,2,2,996,26,0.122,0,0,0,1,1,2,Modéré
708938508,Client actuel,63,M,1,Lycée (équivalent baccalauréat),Marié(e),$40K - $60K,Blue,36,3,2,1571,35,0.345,0,0,0,1,0,1,Faible
709671708,Client actuel,61,M,0,Sans diplôme,Célibataire,$80K - $120K,Blue,36,2,1,984,32,0.051,0,0,0,1,1,2,Modéré
801728658,Client actuel,53,M,2,Licence,Célibataire,$60K - $80K,Blue,47,3,0,1389,38,0.1,0,0,0,1,1,2,Modéré
779558733,Client actuel,50,F,4,Non connu,Marié(e),Non connu,Silver,36,1,2,1791,39,0.056,0,0,0,1,1,2,Modéré
788370258,Client actuel,37,M,4,Licence,Marié(e),$60K - $80K,Blue,30,3,2,2517,64,0.976,0,0,0,0,0,0,Faible
714927333,Client actuel,62,F,0,Licence,Marié(e),Non connu,Blue,52,3,2,1538,43,0.17,0,0,0,1,0,1,Faible
710383158,Client actuel,49,M,3,Sans diplôme,Célibataire,$80K - $120K,Silver,41,1,2,0,47,0.0,0,0,1,0,1,2,Modéré
798007308,Client actuel,57,F,3,Lycée (équivalent baccalauréat),Marié(e),Non connu,Blue,51,1,0,0,41,0.0,0,0,1,1,1,3,Modéré
711768858,Client actuel,55,M,2,Lycée (équivalent baccalauréat),Célibataire,$80K - $120K,Blue,36,2,3,2258,20,0.347,0,0,0,1,0,1,Faible
714888633,Client actuel,50,M,1,Licence,Célibataire,$80K - $120K,Blue,42,3,4,1183,57,0.292,0,1,0,0,0,1,Faible
712650333,Client actuel,48,M,3,Niveau Bac+2,Marié(e),$60K - $80K,Blue,37,3,2,1665,40,0.139,0,0,0,1,1,2,Modéré
719945433,Client actuel,60,F,1,Sans diplôme,Divorcé(e),$40K - $60K,Blue,48,2,2,0,53,0.0,0,0,1,0,1,2,Modéré
720310458,Client actuel,46,M,1,Non connu,Célibataire,$120K +,Blue,32,2,1,1295,49,0.109,0,0,0,0,1,1,Faible
718344033,Client actuel,47,M,2,Niveau Bac+2,Célibataire,$120K +,Blue,35,3,2,1010,59,0.278,0,0,0,0,0,0,Faible
715442958,Client actuel,54,M,2,Sans diplôme,Célibataire,$60K - $80K,Blue,36,3,3,2517,38,0.227,0,0,0,1,0,1,Faible
780326883,Client actuel,53,M,2,Doctorat,Célibataire,$60K - $80K,Blue,40,3,3,1435,61,0.127,0,0,0,0,1,1,Faible
711157833,Client actuel,56,F,3,Licence,Célibataire,$40K - $60K,Blue,36,1,0,1656,41,0.324,0,0,0,1,0,1,Faible
719704308,Client actuel,56,F,4,Lycée (équivalent baccalauréat),Marié(e),$40K - $60K,Blue,36,1,1,1543,32,0.745,0,0,0,1,0,1,Faible
708772308,Client actuel,41,M,3,Sans diplôme,Célibataire,$80K - $120K,Blue,24,3,3,1656,35,0.402,0,0,0,1,0,1,Faible
817663908,Client actuel,60,F,1,Licence,Marié(e),$40K - $60K,Blue,42,3,3,1335,27,0.226,0,0,0,1,0,1,Faible
780054258,Client actuel,40,M,5,Licence,Non connu,$40K - $60K,Blue,25,2,3,541,35,0.069,0,0,1,1,1,3,Modéré
709990983,Client actuel,49,F,3,Master,Marié(e),$40K - $60K,Blue,36,2,2,842,26,0.142,0,0,0,1,1,2,Modéré
818045958,Client actuel,46,M,4,Licence,Célibataire,$40K - $60K,Blue,41,3,2,1745,46,0.259,0,0,0,0,0,0,Faible
716380683,Client actuel,36,F,3,Lycée (équivalent baccalauréat),Marié(e),Moins de $40K,Blue,36,1,2,1542,39,0.397,0,0,0,1,0,1,Faible
787480158,Client actuel,57,F,2,Non connu,Marié(e),Moins de $40K,Blue,45,2,0,1639,39,0.657,0,0,0,1,0,1,Faible
778461408,Client actuel,38,M,1,Lycée (équivalent baccalauréat),Célibataire,$80K - $120K,Blue,23,3,2,987,36,0.045,0,0,0,1,1,2,Modéré
713861733,Client actuel,50,M,3,Licence,Divorcé(e),$80K - $120K,Blue,36,3,1,1542,65,0.045,0,0,0,0,1,1,Faible
789291633,Client actuel,62,M,0,Licence,Célibataire,$60K - $80K,Blue,51,2,0,967,45,0.177,0,0,0,1,0,1,Faible
778357458,Client actuel,44,F,5,Non connu,Célibataire,Moins de $40K,Blue,24,3,3,1224,42,0.611,0,0,0,1,0,1,Faible
718325883,Client actuel,39,M,2,Sans diplôme,Célibataire,$40K - $60K,Blue,32,3,2,1902,22,0.246,0,0,0,1,0,1,Faible
720344658,Client actuel,38,M,2,Niveau Bac+2,Célibataire,$80K - $120K,Blue,23,1,1,1847,43,0.101,0,0,0,1,1,2,Modéré
809292483,Client actuel,44,F,4,Niveau Bac+2,Marié(e),Moins de $40K,Blue,39,2,2,1846,32,0.227,0,0,0,1,0,1,Faible
779791008,Client actuel,43,M,3,Lycée (équivalent baccalauréat),Célibataire,$80K - $120K,Blue,32,2,3,1660,38,0.284,0,0,0,1,0,1,Faible
779557533,Client actuel,54,M,1,Master,Célibataire,$80K - $120K,Blue,40,3,3,942,50,0.092,0,0,0,0,1,1,Faible
795904233,Client actuel,38,F,3,Non connu,Célibataire,Non connu,Blue,32,1,0,727,40,0.027,0,0,0,1,1,2,Modéré
710573808,Client actuel,55,M,2,Non connu,Célibataire,$60K - $80K,Blue,36,3,3,1418,31,0.632,0,0,0,1,0,1,Faible
717418158,Client actuel,42,M,5,Non connu,Non connu,$120K +,Blue,36,1,2,1839,34,0.053,0,0,0,1,1,2,Modéré
779320983,Client actuel,46,M,4,Sans diplôme,Marié(e),$80K - $120K,Blue,28,3,2,1178,49,0.059,0,0,0,0,1,1,Faible
718093233,Client actuel,55,F,2,Master,Marié(e),Moins de $40K,Blue,45,3,3,0,47,0.0,0,0,1,0,1,2,Modéré
719459358,Client actuel,52,M,1,Doctorat,Célibataire,$120K +,Blue,41,2,2,989,48,0.029,0,0,0,0,1,1,Faible
717728808,Client actuel,39,F,2,Licence,Marié(e),Moins de $40K,Blue,26,1,2,1214,40,0.268,0,0,0,1,0,1,Faible
788701608,Client actuel,42,F,4,Licence,Célibataire,Moins de $40K,Blue,26,2,3,1705,32,0.578,0,0,0,1,0,1,Faible
719989008,Client actuel,47,F,1,Lycée (équivalent baccalauréat),Non connu,Non connu,Blue,36,1,0,2216,25,0.086,0,0,0,1,1,2,Modéré
791839233,Client actuel,42,F,4,Non connu,Divorcé(e),Non connu,Blue,36,3,2,1525,28,0.087,0,0,0,1,1,2,Modéré
716918508,Client actuel,39,M,1,Niveau Bac+2,Célibataire,$40K - $60K,Blue,24,3,3,1197,49,0.318,0,0,0,0,0,0,Faible
717321783,Client actuel,50,M,1,Sans diplôme,Célibataire,$60K - $80K,Blue,45,2,2,1274,47,0.123,0,0,0,0,1,1,Faible
799000008,Client actuel,57,M,2,Master,Divorcé(e),$120K +,Blue,51,1,1,1472,36,0.056,0,0,0,1,1,2,Modéré
721517208,Client actuel,41,M,4,Non connu,Marié(e),Moins de $40K,Blue,30,6,1,1967,29,0.803,1,0,0,1,0,2,Modéré
719068683,Client actuel,52,F,1,Lycée (équivalent baccalauréat),Marié(e),$40K - $60K,Blue,36,1,2,1864,25,0.594,0,0,0,1,0,1,Faible
709120008,Client actuel,43,M,2,Lycée (équivalent baccalauréat),Célibataire,$60K - $80K,Blue,36,3,2,0,39,0.0,0,0,1,1,1,3,Modéré
709117533,Client actuel,42,M,3,Lycée (équivalent baccalauréat),Célibataire,$80K - $120K,Blue,36,3,1,1508,35,0.071,0,0,0,1,1,2,Modéré
816594183,Client actuel,58,F,2,Sans diplôme,Marié(e),$40K - $60K,Blue,53,2,3,1380,62,0.684,0,0,0,0,0,0,Faible
789485433,Client actuel,42,M,4,Niveau Bac+2,Marié(e),$80K - $120K,Blue,34,2,3,668,67,0.019,0,0,1,0,1,2,Modéré
712881483,Client actuel,55,M,1,Master,Célibataire,$80K - $120K,Blue,45,3,3,1890,45,0.19,0,0,0,1,0,1,Faible
712689333,Client actuel,38,M,2,Non connu,Célibataire,$80K - $120K,Blue,28,3,2,1203,31,0.059,0,0,0,1,1,2,Modéré
771492408,Client actuel,40,F,2,Licence,Marié(e),Moins de $40K,Blue,28,1,2,1747,30,0.722,0,0,0,1,0,1,Faible
711668283,Client actuel,48,M,4,Sans diplôme,Marié(e),$80K - $120K,Blue,37,6,3,2404,35,0.078,1,0,0,1,1,3,Modéré
772684833,Client actuel,32,F,1,Non connu,Marié(e),Moins de $40K,Blue,22,3,2,2035,42,0.77,0,0,0,1,0,1,Faible
712960308,Client actuel,33,F,2,Lycée (équivalent baccalauréat),Célibataire,Moins de $40K,Blue,36,1,1,2350,61,0.291,0,0,0,0,0,0,Faible
756065433,Client actuel,26,M,0,Non connu,Célibataire,$40K - $60K,Blue,19,2,2,1597,46,0.73,0,0,0,0,0,0,Faible
710997183,Client actuel,46,M,0,Non connu,Célibataire,$60K - $80K,Gold,36,3,2,1092,39,0.032,0,0,0,1,1,2,Modéré
711146358,Client actuel,39,F,1,Licence,Marié(e),Non connu,Blue,29,3,2,1758,33,0.524,0,0,0,1,0,1,Faible
716144058,Client actuel,36,F,1,Niveau Bac+2,Célibataire,$40K - $60K,Blue,25,3,3,0,66,0.0,0,0,1,0,1,2,Modéré
713571258,Client actuel,45,M,2,Non connu,Célibataire,$60K - $80K,Silver,26,3,2,1630,41,0.05,0,0,0,1,1,2,Modéré
711676908,Client actuel,51,F,3,Niveau Bac+2,Marié(e),Non connu,Blue,36,2,3,1449,56,0.115,0,0,0,0,1,1,Faible
719315508,Client actuel,62,F,0,Non connu,Marié(e),$40K - $60K,Blue,36,2,2,2400,25,0.81,0,0,0,1,0,1,Faible
778623858,Client actuel,58,M,0,Sans diplôme,Célibataire,$80K - $120K,Blue,38,3,3,1935,49,0.511,0,0,0,0,0,0,Faible
714665733,Client actuel,42,M,4,Licence,Célibataire,$60K - $80K,Blue,36,1,0,834,26,0.306,0,0,0,1,0,1,Faible
816089433,Client actuel,49,M,4,Doctorat,Marié(e),$60K - $80K,Blue,44,1,1,1581,31,0.473,0,0,0,1,0,1,Faible
714534108,Client actuel,45,F,2,Lycée (équivalent baccalauréat),Marié(e),$40K - $60K,Blue,36,1,3,1884,47,0.294,0,0,0,0,0,0,Faible
787456608,Client actuel,29,M,2,Lycée (équivalent baccalauréat),Célibataire,$80K - $120K,Blue,15,2,2,1635,37,0.393,0,0,0,1,0,1,Faible
717090183,Client actuel,60,M,1,Doctorat,Célibataire,$120K +,Blue,50,1,2,2144,48,0.099,0,0,0,0,1,1,Faible
772782708,Client actuel,50,M,3,Master,Célibataire,$80K - $120K,Blue,40,2,2,1688,56,0.054,0,0,0,0,1,1,Faible
710722908,Client actuel,53,M,3,Doctorat,Célibataire,$120K +,Blue,36,1,0,1694,23,0.055,0,0,0,1,1,2,Modéré
795155433,Client actuel,45,M,3,Non connu,Célibataire,$80K - $120K,Blue,38,3,1,1345,33,0.104,0,0,0,1,1,2,Modéré
715271733,Client actuel,50,F,2,Sans diplôme,Célibataire,Moins de $40K,Blue,37,3,0,814,35,0.096,0,0,0,1,1,2,Modéré
771706308,Client actuel,46,M,2,Doctorat,Célibataire,$80K - $120K,Blue,34,3,2,694,34,0.048,0,0,0,1,1,2,Modéré
713989233,Client actuel,61,M,0,Master,Marié(e),Non connu,Blue,53,2,3,1927,32,0.134,0,0,0,1,1,2,Modéré
780198258,Client actuel,46,M,4,Niveau Bac+2,Célibataire,$120K +,Blue,36,2,1,1705,39,0.219,0,0,0,1,0,1,Faible
716290233,Client actuel,43,F,3,Licence,Marié(e),$40K - $60K,Blue,33,2,3,0,35,0.0,0,0,1,1,1,3,Modéré
828298908,Client actuel,54,M,4,Licence,Marié(e),$120K +,Blue,50,2,0,2035,47,0.709,0,0,0,0,0,0,Faible
788946783,Client actuel,50,M,2,Non connu,Célibataire,$120K +,Blue,36,1,3,0,50,0.0,0,0,1,0,1,2,Modéré
720697908,Client actuel,35,M,2,Lycée (équivalent baccalauréat),Marié(e),$40K - $60K,Blue,21,3,1,1843,58,0.621,0,0,0,0,0,0,Faible
780598383,Client actuel,35,M,3,Doctorat,Célibataire,$40K - $60K,Blue,23,3,2,1545,65,0.719,0,0,0,0,0,0,Faible
715345833,Client actuel,36,F,1,Lycée (équivalent baccalauréat),Célibataire,Moins de $40K,Blue,36,3,1,2517,56,0.412,0,0,0,0,0,0,Faible
710831133,Client actuel,42,M,3,Non connu,Marié(e),$80K - $120K,Blue,36,2,2,1487,47,0.082,0,0,0,0,1,1,Faible
766706358,Client actuel,39,F,2,Non connu,Marié(e),Moins de $40K,Blue,32,3,0,1395,33,0.553,0,0,0,1,0,1,Faible
816533733,Client actuel,50,M,1,Non connu,Célibataire,$80K - $120K,Blue,45,2,2,0,44,0.0,0,0,1,1,1,3,Modéré
721433283,Client actuel,39,F,1,Lycée (équivalent baccalauréat),Célibataire,$40K - $60K,Blue,20,2,2,1117,39,0.112,0,0,0,1,1,2,Modéré
720680058,Client actuel,47,M,2,Master,Marié(e),Moins de $40K,Blue,36,1,3,1663,37,0.428,0,0,0,1,0,1,Faible
716909283,Client actuel,60,M,1,Master,Célibataire,$80K - $120K,Blue,48,1,3,0,78,0.0,0,0,1,0,1,2,Modéré
754654383,Client actuel,30,M,2,Lycée (équivalent baccalauréat),Marié(e),Moins de $40K,Blue,23,2,0,1393,35,0.465,0,0,0,1,0,1,Faible
719226333,Client actuel,44,M,4,Non connu,Célibataire,$60K - $80K,Blue,24,3,2,2211,25,0.2,0,0,0,1,0,1,Faible
779759058,Client actuel,52,M,0,Licence,Célibataire,$120K +,Blue,41,3,2,1794,40,0.53,0,0,0,1,0,1,Faible
718206783,Client actuel,45,F,4,Non connu,Célibataire,Moins de $40K,Gold,36,1,3,1648,36,0.103,0,0,0,1,1,2,Modéré
715783758,Client actuel,40,M,4,Licence,Divorcé(e),$120K +,Blue,30,3,3,1295,38,0.051,0,0,0,1,1,2,Modéré
771190083,Client actuel,36,F,3,Master,Célibataire,Moins de $40K,Blue,23,2,1,1705,69,0.707,0,0,0,0,0,0,Faible
713135883,Client actuel,65,F,0,Lycée (équivalent baccalauréat),Marié(e),Non connu,Blue,53,3,0,717,51,0.166,0,0,0,0,0,0,Faible
778799583,Client actuel,35,F,0,Non connu,Marié(e),Moins de $40K,Blue,24,1,1,2227,48,0.859,0,0,0,0,0,0,Faible
808796208,Client actuel,54,F,2,Non connu,Divorcé(e),$40K - $60K,Blue,49,3,2,2517,44,0.46,0,0,0,1,0,1,Faible
708313608,Client actuel,53,M,3,Non connu,Marié(e),$80K - $120K,Blue,43,3,0,2116,43,0.859,0,0,0,1,0,1,Faible
779330208,Client actuel,62,F,1,Niveau Bac+2,Marié(e),Moins de $40K,Blue,44,2,3,1610,45,0.677,0,0,0,1,0,1,Faible
794498733,Client actuel,40,M,2,Non connu,Célibataire,$120K +,Blue,21,4,3,1602,46,0.08,1,0,0,0,1,2,Modéré
807964908,Client actuel,41,M,4,Lycée (équivalent baccalauréat),Marié(e),$60K - $80K,Blue,36,2,2,2025,45,0.253,0,0,0,1,0,1,Faible
823845783,Client actuel,53,M,2,Non connu,Célibataire,$120K +,Blue,49,2,3,1984,37,0.586,0,0,0,1,0,1,Faible
711748983,Client actuel,30,M,1,Lycée (équivalent baccalauréat),Célibataire,$60K - $80K,Blue,17,3,2,1631,45,0.206,0,0,0,1,0,1,Faible
718064283,Client actuel,46,M,3,Sans diplôme,Divorcé(e),$60K - $80K,Blue,34,3,0,713,41,0.062,0,0,0,1,1,2,Modéré
710492733,Client actuel,29,M,0,Master,Célibataire,$40K - $60K,Blue,19,1,2,1482,42,0.109,0,0,0,1,1,2,Modéré
779016408,Client actuel,37,F,3,Sans diplôme,Marié(e),Moins de $40K,Blue,27,1,3,1791,32,0.803,0,0,0,1,0,1,Faible
717787533,Client actuel,51,F,1,Lycée (équivalent baccalauréat),Marié(e),Moins de $40K,Blue,40,1,1,2190,34,0.425,0,0,0,1,0,1,Faible
714851058,Client actuel,31,M,0,Licence,Marié(e),$40K - $60K,Blue,21,3,0,1729,42,0.801,0,0,0,1,0,1,Faible
823535133,Client actuel,45,M,2,Sans diplôme,Non connu,$80K - $120K,Blue,41,2,2,1262,34,0.054,0,0,0,1,1,2,Modéré
780095808,Client actuel,43,M,3,Non connu,Divorcé(e),$60K - $80K,Blue,30,2,1,1669,31,0.645,0,0,0,1,0,1,Faible
709207458,Client actuel,44,M,3,Licence,Marié(e),$40K - $60K,Blue,27,2,3,1603,25,0.149,0,0,0,1,1,2,Modéré
715942683,Client actuel,32,F,3,Licence,Célibataire,Moins de $40K,Blue,36,1,3,0,71,0.0,0,0,1,0,1,2,Modéré
721301733,Client actuel,53,M,1,Licence,Célibataire,$80K - $120K,Blue,38,3,2,733,45,0.033,0,0,0,1,1,2,Modéré
718083483,Client actuel,42,M,3,Sans diplôme,Non connu,Moins de $40K,Blue,35,5,0,2134,50,0.343,1,0,0,0,0,1,Faible
717548358,Client actuel,38,F,1,Niveau Bac+2,Marié(e),Moins de $40K,Blue,25,3,1,2265,57,0.878,0,0,0,0,0,0,Faible
816829608,Client actuel,44,M,2,Non connu,Célibataire,$80K - $120K,Blue,39,2,2,0,39,0.0,0,0,1,1,1,3,Modéré
713936583,Client actuel,54,M,2,Licence,Célibataire,$60K - $80K,Blue,43,3,1,1892,58,0.304,0,0,0,0,0,0,Faible
709682658,Client actuel,37,F,4,Lycée (équivalent baccalauréat),Célibataire,$40K - $60K,Blue,36,3,1,2517,23,0.814,0,0,0,1,0,1,Faible
793889508,Client actuel,48,F,2,Licence,Marié(e),$40K - $60K,Blue,42,3,3,0,37,0.0,0,0,1,1,1,3,Modéré
714648933,Client actuel,55,F,3,Licence,Marié(e),Non connu,Blue,36,2,0,1123,40,0.231,0,0,0,1,0,1,Faible
711556533,Client actuel,43,F,1,Licence,Non connu,Non connu,Blue,36,3,3,0,24,0.0,0,0,1,1,1,3,Modéré
717420333,Client actuel,37,M,1,Lycée (équivalent baccalauréat),Célibataire,$60K - $80K,Blue,26,3,2,2517,60,0.342,0,0,0,0,0,0,Faible
768921933,Client actuel,34,M,2,Lycée (équivalent baccalauréat),Célibataire,$60K - $80K,Blue,28,3,3,2420,47,0.848,0,0,0,0,0,0,Faible
714311583,Client actuel,46,F,4,Licence,Célibataire,Non connu,Blue,36,3,2,1084,43,0.064,0,0,0,1,1,2,Modéré
717707133,Client actuel,32,M,1,Non connu,Célibataire,$40K - $60K,Blue,24,2,3,2322,63,0.231,0,0,0,0,0,0,Faible
716043258,Client actuel,53,M,3,Non connu,Marié(e),$40K - $60K,Blue,41,1,2,870,41,0.545,0,0,0,1,0,1,Faible
716343408,Client actuel,46,M,3,Licence,Divorcé(e),$80K - $120K,Blue,38,2,1,1385,40,0.163,0,0,0,1,0,1,Faible
718909158,Client actuel,38,M,1,Niveau Bac+2,Marié(e),Moins de $40K,Blue,25,3,3,658,37,0.118,0,0,1,1,1,3,Modéré
719471433,Client actuel,31,F,0,Licence,Marié(e),Moins de $40K,Blue,22,3,2,2127,36,0.729,0,0,0,1,0,1,Faible
712763808,Client actuel,38,M,2,Non connu,Célibataire,$60K - $80K,Blue,36,3,3,2037,36,0.304,0,0,0,1,0,1,Faible
719788833,Client actuel,47,M,3,Lycée (équivalent baccalauréat),Marié(e),$60K - $80K,Blue,36,2,3,0,44,0.0,0,0,1,1,1,3,Modéré
715168983,Client actuel,47,F,3,Licence,Marié(e),Moins de $40K,Blue,36,2,2,0,37,0.0,0,0,1,1,1,3,Modéré
714306258,Client actuel,56,M,1,Niveau Bac+2,Célibataire,$60K - $80K,Blue,46,2,1,2242,44,0.222,0,0,0,1,0,1,Faible
713828208,Client actuel,47,M,2,Sans diplôme,Non connu,$60K - $80K,Blue,36,2,1,0,57,0.0,0,0,1,0,1,2,Modéré
710574558,Client actuel,47,M,4,Licence,Marié(e),$80K - $120K,Blue,41,3,2,1642,40,0.062,0,0,0,1,1,2,Modéré
710947683,Client actuel,64,F,0,Licence,Marié(e),Moins de $40K,Blue,51,3,1,1142,31,0.232,0,0,0,1,0,1,Faible
711113958,Client actuel,37,F,3,Non connu,Marié(e),Moins de $40K,Blue,25,2,1,674,31,0.469,0,0,1,1,0,2,Modéré
718923858,Client actuel,42,M,1,Niveau Bac+2,Célibataire,$60K - $80K,Silver,29,2,2,1204,29,0.045,0,0,0,1,1,2,Modéré
752666508,Client actuel,41,M,4,Niveau Bac+2,Marié(e),$80K - $120K,Silver,34,3,3,1347,22,0.039,0,0,0,1,1,2,Modéré
712672083,Client actuel,65,F,0,Lycée (équivalent baccalauréat),Marié(e),Moins de $40K,Blue,36,3,2,747,24,0.519,0,0,0,1,0,1,Faible
719863758,Client actuel,49,F,3,Master,Marié(e),$40K - $60K,Blue,41,2,2,758,34,0.406,0,0,0,1,0,1,Faible
720718908,Client actuel,46,M,3,Sans diplôme,Célibataire,$120K +,Blue,36,1,3,1961,41,0.073,0,0,0,1,1,2,Modéré
721250358,Client actuel,50,M,2,Non connu,Marié(e),$40K - $60K,Blue,36,1,3,1478,22,0.272,0,0,0,1,0,1,Faible
779773533,Client actuel,50,F,3,Non connu,Marié(e),Moins de $40K,Blue,34,1,3,2517,29,0.33,0,0,0,1,0,1,Faible
708249708,Client actuel,48,F,1,Doctorat,Marié(e),Moins de $40K,Blue,39,3,3,1576,48,0.325,0,0,0,0,0,0,Faible
713967783,Client actuel,62,F,0,Non connu,Marié(e),Non connu,Blue,52,1,1,1707,33,0.636,0,0,0,1,0,1,Faible
779506158,Client actuel,39,F,1,Niveau Bac+2,Marié(e),Moins de $40K,Blue,22,1,2,2257,42,0.702,0,0,0,1,0,1,Faible
759823158,Client actuel,46,M,1,Non connu,Célibataire,$60K - $80K,Blue,39,3,3,2324,49,0.432,0,0,0,0,0,0,Faible
789528183,Client actuel,39,F,2,Licence,Marié(e),Non connu,Blue,31,2,3,997,47,0.693,0,0,0,0,0,0,Faible
708895158,Client actuel,46,M,2,Non connu,Célibataire,$80K - $120K,Blue,34,3,3,2365,30,0.809,0,0,0,1,0,1,Faible
824805858,Client actuel,39,F,2,Sans diplôme,Célibataire,Moins de $40K,Blue,35,3,3,1479,49,0.16,0,0,0,0,1,1,Faible
720840108,Client actuel,44,M,0,Sans diplôme,Marié(e),Moins de $40K,Blue,24,3,0,2103,60,0.238,0,0,0,0,0,0,Faible
787595658,Client actuel,57,F,3,Non connu,Célibataire,Moins de $40K,Blue,29,1,1,1421,31,0.161,0,0,0,1,1,2,Modéré
720244983,Client actuel,40,M,3,Non connu,Célibataire,$40K - $60K,Blue,28,1,1,1707,42,0.479,0,0,0,1,0,1,Faible
713220258,Client actuel,65,F,0,Lycée (équivalent baccalauréat),Marié(e),Non connu,Blue,36,3,2,2104,29,0.259,0,0,0,1,0,1,Faible
813469458,Client actuel,26,F,1,Licence,Célibataire,$40K - $60K,Blue,20,3,3,673,48,0.468,0,0,1,0,0,1,Faible
788939358,Client actuel,47,M,2,Lycée (équivalent baccalauréat),Non connu,$60K - $80K,Blue,33,2,2,1399,40,0.569,0,0,0,1,0,1,Faible
718870158,Client actuel,47,M,4,Lycée (équivalent baccalauréat),Marié(e),$60K - $80K,Blue,34,2,3,1635,52,0.356,0,0,0,0,0,0,Faible
711809283,Client actuel,31,M,1,Non connu,Marié(e),Moins de $40K,Blue,36,3,3,1515,35,0.811,0,0,0,1,0,1,Faible
816513108,Client actuel,54,M,4,Licence,Marié(e),$60K - $80K,Blue,49,1,2,1099,63,0.209,0,0,0,0,0,0,Faible
718594608,Client actuel,43,F,2,Master,Marié(e),Non connu,Blue,36,3,3,1759,28,0.087,0,0,0,1,1,2,Modéré
823606983,Client actuel,39,M,2,Niveau Bac+2,Célibataire,$60K - $80K,Blue,35,3,2,2517,37,0.34,0,0,0,1,0,1,Faible
717028158,Client actuel,53,M,3,Licence,Marié(e),$120K +,Blue,44,2,3,2082,56,0.171,0,0,0,0,0,0,Faible
788485908,Client actuel,44,M,3,Non connu,Marié(e),$60K - $80K,Blue,37,2,3,0,34,0.0,0,0,1,1,1,3,Modéré
714472608,Client actuel,59,M,0,Niveau Bac+2,Marié(e),Moins de $40K,Blue,49,3,3,1095,27,0.258,0,0,0,1,0,1,Faible
710793783,Client actuel,53,F,3,Licence,Marié(e),Non connu,Blue,40,3,1,1978,36,0.164,0,0,0,1,0,1,Faible
794340033,Client actuel,34,F,3,Sans diplôme,Marié(e),$40K - $60K,Blue,28,1,3,1762,39,0.63,0,0,0,1,0,1,Faible
716462658,Client actuel,47,M,4,Doctorat,Marié(e),$80K - $120K,Blue,36,1,1,0,36,0.0,0,0,1,1,1,3,Modéré
718050033,Client actuel,54,M,2,Niveau Bac+2,Célibataire,$120K +,Blue,43,2,3,1719,55,0.304,0,0,0,0,0,0,Faible
714023808,Client actuel,42,F,2,Licence,Marié(e),Non connu,Blue,33,1,1,2517,36,0.183,0,0,0,1,0,1,Faible
716341833,Client actuel,53,F,3,Niveau Bac+2,Marié(e),Moins de $40K,Blue,44,2,3,1730,37,0.372,0,0,0,1,0,1,Faible
719648358,Client actuel,50,M,2,Licence,Célibataire,$80K - $120K,Blue,35,3,1,1521,36,0.605,0,0,0,1,0,1,Faible
713095533,Client actuel,44,F,4,Lycée (équivalent baccalauréat),Divorcé(e),Moins de $40K,Blue,36,3,3,1485,31,0.637,0,0,0,1,0,1,Faible
809967783,Client actuel,34,F,4,Licence,Divorcé(e),$40K - $60K,Blue,26,5,3,1539,54,0.507,1,0,0,0,0,1,Faible
715848408,Client actuel,61,M,1,Licence,Non connu,$80K - $120K,Blue,52,6,1,0,36,0.0,1,0,1,1,1,4,Élevé
714414483,Client actuel,54,F,0,Non connu,Marié(e),Moins de $40K,Blue,44,3,1,2206,35,0.749,0,0,0,1,0,1,Faible
708655983,Client actuel,49,F,3,Lycée (équivalent baccalauréat),Divorcé(e),Non connu,Blue,40,3,2,0,24,0.0,0,0,1,1,1,3,Modéré
713743158,Client actuel,47,M,1,Licence,Célibataire,$60K - $80K,Blue,36,3,2,1714,21,0.09,0,0,0,1,1,2,Modéré
721279083,Client actuel,53,M,4,Licence,Marié(e),$80K - $120K,Blue,33,3,3,1177,53,0.219,0,0,0,0,0,0,Faible
779149683,Client actuel,30,F,0,Licence,Divorcé(e),Non connu,Blue,13,1,2,1890,75,0.243,0,0,0,0,0,0,Faible
714970458,Client actuel,39,F,2,Lycée (équivalent baccalauréat),Marié(e),$40K - $60K,Blue,29,1,1,2047,33,0.223,0,0,0,1,0,1,Faible
719070108,Client actuel,44,M,2,Licence,Célibataire,$80K - $120K,Silver,35,1,3,1726,52,0.05,0,0,0,0,1,1,Faible
715490733,Client actuel,54,F,3,Sans diplôme,Célibataire,Non connu,Blue,36,1,2,1542,35,0.129,0,0,0,1,1,2,Modéré
714989583,Client actuel,46,M,2,Licence,Célibataire,$60K - $80K,Blue,36,2,3,1691,44,0.11,0,0,0,1,1,2,Modéré
820355433,Client actuel,43,M,3,Non connu,Célibataire,$40K - $60K,Blue,38,1,1,0,34,0.0,0,0,1,1,1,3,Modéré
715901508,Client actuel,35,M,1,Lycée (équivalent baccalauréat),Célibataire,$80K - $120K,Blue,25,1,2,2307,43,0.096,0,0,0,1,1,2,Modéré
710370483,Client actuel,39,F,4,Niveau Bac+2,Marié(e),Moins de $40K,Blue,31,3,3,1292,33,0.684,0,0,0,1,0,1,Faible
778573233,Client actuel,61,F,1,Licence,Marié(e),Moins de $40K,Blue,54,2,2,2091,50,0.674,0,0,0,0,0,0,Faible
708833133,Client actuel,40,F,3,Licence,Divorcé(e),Moins de $40K,Blue,29,2,2,2517,49,0.794,0,0,0,0,0,0,Faible
719885883,Client actuel,53,M,3,Niveau Bac+2,Célibataire,$120K +,Blue,36,2,0,1901,43,0.055,0,0,0,1,1,2,Modéré
712523283,Client actuel,55,M,2,Non connu,Célibataire,$120K +,Blue,41,3,2,0,31,0.0,0,0,1,1,1,3,Modéré
711309033,Client actuel,41,M,2,Non connu,Célibataire,$60K - $80K,Blue,24,2,2,2310,65,0.134,0,0,0,0,1,1,Faible
708134283,Client actuel,35,M,2,Sans diplôme,Marié(e),Moins de $40K,Blue,36,3,3,629,31,0.201,0,0,1,1,0,2,Modéré
720147633,Client actuel,61,M,1,Non connu,Célibataire,$40K - $60K,Blue,47,2,2,1631,63,0.137,0,0,0,0,1,1,Faible
766285608,Client actuel,42,M,3,Lycée (équivalent baccalauréat),Célibataire,$40K - $60K,Blue,35,3,3,1900,56,0.582,0,0,0,0,0,0,Faible
779715108,Client actuel,46,M,2,Non connu,Divorcé(e),$80K - $120K,Blue,30,3,3,1286,74,0.464,0,0,0,0,0,0,Faible
798035358,Client actuel,46,F,4,Lycée (équivalent baccalauréat),Célibataire,Moins de $40K,Blue,40,2,2,2172,41,0.611,0,0,0,1,0,1,Faible
719391783,Client actuel,46,M,4,Sans diplôme,Marié(e),$40K - $60K,Blue,35,2,2,1566,60,0.171,0,0,0,0,0,0,Faible
809342208,Client actuel,26,M,0,Licence,Célibataire,Non connu,Blue,19,1,2,0,47,0.0,0,0,1,0,1,2,Modéré
780713058,Client actuel,46,M,3,Lycée (équivalent baccalauréat),Marié(e),$60K - $80K,Blue,35,3,3,1635,69,0.111,0,0,0,0,1,1,Faible
779338683,Client actuel,62,M,1,Licence,Célibataire,$60K - $80K,Blue,44,2,2,962,49,0.065,0,0,0,0,1,1,Faible
783387783,Client actuel,55,M,2,Sans diplôme,Divorcé(e),$60K - $80K,Blue,49,5,3,1873,53,0.185,1,0,0,0,0,1,Faible
787800108,Client actuel,55,M,2,Niveau Bac+2,Célibataire,$80K - $120K,Blue,45,1,2,2431,39,0.83,0,0,0,1,0,1,Faible
721397808,Client actuel,32,M,0,Lycée (équivalent baccalauréat),Marié(e),$40K - $60K,Blue,24,2,0,1176,41,0.315,0,0,0,1,0,1,Faible
778698408,Client actuel,37,F,4,Sans diplôme,Marié(e),Moins de $40K,Blue,18,1,2,2024,34,0.691,0,0,0,1,0,1,Faible
709545333,Client actuel,33,F,4,Lycée (équivalent baccalauréat),Célibataire,Non connu,Blue,29,2,3,1496,64,0.118,0,0,0,0,1,1,Faible
716032233,Client actuel,42,M,2,Niveau Bac+2,Célibataire,$80K - $120K,Blue,32,2,2,1805,65,0.082,0,0,0,0,1,1,Faible
717835908,Client actuel,33,M,2,Master,Célibataire,$80K - $120K,Blue,22,3,3,681,48,0.473,0,0,0,0,0,0,Faible
719466558,Client actuel,60,F,0,Lycée (équivalent baccalauréat),Célibataire,Non connu,Blue,36,2,2,0,34,0.0,0,0,1,1,1,3,Modéré
713008308,Client actuel,59,F,0,Non connu,Marié(e),Moins de $40K,Blue,47,3,2,1678,42,0.218,0,0,0,1,0,1,Faible
794831733,Client actuel,45,F,5,Licence,Marié(e),Moins de $40K,Blue,39,3,2,1208,28,0.56,0,0,0,1,0,1,Faible
713854608,Client actuel,62,M,1,Sans diplôme,Célibataire,$60K - $80K,Blue,36,3,3,1669,63,0.175,0,0,0,0,0,0,Faible
715993608,Client actuel,51,M,2,Niveau Bac+2,Célibataire,$120K +,Blue,41,3,2,2517,50,0.094,0,0,0,0,1,1,Faible
789368658,Client actuel,57,M,2,Licence,Célibataire,$80K - $120K,Blue,47,2,3,1387,30,0.663,0,0,0,1,0,1,Faible
802817358,Client actuel,38,F,3,Lycée (équivalent baccalauréat),Marié(e),Non connu,Blue,32,2,1,2072,51,0.179,0,0,0,0,0,0,Faible
708098133,Client actuel,32,F,0,Licence,Marié(e),Moins de $40K,Blue,19,1,0,1418,39,0.5,0,0,0,1,0,1,Faible
801499908,Client actuel,43,F,4,Licence,Marié(e),Moins de $40K,Blue,37,3,2,2056,31,0.435,0,0,0,1,0,1,Faible
824770683,Client actuel,51,F,0,Non connu,Divorcé(e),Moins de $40K,Blue,47,4,3,1151,76,0.378,1,0,0,0,0,1,Faible
718310733,Client actuel,50,M,2,Non connu,Divorcé(e),$80K - $120K,Blue,36,3,1,0,48,0.0,0,0,1,0,1,2,Modéré
708162558,Client actuel,64,F,0,Sans diplôme,Marié(e),Non connu,Blue,54,1,2,1992,36,0.613,0,0,0,1,0,1,Faible
721129383,Client actuel,53,F,1,Doctorat,Marié(e),Moins de $40K,Blue,36,1,2,2517,42,0.805,0,0,0,1,0,1,Faible
721049658,Client actuel,53,M,3,Licence,Célibataire,$80K - $120K,Blue,34,3,0,0,62,0.0,0,0,1,0,1,2,Modéré
806392908,Client actuel,52,F,4,Lycée (équivalent baccalauréat),Célibataire,Non connu,Blue,47,2,3,2338,33,0.313,0,0,0,1,0,1,Faible
714886533,Client actuel,60,F,2,Lycée (équivalent baccalauréat),Marié(e),Moins de $40K,Blue,36,3,2,2517,34,0.727,0,0,0,1,0,1,Faible
772375533,Client actuel,30,M,1,Licence,Célibataire,$80K - $120K,Blue,19,3,2,2377,39,0.239,0,0,0,1,0,1,Faible
826775058,Client actuel,43,F,3,Sans diplôme,Marié(e),Moins de $40K,Blue,39,1,2,2517,36,0.603,0,0,0,1,0,1,Faible
711878733,Client actuel,60,M,1,Sans diplôme,Célibataire,$60K - $80K,Blue,48,1,3,2073,45,0.202,0,0,0,1,0,1,Faible
714550383,Client actuel,46,M,2,Lycée (équivalent baccalauréat),Célibataire,$40K - $60K,Blue,36,3,3,0,40,0.0,0,0,1,1,1,3,Modéré
712636308,Client actuel,65,F,2,Lycée (équivalent baccalauréat),Marié(e),$40K - $60K,Blue,45,2,2,1514,26,0.57,0,0,0,1,0,1,Faible
772139433,Client actuel,44,F,2,Niveau Bac+2,Célibataire,$40K - $60K,Blue,33,2,3,1240,61,0.27,0,0,0,0,0,0,Faible
709058808,Client actuel,56,F,2,Niveau Bac+2,Marié(e),Moins de $40K,Blue,36,1,2,1035,42,0.372,0,0,0,1,0,1,Faible
813240408,Client actuel,45,F,4,Lycée (équivalent baccalauréat),Marié(e),Non connu,Blue,39,3,2,836,25,0.034,0,0,0,1,1,2,Modéré
767753958,Client actuel,37,M,3,Licence,Non connu,$40K - $60K,Blue,31,1,2,1956,51,0.23,0,0,0,0,0,0,Faible
710111733,Client actuel,48,M,2,Lycée (équivalent baccalauréat),Célibataire,$80K - $120K,Blue,39,1,3,1996,28,0.247,0,0,0,1,0,1,Faible
761544333,Client actuel,37,F,4,Niveau Bac+2,Marié(e),$40K - $60K,Blue,30,4,3,2517,32,0.737,1,0,0,1,0,2,Modéré
788814783,Client actuel,39,M,1,Sans diplôme,Célibataire,$60K - $80K,Blue,22,3,3,845,58,0.092,0,0,0,0,1,1,Faible
715034358,Client actuel,41,M,2,Licence,Célibataire,$120K +,Blue,32,2,3,2097,35,0.147,0,0,0,1,1,2,Modéré
709624533,Client actuel,55,F,2,Lycée (équivalent baccalauréat),Marié(e),Moins de $40K,Blue,45,2,0,2517,38,0.79,0,0,0,1,0,1,Faible
709942383,Client actuel,34,M,1,Licence,Célibataire,$80K - $120K,Blue,36,3,2,782,34,0.124,0,0,0,1,1,2,Modéré
803957508,Client actuel,52,M,2,Non connu,Célibataire,$80K - $120K,Blue,47,1,3,1024,33,0.064,0,0,0,1,1,2,Modéré
713378133,Client actuel,54,F,0,Master,Célibataire,Moins de $40K,Silver,39,2,3,2288,60,0.196,0,0,0,0,0,0,Faible
709217358,Client actuel,40,M,3,Master,Célibataire,$80K - $120K,Blue,36,3,2,1832,45,0.09,0,0,0,1,1,2,Modéré
720998358,Client actuel,52,M,0,Lycée (équivalent baccalauréat),Célibataire,$120K +,Silver,41,3,1,1043,38,0.03,0,0,0,1,1,2,Modéré
721051908,Client actuel,45,M,3,Licence,Célibataire,$60K - $80K,Blue,33,1,3,0,32,0.0,0,0,1,1,1,3,Modéré
715232058,Client actuel,61,M,0,Master,Marié(e),$40K - $60K,Blue,53,1,2,1434,42,0.258,0,0,0,1,0,1,Faible
806250783,Client actuel,57,F,2,Lycée (équivalent baccalauréat),Marié(e),Moins de $40K,Blue,52,3,2,0,58,0.0,0,0,1,0,1,2,Modéré
817245183,Client actuel,51,M,2,Non connu,Non connu,$120K +,Blue,33,2,2,1014,40,0.051,0,0,0,1,1,2,Modéré
713670333,Client actuel,60,M,1,Non connu,Célibataire,Moins de $40K,Blue,52,3,2,1464,27,0.589,0,0,0,1,0,1,Faible
826477083,Client actuel,48,F,2,Niveau Bac+2,Marié(e),Moins de $40K,Blue,44,1,3,2439,34,0.534,0,0,0,1,0,1,Faible
788728608,Client actuel,34,M,0,Lycée (équivalent baccalauréat),Marié(e),$40K - $60K,Blue,13,3,2,1394,36,0.36,0,0,0,1,0,1,Faible
717190533,Client actuel,49,M,4,Lycée (équivalent baccalauréat),Marié(e),$60K - $80K,Blue,36,3,2,661,32,0.051,0,0,1,1,1,3,Modéré
716580033,Client actuel,53,M,3,Lycée (équivalent baccalauréat),Marié(e),$120K +,Blue,36,1,3,1796,59,0.085,0,0,0,0,1,1,Faible
711644508,Client actuel,34,M,2,Sans diplôme,Célibataire,$80K - $120K,Blue,36,2,0,1136,63,0.093,0,0,0,0,1,1,Faible
714334383,Client actuel,54,M,2,Licence,Célibataire,$60K - $80K,Blue,42,2,0,0,28,0.0,0,0,1,1,1,3,Modéré
720611058,Client actuel,40,M,3,Licence,Célibataire,$120K +,Blue,27,2,3,0,47,0.0,0,0,1,0,1,2,Modéré
712420833,Client actuel,49,F,5,Niveau Bac+2,Célibataire,Non connu,Blue,41,3,2,2245,57,0.14,0,0,0,0,1,1,Faible
713756508,Client actuel,46,M,3,Licence,Divorcé(e),Moins de $40K,Blue,36,1,3,997,30,0.237,0,0,0,1,0,1,Faible
735565158,Client actuel,46,M,4,Licence,Marié(e),$60K - $80K,Blue,33,2,2,1180,38,0.055,0,0,0,1,1,2,Modéré
714131058,Client actuel,30,M,0,Licence,Non connu,$60K - $80K,Blue,36,5,3,2517,33,0.136,1,0,0,1,1,3,Modéré
717180633,Client actuel,59,M,1,Master,Marié(e),$40K - $60K,Blue,36,2,2,1372,35,0.553,0,0,0,1,0,1,Faible
717295683,Client actuel,50,M,0,Doctorat,Célibataire,$80K - $120K,Blue,38,2,2,1881,35,0.544,0,0,0,1,0,1,Faible
713128833,Client actuel,49,M,2,Non connu,Non connu,$60K - $80K,Blue,36,3,2,1790,38,0.275,0,0,0,1,0,1,Faible
710070183,Client actuel,53,F,1,Lycée (équivalent baccalauréat),Célibataire,Moins de $40K,Blue,36,2,2,1772,38,0.678,0,0,0,1,0,1,Faible
789605658,Client actuel,42,F,1,Doctorat,Marié(e),$40K - $60K,Blue,35,3,2,2355,27,0.789,0,0,0,1,0,1,Faible
710045058,Client actuel,46,M,5,Lycée (équivalent baccalauréat),Marié(e),$40K - $60K,Silver,28,1,3,2158,40,0.115,0,0,0,1,1,2,Modéré
710164683,Client actuel,33,M,1,Licence,Célibataire,$60K - $80K,Blue,22,1,3,2517,36,0.88,0,0,0,1,0,1,Faible
710802258,Client actuel,46,F,2,Licence,Marié(e),Moins de $40K,Blue,38,3,0,2245,26,0.777,0,0,0,1,0,1,Faible
721036233,Client actuel,61,M,0,Lycée (équivalent baccalauréat),Célibataire,$60K - $80K,Blue,36,3,3,1567,42,0.171,0,0,0,1,0,1,Faible
710036508,Client actuel,42,M,5,Sans diplôme,Marié(e),$40K - $60K,Blue,34,3,2,1519,35,0.106,0,0,0,1,1,2,Modéré
717776808,Client actuel,47,F,4,Licence,Célibataire,Moins de $40K,Blue,39,2,3,1450,54,0.197,0,0,0,0,0,0,Faible
714906033,Client actuel,47,F,2,Licence,Célibataire,Moins de $40K,Blue,36,2,2,0,35,0.0,0,0,1,1,1,3,Modéré
714273708,Client actuel,53,F,4,Licence,Marié(e),$40K - $60K,Blue,36,2,3,2472,49,0.52,0,0,0,0,0,0,Faible
721117533,Client actuel,46,F,3,Licence,Célibataire,Moins de $40K,Blue,26,3,3,1418,45,0.653,0,0,0,1,0,1,Faible
715374558,Client actuel,26,M,0,Niveau Bac+2,Divorcé(e),Moins de $40K,Blue,36,2,3,456,74,0.11,0,0,1,0,1,2,Modéré
824807658,Client actuel,45,M,3,Licence,Marié(e),$60K - $80K,Blue,41,3,3,2477,33,0.272,0,0,0,1,0,1,Faible
714940608,Client actuel,36,M,2,Lycée (équivalent baccalauréat),Divorcé(e),$40K - $60K,Blue,36,3,2,1733,53,0.645,0,0,0,0,0,0,Faible
824782008,Client actuel,42,M,3,Lycée (équivalent baccalauréat),Non connu,$60K - $80K,Blue,38,1,2,510,26,0.05,0,0,1,1,1,3,Modéré
717561108,Client actuel,52,M,1,Licence,Célibataire,$80K - $120K,Blue,36,3,2,549,32,0.016,0,0,1,1,1,3,Modéré
717127083,Client actuel,37,M,3,Licence,Marié(e),$120K +,Blue,25,3,0,1733,58,0.115,0,0,0,0,1,1,Faible
772460508,Client actuel,53,M,1,Sans diplôme,Marié(e),$40K - $60K,Blue,43,1,2,1530,34,0.346,0,0,0,1,0,1,Faible
720484908,Client actuel,65,F,1,Master,Marié(e),$40K - $60K,Blue,52,3,3,0,27,0.0,0,0,1,1,1,3,Modéré
771237933,Client actuel,47,M,1,Sans diplôme,Non connu,$80K - $120K,Blue,34,1,3,1085,23,0.053,0,0,0,1,1,2,Modéré
794664183,Client actuel,38,M,0,Sans diplôme,Célibataire,$60K - $80K,Blue,19,1,3,2146,45,0.663,0,0,0,1,0,1,Faible
797488158,Client actuel,52,M,2,Lycée (équivalent baccalauréat),Célibataire,$60K - $80K,Blue,46,3,0,1081,36,0.076,0,0,0,1,1,2,Modéré
708543258,Client actuel,36,M,3,Lycée (équivalent baccalauréat),Marié(e),$80K - $120K,Blue,36,3,2,1880,39,0.721,0,0,0,1,0,1,Faible
778706508,Client actuel,43,M,4,Niveau Bac+2,Marié(e),$60K - $80K,Blue,24,5,4,0,30,0.0,1,1,1,1,1,5,Élevé
713650683,Client actuel,65,F,0,Licence,Marié(e),Moins de $40K,Blue,56,1,4,2266,37,0.732,0,1,0,1,0,2,Modéré
714244383,Client actuel,39,M,3,Niveau Bac+2,Non connu,$80K - $120K,Blue,36,2,3,1692,30,0.051,0,0,0,1,1,2,Modéré
718797558,Client actuel,39,F,1,Licence,Marié(e),Non connu,Blue,30,2,3,1357,46,0.465,0,0,0,0,0,0,Faible
712821333,Client actuel,60,M,0,Sans diplôme,Célibataire,$60K - $80K,Blue,47,3,3,2517,50,0.266,0,0,0,0,0,0,Faible
721120008,Client actuel,43,F,2,Sans diplôme,Célibataire,$40K - $60K,Blue,29,3,2,1377,29,0.637,0,0,0,1,0,1,Faible
709633533,Client actuel,31,M,2,Sans diplôme,Marié(e),Moins de $40K,Blue,18,2,4,0,50,0.0,0,1,1,0,1,3,Modéré
710789058,Client actuel,55,M,1,Licence,Célibataire,$120K +,Blue,42,2,3,1478,41,0.043,0,0,0,1,1,2,Modéré
716174433,Client actuel,65,F,1,Niveau Bac+2,Marié(e),Moins de $40K,Blue,54,3,3,1134,54,0.393,0,0,0,0,0,0,Faible
789886533,Client actuel,54,F,1,Lycée (équivalent baccalauréat),Marié(e),Moins de $40K,Blue,44,3,3,1746,21,0.442,0,0,0,1,0,1,Faible
715210308,Client actuel,40,F,1,Lycée (équivalent baccalauréat),Marié(e),Non connu,Blue,31,3,4,1212,32,0.076,0,1,0,1,1,3,Modéré
721038408,Client actuel,38,F,2,Lycée (équivalent baccalauréat),Marié(e),Moins de $40K,Blue,27,1,2,0,43,0.0,0,0,1,1,1,3,Modéré
713325108,Client actuel,36,M,2,Master,Célibataire,$60K - $80K,Blue,29,3,3,2517,40,0.326,0,0,0,1,0,1,Faible
720352533,Client actuel,43,M,3,Lycée (équivalent baccalauréat),Non connu,$60K - $80K,Blue,36,3,3,1425,38,0.068,0,0,0,1,1,2,Modéré
708431433,Client actuel,41,M,3,Licence,Marié(e),$120K +,Blue,31,3,2,1420,32,0.12,0,0,0,1,1,2,Modéré
716996583,Client actuel,50,M,3,Lycée (équivalent baccalauréat),Divorcé(e),$120K +,Blue,37,1,2,1792,35,0.583,0,0,0,1,0,1,Faible
718699683,Client actuel,48,M,3,Niveau Bac+2,Marié(e),$80K - $120K,Silver,36,2,2,0,54,0.0,0,0,1,0,1,2,Modéré
771359958,Client actuel,39,M,4,Non connu,Célibataire,$120K +,Silver,26,2,2,2517,42,0.073,0,0,0,1,1,2,Modéré
716604633,Client actuel,55,F,2,Master,Marié(e),$40K - $60K,Blue,46,2,2,2025,53,0.301,0,0,0,0,0,0,Faible
813952233,Client actuel,44,M,3,Licence,Non connu,Moins de $40K,Blue,39,2,4,2134,46,0.717,0,1,0,0,0,1,Faible
709979583,Client actuel,54,M,3,Licence,Marié(e),$120K +,Blue,46,1,3,854,54,0.025,0,0,0,0,1,1,Faible
709380333,Client actuel,57,M,1,Sans diplôme,Célibataire,$120K +,Blue,36,2,3,1735,45,0.071,0,0,0,1,1,2,Modéré
778574283,Client actuel,53,F,1,Sans diplôme,Marié(e),$40K - $60K,Blue,46,2,3,0,64,0.0,0,0,1,0,1,2,Modéré
789875883,Client actuel,41,F,4,Sans diplôme,Célibataire,Moins de $40K,Blue,31,1,2,627,45,0.252,0,0,1,1,0,2,Modéré
714661233,Client actuel,39,M,1,Licence,Célibataire,$120K +,Blue,24,2,4,2517,52,0.25,0,1,0,0,0,1,Faible
813915933,Client actuel,45,M,2,Licence,Divorcé(e),$40K - $60K,Blue,40,3,2,954,35,0.422,0,0,0,1,0,1,Faible
708358683,Client actuel,46,M,2,Licence,Célibataire,$80K - $120K,Silver,35,3,2,1236,40,0.036,0,0,0,1,1,2,Modéré
824761458,Client actuel,54,M,2,Lycée (équivalent baccalauréat),Célibataire,$80K - $120K,Blue,50,2,3,1936,62,0.203,0,0,0,0,0,0,Faible
715362183,Client actuel,40,F,4,Licence,Marié(e),Non connu,Blue,36,1,2,1043,38,0.281,0,0,0,1,0,1,Faible
721194858,Client actuel,48,M,4,Licence,Non connu,$80K - $120K,Blue,40,2,2,2472,60,0.557,0,0,0,0,0,0,Faible
716198358,Client actuel,33,F,4,Master,Marié(e),$40K - $60K,Blue,36,2,3,1887,55,0.796,0,0,0,0,0,0,Faible
714173808,Client actuel,44,F,4,Licence,Célibataire,Moins de $40K,Blue,34,1,2,1249,34,0.296,0,0,0,1,0,1,Faible
709465758,Client actuel,62,F,1,Master,Marié(e),Moins de $40K,Blue,53,1,3,0,31,0.0,0,0,1,1,1,3,Modéré
714081558,Client actuel,33,F,0,Licence,Marié(e),Non connu,Blue,36,2,4,1599,31,0.612,0,1,0,1,0,2,Modéré
717364458,Client actuel,36,F,3,Lycée (équivalent baccalauréat),Marié(e),Moins de $40K,Blue,26,1,4,1445,33,0.334,0,1,0,1,0,2,Modéré
778755858,Client actuel,46,M,3,Licence,Non connu,$80K - $120K,Blue,27,1,3,1725,55,0.471,0,0,0,0,0,0,Faible
810220833,Client actuel,42,M,4,Licence,Non connu,$40K - $60K,Silver,37,6,2,2086,43,0.131,1,0,0,1,1,3,Modéré
708267858,Client actuel,65,F,0,Lycée (équivalent baccalauréat),Marié(e),$40K - $60K,Blue,36,2,3,2145,52,0.352,0,0,0,0,0,0,Faible
715588908,Client actuel,42,F,4,Licence,Célibataire,Moins de $40K,Blue,32,2,3,0,66,0.0,0,0,1,0,1,2,Modéré
772674933,Client actuel,51,M,1,Sans diplôme,Célibataire,$80K - $120K,Blue,41,3,3,808,50,0.143,0,0,0,0,1,1,Faible
720148983,Client actuel,54,F,1,Sans diplôme,Marié(e),Moins de $40K,Blue,40,2,4,1144,47,0.525,0,1,0,0,0,1,Faible
720650208,Client actuel,40,F,3,Niveau Bac+2,Non connu,$40K - $60K,Blue,22,3,3,2005,26,0.159,0,0,0,1,1,2,Modéré
769732233,Client actuel,40,M,5,Licence,Marié(e),$80K - $120K,Blue,34,2,4,1651,29,0.138,0,1,0,1,1,3,Modéré
713030958,Client actuel,57,F,2,Niveau Bac+2,Marié(e),Moins de $40K,Blue,44,3,2,0,54,0.0,0,0,1,0,1,2,Modéré
711320508,Client actuel,57,M,4,Licence,Marié(e),$80K - $120K,Blue,49,2,4,1410,34,0.464,0,1,0,1,0,2,Modéré
795795408,Client actuel,53,M,2,Sans diplôme,Marié(e),$40K - $60K,Blue,47,1,3,1423,47,0.255,0,0,0,0,0,0,Faible
717904383,Client actuel,40,M,2,Licence,Célibataire,$80K - $120K,Blue,31,1,2,2052,44,0.11,0,0,0,1,1,2,Modéré
714115533,Client actuel,28,M,0,Licence,Marié(e),Moins de $40K,Blue,18,1,3,1789,55,0.608,0,0,0,0,0,0,Faible
712475733,Client actuel,38,F,3,Lycée (équivalent baccalauréat),Marié(e),Moins de $40K,Blue,28,2,3,1888,39,0.775,0,0,0,1,0,1,Faible
718996758,Client actuel,37,F,2,Licence,Marié(e),Moins de $40K,Blue,30,2,2,1392,36,0.67,0,0,0,1,0,1,Faible
713049933,Client actuel,65,F,1,Lycée (équivalent baccalauréat),Marié(e),Non connu,Blue,36,2,2,0,44,0.0,0,0,1,1,1,3,Modéré
718301508,Client actuel,41,M,2,Lycée (équivalent baccalauréat),Célibataire,$60K - $80K,Blue,30,3,2,1765,43,0.187,0,0,0,1,0,1,Faible
714831033,Client actuel,54,M,5,Licence,Marié(e),$80K - $120K,Blue,47,1,3,1728,27,0.285,0,0,0,1,0,1,Faible
710653158,Client actuel,39,F,4,Licence,Marié(e),Non connu,Blue,21,1,4,1613,40,0.321,0,1,0,1,0,2,Modéré
721265883,Client actuel,26,M,1,Licence,Célibataire,Moins de $40K,Blue,13,3,2,1514,44,0.696,0,0,0,1,0,1,Faible
715049583,Client actuel,60,M,1,Non connu,Célibataire,$60K - $80K,Blue,54,3,3,2341,31,0.689,0,0,0,1,0,1,Faible
715394883,Client actuel,35,F,2,Lycée (équivalent baccalauréat),Marié(e),Non connu,Blue,36,2,4,1151,47,0.266,0,1,0,0,0,1,Faible
773448558,Client actuel,46,M,3,Licence,Divorcé(e),$80K - $120K,Blue,40,3,3,2292,34,0.624,0,0,0,1,0,1,Faible
717249783,Client actuel,47,M,4,Non connu,Non connu,$60K - $80K,Blue,39,2,2,740,67,0.408,0,0,0,0,0,0,Faible
708344358,Client actuel,53,F,3,Lycée (équivalent baccalauréat),Marié(e),Non connu,Blue,45,1,3,1354,31,0.543,0,0,0,1,0,1,Faible
712003083,Client actuel,55,M,1,Licence,Célibataire,$80K - $120K,Blue,36,2,4,2102,33,0.061,0,1,0,1,1,3,Modéré
754282908,Client actuel,50,F,1,Master,Marié(e),Moins de $40K,Blue,43,1,3,844,59,0.251,0,0,0,0,0,0,Faible
719412258,Client actuel,39,F,3,Licence,Célibataire,Moins de $40K,Blue,30,3,4,815,48,0.157,0,1,0,0,1,2,Modéré
788675658,Client actuel,39,F,2,Non connu,Célibataire,Moins de $40K,Blue,29,2,4,845,37,0.439,0,1,0,1,0,2,Modéré
717683583,Client actuel,39,M,3,Lycée (équivalent baccalauréat),Célibataire,$60K - $80K,Blue,36,2,3,1691,27,0.244,0,0,0,1,0,1,Faible
820584408,Client actuel,49,F,3,Licence,Célibataire,Moins de $40K,Blue,44,3,2,1507,38,0.345,0,0,0,1,0,1,Faible
719392833,Client actuel,45,F,3,Licence,Marié(e),Moins de $40K,Blue,38,3,2,1613,34,0.672,0,0,0,1,0,1,Faible
718595583,Client actuel,55,M,3,Licence,Marié(e),$80K - $120K,Blue,36,2,3,1733,54,0.067,0,0,0,0,1,1,Faible
778508883,Client actuel,44,M,5,Licence,Marié(e),$120K +,Blue,24,1,4,1926,33,0.162,0,1,0,1,0,2,Modéré
715511658,Client actuel,49,F,5,Master,Non connu,$40K - $60K,Blue,39,1,4,0,27,0.0,0,1,1,1,1,4,Élevé
711999783,Client actuel,41,M,3,Sans diplôme,Célibataire,$80K - $120K,Blue,31,2,2,1348,23,0.284,0,0,0,1,0,1,Faible
753856008,Client actuel,49,F,2,Non connu,Non connu,$40K - $60K,Blue,42,1,4,1495,64,0.302,0,1,0,0,0,1,Faible
789920883,Client actuel,45,F,3,Licence,Célibataire,Non connu,Blue,36,3,4,2517,58,0.225,0,1,0,0,0,1,Faible
788677533,Client actuel,44,M,4,Non connu,Marié(e),$120K +,Blue,31,3,4,1197,43,0.035,0,1,0,1,1,3,Modéré
716284308,Client actuel,65,M,2,Licence,Marié(e),Non connu,Blue,55,2,2,2175,34,0.357,0,0,0,1,0,1,Faible
715482483,Client actuel,26,M,0,Lycée (équivalent baccalauréat),Célibataire,Non connu,Blue,36,2,3,1421,59,0.446,0,0,0,0,0,0,Faible
720848733,Client actuel,38,M,1,Lycée (équivalent baccalauréat),Célibataire,$80K - $120K,Blue,24,3,2,1230,33,0.092,0,0,0,1,1,2,Modéré
708480333,Client actuel,65,M,0,Non connu,Célibataire,$40K - $60K,Blue,36,2,3,932,57,0.431,0,0,0,0,0,0,Faible
826723308,Client actuel,58,M,3,Niveau Bac+2,Marié(e),$120K +,Blue,54,1,4,2088,21,0.605,0,1,0,1,0,2,Modéré
801369258,Client actuel,47,F,5,Master,Marié(e),$40K - $60K,Blue,41,2,2,777,59,0.174,0,0,0,0,0,0,Faible
709584483,Client actuel,33,F,3,Licence,Marié(e),Moins de $40K,Blue,25,1,4,2517,44,0.831,0,1,0,1,0,2,Modéré
715708308,Client actuel,54,F,3,Doctorat,Marié(e),$40K - $60K,Blue,39,1,3,1594,29,0.755,0,0,0,1,0,1,Faible
779707308,Client actuel,35,F,1,Licence,Marié(e),Moins de $40K,Blue,18,1,2,1619,53,0.214,0,0,0,0,0,0,Faible
711688158,Client actuel,47,M,5,Licence,Célibataire,$120K +,Blue,27,3,4,2306,49,0.196,0,1,0,0,0,1,Faible
711848658,Client actuel,35,M,3,Niveau Bac+2,Marié(e),$60K - $80K,Blue,17,3,2,1776,31,0.786,0,0,0,1,0,1,Faible
715855083,Client actuel,48,M,4,Lycée (équivalent baccalauréat),Marié(e),$80K - $120K,Blue,36,2,4,507,67,0.026,0,1,1,0,1,3,Modéré
778971408,Client actuel,36,M,4,Doctorat,Marié(e),$60K - $80K,Blue,17,2,4,1848,64,0.659,0,1,0,0,0,1,Faible
711648708,Client actuel,44,M,3,Licence,Célibataire,$80K - $120K,Blue,36,3,2,756,84,0.029,0,0,0,0,1,1,Faible
713149683,Client actuel,44,F,3,Niveau Bac+2,Célibataire,Moins de $40K,Blue,24,1,4,1668,31,0.179,0,1,0,1,0,2,Modéré
771903033,Client actuel,36,F,1,Licence,Marié(e),Moins de $40K,Blue,25,1,2,1247,40,0.416,0,0,0,1,0,1,Faible
737925558,Client actuel,64,M,0,Doctorat,Marié(e),$40K - $60K,Blue,56,2,2,1893,42,0.447,0,0,0,1,0,1,Faible
803347908,Client actuel,34,F,1,Licence,Célibataire,Moins de $40K,Gold,28,3,2,0,65,0.0,0,0,1,0,1,2,Modéré
817285758,Client actuel,49,M,4,Licence,Marié(e),$80K - $120K,Blue,33,5,3,0,56,0.0,1,0,1,0,1,3,Modéré
711480108,Client actuel,37,M,4,Lycée (équivalent baccalauréat),Marié(e),$60K - $80K,Blue,24,1,4,2145,43,0.402,0,1,0,1,0,2,Modéré
709662708,Client actuel,65,M,1,Lycée (équivalent baccalauréat),Marié(e),$40K - $60K,Blue,53,3,3,1604,61,0.458,0,0,0,0,0,0,Faible
709224858,Client actuel,53,M,2,Master,Célibataire,$80K - $120K,Blue,36,1,2,1629,40,0.451,0,0,0,1,0,1,Faible
821771508,Client actuel,32,M,0,Lycée (équivalent baccalauréat),Marié(e),$40K - $60K,Blue,28,1,2,2055,36,0.648,0,0,0,1,0,1,Faible
712216533,Client actuel,44,M,5,Non connu,Marié(e),$80K - $120K,Blue,34,2,3,763,43,0.093,0,0,0,1,1,2,Modéré
710522433,Client actuel,65,M,0,Licence,Marié(e),Moins de $40K,Blue,46,2,2,1499,53,0.62,0,0,0,0,0,0,Faible
779046408,Client actuel,60,M,0,Licence,Marié(e),$40K - $60K,Blue,41,2,4,1880,30,0.765,0,1,0,1,0,2,Modéré
708595158,Client actuel,27,F,0,Licence,Célibataire,Moins de $40K,Blue,36,1,2,1598,43,0.953,0,0,0,1,0,1,Faible
757266933,Client actuel,52,M,2,Master,Célibataire,$60K - $80K,Blue,45,1,4,929,46,0.079,0,1,0,0,1,2,Modéré
816776283,Client actuel,42,M,4,Lycée (équivalent baccalauréat),Non connu,$80K - $120K,Gold,37,1,2,1797,30,0.052,0,0,0,1,1,2,Modéré
719904333,Client actuel,29,M,0,Licence,Marié(e),$40K - $60K,Blue,36,3,4,590,52,0.404,0,1,1,0,0,2,Modéré
718264233,Client actuel,29,M,0,Lycée (équivalent baccalauréat),Marié(e),$40K - $60K,Blue,13,1,4,671,56,0.46,0,1,1,0,0,2,Modéré
784798683,Client actuel,38,M,2,Lycée (équivalent baccalauréat),Marié(e),$40K - $60K,Blue,32,2,2,0,39,0.0,0,0,1,1,1,3,Modéré
780025908,Client actuel,40,F,2,Master,Marié(e),Moins de $40K,Silver,30,2,2,1932,31,0.178,0,0,0,1,0,1,Faible
713610033,Client actuel,47,M,3,Master,Célibataire,$60K - $80K,Blue,36,3,3,1996,40,0.394,0,0,0,1,0,1,Faible
709364433,Client actuel,36,F,3,Lycée (équivalent baccalauréat),Marié(e),Non connu,Blue,30,2,2,2173,34,0.639,0,0,0,1,0,1,Faible
713086908,Client actuel,26,M,0,Lycée (équivalent baccalauréat),Célibataire,$40K - $60K,Blue,36,2,2,1670,51,0.755,0,0,0,0,0,0,Faible
709793133,Client actuel,43,F,2,Non connu,Célibataire,$40K - $60K,Blue,36,1,4,2470,37,0.775,0,1,0,1,0,2,Modéré
710032608,Client actuel,52,F,1,Licence,Célibataire,Moins de $40K,Blue,32,1,3,2320,46,0.391,0,0,0,0,0,0,Faible
779351208,Client actuel,49,M,2,Non connu,Célibataire,$60K - $80K,Blue,34,1,4,0,56,0.0,0,1,1,0,1,3,Modéré
719776608,Client actuel,50,M,2,Licence,Célibataire,$80K - $120K,Blue,37,1,3,0,41,0.0,0,0,1,1,1,3,Modéré
709220583,Client actuel,34,M,3,Licence,Divorcé(e),$80K - $120K,Blue,21,4,2,0,56,0.0,1,0,1,0,1,3,Modéré
719555733,Client actuel,53,F,2,Sans diplôme,Marié(e),Non connu,Blue,36,3,3,1592,42,0.736,0,0,0,1,0,1,Faible
740852733,Client actuel,49,M,3,Lycée (équivalent baccalauréat),Marié(e),$80K - $120K,Blue,42,1,2,1805,49,0.178,0,0,0,0,0,0,Faible
709528308,Client actuel,53,M,4,Lycée (équivalent baccalauréat),Marié(e),$80K - $120K,Blue,46,2,3,1170,57,0.077,0,0,0,0,1,1,Faible
715127208,Client actuel,48,M,3,Doctorat,Divorcé(e),$120K +,Blue,36,3,2,2517,48,0.073,0,0,0,0,1,1,Faible
817144458,Client actuel,32,F,2,Licence,Célibataire,Moins de $40K,Blue,17,1,2,1228,67,0.854,0,0,0,0,0,0,Faible
710628783,Client actuel,38,M,4,Lycée (équivalent baccalauréat),Marié(e),$80K - $120K,Gold,36,1,3,1140,45,0.033,0,0,0,1,1,2,Modéré
772145658,Client actuel,43,M,4,Sans diplôme,Marié(e),$80K - $120K,Blue,32,1,3,2036,28,0.127,0,0,0,1,1,2,Modéré
789198708,Client actuel,58,M,3,Licence,Marié(e),$120K +,Blue,47,1,2,0,24,0.0,0,0,1,1,1,3,Modéré
720953658,Client actuel,59,F,0,Licence,Marié(e),Moins de $40K,Blue,36,3,4,914,53,0.161,0,1,0,0,1,2,Modéré
771330558,Client actuel,51,M,4,Lycée (équivalent baccalauréat),Marié(e),$60K - $80K,Blue,38,2,3,1824,31,0.174,0,0,0,1,0,1,Faible
712207683,Client actuel,38,M,0,Non connu,Divorcé(e),Moins de $40K,Blue,36,3,2,684,37,0.133,0,0,0,1,1,2,Modéré
788826408,Client actuel,33,M,1,Sans diplôme,Célibataire,$120K +,Blue,16,1,3,1352,58,0.126,0,0,0,0,1,1,Faible
790128033,Client actuel,54,M,3,Lycée (équivalent baccalauréat),Célibataire,$80K - $120K,Blue,47,1,2,1348,36,0.082,0,0,0,1,1,2,Modéré
718082208,Client actuel,37,F,1,Licence,Marié(e),$40K - $60K,Blue,30,3,4,2351,50,0.363,0,1,0,0,0,1,Faible
712037358,Client actuel,30,M,0,Non connu,Marié(e),$60K - $80K,Blue,23,3,2,1773,45,0.345,0,0,0,1,0,1,Faible
711711483,Client actuel,61,M,0,Lycée (équivalent baccalauréat),Célibataire,$80K - $120K,Blue,50,1,3,2448,40,0.874,0,0,0,1,0,1,Faible
718861458,Client actuel,49,M,5,Non connu,Célibataire,$60K - $80K,Blue,36,1,2,1532,37,0.297,0,0,0,1,0,1,Faible
709426608,Client actuel,56,M,1,Doctorat,Marié(e),$60K - $80K,Blue,46,2,4,1816,45,0.346,0,1,0,1,0,2,Modéré
811457058,Client actuel,51,F,3,Master,Marié(e),Moins de $40K,Blue,46,3,2,2005,56,0.341,0,0,0,0,0,0,Faible
773073558,Client actuel,44,F,3,Licence,Divorcé(e),Moins de $40K,Blue,36,3,3,896,54,0.611,0,0,0,0,0,0,Faible
715937133,Client actuel,64,F,1,Sans diplôme,Marié(e),$40K - $60K,Blue,52,2,2,2299,48,0.46,0,0,0,0,0,0,Faible
713480583,Client actuel,46,F,3,Lycée (équivalent baccalauréat),Marié(e),Non connu,Blue,36,2,2,0,47,0.0,0,0,1,0,1,2,Modéré
716383683,Client actuel,39,F,2,Master,Non connu,Moins de $40K,Blue,36,3,4,0,28,0.0,0,1,1,1,1,4,Élevé
713693958,Client actuel,38,F,1,Sans diplôme,Célibataire,Moins de $40K,Blue,27,3,4,0,29,0.0,0,1,1,1,1,4,Élevé
715443708,Client actuel,53,M,1,Sans diplôme,Célibataire,$120K +,Blue,45,1,3,1286,31,0.138,0,0,0,1,1,2,Modéré
770769483,Client actuel,35,M,2,Master,Marié(e),$40K - $60K,Blue,21,1,3,775,33,0.344,0,0,0,1,0,1,Faible
789326808,Client actuel,26,M,0,Niveau Bac+2,Célibataire,$60K - $80K,Blue,15,1,2,1720,37,0.208,0,0,0,1,0,1,Faible
712105533,Client actuel,32,M,2,Lycée (équivalent baccalauréat),Célibataire,$40K - $60K,Blue,20,3,4,1638,56,0.733,0,1,0,0,0,1,Faible
720674133,Client actuel,36,M,1,Sans diplôme,Marié(e),$40K - $60K,Blue,16,3,2,2027,48,0.543,0,0,0,0,0,0,Faible
717322833,Client actuel,55,M,2,Non connu,Célibataire,$80K - $120K,Blue,36,2,2,1988,30,0.187,0,0,0,1,0,1,Faible
710279508,Client actuel,52,M,2,Licence,Célibataire,$80K - $120K,Blue,42,3,2,1006,35,0.046,0,0,0,1,1,2,Modéré
712168833,Client actuel,52,F,1,Lycée (équivalent baccalauréat),Marié(e),Moins de $40K,Blue,36,3,3,1469,37,0.689,0,0,0,1,0,1,Faible
780581508,Client actuel,58,F,1,Doctorat,Célibataire,$40K - $60K,Silver,47,2,4,1590,37,0.095,0,1,0,1,1,3,Modéré
711957708,Client actuel,38,F,2,Licence,Marié(e),Moins de $40K,Blue,36,3,4,1591,33,0.586,0,1,0,1,0,2,Modéré
778782858,Client actuel,60,M,1,Licence,Célibataire,Moins de $40K,Blue,48,3,3,930,82,0.234,0,0,0,0,0,0,Faible
709366458,Client actuel,43,F,3,Niveau Bac+2,Marié(e),Moins de $40K,Blue,36,2,4,1394,41,0.626,0,1,0,1,0,2,Modéré
796990908,Client actuel,35,M,3,Master,Célibataire,$80K - $120K,Silver,29,3,2,1872,61,0.054,0,0,0,0,1,1,Faible
715702758,Client actuel,38,F,4,Licence,Marié(e),Moins de $40K,Blue,36,3,3,0,29,0.0,0,0,1,1,1,3,Modéré
788974608,Client actuel,48,M,3,Licence,Non connu,$60K - $80K,Blue,35,1,3,2342,41,0.828,0,0,0,1,0,1,Faible
714790008,Client actuel,38,F,1,Non connu,Célibataire,Moins de $40K,Blue,36,2,3,0,57,0.0,0,0,1,0,1,2,Modéré
787438983,Client actuel,43,M,3,Niveau Bac+2,Célibataire,$40K - $60K,Blue,23,2,2,1664,37,0.365,0,0,0,1,0,1,Faible
713834358,Client actuel,36,F,2,Master,Marié(e),Moins de $40K,Blue,25,3,4,1492,32,0.317,0,1,0,1,0,2,Modéré
710084883,Client actuel,34,M,2,Niveau Bac+2,Célibataire,$80K - $120K,Blue,22,2,4,0,57,0.0,0,1,1,0,1,3,Modéré
710736558,Client actuel,39,F,2,Non connu,Marié(e),Non connu,Blue,36,3,4,1474,41,0.182,0,1,0,1,0,2,Modéré
788915283,Client actuel,43,F,2,Niveau Bac+2,Célibataire,Moins de $40K,Blue,29,1,2,1589,36,0.69,0,0,0,1,0,1,Faible
714916758,Client actuel,48,F,2,Sans diplôme,Marié(e),$40K - $60K,Blue,36,3,2,0,45,0.0,0,0,1,1,1,3,Modéré
789611283,Client actuel,44,M,4,Licence,Marié(e),$40K - $60K,Blue,38,2,3,2091,30,0.384,0,0,0,1,0,1,Faible
773288958,Client actuel,38,M,1,Licence,Célibataire,$60K - $80K,Blue,31,3,3,1473,30,0.197,0,0,0,1,0,1,Faible
811721133,Client actuel,62,M,1,Lycée (équivalent baccalauréat),Marié(e),$40K - $60K,Blue,56,3,3,1242,50,0.526,0,0,0,0,0,0,Faible
813961233,Client actuel,30,M,0,Non connu,Célibataire,$80K - $120K,Blue,25,2,2,1676,88,0.396,0,0,0,0,0,0,Faible
783020958,Client actuel,39,M,3,Non connu,Marié(e),$80K - $120K,Blue,33,6,4,794,46,0.043,1,1,0,0,1,3,Modéré
715764483,Client actuel,53,F,3,Lycée (équivalent baccalauréat),Non connu,Moins de $40K,Blue,37,2,4,974,33,0.135,0,1,0,1,1,3,Modéré
798110358,Client actuel,64,F,1,Lycée (équivalent baccalauréat),Marié(e),$40K - $60K,Blue,56,2,4,0,35,0.0,0,1,1,1,1,4,Élevé
715745508,Client actuel,51,F,4,Licence,Célibataire,Non connu,Blue,34,1,2,1279,45,0.114,0,0,0,1,1,2,Modéré
714350658,Client actuel,32,M,1,Licence,Célibataire,Non connu,Blue,26,3,4,1880,55,0.1,0,1,0,0,1,2,Modéré
826478958,Client actuel,52,M,1,Niveau Bac+2,Célibataire,$80K - $120K,Blue,48,3,3,1601,41,0.775,0,0,0,1,0,1,Faible
719127558,Client actuel,43,M,2,Lycée (équivalent baccalauréat),Divorcé(e),$80K - $120K,Blue,31,2,4,1075,65,0.031,0,1,0,0,1,2,Modéré
712454958,Client actuel,40,M,5,Licence,Célibataire,$60K - $80K,Blue,27,1,2,1416,38,0.516,0,0,0,1,0,1,Faible
718561458,Client actuel,54,M,1,Lycée (équivalent baccalauréat),Célibataire,$60K - $80K,Blue,36,1,4,1225,26,0.061,0,1,0,1,1,3,Modéré
822984108,Client actuel,34,F,4,Lycée (équivalent baccalauréat),Célibataire,Moins de $40K,Blue,30,1,3,2279,69,0.748,0,0,0,0,0,0,Faible
719469333,Client actuel,33,F,1,Lycée (équivalent baccalauréat),Célibataire,Moins de $40K,Blue,25,3,4,695,69,0.112,0,1,0,0,1,2,Modéré
720871383,Client actuel,36,M,2,Licence,Célibataire,$80K - $120K,Blue,28,3,3,1996,49,0.354,0,0,0,0,0,0,Faible
788827308,Client actuel,65,M,1,Licence,Marié(e),Moins de $40K,Blue,50,2,4,1574,38,0.349,0,1,0,1,0,2,Modéré
710180958,Client actuel,43,M,3,Lycée (équivalent baccalauréat),Célibataire,$40K - $60K,Blue,33,2,3,2517,31,0.828,0,0,0,1,0,1,Faible
778346283,Client actuel,53,M,0,Licence,Célibataire,$120K +,Blue,33,3,3,1905,57,0.091,0,0,0,0,1,1,Faible
787547208,Client actuel,48,F,3,Niveau Bac+2,Célibataire,Moins de $40K,Blue,38,3,4,1710,62,0.233,0,1,0,0,0,1,Faible
789344358,Client actuel,57,F,1,Non connu,Marié(e),Moins de $40K,Blue,47,1,3,2468,42,0.722,0,0,0,1,0,1,Faible
767653233,Client actuel,48,M,3,Licence,Marié(e),$60K - $80K,Blue,42,1,3,930,59,0.153,0,0,0,0,1,1,Faible
719461008,Client actuel,51,M,2,Lycée (équivalent baccalauréat),Célibataire,$60K - $80K,Blue,38,3,2,1748,28,0.078,0,0,0,1,1,2,Modéré
789731433,Client actuel,26,F,0,Non connu,Célibataire,Moins de $40K,Blue,13,2,4,1390,42,0.674,0,1,0,1,0,2,Modéré
775198608,Client actuel,38,F,2,Licence,Marié(e),Moins de $40K,Blue,32,3,3,0,40,0.0,0,0,1,1,1,3,Modéré
717567333,Client actuel,35,M,3,Licence,Marié(e),$60K - $80K,Blue,26,3,2,1982,35,0.497,0,0,0,1,0,1,Faible
772794108,Client actuel,46,F,3,Doctorat,Célibataire,Moins de $40K,Blue,36,1,4,651,65,0.296,0,1,1,0,0,2,Modéré
712072908,Client actuel,48,M,4,Niveau Bac+2,Marié(e),$80K - $120K,Blue,36,3,2,736,40,0.258,0,0,0,1,0,1,Faible
709328733,Client actuel,49,F,2,Sans diplôme,Marié(e),Moins de $40K,Blue,37,3,3,2459,24,0.253,0,0,0,1,0,1,Faible
788107683,Client actuel,35,M,4,Lycée (équivalent baccalauréat),Marié(e),$40K - $60K,Blue,27,2,3,1318,43,0.248,0,0,0,1,0,1,Faible
713757633,Client actuel,65,F,0,Non connu,Marié(e),$40K - $60K,Blue,56,2,4,1303,42,0.175,0,1,0,1,0,2,Modéré
713279808,Client actuel,53,M,2,Non connu,Célibataire,$60K - $80K,Blue,36,3,3,1310,30,0.233,0,0,0,1,0,1,Faible
712440483,Client actuel,54,F,2,Sans diplôme,Marié(e),Moins de $40K,Blue,44,1,3,1836,43,0.339,0,0,0,1,0,1,Faible
715078383,Client actuel,64,F,0,Licence,Marié(e),Non connu,Blue,36,1,3,1010,47,0.132,0,0,0,0,1,1,Faible
709214358,Client actuel,39,F,3,Licence,Divorcé(e),Non connu,Blue,30,3,2,1422,24,0.588,0,0,0,1,0,1,Faible
778399008,Client actuel,50,M,0,Lycée (équivalent baccalauréat),Célibataire,$80K - $120K,Blue,30,4,2,0,45,0.0,1,0,1,1,1,4,Élevé
811534983,Client actuel,54,F,3,Licence,Marié(e),Moins de $40K,Blue,49,2,4,1069,47,0.526,0,1,0,0,0,1,Faible
719728383,Client actuel,38,F,4,Licence,Marié(e),Non connu,Blue,28,1,2,1598,39,0.233,0,0,0,1,0,1,Faible
718726833,Client actuel,39,M,1,Lycée (équivalent baccalauréat),Célibataire,$80K - $120K,Blue,28,2,4,0,36,0.0,0,1,1,1,1,4,Élevé
780605508,Client actuel,53,M,1,Non connu,Marié(e),$40K - $60K,Blue,41,1,3,1433,23,0.497,0,0,0,1,0,1,Faible
719450508,Client actuel,53,M,2,Lycée (équivalent baccalauréat),Célibataire,$120K +,Blue,41,3,3,2037,56,0.28,0,0,0,0,0,0,Faible
711213108,Client actuel,32,M,1,Niveau Bac+2,Divorcé(e),$80K - $120K,Blue,36,3,4,0,60,0.0,0,1,1,0,1,3,Modéré
708488208,Client actuel,57,F,3,Sans diplôme,Marié(e),Moins de $40K,Blue,47,3,3,1922,58,0.764,0,0,0,0,0,0,Faible
717206508,Client actuel,65,F,0,Lycée (équivalent baccalauréat),Marié(e),Moins de $40K,Blue,36,2,2,1806,35,0.645,0,0,0,1,0,1,Faible
821836008,Client actuel,57,M,2,Sans diplôme,Célibataire,$80K - $120K,Blue,53,2,4,2099,26,0.061,0,1,0,1,1,3,Modéré
807244983,Client actuel,65,F,0,Niveau Bac+2,Marié(e),Moins de $40K,Blue,56,1,2,680,55,0.473,0,0,0,0,0,0,Faible
821872758,Client actuel,65,M,0,Lycée (équivalent baccalauréat),Célibataire,Moins de $40K,Silver,56,2,4,2517,49,0.2,0,1,0,0,0,1,Faible
809959683,Client actuel,55,M,2,Niveau Bac+2,Célibataire,$80K - $120K,Blue,50,2,4,2108,52,0.11,0,1,0,0,1,2,Modéré
715079208,Client actuel,54,M,1,Niveau Bac+2,Célibataire,$80K - $120K,Blue,42,1,4,2517,35,0.261,0,1,0,1,0,2,Modéré
767049258,Client actuel,44,M,4,Lycée (équivalent baccalauréat),Célibataire,$120K +,Blue,37,3,3,1672,35,0.199,0,0,0,1,0,1,Faible
709579383,Client actuel,58,M,1,Sans diplôme,Célibataire,$80K - $120K,Blue,50,3,2,1148,26,0.165,0,0,0,1,0,1,Faible
781923483,Client actuel,53,F,1,Niveau Bac+2,Marié(e),$40K - $60K,Blue,47,3,4,1733,62,0.705,0,1,0,0,0,1,Faible
718654533,Client actuel,33,F,1,Lycée (équivalent baccalauréat),Célibataire,Moins de $40K,Silver,24,2,2,0,56,0.0,0,0,1,0,1,2,Modéré
716169258,Client actuel,47,F,5,Licence,Marié(e),Moins de $40K,Blue,39,3,4,1560,44,0.219,0,1,0,1,0,2,Modéré
713908683,Client actuel,51,M,1,Non connu,Célibataire,$80K - $120K,Blue,41,2,2,1314,33,0.07,0,0,0,1,1,2,Modéré
708212658,Client actuel,38,F,3,Licence,Marié(e),Moins de $40K,Blue,18,3,2,1260,47,0.575,0,0,0,0,0,0,Faible
756013833,Client actuel,57,M,3,Doctorat,Célibataire,$80K - $120K,Blue,50,2,3,1861,38,0.412,0,0,0,1,0,1,Faible
719358333,Client actuel,36,M,4,Sans diplôme,Marié(e),$40K - $60K,Blue,28,1,4,574,33,0.266,0,1,1,1,0,3,Modéré
713735508,Client actuel,35,M,3,Sans diplôme,Marié(e),$80K - $120K,Blue,25,1,2,675,36,0.057,0,0,1,1,1,3,Modéré
805259733,Client actuel,55,F,2,Non connu,Marié(e),Non connu,Blue,50,1,4,0,46,0.0,0,1,1,0,1,3,Modéré
738749733,Client actuel,57,F,4,Doctorat,Marié(e),Non connu,Blue,47,3,3,1814,30,0.247,0,0,0,1,0,1,Faible
814833408,Client actuel,56,M,2,Doctorat,Célibataire,$60K - $80K,Blue,51,3,4,1409,45,0.233,0,1,0,1,0,2,Modéré
719182308,Client actuel,38,F,2,Lycée (équivalent baccalauréat),Célibataire,Moins de $40K,Blue,27,1,3,1567,49,0.748,0,0,0,0,0,0,Faible
818497758,Client actuel,54,F,3,Licence,Marié(e),Moins de $40K,Blue,49,1,3,1271,37,0.667,0,0,0,1,0,1,Faible
719518308,Client actuel,48,M,2,Non connu,Non connu,$80K - $120K,Blue,35,2,4,0,23,0.0,0,1,1,1,1,4,Élevé
770901258,Client actuel,30,F,1,Licence,Marié(e),Moins de $40K,Blue,17,1,3,810,44,0.536,0,0,0,1,0,1,Faible
711499158,Client actuel,47,M,2,Sans diplôme,Célibataire,$80K - $120K,Silver,38,3,4,733,60,0.021,0,1,0,0,1,2,Modéré
720445533,Client actuel,60,F,1,Niveau Bac+2,Marié(e),Moins de $40K,Blue,53,3,3,922,21,0.276,0,0,0,1,0,1,Faible
714657108,Client actuel,37,F,2,Sans diplôme,Marié(e),Moins de $40K,Blue,28,2,4,1362,51,0.205,0,1,0,0,0,1,Faible
789048858,Client actuel,32,F,1,Master,Marié(e),Moins de $40K,Blue,20,2,3,1865,59,0.835,0,0,0,0,0,0,Faible
771816408,Client actuel,44,F,4,Sans diplôme,Marié(e),Moins de $40K,Blue,33,4,2,704,66,0.073,1,0,0,0,1,2,Modéré
798158808,Client actuel,53,F,1,Niveau Bac+2,Célibataire,$40K - $60K,Blue,47,3,2,1479,47,0.224,0,0,0,0,0,0,Faible
787685658,Client actuel,43,M,2,Lycée (équivalent baccalauréat),Divorcé(e),$80K - $120K,Blue,33,3,2,1898,30,0.616,0,0,0,1,0,1,Faible
788699808,Client actuel,38,F,4,Non connu,Célibataire,Non connu,Blue,14,1,2,0,43,0.0,0,0,1,1,1,3,Modéré
708216108,Client actuel,56,F,1,Niveau Bac+2,Marié(e),$40K - $60K,Blue,44,1,4,1557,39,0.381,0,1,0,1,0,2,Modéré
715074258,Client actuel,26,F,0,Licence,Célibataire,$40K - $60K,Blue,36,3,3,0,42,0.0,0,0,1,1,1,3,Modéré
771653583,Client actuel,58,M,1,Lycée (équivalent baccalauréat),Célibataire,$60K - $80K,Blue,46,2,4,1147,25,0.274,0,1,0,1,0,2,Modéré
717374358,Client actuel,33,M,1,Non connu,Célibataire,$60K - $80K,Blue,22,3,0,1998,56,0.549,0,0,0,0,0,0,Faible
720836808,Client actuel,35,M,3,Lycée (équivalent baccalauréat),Célibataire,$80K - $120K,Blue,28,2,2,1147,68,0.1,0,0,0,0,1,1,Faible
818701383,Client actuel,37,M,3,Lycée (équivalent baccalauréat),Marié(e),$60K - $80K,Blue,32,2,2,1667,45,0.74,0,0,0,1,0,1,Faible
717277833,Client actuel,27,F,1,Licence,Célibataire,Non connu,Blue,13,2,4,2080,45,0.889,0,1,0,1,0,2,Modéré
778137108,Client actuel,43,M,4,Lycée (équivalent baccalauréat),Marié(e),$80K - $120K,Blue,37,1,2,2517,47,0.083,0,0,0,0,1,1,Faible
720973833,Client actuel,49,M,2,Licence,Divorcé(e),$60K - $80K,Blue,36,3,2,0,62,0.0,0,0,1,0,1,2,Modéré
751487358,Client actuel,39,F,3,Licence,Marié(e),Moins de $40K,Blue,32,6,3,0,40,0.0,1,0,1,1,1,4,Élevé
712742808,Client actuel,41,F,3,Sans diplôme,Marié(e),Moins de $40K,Blue,29,3,3,1142,21,0.378,0,0,0,1,0,1,Faible
712820208,Client actuel,32,F,0,Lycée (équivalent baccalauréat),Divorcé(e),Moins de $40K,Blue,36,2,4,1609,56,0.596,0,1,0,0,0,1,Faible
794649858,Client actuel,58,F,1,Sans diplôme,Marié(e),Moins de $40K,Blue,39,3,3,1624,37,0.735,0,0,0,1,0,1,Faible
755262933,Client actuel,56,M,2,Master,Marié(e),$60K - $80K,Blue,49,3,4,0,38,0.0,0,1,1,1,1,4,Élevé
709541433,Client actuel,37,M,2,Licence,Marié(e),Moins de $40K,Blue,36,3,4,1687,45,0.827,0,1,0,1,0,2,Modéré
820622433,Client actuel,39,M,1,Lycée (équivalent baccalauréat),Célibataire,$120K +,Blue,34,2,2,1698,58,0.522,0,0,0,0,0,0,Faible
712586583,Client actuel,26,F,0,Licence,Célibataire,$40K - $60K,Blue,13,3,4,1101,50,0.67,0,1,0,0,0,1,Faible
709816158,Client actuel,31,F,1,Non connu,Célibataire,Non connu,Silver,36,3,2,0,60,0.0,0,0,1,0,1,2,Modéré
767269908,Client actuel,36,M,2,Niveau Bac+2,Célibataire,$120K +,Blue,29,3,2,0,63,0.0,0,0,1,0,1,2,Modéré
710927733,Client actuel,39,M,1,Non connu,Célibataire,$80K - $120K,Blue,36,2,3,1999,35,0.69,0,0,0,1,0,1,Faible
711310908,Client actuel,53,F,4,Niveau Bac+2,Marié(e),Moins de $40K,Blue,36,1,3,2160,62,0.727,0,0,0,0,0,0,Faible
788862333,Client actuel,38,F,3,Sans diplôme,Marié(e),Moins de $40K,Blue,23,2,2,0,32,0.0,0,0,1,1,1,3,Modéré
713194608,Client actuel,37,M,2,Licence,Marié(e),Moins de $40K,Blue,36,3,2,1751,58,0.711,0,0,0,0,0,0,Faible
793550958,Client actuel,47,F,2,Licence,Marié(e),Moins de $40K,Blue,41,3,4,0,40,0.0,0,1,1,1,1,4,Élevé
712607583,Client actuel,56,M,1,Niveau Bac+2,Divorcé(e),$80K - $120K,Blue,36,3,3,1477,50,0.043,0,0,0,0,1,1,Faible
713921058,Client actuel,55,F,3,Lycée (équivalent baccalauréat),Marié(e),Moins de $40K,Blue,48,2,2,1601,25,0.553,0,0,0,1,0,1,Faible
709183683,Client actuel,31,F,0,Sans diplôme,Célibataire,Moins de $40K,Blue,36,2,0,0,56,0.0,0,0,1,0,1,2,Modéré
713407458,Client actuel,62,F,0,Licence,Célibataire,Non connu,Blue,36,2,4,2284,74,0.796,0,1,0,0,0,1,Faible
715241583,Client actuel,34,M,3,Lycée (équivalent baccalauréat),Marié(e),$120K +,Blue,25,2,4,2517,45,0.105,0,1,0,1,1,3,Modéré
710475408,Client actuel,33,M,3,Lycée (équivalent baccalauréat),Marié(e),$60K - $80K,Blue,25,2,2,2028,35,0.136,0,0,0,1,1,2,Modéré
708971583,Client actuel,38,F,2,Sans diplôme,Célibataire,Moins de $40K,Blue,29,3,2,1924,37,0.536,0,0,0,1,0,1,Faible
714547458,Client actuel,65,M,0,Licence,Marié(e),$40K - $60K,Blue,56,3,2,0,51,0.0,0,0,1,0,1,2,Modéré
827631483,Client actuel,57,M,1,Lycée (équivalent baccalauréat),Célibataire,$80K - $120K,Blue,53,2,4,1710,55,0.068,0,1,0,0,1,2,Modéré
789262683,Client actuel,60,M,1,Non connu,Divorcé(e),$40K - $60K,Blue,49,3,2,0,23,0.0,0,0,1,1,1,3,Modéré
712940508,Client actuel,39,M,3,Non connu,Célibataire,$40K - $60K,Blue,24,1,4,1721,50,0.377,0,1,0,0,0,1,Faible
789733008,Client actuel,39,F,2,Lycée (équivalent baccalauréat),Marié(e),Non connu,Blue,27,2,2,1529,63,0.143,0,0,0,0,1,1,Faible
714703158,Client actuel,39,F,2,Lycée (équivalent baccalauréat),Marié(e),Moins de $40K,Blue,36,2,3,760,43,0.482,0,0,0,1,0,1,Faible
710255208,Client actuel,60,M,0,Sans diplôme,Marié(e),Moins de $40K,Blue,49,2,4,1560,41,0.745,0,1,0,1,0,2,Modéré
779236083,Client actuel,37,F,3,Lycée (équivalent baccalauréat),Marié(e),Moins de $40K,Blue,19,1,3,0,50,0.0,0,0,1,0,1,2,Modéré
713438358,Client actuel,41,F,4,Licence,Marié(e),Non connu,Blue,30,1,2,1904,56,0.351,0,0,0,0,0,0,Faible
715973583,Client actuel,56,M,3,Sans diplôme,Marié(e),$120K +,Blue,36,3,3,1047,30,0.03,0,0,0,1,1,2,Modéré
794113758,Client actuel,60,M,0,Lycée (équivalent baccalauréat),Célibataire,$60K - $80K,Blue,54,1,2,1968,55,0.205,0,0,0,0,0,0,Faible
709452633,Client actuel,56,F,4,Lycée (équivalent baccalauréat),Célibataire,Moins de $40K,Blue,36,1,3,2145,49,0.242,0,0,0,0,0,0,Faible
788210583,Client actuel,62,M,0,Niveau Bac+2,Marié(e),$40K - $60K,Blue,54,3,4,0,49,0.0,0,1,1,0,1,3,Modéré
717784983,Client actuel,41,F,2,Sans diplôme,Marié(e),Moins de $40K,Blue,33,3,3,1157,39,0.297,0,0,0,1,0,1,Faible
786557358,Client actuel,44,F,1,Non connu,Marié(e),Moins de $40K,Blue,38,2,4,799,37,0.246,0,1,0,1,0,2,Modéré
768460908,Client actuel,59,M,1,Licence,Célibataire,$40K - $60K,Blue,53,3,3,1392,32,0.231,0,0,0,1,0,1,Faible
718899708,Client actuel,55,F,1,Niveau Bac+2,Marié(e),Non connu,Blue,36,3,2,1846,54,0.105,0,0,0,0,1,1,Faible
714697533,Client actuel,26,M,1,Lycée (équivalent baccalauréat),Célibataire,$60K - $80K,Blue,15,3,3,0,48,0.0,0,0,1,0,1,2,Modéré
708679383,Client actuel,44,F,2,Non connu,Non connu,Moins de $40K,Blue,32,1,3,1777,55,0.366,0,0,0,0,0,0,Faible
713067033,Client actuel,37,M,2,Sans diplôme,Célibataire,Non connu,Blue,28,3,3,1424,50,0.199,0,0,0,0,0,0,Faible
789314133,Client actuel,37,M,1,Lycée (équivalent baccalauréat),Célibataire,$60K - $80K,Blue,27,3,3,1799,45,0.174,0,0,0,1,0,1,Faible
713956308,Client actuel,65,F,0,Licence,Marié(e),Moins de $40K,Blue,49,2,2,2297,56,0.697,0,0,0,0,0,0,Faible
711595833,Client actuel,46,M,3,Niveau Bac+2,Marié(e),$60K - $80K,Blue,36,2,2,807,30,0.081,0,0,0,1,1,2,Modéré
779521533,Client actuel,53,M,2,Lycée (équivalent baccalauréat),Célibataire,$120K +,Blue,36,3,3,1092,33,0.328,0,0,0,1,0,1,Faible
715225458,Client actuel,56,F,1,Sans diplôme,Marié(e),Moins de $40K,Blue,36,3,4,1993,53,0.333,0,1,0,0,0,1,Faible
716487408,Client actuel,48,M,3,Licence,Marié(e),$40K - $60K,Blue,30,1,3,2517,43,0.778,0,0,0,1,0,1,Faible
719338383,Client actuel,34,M,2,Lycée (équivalent baccalauréat),Célibataire,$120K +,Blue,21,3,3,1063,50,0.17,0,0,0,0,0,0,Faible
710523333,Client actuel,65,M,0,Licence,Marié(e),Moins de $40K,Blue,56,3,2,1616,27,0.636,0,0,0,1,0,1,Faible
787489083,Client actuel,55,M,4,Master,Marié(e),$80K - $120K,Blue,43,2,4,2517,32,0.118,0,1,0,1,1,3,Modéré
720747633,Client actuel,32,M,1,Non connu,Marié(e),$40K - $60K,Blue,36,2,4,1471,48,0.163,0,1,0,0,0,1,Faible
779480658,Client actuel,58,F,4,Licence,Marié(e),Non connu,Blue,42,3,4,1600,44,0.156,0,1,0,1,1,3,Modéré
711498258,Client actuel,54,M,3,Lycée (équivalent baccalauréat),Marié(e),$120K +,Blue,42,3,2,1655,34,0.081,0,0,0,1,1,2,Modéré
709316433,Client actuel,52,M,2,Lycée (équivalent baccalauréat),Célibataire,$60K - $80K,Silver,33,1,4,1997,43,0.06,0,1,0,1,1,3,Modéré
778734108,Client actuel,36,M,3,Sans diplôme,Marié(e),$60K - $80K,Blue,16,5,4,1252,42,0.743,1,1,0,1,0,3,Modéré
716773533,Client actuel,33,M,3,Licence,Marié(e),$60K - $80K,Blue,36,1,3,1215,48,0.704,0,0,0,0,0,0,Faible
822130683,Client actuel,61,M,0,Licence,Célibataire,$80K - $120K,Blue,56,2,4,1389,34,0.165,0,1,0,1,0,2,Modéré
717268458,Client actuel,61,M,0,Licence,Célibataire,$60K - $80K,Blue,49,3,4,1713,50,0.511,0,1,0,0,0,1,Faible
827888433,Client actuel,43,M,4,Sans diplôme,Célibataire,$40K - $60K,Blue,39,2,2,2242,60,0.337,0,0,0,0,0,0,Faible
716522583,Client actuel,48,F,3,Niveau Bac+2,Divorcé(e),Moins de $40K,Blue,36,3,3,1845,33,0.79,0,0,0,1,0,1,Faible
789415983,Client actuel,36,M,3,Licence,Marié(e),$60K - $80K,Blue,27,3,2,1001,42,0.081,0,0,0,1,1,2,Modéré
719819958,Client actuel,34,M,2,Sans diplôme,Marié(e),$40K - $60K,Blue,26,1,4,708,43,0.492,0,1,0,1,0,2,Modéré
769579608,Client actuel,53,F,1,Licence,Célibataire,Moins de $40K,Blue,46,6,4,1601,70,0.715,1,1,0,0,0,2,Modéré
772353408,Client actuel,43,F,5,Non connu,Célibataire,$40K - $60K,Blue,33,3,4,1161,43,0.218,0,1,0,1,0,2,Modéré
716615583,Client actuel,61,F,1,Lycée (équivalent baccalauréat),Marié(e),Moins de $40K,Blue,51,3,3,794,59,0.442,0,0,0,0,0,0,Faible
781131483,Client actuel,55,M,2,Lycée (équivalent baccalauréat),Célibataire,$80K - $120K,Blue,47,1,4,1894,51,0.33,0,1,0,0,0,1,Faible
719101908,Client actuel,51,F,1,Licence,Marié(e),Non connu,Blue,39,3,3,1248,40,0.623,0,0,0,1,0,1,Faible
720521808,Client actuel,38,M,1,Licence,Célibataire,$80K - $120K,Blue,19,3,2,1515,36,0.059,0,0,0,1,1,2,Modéré
718136283,Client actuel,52,M,2,Sans diplôme,Célibataire,$80K - $120K,Blue,36,1,4,1515,29,0.069,0,1,0,1,1,3,Modéré
778855383,Client actuel,36,F,5,Lycée (équivalent baccalauréat),Marié(e),Moins de $40K,Blue,17,1,3,0,40,0.0,0,0,1,1,1,3,Modéré
818926833,Client actuel,34,F,3,Niveau Bac+2,Marié(e),$40K - $60K,Blue,29,1,2,0,42,0.0,0,0,1,1,1,3,Modéré
721217283,Client actuel,27,M,0,Licence,Célibataire,$120K +,Blue,17,2,2,1354,36,0.155,0,0,0,1,1,2,Modéré
717167283,Client actuel,49,F,5,Non connu,Divorcé(e),Moins de $40K,Blue,36,1,4,0,56,0.0,0,1,1,0,1,3,Modéré
713371233,Client actuel,43,F,1,Licence,Marié(e),Moins de $40K,Silver,31,1,2,631,55,0.054,0,0,1,0,1,2,Modéré
778426608,Client actuel,52,M,4,Licence,Marié(e),$80K - $120K,Blue,32,3,3,702,53,0.488,0,0,0,0,0,0,Faible
710944608,Client actuel,39,M,3,Licence,Non connu,$80K - $120K,Blue,31,2,4,2222,27,0.263,0,1,0,1,0,2,Modéré
718444233,Client actuel,45,M,3,Licence,Marié(e),$60K - $80K,Blue,25,3,2,1311,59,0.134,0,0,0,0,1,1,Faible
771099183,Client actuel,37,F,2,Licence,Célibataire,Moins de $40K,Blue,24,2,3,1945,74,0.23,0,0,0,0,0,0,Faible
770241333,Client actuel,49,F,4,Licence,Divorcé(e),Moins de $40K,Blue,43,1,4,1003,44,0.45,0,1,0,1,0,2,Modéré
772155108,Client actuel,62,F,0,Lycée (équivalent baccalauréat),Marié(e),Moins de $40K,Blue,51,3,4,0,38,0.0,0,1,1,1,1,4,Élevé
798796233,Client actuel,37,F,3,Lycée (équivalent baccalauréat),Marié(e),$40K - $60K,Blue,31,3,3,1038,24,0.654,0,0,0,1,0,1,Faible
815472108,Client actuel,42,M,3,Lycée (équivalent baccalauréat),Célibataire,$40K - $60K,Blue,37,3,3,1045,31,0.465,0,0,0,1,0,1,Faible
769145733,Client actuel,36,M,3,Licence,Célibataire,$60K - $80K,Blue,30,4,3,1584,60,0.568,1,0,0,0,0,1,Faible
783364233,Client actuel,59,M,0,Licence,Marié(e),$40K - $60K,Blue,53,2,3,0,45,0.0,0,0,1,1,1,3,Modéré
772236108,Client actuel,40,F,1,Licence,Marié(e),Non connu,Blue,29,1,3,1892,29,0.225,0,0,0,1,0,1,Faible
715640358,Client actuel,43,M,3,Lycée (équivalent baccalauréat),Célibataire,$40K - $60K,Blue,36,3,3,768,40,0.187,0,0,0,1,0,1,Faible
713529858,Client actuel,29,M,2,Licence,Divorcé(e),$40K - $60K,Silver,22,2,3,1383,71,0.089,0,0,0,0,1,1,Faible
715684308,Client actuel,42,F,4,Licence,Marié(e),$40K - $60K,Blue,36,2,2,1636,43,0.408,0,0,0,1,0,1,Faible
709451508,Client actuel,63,F,1,Lycée (équivalent baccalauréat),Marié(e),Non connu,Blue,50,1,3,0,28,0.0,0,0,1,1,1,3,Modéré
709204158,Client actuel,36,F,2,Master,Célibataire,Moins de $40K,Blue,24,2,4,1129,56,0.328,0,1,0,0,0,1,Faible
713182458,Client actuel,53,M,4,Lycée (équivalent baccalauréat),Marié(e),$80K - $120K,Blue,43,1,2,2446,29,0.147,0,0,0,1,1,2,Modéré
710624658,Client actuel,36,F,2,Sans diplôme,Marié(e),Moins de $40K,Blue,36,2,2,1639,56,0.403,0,0,0,0,0,0,Faible
716355783,Client actuel,36,M,3,Non connu,Marié(e),$60K - $80K,Blue,30,2,3,0,44,0.0,0,0,1,1,1,3,Modéré
716793108,Client actuel,26,M,0,Niveau Bac+2,Célibataire,Moins de $40K,Blue,36,1,2,1070,61,0.553,0,0,0,0,0,0,Faible
716162583,Client actuel,45,F,0,Non connu,Célibataire,Moins de $40K,Blue,36,2,3,2517,57,0.779,0,0,0,0,0,0,Faible
714051033,Client actuel,55,F,0,Licence,Marié(e),Moins de $40K,Blue,36,2,4,1699,40,0.47,0,1,0,1,0,2,Modéré
715007583,Client actuel,61,F,0,Non connu,Non connu,Non connu,Blue,36,2,2,0,62,0.0,0,0,1,0,1,2,Modéré
719139558,Client actuel,26,M,0,Sans diplôme,Célibataire,Moins de $40K,Blue,36,3,4,1567,64,0.588,0,1,0,0,0,1,Faible
794632308,Client actuel,40,M,4,Licence,Marié(e),$60K - $80K,Silver,25,3,2,2517,35,0.087,0,0,0,1,1,2,Modéré
770662383,Client actuel,38,M,2,Licence,Célibataire,$40K - $60K,Blue,24,3,2,1158,36,0.079,0,0,0,1,1,2,Modéré
714787383,Client actuel,32,F,0,Niveau Bac+2,Marié(e),Non connu,Blue,36,3,3,1314,41,0.196,0,0,0,1,0,1,Faible
714700158,Client actuel,53,M,2,Non connu,Célibataire,$60K - $80K,Blue,46,2,3,1761,40,0.264,0,0,0,1,0,1,Faible
710581758,Client actuel,52,F,2,Licence,Célibataire,$40K - $60K,Blue,44,2,3,1219,30,0.363,0,0,0,1,0,1,Faible
720497958,Client actuel,29,M,1,Licence,Célibataire,$80K - $120K,Blue,14,3,2,0,41,0.0,0,0,1,1,1,3,Modéré
720920058,Client actuel,38,M,2,Licence,Célibataire,$60K - $80K,Blue,25,3,4,1212,62,0.252,0,1,0,0,0,1,Faible
710872233,Client actuel,27,M,0,Non connu,Célibataire,$40K - $60K,Blue,17,1,2,0,49,0.0,0,0,1,0,1,2,Modéré
709855608,Client actuel,46,F,4,Lycée (équivalent baccalauréat),Marié(e),Moins de $40K,Blue,36,3,4,981,33,0.682,0,1,0,1,0,2,Modéré
815484783,Client actuel,57,M,0,Sans diplôme,Célibataire,$60K - $80K,Blue,42,4,3,1211,44,0.145,1,0,0,1,1,3,Modéré
771602883,Client actuel,42,M,3,Lycée (équivalent baccalauréat),Célibataire,$80K - $120K,Blue,30,5,4,1719,44,0.415,1,1,0,1,0,3,Modéré
755953308,Client actuel,62,F,0,Master,Marié(e),$40K - $60K,Blue,55,1,4,2207,30,0.835,0,1,0,1,0,2,Modéré
758408883,Client actuel,37,F,1,Licence,Non connu,$40K - $60K,Blue,30,3,4,1631,37,0.122,0,1,0,1,1,3,Modéré
717940008,Client actuel,57,F,2,Non connu,Divorcé(e),$40K - $60K,Blue,36,2,2,1887,67,0.58,0,0,0,0,0,0,Faible
720917808,Client actuel,35,M,2,Lycée (équivalent baccalauréat),Célibataire,$40K - $60K,Blue,36,3,4,950,74,0.452,0,1,0,0,0,1,Faible
812801958,Client actuel,55,F,1,Non connu,Marié(e),Moins de $40K,Blue,50,3,4,1401,54,0.393,0,1,0,0,0,1,Faible
714997683,Client actuel,56,F,4,Licence,Marié(e),Non connu,Blue,49,1,3,1111,35,0.074,0,0,0,1,1,2,Modéré
709379283,Client actuel,39,M,2,Licence,Célibataire,$60K - $80K,Blue,27,1,4,0,40,0.0,0,1,1,1,1,4,Élevé
711840408,Client actuel,64,M,0,Niveau Bac+2,Marié(e),Moins de $40K,Blue,55,3,4,1424,30,0.571,0,1,0,1,0,2,Modéré
785328408,Client actuel,37,F,4,Licence,Marié(e),Moins de $40K,Blue,31,2,3,1180,41,0.671,0,0,0,1,0,1,Faible
719873808,Client actuel,34,M,1,Niveau Bac+2,Marié(e),$60K - $80K,Blue,23,2,2,1604,53,0.291,0,0,0,0,0,0,Faible
715528983,Client actuel,46,M,5,Sans diplôme,Divorcé(e),$60K - $80K,Blue,36,1,2,1646,41,0.096,0,0,0,1,1,2,Modéré
720254883,Client actuel,65,F,0,Lycée (équivalent baccalauréat),Marié(e),$40K - $60K,Blue,46,1,3,1697,58,0.289,0,0,0,0,0,0,Faible
811980858,Client actuel,36,M,0,Licence,Marié(e),$60K - $80K,Blue,31,1,2,0,35,0.0,0,0,1,1,1,3,Modéré
711330408,Client actuel,35,F,2,Niveau Bac+2,Marié(e),$40K - $60K,Blue,24,1,3,1865,47,0.635,0,0,0,0,0,0,Faible
718465458,Client actuel,49,M,1,Non connu,Célibataire,$80K - $120K,Blue,31,1,4,1348,21,0.229,0,1,0,1,0,2,Modéré
710616183,Client actuel,46,F,3,Sans diplôme,Célibataire,Non connu,Blue,33,3,4,0,34,0.0,0,1,1,1,1,4,Élevé
714580158,Client actuel,26,M,0,Master,Marié(e),$40K - $60K,Blue,36,1,4,2080,73,0.75,0,1,0,0,0,1,Faible
710798883,Client actuel,52,M,3,Licence,Célibataire,$60K - $80K,Blue,44,2,4,2310,47,0.695,0,1,0,0,0,1,Faible
720511608,Client actuel,38,F,0,Licence,Marié(e),Non connu,Blue,28,3,3,799,33,0.05,0,0,0,1,1,2,Modéré
708913233,Client actuel,37,M,1,Lycée (équivalent baccalauréat),Marié(e),$40K - $60K,Blue,28,4,2,1236,34,0.343,1,0,0,1,0,2,Modéré
788038383,Client actuel,33,F,3,Licence,Marié(e),Moins de $40K,Blue,25,2,2,1385,48,0.6,0,0,0,0,0,0,Faible
719905908,Client actuel,59,M,1,Sans diplôme,Marié(e),$60K - $80K,Blue,36,3,3,1175,31,0.314,0,0,0,1,0,1,Faible
807044958,Client actuel,34,M,3,Lycée (équivalent baccalauréat),Marié(e),$40K - $60K,Blue,29,3,3,869,45,0.296,0,0,0,1,0,1,Faible
719514783,Client actuel,39,F,3,Master,Non connu,Non connu,Blue,26,1,4,2517,37,0.784,0,1,0,1,0,2,Modéré
787643658,Client actuel,59,M,0,Licence,Marié(e),$60K - $80K,Blue,53,1,4,2169,30,0.173,0,1,0,1,0,2,Modéré
779138883,Client actuel,50,M,1,Licence,Marié(e),$60K - $80K,Blue,34,3,4,0,44,0.0,0,1,1,1,1,4,Élevé
708173433,Client actuel,26,F,1,Non connu,Célibataire,$40K - $60K,Blue,14,2,4,2324,57,0.412,0,1,0,0,0,1,Faible
778401033,Client actuel,32,M,0,Lycée (équivalent baccalauréat),Marié(e),$60K - $80K,Blue,13,3,4,1889,39,0.132,0,1,0,1,1,3,Modéré
711048783,Client actuel,41,M,4,Doctorat,Marié(e),$80K - $120K,Blue,29,3,3,0,34,0.0,0,0,1,1,1,3,Modéré
721415658,Client actuel,39,F,1,Licence,Marié(e),$40K - $60K,Blue,27,1,2,2220,59,0.822,0,0,0,0,0,0,Faible
717961458,Client actuel,49,F,2,Sans diplôme,Célibataire,Moins de $40K,Blue,37,1,4,2381,64,0.812,0,1,0,0,0,1,Faible
718563483,Client actuel,30,M,2,Non connu,Divorcé(e),$120K +,Blue,14,2,3,0,64,0.0,0,0,1,0,1,2,Modéré
717128283,Client actuel,40,F,3,Lycée (équivalent baccalauréat),Non connu,Moins de $40K,Blue,36,2,2,2409,33,0.436,0,0,0,1,0,1,Faible
718068933,Client actuel,36,F,3,Sans diplôme,Célibataire,Moins de $40K,Blue,36,2,4,1521,61,0.265,0,1,0,0,0,1,Faible
718623783,Client actuel,56,M,2,Niveau Bac+2,Marié(e),$120K +,Blue,36,3,2,1547,38,0.057,0,0,0,1,1,2,Modéré
716565258,Client actuel,37,M,3,Doctorat,Célibataire,$80K - $120K,Blue,36,2,4,0,54,0.0,0,1,1,0,1,3,Modéré
712505658,Client actuel,51,F,4,Non connu,Célibataire,Moins de $40K,Blue,41,1,3,1999,45,0.361,0,0,0,1,0,1,Faible
792565908,Client actuel,36,F,2,Sans diplôme,Célibataire,Moins de $40K,Blue,30,2,3,1474,51,0.549,0,0,0,0,0,0,Faible
709267308,Client actuel,62,M,1,Licence,Célibataire,$80K - $120K,Blue,49,1,2,1400,32,0.574,0,0,0,1,0,1,Faible
710035008,Client actuel,31,F,0,Sans diplôme,Célibataire,Moins de $40K,Blue,24,2,4,1397,64,0.365,0,1,0,0,0,1,Faible
790082508,Client actuel,42,M,4,Lycée (équivalent baccalauréat),Célibataire,$120K +,Blue,35,2,2,1658,65,0.048,0,0,0,0,1,1,Faible
716866308,Client actuel,38,M,2,Lycée (équivalent baccalauréat),Marié(e),$60K - $80K,Blue,33,3,4,1101,34,0.185,0,1,0,1,0,2,Modéré
718346658,Client actuel,50,F,2,Licence,Marié(e),Moins de $40K,Blue,37,2,4,1357,51,0.691,0,1,0,0,0,1,Faible
824157858,Client actuel,58,M,3,Licence,Marié(e),$80K - $120K,Blue,54,3,3,1022,42,0.055,0,0,0,1,1,2,Modéré
709735008,Client actuel,35,M,2,Lycée (équivalent baccalauréat),Célibataire,$80K - $120K,Blue,22,1,4,1435,34,0.475,0,1,0,1,0,2,Modéré
814593858,Client actuel,58,M,3,Lycée (équivalent baccalauréat),Célibataire,$120K +,Blue,53,1,2,1798,34,0.295,0,0,0,1,0,1,Faible
718416858,Client actuel,42,M,5,Licence,Marié(e),$60K - $80K,Blue,34,3,3,2517,40,0.237,0,0,0,1,0,1,Faible
710307933,Client actuel,32,F,0,Niveau Bac+2,Célibataire,Moins de $40K,Blue,24,3,4,2517,60,0.863,0,1,0,0,0,1,Faible
715870758,Client actuel,35,M,4,Licence,Marié(e),$120K +,Blue,30,3,4,1018,55,0.029,0,1,0,0,1,2,Modéré
713819283,Client actuel,51,M,1,Sans diplôme,Célibataire,$80K - $120K,Blue,42,2,2,2517,58,0.1,0,0,0,0,1,1,Faible
710424408,Client actuel,63,M,2,Licence,Marié(e),Moins de $40K,Blue,36,2,4,1815,25,0.662,0,1,0,1,0,2,Modéré
709493283,Client actuel,42,M,2,Non connu,Célibataire,$120K +,Blue,32,2,4,1233,36,0.3,0,1,0,1,0,2,Modéré
712489158,Client actuel,36,F,0,Sans diplôme,Célibataire,Non connu,Blue,18,3,2,948,59,0.259,0,0,0,0,0,0,Faible
719013108,Client actuel,42,M,3,Licence,Divorcé(e),$40K - $60K,Blue,33,2,4,1800,86,0.566,0,1,0,0,0,1,Faible
717769008,Client actuel,38,M,2,Licence,Célibataire,$80K - $120K,Blue,36,3,4,1278,44,0.112,0,1,0,1,1,3,Modéré
709986633,Client actuel,29,M,1,Lycée (équivalent baccalauréat),Marié(e),$40K - $60K,Blue,36,1,3,0,41,0.0,0,0,1,1,1,3,Modéré
721062408,Client actuel,54,M,2,Sans diplôme,Divorcé(e),$40K - $60K,Blue,34,3,4,1597,26,0.25,0,1,0,1,0,2,Modéré
771349458,Client actuel,33,M,2,Licence,Marié(e),$40K - $60K,Blue,20,3,3,1792,46,0.317,0,0,0,0,0,0,Faible
780557658,Client actuel,63,F,0,Sans diplôme,Marié(e),Non connu,Blue,54,3,2,0,37,0.0,0,0,1,1,1,3,Modéré
771441558,Client actuel,49,M,2,Master,Marié(e),$60K - $80K,Blue,37,3,3,1589,47,0.609,0,0,0,0,0,0,Faible
756409758,Client actuel,44,F,2,Licence,Marié(e),Moins de $40K,Blue,37,5,4,2076,38,0.648,1,1,0,1,0,3,Modéré
720009558,Client actuel,33,F,2,Niveau Bac+2,Célibataire,Non connu,Gold,36,1,3,1540,72,0.045,0,0,0,0,1,1,Faible
778885158,Client actuel,57,M,3,Sans diplôme,Marié(e),$80K - $120K,Blue,38,3,3,2457,33,0.994,0,0,0,1,0,1,Faible
715543908,Client actuel,52,F,3,Sans diplôme,Marié(e),Moins de $40K,Blue,43,3,3,1173,37,0.546,0,0,0,1,0,1,Faible
717591483,Client actuel,52,F,3,Licence,Célibataire,Moins de $40K,Blue,44,1,3,2044,48,0.598,0,0,0,0,0,0,Faible
715042608,Client actuel,39,F,2,Doctorat,Marié(e),Non connu,Blue,36,2,4,791,42,0.098,0,1,0,1,1,3,Modéré
755959683,Client actuel,50,F,5,Non connu,Non connu,Non connu,Blue,43,1,2,2281,31,0.669,0,0,0,1,0,1,Faible
715367058,Client actuel,43,M,3,Niveau Bac+2,Non connu,$60K - $80K,Blue,37,2,3,0,44,0.0,0,0,1,1,1,3,Modéré
714573258,Client actuel,36,M,2,Master,Célibataire,$60K - $80K,Blue,30,2,4,798,45,0.497,0,1,0,1,0,2,Modéré
712281183,Client actuel,55,M,4,Licence,Marié(e),$120K +,Blue,36,2,2,856,33,0.035,0,0,0,1,1,2,Modéré
717670758,Client actuel,30,F,1,Licence,Célibataire,Moins de $40K,Blue,20,2,3,1327,71,0.264,0,0,0,0,0,0,Faible
720666333,Client actuel,36,M,3,Non connu,Marié(e),$120K +,Blue,24,3,2,0,39,0.0,0,0,1,1,1,3,Modéré
771556308,Client actuel,26,F,0,Lycée (équivalent baccalauréat),Célibataire,Moins de $40K,Blue,13,3,4,1195,48,0.34,0,1,0,0,0,1,Faible
708931908,Client actuel,48,M,3,Lycée (équivalent baccalauréat),Célibataire,$40K - $60K,Blue,36,2,3,636,51,0.086,0,0,1,0,1,2,Modéré
718894233,Client actuel,53,F,2,Licence,Marié(e),$40K - $60K,Blue,36,2,4,1391,63,0.471,0,1,0,0,0,1,Faible
717831783,Client actuel,58,F,2,Sans diplôme,Marié(e),Moins de $40K,Blue,45,3,4,1536,38,0.791,0,1,0,1,0,2,Modéré
709288383,Client actuel,32,M,2,Licence,Divorcé(e),$80K - $120K,Blue,26,1,3,789,69,0.026,0,0,0,0,1,1,Faible
710813733,Client actuel,48,M,4,Sans diplôme,Marié(e),$60K - $80K,Silver,35,3,4,0,41,0.0,0,1,1,1,1,4,Élevé
721084833,Client actuel,48,M,5,Lycée (équivalent baccalauréat),Marié(e),$40K - $60K,Silver,34,0,2,2018,39,0.114,0,0,0,1,1,2,Modéré
711258108,Client actuel,54,M,1,Niveau Bac+2,Célibataire,$120K +,Blue,44,3,2,2415,36,0.856,0,0,0,1,0,1,Faible
710149008,Client actuel,59,M,0,Lycée (équivalent baccalauréat),Marié(e),Moins de $40K,Blue,47,3,4,787,70,0.532,0,1,0,0,0,1,Faible
711902058,Client actuel,35,M,2,Licence,Marié(e),$60K - $80K,Blue,36,3,2,0,55,0.0,0,0,1,0,1,2,Modéré
716757033,Client actuel,37,M,4,Master,Marié(e),$40K - $60K,Blue,27,1,4,1766,56,0.257,0,1,0,0,0,1,Faible
712688433,Client actuel,36,M,3,Lycée (équivalent baccalauréat),Divorcé(e),$120K +,Blue,36,2,3,1568,65,0.461,0,0,0,0,0,0,Faible
713203908,Client actuel,26,M,0,Sans diplôme,Célibataire,$40K - $60K,Blue,15,1,3,1695,27,0.785,0,0,0,1,0,1,Faible
778882758,Client actuel,55,F,2,Non connu,Marié(e),Non connu,Blue,36,5,4,2013,47,0.559,1,1,0,0,0,2,Modéré
709157133,Client actuel,39,M,1,Non connu,Divorcé(e),$80K - $120K,Blue,34,1,3,1049,51,0.279,0,0,0,0,0,0,Faible
741344808,Client actuel,39,F,2,Licence,Marié(e),Moins de $40K,Blue,32,2,4,2057,63,0.365,0,1,0,0,0,1,Faible
739692933,Client actuel,46,F,2,Non connu,Célibataire,$40K - $60K,Blue,29,2,4,2517,41,0.805,0,1,0,1,0,2,Modéré
766429908,Client actuel,49,M,2,Lycée (équivalent baccalauréat),Non connu,$60K - $80K,Blue,42,1,2,786,37,0.261,0,0,0,1,0,1,Faible
802087683,Client actuel,32,M,0,Master,Marié(e),$60K - $80K,Blue,26,2,3,1491,55,0.272,0,0,0,0,0,0,Faible
712491108,Client actuel,35,M,1,Master,Célibataire,$80K - $120K,Blue,20,3,4,1177,52,0.09,0,1,0,0,1,2,Modéré
714767508,Client actuel,39,M,2,Licence,Marié(e),$40K - $60K,Blue,31,3,2,1146,33,0.132,0,0,0,1,1,2,Modéré
720376008,Client actuel,53,F,2,Licence,Marié(e),Moins de $40K,Blue,40,2,4,1421,52,0.23,0,1,0,0,0,1,Faible
779126658,Client actuel,26,F,0,Licence,Célibataire,$40K - $60K,Blue,13,1,2,0,61,0.0,0,0,1,0,1,2,Modéré
793222008,Client actuel,32,M,0,Lycée (équivalent baccalauréat),Marié(e),$60K - $80K,Blue,26,2,3,1784,49,0.331,0,0,0,0,0,0,Faible
720812433,Client actuel,54,M,2,Niveau Bac+2,Marié(e),$120K +,Blue,46,1,2,0,37,0.0,0,0,1,1,1,3,Modéré
717623583,Client actuel,36,F,3,Lycée (équivalent baccalauréat),Marié(e),Moins de $40K,Blue,27,2,4,2441,51,0.709,0,1,0,0,0,1,Faible
708878508,Client actuel,45,F,3,Lycée (équivalent baccalauréat),Marié(e),Moins de $40K,Blue,37,1,3,1267,35,0.602,0,0,0,1,0,1,Faible
710043408,Client actuel,49,M,3,Licence,Marié(e),$80K - $120K,Blue,37,1,4,2048,58,0.131,0,1,0,0,1,2,Modéré
789079758,Client actuel,44,M,4,Doctorat,Non connu,$120K +,Blue,32,2,3,1356,48,0.039,0,0,0,0,1,1,Faible
721311333,Client actuel,32,M,1,Lycée (équivalent baccalauréat),Marié(e),Non connu,Blue,22,1,4,1590,41,0.094,0,1,0,1,1,3,Modéré
710749458,Client actuel,64,F,0,Doctorat,Marié(e),Moins de $40K,Blue,53,1,3,1864,35,0.341,0,0,0,1,0,1,Faible
778275783,Client actuel,37,F,2,Non connu,Non connu,Moins de $40K,Blue,27,1,2,1434,64,0.5,0,0,0,0,0,0,Faible
799498158,Client actuel,31,M,1,Master,Marié(e),$60K - $80K,Blue,22,1,3,1580,36,0.588,0,0,0,1,0,1,Faible
716334258,Client actuel,49,F,3,Sans diplôme,Divorcé(e),$40K - $60K,Blue,36,1,2,1365,43,0.261,0,0,0,1,0,1,Faible
716075208,Client actuel,32,F,3,Lycée (équivalent baccalauréat),Marié(e),Moins de $40K,Blue,22,2,4,2029,38,0.445,0,1,0,1,0,2,Modéré
780276258,Client actuel,53,M,2,Lycée (équivalent baccalauréat),Marié(e),$120K +,Blue,39,2,3,985,37,0.075,0,0,0,1,1,2,Modéré
789282333,Client actuel,62,F,0,Licence,Marié(e),Non connu,Blue,51,3,3,1274,34,0.118,0,0,0,1,1,2,Modéré
811571733,Client actuel,26,F,0,Non connu,Célibataire,Non connu,Blue,13,2,2,1876,45,0.722,0,0,0,1,0,1,Faible
709429533,Client actuel,49,F,5,Licence,Divorcé(e),Non connu,Blue,35,3,4,0,41,0.0,0,1,1,1,1,4,Élevé
715247508,Client actuel,30,F,1,Licence,Marié(e),Moins de $40K,Blue,36,2,2,1060,37,0.15,0,0,0,1,1,2,Modéré
718784358,Client actuel,34,M,4,Sans diplôme,Célibataire,$120K +,Blue,36,3,2,2517,46,0.073,0,0,0,0,1,1,Faible
751450008,Client actuel,41,M,1,Master,Célibataire,$40K - $60K,Blue,32,2,4,1390,42,0.135,0,1,0,1,1,3,Modéré
719227233,Client actuel,27,F,1,Non connu,Célibataire,Moins de $40K,Blue,36,3,3,723,43,0.466,0,0,0,1,0,1,Faible
711050058,Client actuel,33,F,2,Sans diplôme,Marié(e),$40K - $60K,Blue,23,2,4,0,45,0.0,0,1,1,1,1,4,Élevé
779040408,Client actuel,56,M,2,Lycée (équivalent baccalauréat),Marié(e),$120K +,Blue,37,1,2,1702,33,0.14,0,0,0,1,1,2,Modéré
714024858,Client actuel,36,M,3,Lycée (équivalent baccalauréat),Marié(e),$80K - $120K,Blue,27,1,2,0,35,0.0,0,0,1,1,1,3,Modéré
789849108,Client actuel,35,M,1,Licence,Célibataire,$60K - $80K,Blue,25,1,2,0,62,0.0,0,0,1,0,1,2,Modéré
710391258,Client actuel,27,M,0,Licence,Marié(e),$40K - $60K,Blue,36,2,4,829,41,0.072,0,1,0,1,1,3,Modéré
718830183,Client actuel,46,M,1,Lycée (équivalent baccalauréat),Célibataire,$60K - $80K,Blue,38,2,4,2517,29,0.105,0,1,0,1,1,3,Modéré
779696883,Client actuel,48,M,2,Licence,Divorcé(e),$60K - $80K,Blue,33,2,4,1789,31,0.597,0,1,0,1,0,2,Modéré
719249733,Client actuel,54,M,1,Non connu,Célibataire,$80K - $120K,Blue,36,2,2,1232,41,0.041,0,0,0,1,1,2,Modéré
737971833,Client actuel,38,M,1,Licence,Marié(e),$60K - $80K,Blue,31,3,3,1553,40,0.646,0,0,0,1,0,1,Faible
772468983,Client actuel,36,M,1,Master,Célibataire,$80K - $120K,Blue,26,4,2,1291,37,0.059,1,0,0,1,1,3,Modéré
710990283,Client actuel,56,M,1,Lycée (équivalent baccalauréat),Célibataire,$80K - $120K,Blue,36,1,2,1851,33,0.474,0,0,0,1,0,1,Faible
808750458,Client actuel,32,M,1,Doctorat,Célibataire,$60K - $80K,Blue,27,3,3,606,58,0.06,0,0,1,0,1,2,Modéré
719692983,Client actuel,36,M,2,Doctorat,Marié(e),$60K - $80K,Blue,30,3,4,1504,42,0.305,0,1,0,1,0,2,Modéré
719125158,Client actuel,35,F,2,Lycée (équivalent baccalauréat),Célibataire,Moins de $40K,Silver,15,2,2,1452,71,0.105,0,0,0,0,1,1,Faible
787509408,Client actuel,26,M,0,Niveau Bac+2,Célibataire,Non connu,Blue,13,3,2,0,56,0.0,0,0,1,0,1,2,Modéré
719206308,Client actuel,32,M,1,Lycée (équivalent baccalauréat),Marié(e),$60K - $80K,Blue,24,2,2,1223,38,0.297,0,0,0,1,0,1,Faible
717141858,Client actuel,56,F,2,Lycée (équivalent baccalauréat),Célibataire,$40K - $60K,Blue,36,1,2,625,67,0.045,0,0,1,0,1,2,Modéré
713172408,Client actuel,54,M,1,Non connu,Célibataire,$80K - $120K,Blue,43,2,4,2016,37,0.062,0,1,0,1,1,3,Modéré
720314583,Client actuel,54,M,2,Non connu,Marié(e),$80K - $120K,Blue,44,1,2,1860,33,0.144,0,0,0,1,1,2,Modéré
708347583,Client actuel,37,F,4,Sans diplôme,Marié(e),Moins de $40K,Blue,36,1,4,1144,38,0.456,0,1,0,1,0,2,Modéré
711006783,Client actuel,38,F,1,Licence,Célibataire,Moins de $40K,Blue,22,3,3,2149,28,0.865,0,0,0,1,0,1,Faible
718274283,Client actuel,35,M,3,Niveau Bac+2,Célibataire,$60K - $80K,Blue,36,1,3,0,67,0.0,0,0,1,0,1,2,Modéré
803977008,Client actuel,39,M,2,Non connu,Marié(e),$60K - $80K,Blue,34,2,4,1826,35,0.35,0,1,0,1,0,2,Modéré
715216908,Client actuel,48,M,4,Doctorat,Marié(e),$80K - $120K,Blue,36,3,4,1381,32,0.076,0,1,0,1,1,3,Modéré
779611008,Client actuel,29,M,0,Licence,Marié(e),$40K - $60K,Blue,18,3,4,0,55,0.0,0,1,1,0,1,3,Modéré
811467708,Client actuel,33,M,2,Licence,Célibataire,$80K - $120K,Blue,28,2,2,1431,62,0.064,0,0,0,0,1,1,Faible
812597508,Client actuel,39,F,1,Lycée (équivalent baccalauréat),Marié(e),$40K - $60K,Blue,34,5,3,2498,58,0.556,1,0,0,0,0,1,Faible
718651083,Client actuel,35,F,2,Licence,Célibataire,Non connu,Blue,25,1,4,514,68,0.05,0,1,1,0,1,3,Modéré
708577308,Client actuel,43,F,1,Non connu,Divorcé(e),Moins de $40K,Blue,36,2,3,1272,39,0.482,0,0,0,1,0,1,Faible
813990483,Client actuel,27,F,0,Lycée (équivalent baccalauréat),Marié(e),Moins de $40K,Blue,22,1,2,1384,32,0.742,0,0,0,1,0,1,Faible
816319008,Client actuel,52,F,2,Licence,Célibataire,Non connu,Blue,47,3,3,1917,33,0.144,0,0,0,1,1,2,Modéré
789627258,Client actuel,31,M,1,Licence,Célibataire,$40K - $60K,Blue,25,3,3,1033,60,0.534,0,0,0,0,0,0,Faible
713346558,Client actuel,45,M,4,Licence,Divorcé(e),$60K - $80K,Blue,37,2,4,891,28,0.131,0,1,0,1,1,3,Modéré
708744933,Client actuel,35,M,2,Lycée (équivalent baccalauréat),Marié(e),$60K - $80K,Blue,36,2,4,1880,33,0.098,0,1,0,1,1,3,Modéré
708828258,Client actuel,55,M,2,Niveau Bac+2,Marié(e),$120K +,Blue,37,2,3,1551,30,0.048,0,0,0,1,1,2,Modéré
713511108,Client actuel,61,M,1,Sans diplôme,Marié(e),$40K - $60K,Blue,47,3,4,847,43,0.589,0,1,0,1,0,2,Modéré
710208633,Client actuel,37,F,1,Licence,Marié(e),Moins de $40K,Blue,31,2,2,1929,42,0.798,0,0,0,1,0,1,Faible
824165658,Client actuel,38,M,2,Non connu,Célibataire,$80K - $120K,Blue,34,1,3,2266,27,0.118,0,0,0,1,1,2,Modéré
826513233,Client actuel,54,F,3,Non connu,Marié(e),Moins de $40K,Blue,50,2,2,2396,54,0.631,0,0,0,0,0,0,Faible
788789658,Client actuel,40,M,5,Non connu,Non connu,$80K - $120K,Blue,22,1,4,1744,37,0.431,0,1,0,1,0,2,Modéré
717837858,Client actuel,47,M,5,Niveau Bac+2,Marié(e),$120K +,Blue,34,1,2,1063,64,0.06,0,0,0,0,1,1,Faible
709382958,Client actuel,55,F,2,Licence,Marié(e),$40K - $60K,Blue,46,1,4,2077,25,0.718,0,1,0,1,0,2,Modéré
716253858,Client actuel,37,M,5,Master,Marié(e),$80K - $120K,Blue,26,1,2,1956,43,0.117,0,0,0,1,1,2,Modéré
713725683,Client actuel,36,F,0,Niveau Bac+2,Célibataire,Moins de $40K,Blue,27,3,2,1843,79,0.562,0,0,0,0,0,0,Faible
710364258,Client actuel,53,F,2,Sans diplôme,Marié(e),Non connu,Blue,41,2,2,1217,48,0.077,0,0,0,0,1,1,Faible
816033783,Client actuel,26,M,0,Lycée (équivalent baccalauréat),Célibataire,$60K - $80K,Blue,21,2,3,957,34,0.572,0,0,0,1,0,1,Faible
715065483,Client actuel,45,F,3,Licence,Divorcé(e),Moins de $40K,Blue,36,3,3,1595,45,0.196,0,0,0,1,0,1,Faible
718751133,Client actuel,36,F,2,Non connu,Marié(e),Moins de $40K,Blue,26,1,4,2435,30,0.765,0,1,0,1,0,2,Modéré
713983308,Client actuel,60,M,0,Master,Marié(e),$60K - $80K,Blue,49,1,4,1928,35,0.606,0,1,0,1,0,2,Modéré
779367858,Client actuel,39,M,4,Lycée (équivalent baccalauréat),Marié(e),$60K - $80K,Blue,28,3,3,1898,58,0.305,0,0,0,0,0,0,Faible
711285633,Client actuel,33,F,0,Non connu,Célibataire,Non connu,Blue,36,1,3,1769,71,0.647,0,0,0,0,0,0,Faible
714974658,Client actuel,48,F,4,Niveau Bac+2,Marié(e),Moins de $40K,Blue,36,1,4,1867,35,0.758,0,1,0,1,0,2,Modéré
716374308,Client actuel,39,M,3,Licence,Marié(e),$60K - $80K,Blue,33,3,2,1875,50,0.539,0,0,0,0,0,0,Faible
713416233,Client actuel,38,M,2,Licence,Marié(e),$80K - $120K,Blue,24,2,2,2076,46,0.64,0,0,0,0,0,0,Faible
797643708,Client actuel,47,M,1,Lycée (équivalent baccalauréat),Célibataire,$120K +,Blue,41,1,4,1314,53,0.047,0,1,0,0,1,2,Modéré
808292958,Client actuel,26,M,0,Licence,Célibataire,Moins de $40K,Blue,20,2,3,495,40,0.344,0,0,1,1,0,2,Modéré
719831958,Client actuel,49,M,3,Niveau Bac+2,Célibataire,$120K +,Blue,36,2,4,0,44,0.0,0,1,1,1,1,4,Élevé
708860358,Client actuel,38,M,3,Lycée (équivalent baccalauréat),Marié(e),$80K - $120K,Blue,22,2,3,694,31,0.109,0,0,0,1,1,2,Modéré
717385983,Client actuel,30,M,0,Licence,Marié(e),Moins de $40K,Blue,21,6,2,0,30,0.0,1,0,1,1,1,4,Élevé
719049033,Client actuel,53,M,3,Lycée (équivalent baccalauréat),Marié(e),$120K +,Blue,44,6,4,1655,60,0.118,1,1,0,0,1,3,Modéré
717581658,Client actuel,49,M,2,Non connu,Célibataire,$60K - $80K,Blue,38,1,2,1586,35,0.644,0,0,0,1,0,1,Faible
714347508,Client actuel,35,M,2,Sans diplôme,Célibataire,$60K - $80K,Blue,21,3,3,1278,74,0.165,0,0,0,0,0,0,Faible
803833608,Client actuel,40,M,3,Sans diplôme,Célibataire,$40K - $60K,Silver,33,1,3,564,38,0.026,0,0,1,1,1,3,Modéré
712576908,Client actuel,30,M,0,Lycée (équivalent baccalauréat),Marié(e),$60K - $80K,Blue,36,2,4,2252,24,0.499,0,1,0,1,0,2,Modéré
778511733,Client actuel,42,F,3,Niveau Bac+2,Célibataire,$40K - $60K,Blue,30,3,2,1812,44,0.334,0,0,0,1,0,1,Faible
721464783,Client actuel,62,F,0,Licence,Marié(e),Moins de $40K,Blue,36,2,2,1540,47,0.873,0,0,0,0,0,0,Faible
713126733,Client actuel,56,M,3,Niveau Bac+2,Marié(e),$120K +,Blue,43,2,2,2517,30,0.144,0,0,0,1,1,2,Modéré
719688408,Client actuel,45,M,3,Licence,Marié(e),$80K - $120K,Silver,36,2,3,0,68,0.0,0,0,1,0,1,2,Modéré
779811183,Client actuel,35,F,3,Sans diplôme,Marié(e),Moins de $40K,Blue,25,1,2,1118,30,0.52,0,0,0,1,0,1,Faible
771086208,Client actuel,57,F,2,Licence,Marié(e),Moins de $40K,Blue,44,4,4,1530,43,0.245,1,1,0,1,0,3,Modéré
715217733,Client actuel,33,F,2,Lycée (équivalent baccalauréat),Célibataire,Non connu,Blue,25,1,4,792,61,0.066,0,1,0,0,1,2,Modéré
711876333,Client actuel,53,M,3,Licence,Marié(e),$80K - $120K,Blue,36,1,4,2151,29,0.295,0,1,0,1,0,2,Modéré
715256658,Client actuel,50,M,2,Niveau Bac+2,Célibataire,$60K - $80K,Blue,36,3,2,688,58,0.115,0,0,0,0,1,1,Faible
711329658,Client actuel,30,M,0,Lycée (équivalent baccalauréat),Célibataire,$120K +,Blue,13,1,4,1965,42,0.218,0,1,0,1,0,2,Modéré
710227908,Client actuel,37,F,3,Licence,Célibataire,Moins de $40K,Blue,36,2,3,1397,74,0.23,0,0,0,0,0,0,Faible
716362008,Client actuel,37,M,2,Doctorat,Marié(e),$40K - $60K,Blue,29,3,2,1009,35,0.558,0,0,0,1,0,1,Faible
714939708,Client actuel,45,M,3,Licence,Célibataire,$80K - $120K,Blue,36,1,3,0,74,0.0,0,0,1,0,1,2,Modéré
719431608,Client actuel,63,F,0,Niveau Bac+2,Marié(e),$40K - $60K,Blue,53,1,4,1528,24,0.49,0,1,0,1,0,2,Modéré
769411758,Client actuel,43,M,1,Licence,Célibataire,$60K - $80K,Blue,37,3,4,922,39,0.046,0,1,0,1,1,3,Modéré
714248733,Client actuel,26,F,0,Non connu,Célibataire,Non connu,Blue,13,1,2,1240,46,0.282,0,0,0,0,0,0,Faible
804481608,Client actuel,37,F,1,Non connu,Célibataire,Moins de $40K,Blue,32,3,3,0,60,0.0,0,0,1,0,1,2,Modéré
714631833,Client actuel,53,M,4,Licence,Marié(e),$60K - $80K,Blue,44,2,4,1324,38,0.671,0,1,0,1,0,2,Modéré
769751958,Client actuel,55,M,3,Non connu,Marié(e),$120K +,Blue,49,2,4,2018,57,0.203,0,1,0,0,0,1,Faible
717999183,Client actuel,36,M,3,Lycée (équivalent baccalauréat),Marié(e),$60K - $80K,Blue,36,3,3,1659,58,0.404,0,0,0,0,0,0,Faible
713075283,Client actuel,51,M,3,Lycée (équivalent baccalauréat),Célibataire,$120K +,Blue,36,1,4,2504,51,0.121,0,1,0,0,1,2,Modéré
711561108,Client actuel,36,M,4,Licence,Marié(e),$80K - $120K,Blue,24,1,2,892,71,0.055,0,0,0,0,1,1,Faible
709854483,Client actuel,35,F,1,Lycée (équivalent baccalauréat),Marié(e),Non connu,Blue,17,3,3,2517,62,0.549,0,0,0,0,0,0,Faible
713630733,Client actuel,34,F,2,Licence,Célibataire,Moins de $40K,Blue,24,3,3,1955,54,0.342,0,0,0,0,0,0,Faible
717599283,Client actuel,57,M,0,Doctorat,Marié(e),$60K - $80K,Blue,36,1,2,1206,49,0.226,0,0,0,0,0,0,Faible
712730583,Client actuel,29,M,0,Sans diplôme,Marié(e),$60K - $80K,Blue,20,2,3,1201,50,0.14,0,0,0,0,1,1,Faible
712142733,Client actuel,37,F,3,Master,Marié(e),Moins de $40K,Blue,26,3,2,1164,39,0.609,0,0,0,1,0,1,Faible
720153258,Client actuel,53,F,2,Niveau Bac+2,Célibataire,Moins de $40K,Blue,45,3,3,1083,62,0.174,0,0,0,0,0,0,Faible
814086333,Client actuel,36,M,3,Niveau Bac+2,Marié(e),$40K - $60K,Blue,31,2,4,1337,44,0.602,0,1,0,1,0,2,Modéré
715524708,Client actuel,49,M,5,Non connu,Célibataire,$40K - $60K,Silver,41,2,2,1710,31,0.082,0,0,0,1,1,2,Modéré
713307708,Client actuel,64,F,0,Non connu,Marié(e),$40K - $60K,Blue,55,3,2,2517,37,0.869,0,0,0,1,0,1,Faible
714069858,Client actuel,53,M,3,Licence,Marié(e),$60K - $80K,Blue,36,3,2,2517,45,0.711,0,0,0,1,0,1,Faible
712789383,Client actuel,52,M,1,Licence,Marié(e),$120K +,Blue,44,1,4,2097,59,0.226,0,1,0,0,0,1,Faible
787983633,Client actuel,35,F,3,Sans diplôme,Marié(e),Moins de $40K,Blue,26,1,3,2517,33,0.79,0,0,0,1,0,1,Faible
717130383,Client actuel,50,M,0,Sans diplôme,Marié(e),$60K - $80K,Blue,36,3,3,707,30,0.303,0,0,0,1,0,1,Faible
720770883,Client actuel,65,F,0,Licence,Célibataire,Moins de $40K,Blue,56,3,3,0,61,0.0,0,0,1,0,1,2,Modéré
716797758,Client actuel,53,F,2,Non connu,Marié(e),Moins de $40K,Blue,44,2,4,0,33,0.0,0,1,1,1,1,4,Élevé
713835258,Client actuel,53,M,1,Non connu,Marié(e),$120K +,Blue,48,2,3,2083,40,0.675,0,0,0,1,0,1,Faible
720677733,Client actuel,40,M,3,Licence,Célibataire,$80K - $120K,Silver,36,3,0,1002,68,0.029,0,0,0,0,1,1,Faible
718587858,Client actuel,39,M,4,Lycée (équivalent baccalauréat),Marié(e),$60K - $80K,Blue,31,1,4,2032,39,0.171,0,1,0,1,0,2,Modéré
710263608,Client actuel,53,F,3,Lycée (équivalent baccalauréat),Marié(e),Non connu,Blue,36,2,4,821,46,0.074,0,1,0,0,1,2,Modéré
715055433,Client actuel,36,M,3,Sans diplôme,Marié(e),$60K - $80K,Blue,22,3,4,1772,44,0.797,0,1,0,1,0,2,Modéré
715498308,Client actuel,35,F,2,Licence,Marié(e),$40K - $60K,Blue,36,3,4,1603,41,0.464,0,1,0,1,0,2,Modéré
708099183,Client actuel,37,F,2,Lycée (équivalent baccalauréat),Célibataire,Moins de $40K,Blue,36,2,2,1873,63,0.327,0,0,0,0,0,0,Faible
716452908,Client actuel,36,F,1,Non connu,Célibataire,Moins de $40K,Blue,36,2,3,1421,44,0.154,0,0,0,1,1,2,Modéré
789959283,Client actuel,39,M,2,Niveau Bac+2,Célibataire,$80K - $120K,Blue,24,3,2,1775,40,0.437,0,0,0,1,0,1,Faible
713536158,Client actuel,65,M,1,Niveau Bac+2,Marié(e),Moins de $40K,Blue,56,3,2,0,31,0.0,0,0,1,1,1,3,Modéré
716750358,Client actuel,45,F,1,Non connu,Marié(e),Moins de $40K,Blue,32,1,3,1562,82,0.245,0,0,0,0,0,0,Faible
815299833,Client actuel,38,F,2,Licence,Marié(e),Moins de $40K,Blue,33,2,3,1717,61,0.771,0,0,0,0,0,0,Faible
779883933,Client actuel,40,F,4,Licence,Marié(e),Moins de $40K,Blue,24,3,2,1402,34,0.175,0,0,0,1,0,1,Faible
716612958,Client actuel,35,F,2,Niveau Bac+2,Marié(e),$40K - $60K,Blue,29,1,3,1726,36,0.157,0,0,0,1,1,2,Modéré
715859058,Client actuel,54,M,3,Master,Marié(e),$120K +,Blue,42,3,4,2165,37,0.7,0,1,0,1,0,2,Modéré
772031733,Client actuel,40,M,4,Licence,Marié(e),$80K - $120K,Blue,29,1,2,690,56,0.048,0,0,0,0,1,1,Faible
720668358,Client actuel,59,M,0,Sans diplôme,Célibataire,$40K - $60K,Blue,46,3,3,997,36,0.605,0,0,0,1,0,1,Faible
719649408,Client actuel,46,M,2,Lycée (équivalent baccalauréat),Marié(e),$60K - $80K,Blue,35,3,3,763,44,0.055,0,0,0,1,1,2,Modéré
715457658,Client actuel,29,F,1,Licence,Marié(e),Non connu,Blue,19,3,4,1465,48,0.857,0,1,0,0,0,1,Faible
711934308,Client actuel,38,M,3,Licence,Célibataire,$40K - $60K,Blue,19,2,3,0,62,0.0,0,0,1,0,1,2,Modéré
781326483,Client actuel,31,M,0,Licence,Divorcé(e),$60K - $80K,Blue,25,1,2,0,58,0.0,0,0,1,0,1,2,Modéré
712557708,Client actuel,35,M,1,Lycée (équivalent baccalauréat),Marié(e),$60K - $80K,Blue,21,2,2,2317,61,0.363,0,0,0,0,0,0,Faible
789187908,Client actuel,56,M,2,Sans diplôme,Célibataire,$80K - $120K,Blue,45,2,2,1946,36,0.175,0,0,0,1,0,1,Faible
773297508,Client actuel,34,M,3,Niveau Bac+2,Marié(e),$80K - $120K,Blue,28,1,3,1999,36,0.081,0,0,0,1,1,2,Modéré
716529258,Client actuel,42,M,4,Doctorat,Marié(e),$80K - $120K,Blue,27,3,4,0,35,0.0,0,1,1,1,1,4,Élevé
708242283,Client actuel,29,M,1,Niveau Bac+2,Célibataire,$60K - $80K,Blue,36,3,2,0,80,0.0,0,0,1,0,1,2,Modéré
789247458,Client actuel,32,M,0,Licence,Célibataire,$40K - $60K,Blue,21,2,3,1472,54,0.526,0,0,0,0,0,0,Faible
717100833,Client actuel,37,F,2,Lycée (équivalent baccalauréat),Marié(e),Moins de $40K,Blue,27,6,2,0,31,0.0,1,0,1,1,1,4,Élevé
716870583,Client actuel,36,F,3,Non connu,Marié(e),Moins de $40K,Blue,36,5,3,1628,55,0.584,1,0,0,0,0,1,Faible
719999508,Client actuel,37,M,3,Non connu,Marié(e),$60K - $80K,Blue,24,1,2,816,45,0.069,0,0,0,1,1,2,Modéré
721236408,Client actuel,38,M,2,Licence,Célibataire,$80K - $120K,Blue,29,3,3,2517,41,0.334,0,0,0,1,0,1,Faible
716882658,Client actuel,62,F,2,Licence,Marié(e),Moins de $40K,Blue,51,2,4,1632,55,0.547,0,1,0,0,0,1,Faible
713734758,Client actuel,35,F,2,Licence,Marié(e),Non connu,Blue,23,2,2,2375,50,0.353,0,0,0,0,0,0,Faible
709085358,Client actuel,36,M,1,Licence,Célibataire,$60K - $80K,Blue,36,3,4,1817,67,0.699,0,1,0,0,0,1,Faible
715785933,Client actuel,54,M,3,Niveau Bac+2,Marié(e),$80K - $120K,Blue,45,3,0,1655,58,0.49,0,0,0,0,0,0,Faible
717159858,Client actuel,27,M,1,Lycée (équivalent baccalauréat),Célibataire,$60K - $80K,Blue,18,2,2,1351,61,0.495,0,0,0,0,0,0,Faible
787516908,Client actuel,56,F,2,Licence,Marié(e),Moins de $40K,Blue,45,3,3,1844,58,0.692,0,0,0,0,0,0,Faible
711145008,Client actuel,60,F,1,Licence,Marié(e),$40K - $60K,Blue,47,3,2,2053,29,0.409,0,0,0,1,0,1,Faible
715013733,Client actuel,54,M,4,Licence,Marié(e),$60K - $80K,Blue,36,3,3,2303,25,0.334,0,0,0,1,0,1,Faible
717098208,Client actuel,48,M,3,Non connu,Célibataire,$80K - $120K,Blue,41,2,2,950,51,0.162,0,0,0,0,0,0,Faible
737982408,Client actuel,33,M,1,Niveau Bac+2,Célibataire,$80K - $120K,Blue,26,3,4,1608,55,0.084,0,1,0,0,1,2,Modéré
713216883,Client actuel,64,F,0,Non connu,Marié(e),Moins de $40K,Blue,55,3,4,1904,41,0.544,0,1,0,1,0,2,Modéré
709361058,Client actuel,35,M,2,Licence,Marié(e),$60K - $80K,Blue,24,1,3,0,47,0.0,0,0,1,0,1,2,Modéré
710312658,Client actuel,54,F,2,Non connu,Marié(e),Moins de $40K,Blue,43,3,3,1819,27,0.29,0,0,0,1,0,1,Faible
773383158,Client actuel,29,F,1,Niveau Bac+2,Célibataire,Moins de $40K,Blue,23,3,4,0,69,0.0,0,1,1,0,1,3,Modéré
717667833,Client actuel,34,M,1,Licence,Marié(e),$40K - $60K,Blue,36,2,3,1285,33,0.344,0,0,0,1,0,1,Faible
716998608,Client actuel,48,M,3,Licence,Non connu,$60K - $80K,Blue,36,3,2,1252,44,0.187,0,0,0,1,0,1,Faible
772086408,Client actuel,38,M,3,Lycée (équivalent baccalauréat),Célibataire,$80K - $120K,Blue,27,1,4,943,35,0.153,0,1,0,1,1,3,Modéré
708597558,Client actuel,42,M,3,Lycée (équivalent baccalauréat),Célibataire,$60K - $80K,Blue,36,4,3,795,68,0.238,1,0,0,0,0,1,Faible
718011783,Client actuel,55,M,3,Licence,Marié(e),$40K - $60K,Blue,36,3,3,1337,38,0.606,0,0,0,1,0,1,Faible
714360033,Client actuel,62,M,1,Lycée (équivalent baccalauréat),Marié(e),$40K - $60K,Blue,43,1,3,1444,44,0.324,0,0,0,1,0,1,Faible
811005858,Client actuel,33,F,0,Non connu,Marié(e),Moins de $40K,Blue,28,2,4,0,70,0.0,0,1,1,0,1,3,Modéré
794485158,Client actuel,38,M,2,Non connu,Célibataire,$80K - $120K,Blue,18,1,2,1475,46,0.679,0,0,0,0,0,0,Faible
708513183,Client actuel,39,M,1,Sans diplôme,Marié(e),$40K - $60K,Blue,29,2,2,1267,58,0.293,0,0,0,0,0,0,Faible
719353158,Client actuel,56,M,1,Niveau Bac+2,Marié(e),$80K - $120K,Blue,45,1,3,1468,36,0.354,0,0,0,1,0,1,Faible
711436083,Client actuel,36,M,1,Licence,Marié(e),Moins de $40K,Blue,18,3,3,1003,46,0.494,0,0,0,0,0,0,Faible
780374133,Client actuel,29,M,1,Niveau Bac+2,Célibataire,$80K - $120K,Blue,19,3,3,2103,48,0.3,0,0,0,0,0,0,Faible
739117233,Client actuel,57,M,3,Lycée (équivalent baccalauréat),Marié(e),$120K +,Blue,50,3,2,1530,58,0.477,0,0,0,0,0,0,Faible
708486033,Client actuel,55,F,3,Master,Marié(e),Non connu,Blue,36,2,3,1521,48,0.092,0,0,0,0,1,1,Faible
795237183,Client actuel,51,F,2,Licence,Marié(e),$40K - $60K,Blue,45,2,4,0,32,0.0,0,1,1,1,1,4,Élevé
788788758,Client actuel,57,F,3,Niveau Bac+2,Célibataire,Non connu,Blue,39,1,2,1752,46,0.235,0,0,0,0,0,0,Faible
709635858,Client actuel,56,F,3,Licence,Marié(e),Moins de $40K,Blue,45,2,3,0,27,0.0,0,0,1,1,1,3,Modéré
789701658,Client actuel,26,M,0,Niveau Bac+2,Célibataire,$40K - $60K,Blue,13,2,2,1196,33,0.584,0,0,0,1,0,1,Faible
713484483,Client actuel,36,F,4,Sans diplôme,Célibataire,Non connu,Silver,21,1,2,907,55,0.026,0,0,0,0,1,1,Faible
711954558,Client actuel,53,F,3,Licence,Marié(e),$40K - $60K,Blue,44,3,4,2357,34,0.894,0,1,0,1,0,2,Modéré
712655583,Client actuel,41,M,3,Licence,Marié(e),$40K - $60K,Blue,32,3,2,915,44,0.142,0,0,0,1,1,2,Modéré
779686683,Client actuel,26,F,0,Master,Célibataire,Moins de $40K,Blue,13,3,2,1668,34,0.575,0,0,0,1,0,1,Faible
711226758,Client actuel,51,F,1,Niveau Bac+2,Divorcé(e),Moins de $40K,Blue,42,2,3,1669,53,0.417,0,0,0,0,0,0,Faible
713241033,Client actuel,34,M,0,Licence,Marié(e),$60K - $80K,Blue,26,3,3,977,49,0.189,0,0,0,0,0,0,Faible
788754108,Client actuel,65,F,1,Non connu,Célibataire,$40K - $60K,Blue,48,2,4,637,78,0.139,0,1,1,0,1,3,Modéré
717013383,Client actuel,52,M,2,Lycée (équivalent baccalauréat),Célibataire,$80K - $120K,Blue,43,3,4,1518,53,0.049,0,1,0,0,1,2,Modéré
712634133,Client actuel,54,F,2,Licence,Marié(e),Moins de $40K,Blue,45,2,4,1671,37,0.623,0,1,0,1,0,2,Modéré
778627983,Client actuel,40,F,3,Licence,Marié(e),Non connu,Blue,20,1,3,1140,49,0.623,0,0,0,0,0,0,Faible
720241758,Client actuel,55,M,0,Doctorat,Célibataire,$80K - $120K,Blue,36,1,3,1671,25,0.202,0,0,0,1,0,1,Faible
720814233,Client actuel,45,M,4,Lycée (équivalent baccalauréat),Non connu,$80K - $120K,Blue,34,3,3,1261,38,0.054,0,0,0,1,1,2,Modéré
785080308,Client actuel,37,F,2,Lycée (équivalent baccalauréat),Marié(e),Moins de $40K,Blue,31,3,3,0,48,0.0,0,0,1,0,1,2,Modéré
713358633,Client actuel,30,M,1,Licence,Célibataire,$60K - $80K,Blue,36,1,2,1015,68,0.089,0,0,0,0,1,1,Faible
720392433,Client actuel,55,F,1,Non connu,Marié(e),Moins de $40K,Blue,36,6,2,2517,47,0.881,1,0,0,0,0,1,Faible
720282558,Client actuel,36,M,2,Licence,Célibataire,$80K - $120K,Silver,27,2,4,1568,73,0.045,0,1,0,0,1,2,Modéré
821370858,Client actuel,39,M,1,Licence,Marié(e),$40K - $60K,Blue,35,3,4,1884,39,0.282,0,1,0,1,0,2,Modéré
799249833,Client actuel,34,M,2,Licence,Célibataire,Moins de $40K,Blue,28,1,4,844,71,0.19,0,1,0,0,0,1,Faible
713016633,Client actuel,47,M,3,Lycée (équivalent baccalauréat),Célibataire,$60K - $80K,Blue,36,3,2,1582,36,0.296,0,0,0,1,0,1,Faible
814471983,Client actuel,42,M,3,Lycée (équivalent baccalauréat),Divorcé(e),$80K - $120K,Blue,37,3,3,0,41,0.0,0,0,1,1,1,3,Modéré
779612808,Client actuel,61,M,1,Licence,Marié(e),$40K - $60K,Blue,50,2,4,2360,35,0.932,0,1,0,1,0,2,Modéré
716692683,Client actuel,31,M,1,Niveau Bac+2,Célibataire,$40K - $60K,Blue,22,1,3,0,54,0.0,0,0,1,0,1,2,Modéré
716038533,Client actuel,42,F,3,Licence,Non connu,Moins de $40K,Blue,32,1,2,902,35,0.126,0,0,0,1,1,2,Modéré
714421233,Client actuel,54,F,0,Licence,Marié(e),Moins de $40K,Blue,36,3,4,1723,34,0.319,0,1,0,1,0,2,Modéré
709783908,Client actuel,52,F,3,Non connu,Marié(e),Moins de $40K,Blue,47,3,2,1170,50,0.513,0,0,0,0,0,0,Faible
812788233,Client actuel,31,F,0,Licence,Marié(e),Moins de $40K,Blue,21,1,4,1305,43,0.207,0,1,0,1,0,2,Modéré
772452783,Client actuel,43,M,3,Non connu,Marié(e),$40K - $60K,Blue,33,1,2,1640,46,0.373,0,0,0,0,0,0,Faible
714002658,Client actuel,49,M,2,Non connu,Marié(e),$120K +,Blue,34,4,2,1623,31,0.059,1,0,0,1,1,3,Modéré
713464983,Client actuel,45,F,2,Licence,Non connu,$40K - $60K,Blue,36,3,4,1053,76,0.213,0,1,0,0,0,1,Faible
713910108,Client actuel,38,M,1,Licence,Célibataire,$80K - $120K,Blue,28,2,3,2375,43,0.602,0,0,0,1,0,1,Faible
808169358,Client actuel,57,M,2,Sans diplôme,Célibataire,$40K - $60K,Blue,52,3,4,2289,50,0.186,0,1,0,0,0,1,Faible
714013083,Client actuel,63,F,2,Licence,Marié(e),$40K - $60K,Blue,53,2,4,1874,32,0.611,0,1,0,1,0,2,Modéré
715381533,Client actuel,42,F,4,Master,Célibataire,Moins de $40K,Blue,36,2,3,674,55,0.469,0,0,1,0,0,1,Faible
717678408,Client actuel,61,F,1,Doctorat,Marié(e),$40K - $60K,Blue,47,2,4,2517,51,0.292,0,1,0,0,0,1,Faible
719143308,Client actuel,37,M,2,Non connu,Célibataire,$40K - $60K,Blue,28,4,3,0,85,0.0,1,0,1,0,1,3,Modéré
757481283,Client actuel,35,M,3,Niveau Bac+2,Marié(e),$60K - $80K,Blue,28,3,4,2159,35,0.312,0,1,0,1,0,2,Modéré
808681158,Client actuel,57,M,0,Licence,Célibataire,$80K - $120K,Blue,52,6,4,2379,35,0.928,1,1,0,1,0,3,Modéré
718867683,Client actuel,64,M,1,Non connu,Marié(e),Moins de $40K,Blue,55,3,4,1904,43,0.7,0,1,0,1,0,2,Modéré
714618333,Client actuel,39,F,2,Doctorat,Marié(e),Non connu,Blue,36,2,4,2154,35,0.219,0,1,0,1,0,2,Modéré
794562783,Client actuel,28,F,0,Non connu,Célibataire,Non connu,Blue,13,3,2,661,51,0.03,0,0,1,0,1,2,Modéré
708208758,Client actuel,53,M,1,Licence,Célibataire,$80K - $120K,Blue,45,3,2,883,48,0.484,0,0,0,0,0,0,Faible
794504658,Client actuel,39,M,1,Non connu,Marié(e),$60K - $80K,Blue,24,3,0,1829,44,0.318,0,0,0,1,0,1,Faible
714772758,Client actuel,35,F,3,Licence,Marié(e),Moins de $40K,Blue,27,2,4,1346,48,0.46,0,1,0,0,0,1,Faible
713830233,Client actuel,47,F,5,Lycée (équivalent baccalauréat),Marié(e),$40K - $60K,Blue,36,3,2,1813,60,0.257,0,0,0,0,0,0,Faible
713577483,Client actuel,47,M,4,Non connu,Marié(e),$80K - $120K,Blue,35,3,4,1430,31,0.256,0,1,0,1,0,2,Modéré
814513008,Client actuel,38,M,2,Licence,Marié(e),$80K - $120K,Blue,33,3,3,2033,43,0.211,0,0,0,1,0,1,Faible
712765158,Client actuel,26,F,1,Lycée (équivalent baccalauréat),Célibataire,Moins de $40K,Blue,15,3,3,2162,47,0.852,0,0,0,0,0,0,Faible
714411108,Client actuel,37,F,3,Licence,Célibataire,Non connu,Blue,28,2,3,610,68,0.167,0,0,1,0,0,1,Faible
720231108,Client actuel,57,M,2,Licence,Célibataire,Moins de $40K,Blue,39,4,3,0,57,0.0,1,0,1,0,1,3,Modéré
709035708,Client actuel,38,F,0,Non connu,Marié(e),Moins de $40K,Blue,36,2,3,1246,35,0.677,0,0,0,1,0,1,Faible
720662508,Client actuel,39,M,1,Licence,Célibataire,$120K +,Blue,25,3,2,1529,38,0.265,0,0,0,1,0,1,Faible
708623283,Client actuel,35,M,2,Sans diplôme,Célibataire,$60K - $80K,Blue,16,3,2,0,61,0.0,0,0,1,0,1,2,Modéré
813247083,Client actuel,38,M,2,Licence,Célibataire,$80K - $120K,Blue,33,3,2,618,26,0.038,0,0,1,1,1,3,Modéré
780078333,Client actuel,56,M,2,Non connu,Marié(e),$60K - $80K,Blue,41,2,2,659,26,0.112,0,0,1,1,1,3,Modéré
811915383,Client actuel,36,M,3,Sans diplôme,Marié(e),$40K - $60K,Blue,31,2,2,1986,50,0.63,0,0,0,0,0,0,Faible
716349183,Client actuel,58,F,1,Sans diplôme,Marié(e),Non connu,Blue,36,2,3,0,54,0.0,0,0,1,0,1,2,Modéré
710067183,Client actuel,28,M,1,Lycée (équivalent baccalauréat),Célibataire,Moins de $40K,Blue,36,2,3,0,81,0.0,0,0,1,0,1,2,Modéré
771234558,Client actuel,65,F,0,Licence,Célibataire,Moins de $40K,Blue,56,3,2,0,62,0.0,0,0,1,0,1,2,Modéré
820288233,Client actuel,26,F,0,Sans diplôme,Célibataire,Moins de $40K,Blue,20,3,4,0,39,0.0,0,1,1,1,1,4,Élevé
717511533,Client actuel,28,M,0,Licence,Célibataire,Moins de $40K,Blue,36,2,4,1191,87,0.698,0,1,0,0,0,1,Faible
711642108,Client actuel,30,F,1,Sans diplôme,Marié(e),Non connu,Blue,13,2,2,917,35,0.228,0,0,0,1,0,1,Faible
712495233,Client actuel,31,F,0,Sans diplôme,Marié(e),Moins de $40K,Blue,19,3,2,1699,53,0.717,0,0,0,0,0,0,Faible
718484283,Client actuel,57,M,3,Master,Marié(e),$60K - $80K,Blue,36,1,4,2517,49,0.724,0,1,0,0,0,1,Faible
717413658,Client actuel,43,M,4,Lycée (équivalent baccalauréat),Marié(e),$40K - $60K,Blue,32,2,2,989,47,0.643,0,0,0,0,0,0,Faible
715934283,Client actuel,39,F,2,Lycée (équivalent baccalauréat),Célibataire,$40K - $60K,Blue,26,3,2,1639,56,0.522,0,0,0,0,0,0,Faible
717499083,Client actuel,35,M,0,Non connu,Célibataire,$60K - $80K,Blue,36,1,2,0,78,0.0,0,0,1,0,1,2,Modéré
715279683,Client actuel,52,F,2,Sans diplôme,Marié(e),$40K - $60K,Blue,36,1,4,0,39,0.0,0,1,1,1,1,4,Élevé
718971333,Client actuel,33,M,1,Licence,Célibataire,$80K - $120K,Blue,20,3,2,925,51,0.07,0,0,0,0,1,1,Faible
709219533,Client actuel,53,M,3,Lycée (équivalent baccalauréat),Marié(e),$60K - $80K,Blue,41,1,0,1351,36,0.545,0,0,0,1,0,1,Faible
709150608,Client actuel,30,F,0,Non connu,Marié(e),Moins de $40K,Blue,19,1,4,0,64,0.0,0,1,1,0,1,3,Modéré
788259558,Client actuel,59,M,0,Non connu,Marié(e),Moins de $40K,Blue,51,3,4,1028,28,0.655,0,1,0,1,0,2,Modéré
802464033,Client actuel,65,F,0,Licence,Marié(e),Moins de $40K,Blue,56,3,3,1262,41,0.283,0,0,0,1,0,1,Faible
712757808,Client actuel,33,F,2,Sans diplôme,Marié(e),Moins de $40K,Blue,22,2,4,0,40,0.0,0,1,1,1,1,4,Élevé
714457083,Client actuel,52,F,2,Lycée (équivalent baccalauréat),Marié(e),Non connu,Blue,44,3,2,2219,24,0.642,0,0,0,1,0,1,Faible
713413758,Client actuel,26,F,1,Niveau Bac+2,Célibataire,Non connu,Blue,16,3,3,1599,44,0.581,0,0,0,1,0,1,Faible
708741633,Client actuel,52,M,4,Lycée (équivalent baccalauréat),Marié(e),$60K - $80K,Blue,44,3,4,0,41,0.0,0,1,1,1,1,4,Élevé
714043833,Client actuel,37,F,3,Licence,Célibataire,Moins de $40K,Blue,36,2,4,1396,85,0.379,0,1,0,0,0,1,Faible
789577833,Client actuel,56,M,2,Licence,Marié(e),$120K +,Blue,49,1,4,1932,29,0.217,0,1,0,1,0,2,Modéré
787570758,Client actuel,35,M,2,Sans diplôme,Marié(e),$120K +,Blue,26,3,4,1596,44,0.542,0,1,0,1,0,2,Modéré
720371733,Client actuel,58,F,0,Licence,Marié(e),Moins de $40K,Blue,47,3,2,786,39,0.352,0,0,0,1,0,1,Faible
819117183,Client actuel,34,F,3,Non connu,Marié(e),$40K - $60K,Blue,29,2,4,909,48,0.579,0,1,0,0,0,1,Faible
711776433,Client actuel,37,M,3,Sans diplôme,Célibataire,$80K - $120K,Blue,26,2,2,1153,65,0.049,0,0,0,0,1,1,Faible
709583133,Client actuel,53,M,3,Sans diplôme,Marié(e),$40K - $60K,Blue,40,3,3,1442,54,0.434,0,0,0,0,0,0,Faible
719521983,Client actuel,38,M,2,Sans diplôme,Marié(e),$40K - $60K,Blue,31,3,3,1698,32,0.278,0,0,0,1,0,1,Faible
718415133,Client actuel,38,M,1,Sans diplôme,Célibataire,$80K - $120K,Blue,25,1,3,0,34,0.0,0,0,1,1,1,3,Modéré
710594358,Client actuel,28,F,0,Non connu,Célibataire,Moins de $40K,Silver,36,3,4,873,72,0.059,0,1,0,0,1,2,Modéré
709730508,Client actuel,39,F,0,Lycée (équivalent baccalauréat),Célibataire,Non connu,Blue,27,3,3,0,61,0.0,0,0,1,0,1,2,Modéré
720462633,Client actuel,43,F,3,Sans diplôme,Célibataire,Moins de $40K,Blue,29,2,3,643,49,0.155,0,0,1,0,1,2,Modéré
715005558,Client actuel,36,M,2,Niveau Bac+2,Célibataire,$80K - $120K,Blue,36,2,2,2147,65,0.256,0,0,0,0,0,0,Faible
779993208,Client actuel,38,F,2,Sans diplôme,Marié(e),Moins de $40K,Blue,28,3,3,0,27,0.0,0,0,1,1,1,3,Modéré
787543008,Client actuel,37,M,1,Licence,Célibataire,$40K - $60K,Blue,27,3,4,1695,61,0.44,0,1,0,0,0,1,Faible
743265108,Client actuel,37,M,4,Niveau Bac+2,Célibataire,$60K - $80K,Blue,30,1,4,827,49,0.052,0,1,0,0,1,2,Modéré
713770383,Client actuel,29,F,0,Sans diplôme,Divorcé(e),Moins de $40K,Blue,19,4,4,0,74,0.0,1,1,1,0,1,4,Élevé
712392108,Client actuel,51,M,3,Lycée (équivalent baccalauréat),Marié(e),$60K - $80K,Blue,36,2,4,691,25,0.067,0,1,0,1,1,3,Modéré
720145683,Client actuel,54,M,1,Niveau Bac+2,Marié(e),$60K - $80K,Blue,42,2,2,2517,35,0.843,0,0,0,1,0,1,Faible
714832383,Client actuel,35,M,0,Lycée (équivalent baccalauréat),Célibataire,$80K - $120K,Gold,29,2,3,1965,70,0.057,0,0,0,0,1,1,Faible
772706283,Client actuel,38,F,2,Niveau Bac+2,Marié(e),$40K - $60K,Blue,28,3,4,1579,43,0.252,0,1,0,1,0,2,Modéré
795920358,Client actuel,33,F,2,Lycée (équivalent baccalauréat),Marié(e),Moins de $40K,Blue,27,2,3,0,45,0.0,0,0,1,1,1,3,Modéré
716277558,Client actuel,45,F,1,Sans diplôme,Célibataire,Moins de $40K,Blue,36,3,4,1961,47,0.598,0,1,0,0,0,1,Faible
764776833,Client actuel,61,M,0,Licence,Marié(e),$40K - $60K,Blue,54,3,2,1646,30,0.535,0,0,0,1,0,1,Faible
710795883,Client actuel,33,F,3,Sans diplôme,Marié(e),Moins de $40K,Blue,16,1,4,1864,50,0.913,0,1,0,0,0,1,Faible
710428308,Client actuel,55,M,4,Lycée (équivalent baccalauréat),Célibataire,$60K - $80K,Blue,51,1,4,1553,51,0.776,0,1,0,0,0,1,Faible
721096983,Client actuel,34,F,2,Licence,Célibataire,Moins de $40K,Blue,36,3,4,2517,46,0.694,0,1,0,0,0,1,Faible
715760733,Client actuel,58,M,4,Lycée (équivalent baccalauréat),Marié(e),$40K - $60K,Blue,47,3,4,1885,25,0.242,0,1,0,1,0,2,Modéré
718227033,Client actuel,38,F,4,Licence,Marié(e),Moins de $40K,Blue,30,1,2,1702,53,0.286,0,0,0,0,0,0,Faible
719517258,Client actuel,57,M,4,Non connu,Marié(e),$80K - $120K,Blue,36,3,4,1364,67,0.18,0,1,0,0,0,1,Faible
714111333,Client actuel,55,M,1,Lycée (équivalent baccalauréat),Marié(e),$60K - $80K,Blue,46,1,3,0,38,0.0,0,0,1,1,1,3,Modéré
717551358,Client actuel,63,M,0,Licence,Marié(e),$60K - $80K,Blue,55,1,4,2517,56,0.708,0,1,0,0,0,1,Faible
813573333,Client actuel,60,M,1,Lycée (équivalent baccalauréat),Marié(e),Moins de $40K,Blue,55,1,4,1466,25,0.551,0,1,0,1,0,2,Modéré
711709683,Client actuel,53,F,2,Sans diplôme,Marié(e),Moins de $40K,Blue,36,1,4,1405,48,0.401,0,1,0,0,0,1,Faible
712902483,Client actuel,35,M,3,Lycée (équivalent baccalauréat),Marié(e),$60K - $80K,Blue,24,2,2,1699,43,0.822,0,0,0,1,0,1,Faible
710893533,Client actuel,53,M,1,Non connu,Célibataire,$120K +,Blue,42,1,4,877,56,0.105,0,1,0,0,1,2,Modéré
719883858,Client actuel,58,M,2,Licence,Marié(e),Moins de $40K,Blue,48,1,0,0,33,0.0,0,0,1,1,1,3,Modéré
719628033,Client actuel,33,F,1,Master,Marié(e),Non connu,Blue,36,3,3,1130,52,0.273,0,0,0,0,0,0,Faible
712043433,Client actuel,53,M,1,Licence,Célibataire,$80K - $120K,Blue,36,2,2,1180,33,0.104,0,0,0,1,1,2,Modéré
769095558,Client actuel,59,M,1,Doctorat,Célibataire,$60K - $80K,Blue,53,2,2,1560,45,0.172,0,0,0,1,0,1,Faible
816094233,Client actuel,37,M,1,Lycée (équivalent baccalauréat),Célibataire,$120K +,Blue,32,2,2,1409,38,0.081,0,0,0,1,1,2,Modéré
758417508,Client actuel,50,F,4,Lycée (équivalent baccalauréat),Divorcé(e),Moins de $40K,Blue,43,3,4,0,72,0.0,0,1,1,0,1,3,Modéré
721234308,Client actuel,35,F,2,Sans diplôme,Marié(e),Moins de $40K,Blue,21,2,3,1815,62,0.312,0,0,0,0,0,0,Faible
717138558,Client actuel,28,M,0,Master,Marié(e),$40K - $60K,Blue,16,1,3,0,31,0.0,0,0,1,1,1,3,Modéré
798120858,Client actuel,37,M,3,Sans diplôme,Célibataire,$80K - $120K,Blue,31,2,2,1425,44,0.375,0,0,0,1,0,1,Faible
709997958,Client actuel,39,M,3,Licence,Marié(e),$40K - $60K,Blue,28,3,4,0,54,0.0,0,1,1,0,1,3,Modéré
712617408,Client actuel,31,M,1,Master,Célibataire,$40K - $60K,Blue,20,3,3,0,74,0.0,0,0,1,0,1,2,Modéré
720158208,Client actuel,37,M,3,Licence,Marié(e),$60K - $80K,Blue,23,3,2,2167,49,0.714,0,0,0,0,0,0,Faible
716548083,Client actuel,39,M,4,Licence,Marié(e),Moins de $40K,Blue,32,1,4,2360,57,0.794,0,1,0,0,0,1,Faible
717631008,Client actuel,38,M,2,Licence,Célibataire,$80K - $120K,Blue,31,1,2,0,48,0.0,0,0,1,0,1,2,Modéré
813964383,Client actuel,35,M,3,Licence,Célibataire,$40K - $60K,Blue,30,1,3,1226,59,0.137,0,0,0,0,1,1,Faible
719952408,Client actuel,30,M,0,Licence,Marié(e),Moins de $40K,Blue,36,3,2,1623,51,0.636,0,0,0,0,0,0,Faible
771823308,Client actuel,33,F,2,Sans diplôme,Non connu,Moins de $40K,Blue,21,1,4,986,33,0.668,0,1,0,1,0,2,Modéré
719854008,Client actuel,47,M,3,Non connu,Célibataire,$40K - $60K,Blue,36,6,2,1407,32,0.273,1,0,0,1,0,2,Modéré
713998233,Client actuel,37,F,2,Lycée (équivalent baccalauréat),Célibataire,Moins de $40K,Blue,36,2,4,1414,57,0.394,0,1,0,0,0,1,Faible
714746358,Client actuel,38,M,3,Non connu,Marié(e),$60K - $80K,Blue,28,1,2,1680,35,0.362,0,0,0,1,0,1,Faible
713574708,Client actuel,39,M,3,Niveau Bac+2,Célibataire,$40K - $60K,Blue,28,2,2,1177,66,0.718,0,0,0,0,0,0,Faible
714753258,Client actuel,34,M,2,Non connu,Marié(e),$60K - $80K,Blue,36,2,4,1982,50,0.833,0,1,0,0,0,1,Faible
712004208,Client actuel,65,M,0,Licence,Célibataire,Moins de $40K,Blue,56,3,2,0,59,0.0,0,0,1,0,1,2,Modéré
719621958,Client actuel,43,M,3,Licence,Non connu,$60K - $80K,Blue,28,2,3,0,40,0.0,0,0,1,1,1,3,Modéré
823948308,Client actuel,48,M,4,Master,Non connu,$40K - $60K,Blue,44,2,4,1942,37,0.289,0,1,0,1,0,2,Modéré
712064358,Client actuel,38,M,1,Licence,Marié(e),$60K - $80K,Blue,36,3,4,1544,34,0.616,0,1,0,1,0,2,Modéré
758765808,Client actuel,36,F,2,Non connu,Marié(e),Moins de $40K,Blue,29,3,4,1190,40,0.586,0,1,0,1,0,2,Modéré
780881358,Client actuel,35,M,3,Licence,Célibataire,$40K - $60K,Silver,17,3,2,0,74,0.0,0,0,1,0,1,2,Modéré
709422183,Client actuel,58,F,1,Licence,Marié(e),Moins de $40K,Blue,46,2,2,1394,45,0.633,0,0,0,1,0,1,Faible
779951058,Client actuel,54,F,3,Lycée (équivalent baccalauréat),Marié(e),Non connu,Blue,38,2,4,1642,39,0.321,0,1,0,1,0,2,Modéré
809941233,Client actuel,53,M,1,Licence,Célibataire,$80K - $120K,Blue,48,1,3,2390,38,0.777,0,0,0,1,0,1,Faible
710844408,Client actuel,38,M,3,Master,Marié(e),$60K - $80K,Blue,36,3,2,0,28,0.0,0,0,1,1,1,3,Modéré
819002508,Client actuel,31,M,1,Non connu,Célibataire,$40K - $60K,Blue,26,1,2,0,64,0.0,0,0,1,0,1,2,Modéré
807141183,Client actuel,34,M,1,Licence,Marié(e),$120K +,Blue,29,3,2,1412,36,0.095,0,0,0,1,1,2,Modéré
711119358,Client actuel,38,M,3,Non connu,Marié(e),$60K - $80K,Blue,31,1,2,896,52,0.445,0,0,0,0,0,0,Faible
716297658,Client actuel,37,M,2,Licence,Célibataire,$80K - $120K,Blue,36,1,4,0,55,0.0,0,1,1,0,1,3,Modéré
716532258,Client actuel,51,F,1,Lycée (équivalent baccalauréat),Célibataire,Moins de $40K,Blue,43,3,2,1308,55,0.463,0,0,0,0,0,0,Faible
720540708,Client actuel,53,F,3,Sans diplôme,Marié(e),Moins de $40K,Blue,42,2,4,1507,25,0.543,0,1,0,1,0,2,Modéré
720904233,Client actuel,53,M,0,Licence,Célibataire,$80K - $120K,Blue,41,3,2,560,31,0.035,0,0,1,1,1,3,Modéré
720863133,Client actuel,65,M,1,Licence,Marié(e),Moins de $40K,Blue,54,3,4,2517,39,0.783,0,1,0,1,0,2,Modéré
714957108,Client actuel,33,F,3,Lycée (équivalent baccalauréat),Divorcé(e),Moins de $40K,Blue,26,1,3,0,72,0.0,0,0,1,0,1,2,Modéré
790102008,Client actuel,37,M,3,Doctorat,Célibataire,$60K - $80K,Blue,30,1,3,1023,80,0.173,0,0,0,0,0,0,Faible
781933983,Client actuel,47,M,4,Licence,Marié(e),$40K - $60K,Blue,41,3,4,0,76,0.0,0,1,1,0,1,3,Modéré
712643358,Client actuel,59,F,0,Lycée (équivalent baccalauréat),Marié(e),Moins de $40K,Blue,49,2,4,1609,23,0.568,0,1,0,1,0,2,Modéré
716686158,Client actuel,59,F,0,Master,Marié(e),Moins de $40K,Blue,49,2,3,601,32,0.406,0,0,1,1,0,2,Modéré
806894133,Client actuel,34,F,3,Master,Célibataire,Non connu,Blue,29,1,4,1347,55,0.833,0,1,0,0,0,1,Faible
721344858,Client actuel,26,M,0,Sans diplôme,Célibataire,Moins de $40K,Blue,13,4,4,451,36,0.202,1,1,1,1,0,4,Élevé
813230208,Client actuel,45,M,4,Niveau Bac+2,Célibataire,$120K +,Blue,40,3,3,1782,64,0.614,0,0,0,0,0,0,Faible
716835033,Client actuel,54,F,2,Licence,Marié(e),Non connu,Blue,45,3,2,2086,37,0.159,0,0,0,1,1,2,Modéré
787500333,Client actuel,52,M,2,Master,Célibataire,$80K - $120K,Blue,40,1,3,1407,58,0.162,0,0,0,0,0,0,Faible
768582033,Client actuel,47,M,3,Lycée (équivalent baccalauréat),Marié(e),$40K - $60K,Blue,41,3,4,1897,76,0.283,0,1,0,0,0,1,Faible
713992158,Client actuel,57,F,4,Non connu,Marié(e),Moins de $40K,Blue,36,1,2,1004,30,0.465,0,0,0,1,0,1,Faible
719916408,Client actuel,34,M,5,Licence,Marié(e),$60K - $80K,Blue,27,2,2,1909,34,0.763,0,0,0,1,0,1,Faible
789433758,Client actuel,36,M,0,Niveau Bac+2,Célibataire,$80K - $120K,Blue,27,3,2,2379,39,0.375,0,0,0,1,0,1,Faible
719283633,Client actuel,57,F,3,Sans diplôme,Marié(e),$40K - $60K,Blue,49,2,3,1628,29,0.215,0,0,0,1,0,1,Faible
710816358,Client actuel,29,M,1,Master,Marié(e),Moins de $40K,Blue,18,3,2,1466,48,0.495,0,0,0,0,0,0,Faible
779653458,Client actuel,37,M,3,Licence,Célibataire,$80K - $120K,Blue,20,3,3,2077,47,0.251,0,0,0,0,0,0,Faible
710387583,Client actuel,55,M,0,Lycée (équivalent baccalauréat),Célibataire,$80K - $120K,Blue,35,1,4,1901,32,0.492,0,1,0,1,0,2,Modéré
718772133,Client actuel,56,M,3,Licence,Célibataire,$80K - $120K,Blue,47,3,3,1082,34,0.106,0,0,0,1,1,2,Modéré
718360083,Client actuel,39,M,4,Sans diplôme,Marié(e),$120K +,Blue,36,3,2,1798,70,0.07,0,0,0,0,1,1,Faible
716102583,Client actuel,63,F,1,Licence,Marié(e),Moins de $40K,Blue,53,1,3,2517,56,0.941,0,0,0,0,0,0,Faible
720673008,Client actuel,49,F,3,Non connu,Divorcé(e),Moins de $40K,Blue,38,3,4,812,47,0.492,0,1,0,0,0,1,Faible
708459633,Client actuel,38,M,2,Lycée (équivalent baccalauréat),Marié(e),$60K - $80K,Blue,26,1,3,1698,42,0.292,0,0,0,1,0,1,Faible
712868733,Client actuel,60,M,0,Sans diplôme,Marié(e),Moins de $40K,Blue,52,1,2,2189,27,0.844,0,0,0,1,0,1,Faible
713790708,Client actuel,38,M,3,Sans diplôme,Marié(e),$60K - $80K,Blue,36,2,3,2308,39,0.675,0,0,0,1,0,1,Faible
717648783,Client actuel,63,M,2,Lycée (équivalent baccalauréat),Célibataire,$80K - $120K,Blue,51,2,3,1704,28,0.246,0,0,0,1,0,1,Faible
714709983,Client actuel,43,F,2,Niveau Bac+2,Marié(e),Moins de $40K,Blue,36,2,4,898,44,0.129,0,1,0,1,1,3,Modéré
819409608,Client actuel,39,F,2,Licence,Marié(e),Moins de $40K,Blue,34,3,4,0,43,0.0,0,1,1,1,1,4,Élevé
717585858,Client actuel,35,F,4,Lycée (équivalent baccalauréat),Célibataire,Non connu,Blue,24,2,4,1679,55,0.099,0,1,0,0,1,2,Modéré
714474483,Client actuel,35,F,1,Licence,Marié(e),$40K - $60K,Blue,29,2,2,1877,50,0.744,0,0,0,0,0,0,Faible
711065133,Client actuel,26,M,1,Lycée (équivalent baccalauréat),Célibataire,$40K - $60K,Blue,13,2,4,0,39,0.0,0,1,1,1,1,4,Élevé
713769258,Client actuel,36,M,3,Niveau Bac+2,Marié(e),$120K +,Blue,26,2,3,939,45,0.055,0,0,0,1,1,2,Modéré
712288158,Client actuel,37,M,2,Niveau Bac+2,Marié(e),$80K - $120K,Blue,17,3,2,1991,37,0.43,0,0,0,1,0,1,Faible
714130233,Client actuel,39,M,2,Non connu,Marié(e),$60K - $80K,Blue,19,3,2,2150,37,0.706,0,0,0,1,0,1,Faible
789127533,Client actuel,49,M,4,Lycée (équivalent baccalauréat),Divorcé(e),$80K - $120K,Blue,37,2,2,1664,83,0.051,0,0,0,0,1,1,Faible
717038733,Client actuel,56,M,3,Sans diplôme,Marié(e),$60K - $80K,Blue,36,3,3,1375,38,0.61,0,0,0,1,0,1,Faible
804840033,Client actuel,45,M,2,Niveau Bac+2,Marié(e),$60K - $80K,Blue,38,6,4,0,48,0.0,1,1,1,0,1,4,Élevé
709363383,Client actuel,34,M,2,Lycée (équivalent baccalauréat),Célibataire,Non connu,Blue,36,4,2,836,61,0.037,1,0,0,0,1,2,Modéré
789760233,Client actuel,29,M,0,Non connu,Divorcé(e),$80K - $120K,Blue,14,3,3,0,63,0.0,0,0,1,0,1,2,Modéré
712058958,Client actuel,28,M,0,Lycée (équivalent baccalauréat),Célibataire,Moins de $40K,Blue,19,3,4,0,75,0.0,0,1,1,0,1,3,Modéré
708295533,Client actuel,65,F,0,Master,Marié(e),Moins de $40K,Blue,56,3,2,1880,22,0.53,0,0,0,1,0,1,Faible
817686633,Client actuel,26,F,1,Niveau Bac+2,Célibataire,Moins de $40K,Blue,15,2,4,737,39,0.512,0,1,0,1,0,2,Modéré
713738883,Client actuel,57,F,3,Sans diplôme,Marié(e),Moins de $40K,Blue,36,2,3,1422,34,0.453,0,0,0,1,0,1,Faible
721310283,Client actuel,47,M,3,Licence,Célibataire,$120K +,Blue,36,2,4,933,32,0.027,0,1,0,1,1,3,Modéré
803132733,Client actuel,54,F,1,Licence,Marié(e),Moins de $40K,Blue,48,3,2,1570,30,0.23,0,0,0,1,0,1,Faible
779852133,Client actuel,48,M,2,Non connu,Marié(e),$120K +,Silver,32,2,4,2098,66,0.061,0,1,0,0,1,2,Modéré
716210283,Client actuel,36,F,1,Lycée (équivalent baccalauréat),Marié(e),Non connu,Blue,36,3,4,2517,37,0.296,0,1,0,1,0,2,Modéré
711615933,Client actuel,43,M,3,Licence,Marié(e),$80K - $120K,Blue,33,3,2,1859,28,0.066,0,0,0,1,1,2,Modéré
785311158,Client actuel,54,F,2,Licence,Célibataire,Moins de $40K,Blue,48,1,4,928,69,0.14,0,1,0,0,1,2,Modéré
717267108,Client actuel,37,M,1,Niveau Bac+2,Célibataire,$60K - $80K,Blue,26,3,2,1410,61,0.089,0,0,0,0,1,1,Faible
711636558,Client actuel,33,M,3,Licence,Marié(e),$80K - $120K,Blue,36,3,4,2073,42,0.765,0,1,0,1,0,2,Modéré
717504258,Client actuel,38,M,2,Niveau Bac+2,Marié(e),$40K - $60K,Blue,25,1,4,1199,35,0.321,0,1,0,1,0,2,Modéré
718242333,Client actuel,36,M,4,Licence,Marié(e),$80K - $120K,Blue,36,3,2,1822,69,0.178,0,0,0,0,0,0,Faible
771844458,Client actuel,40,F,3,Licence,Marié(e),Non connu,Blue,28,1,2,1657,41,0.081,0,0,0,1,1,2,Modéré
779465358,Client actuel,26,F,0,Lycée (équivalent baccalauréat),Célibataire,Non connu,Blue,13,3,3,1460,38,0.481,0,0,0,1,0,1,Faible
720191883,Client actuel,45,M,3,Lycée (équivalent baccalauréat),Célibataire,$60K - $80K,Blue,35,3,3,659,36,0.093,0,0,1,1,1,3,Modéré
710934033,Client actuel,26,M,0,Lycée (équivalent baccalauréat),Célibataire,Moins de $40K,Blue,13,1,4,1162,43,0.655,0,1,0,1,0,2,Modéré
714473658,Client actuel,42,M,3,Licence,Célibataire,$40K - $60K,Blue,30,2,2,1054,26,0.118,0,0,0,1,1,2,Modéré
716569983,Client actuel,33,M,2,Niveau Bac+2,Célibataire,$80K - $120K,Blue,36,1,2,1773,27,0.753,0,0,0,1,0,1,Faible
789833583,Client actuel,57,F,4,Lycée (équivalent baccalauréat),Marié(e),$40K - $60K,Blue,47,2,4,1332,30,0.196,0,1,0,1,0,2,Modéré
818923158,Client actuel,55,M,2,Licence,Marié(e),$60K - $80K,Blue,50,2,4,1207,31,0.563,0,1,0,1,0,2,Modéré
716596308,Client actuel,40,M,3,Sans diplôme,Célibataire,$80K - $120K,Blue,36,2,3,1640,51,0.418,0,0,0,0,0,0,Faible
716620458,Client actuel,32,M,1,Lycée (équivalent baccalauréat),Célibataire,Moins de $40K,Blue,23,2,3,0,63,0.0,0,0,1,0,1,2,Modéré
710251608,Client actuel,62,F,1,Lycée (équivalent baccalauréat),Marié(e),Moins de $40K,Blue,54,3,4,1173,27,0.399,0,1,0,1,0,2,Modéré
710633808,Client actuel,26,M,0,Licence,Célibataire,$60K - $80K,Blue,13,3,3,0,41,0.0,0,0,1,1,1,3,Modéré
819202533,Client actuel,57,M,1,Doctorat,Marié(e),$80K - $120K,Blue,52,2,3,1540,32,0.148,0,0,0,1,1,2,Modéré
827360883,Client actuel,47,F,3,Lycée (équivalent baccalauréat),Marié(e),Non connu,Blue,43,3,2,1335,46,0.099,0,0,0,0,1,1,Faible
771196083,Client actuel,47,M,4,Licence,Marié(e),$80K - $120K,Blue,34,3,3,0,37,0.0,0,0,1,1,1,3,Modéré
809962908,Client actuel,48,F,2,Licence,Célibataire,Non connu,Blue,43,3,4,852,52,0.104,0,1,0,0,1,2,Modéré
788965683,Client actuel,49,F,4,Sans diplôme,Marié(e),Moins de $40K,Blue,36,3,3,0,41,0.0,0,0,1,1,1,3,Modéré
817142433,Client actuel,35,M,3,Licence,Marié(e),$80K - $120K,Blue,20,3,4,2307,29,0.285,0,1,0,1,0,2,Modéré
716993058,Client actuel,57,M,3,Non connu,Divorcé(e),$60K - $80K,Blue,48,2,3,1640,78,0.067,0,0,0,0,1,1,Faible
771040758,Client actuel,62,F,0,Licence,Célibataire,Non connu,Silver,49,1,2,0,91,0.0,0,0,1,0,1,2,Modéré
713309583,Client actuel,55,F,2,Niveau Bac+2,Marié(e),Moins de $40K,Blue,36,3,4,2129,59,0.718,0,1,0,0,0,1,Faible
710273658,Client actuel,36,M,2,Licence,Marié(e),$60K - $80K,Blue,17,2,3,1825,61,0.59,0,0,0,0,0,0,Faible
771429408,Client actuel,54,M,1,Lycée (équivalent baccalauréat),Célibataire,$80K - $120K,Blue,42,3,2,668,31,0.413,0,0,1,1,0,2,Modéré
719452308,Client actuel,30,F,0,Licence,Marié(e),Moins de $40K,Blue,23,2,3,1632,35,0.653,0,0,0,1,0,1,Faible
818908833,Client actuel,46,M,3,Licence,Marié(e),$40K - $60K,Blue,41,2,2,0,45,0.0,0,0,1,1,1,3,Modéré
780998133,Client actuel,43,M,3,Licence,Marié(e),$80K - $120K,Blue,34,4,4,1489,45,0.141,1,1,0,1,1,4,Élevé
801726933,Client actuel,34,M,2,Licence,Marié(e),$120K +,Blue,28,3,3,1853,33,0.138,0,0,0,1,1,2,Modéré
788474658,Client actuel,55,M,3,Licence,Célibataire,$80K - $120K,Blue,48,2,4,1278,56,0.079,0,1,0,0,1,2,Modéré
708438033,Client actuel,36,F,2,Non connu,Marié(e),Moins de $40K,Blue,27,3,4,2198,48,0.721,0,1,0,0,0,1,Faible
710562258,Client actuel,44,M,1,Licence,Célibataire,$80K - $120K,Blue,33,4,3,0,47,0.0,1,0,1,0,1,3,Modéré
770764908,Client actuel,39,M,2,Non connu,Marié(e),$60K - $80K,Blue,25,2,3,2517,36,0.82,0,0,0,1,0,1,Faible
814776033,Client actuel,34,M,2,Licence,Célibataire,$80K - $120K,Blue,29,1,3,1678,69,0.125,0,0,0,0,1,1,Faible
715057383,Client actuel,40,M,3,Licence,Marié(e),$60K - $80K,Blue,31,3,4,1201,79,0.07,0,1,0,0,1,2,Modéré
717970158,Client actuel,42,M,2,Niveau Bac+2,Célibataire,$60K - $80K,Blue,36,3,2,0,84,0.0,0,0,1,0,1,2,Modéré
715168008,Client actuel,36,M,3,Licence,Divorcé(e),$40K - $60K,Blue,28,2,3,1547,61,0.172,0,0,0,0,0,0,Faible
720802833,Client actuel,26,F,1,Lycée (équivalent baccalauréat),Célibataire,Moins de $40K,Blue,13,2,3,1198,63,0.498,0,0,0,0,0,0,Faible
789370383,Client actuel,42,M,1,Lycée (équivalent baccalauréat),Marié(e),$40K - $60K,Blue,32,2,2,1845,26,0.657,0,0,0,1,0,1,Faible
711782733,Client actuel,55,M,0,Licence,Marié(e),$40K - $60K,Blue,36,3,2,827,24,0.267,0,0,0,1,0,1,Faible
709000008,Client actuel,45,M,3,Non connu,Célibataire,$80K - $120K,Blue,37,2,2,672,54,0.063,0,0,1,0,1,2,Modéré
719381733,Client actuel,61,M,2,Lycée (équivalent baccalauréat),Célibataire,$60K - $80K,Blue,47,2,3,1404,64,0.646,0,0,0,0,0,0,Faible
771169458,Client actuel,41,M,4,Niveau Bac+2,Marié(e),$120K +,Blue,28,3,0,1470,36,0.052,0,0,0,1,1,2,Modéré
709974108,Client actuel,35,F,1,Licence,Célibataire,Moins de $40K,Blue,23,3,3,1051,80,0.398,0,0,0,0,0,0,Faible
757024233,Client actuel,34,M,2,Licence,Célibataire,$120K +,Blue,27,1,4,2152,62,0.069,0,1,0,0,1,2,Modéré
768928833,Client actuel,37,M,2,Lycée (équivalent baccalauréat),Célibataire,$80K - $120K,Blue,31,2,4,0,63,0.0,0,1,1,0,1,3,Modéré
812441358,Client actuel,26,M,1,Niveau Bac+2,Divorcé(e),$40K - $60K,Blue,21,3,2,0,89,0.0,0,0,1,0,1,2,Modéré
713287608,Client actuel,54,F,3,Lycée (équivalent baccalauréat),Marié(e),Moins de $40K,Blue,41,4,4,1220,62,0.386,1,1,0,0,0,2,Modéré
715478733,Client actuel,56,F,5,Licence,Marié(e),Moins de $40K,Blue,36,4,4,2517,54,0.815,1,1,0,0,0,2,Modéré
780382008,Client actuel,42,F,4,Non connu,Célibataire,Moins de $40K,Silver,32,3,2,1384,63,0.101,0,0,0,0,1,1,Faible
715749858,Client actuel,30,M,1,Non connu,Marié(e),$40K - $60K,Blue,18,1,3,1380,31,0.292,0,0,0,1,0,1,Faible
710951808,Client actuel,32,M,1,Non connu,Marié(e),Moins de $40K,Blue,36,3,3,1520,32,0.249,0,0,0,1,0,1,Faible
713469333,Client actuel,40,M,2,Lycée (équivalent baccalauréat),Célibataire,$80K - $120K,Blue,28,2,4,1427,56,0.074,0,1,0,0,1,2,Modéré
719243808,Client actuel,33,F,1,Licence,Marié(e),Moins de $40K,Blue,20,2,4,1625,39,0.429,0,1,0,1,0,2,Modéré
772202058,Client actuel,64,M,0,Licence,Marié(e),Moins de $40K,Blue,53,3,4,1647,37,0.79,0,1,0,1,0,2,Modéré
711346383,Client actuel,33,M,1,Lycée (équivalent baccalauréat),Célibataire,$80K - $120K,Blue,28,3,3,0,70,0.0,0,0,1,0,1,2,Modéré
711405333,Client actuel,52,M,3,Master,Marié(e),$80K - $120K,Blue,43,2,2,2126,43,0.31,0,0,0,1,0,1,Faible
778407033,Client actuel,59,F,0,Sans diplôme,Marié(e),Moins de $40K,Blue,39,3,4,1932,50,0.799,0,1,0,0,0,1,Faible
714862083,Client actuel,41,F,4,Sans diplôme,Célibataire,Non connu,Blue,33,4,3,2490,53,0.429,1,0,0,0,0,1,Faible
711199008,Client actuel,38,M,2,Non connu,Marié(e),$40K - $60K,Blue,31,2,2,2192,57,0.751,0,0,0,0,0,0,Faible
709858533,Client actuel,29,M,2,Licence,Divorcé(e),Moins de $40K,Blue,20,1,2,2021,57,0.821,0,0,0,0,0,0,Faible
718627458,Client actuel,43,F,3,Doctorat,Marié(e),Non connu,Blue,38,4,2,0,52,0.0,1,0,1,0,1,3,Modéré
717105258,Client actuel,37,F,1,Licence,Marié(e),Moins de $40K,Blue,36,3,3,1289,32,0.323,0,0,0,1,0,1,Faible
715822008,Client actuel,32,M,1,Lycée (équivalent baccalauréat),Marié(e),Moins de $40K,Blue,14,2,2,2175,35,0.61,0,0,0,1,0,1,Faible
714971583,Client actuel,36,M,2,Licence,Célibataire,$60K - $80K,Blue,27,3,2,831,87,0.107,0,0,0,0,1,1,Faible
709025583,Client actuel,53,M,3,Lycée (équivalent baccalauréat),Marié(e),$80K - $120K,Blue,36,3,3,715,38,0.076,0,0,0,1,1,2,Modéré
812809083,Client actuel,37,F,3,Non connu,Célibataire,Non connu,Blue,32,4,4,1566,58,0.08,1,1,0,0,1,3,Modéré
714073983,Client actuel,47,M,2,Non connu,Célibataire,$40K - $60K,Blue,36,3,3,0,46,0.0,0,0,1,0,1,2,Modéré
789297558,Client actuel,36,M,1,Sans diplôme,Célibataire,$120K +,Blue,25,3,2,1932,51,0.274,0,0,0,0,0,0,Faible
710375283,Client actuel,26,F,0,Sans diplôme,Célibataire,$40K - $60K,Blue,18,3,2,1471,55,0.724,0,0,0,0,0,0,Faible
712189233,Client actuel,38,F,1,Licence,Marié(e),$40K - $60K,Blue,20,1,3,2517,63,0.488,0,0,0,0,0,0,Faible
713767383,Client actuel,32,F,0,Lycée (équivalent baccalauréat),Marié(e),$40K - $60K,Blue,22,2,2,1665,41,0.807,0,0,0,1,0,1,Faible
797414733,Client actuel,37,F,3,Licence,Célibataire,Moins de $40K,Blue,31,3,4,1517,61,0.757,0,1,0,0,0,1,Faible
712452033,Client actuel,26,M,1,Non connu,Célibataire,Moins de $40K,Blue,13,2,3,828,44,0.334,0,0,0,1,0,1,Faible
714151533,Client actuel,55,F,1,Licence,Marié(e),$40K - $60K,Blue,46,4,4,1622,33,0.353,1,1,0,1,0,3,Modéré
720440583,Client actuel,35,M,2,Non connu,Célibataire,$80K - $120K,Blue,36,2,2,1188,47,0.525,0,0,0,0,0,0,Faible
787494783,Client actuel,58,M,3,Lycée (équivalent baccalauréat),Marié(e),$60K - $80K,Blue,46,3,2,1205,49,0.147,0,0,0,0,1,1,Faible
819966033,Client actuel,32,M,0,Licence,Célibataire,Non connu,Blue,27,3,3,0,68,0.0,0,0,1,0,1,2,Modéré
710297133,Client actuel,47,M,3,Lycée (équivalent baccalauréat),Célibataire,$80K - $120K,Blue,36,3,3,1194,65,0.04,0,0,0,0,1,1,Faible
793355508,Client actuel,32,M,0,Licence,Célibataire,Moins de $40K,Blue,26,3,3,0,71,0.0,0,0,1,0,1,2,Modéré
708580908,Client actuel,56,M,3,Lycée (équivalent baccalauréat),Marié(e),$60K - $80K,Blue,37,3,3,2517,35,0.173,0,0,0,1,0,1,Faible
719826333,Client actuel,34,F,2,Doctorat,Célibataire,Moins de $40K,Blue,13,1,2,0,67,0.0,0,0,1,0,1,2,Modéré
780689733,Client actuel,65,M,0,Non connu,Célibataire,Non connu,Blue,56,2,2,633,56,0.056,0,0,1,0,1,2,Modéré
744764433,Client actuel,55,M,2,Sans diplôme,Marié(e),$120K +,Blue,48,2,3,817,35,0.026,0,0,0,1,1,2,Modéré
714902283,Client actuel,43,M,0,Lycée (équivalent baccalauréat),Célibataire,$80K - $120K,Blue,36,3,3,0,53,0.0,0,0,1,0,1,2,Modéré
789309558,Client actuel,31,M,2,Niveau Bac+2,Marié(e),Moins de $40K,Blue,21,2,4,1920,49,0.706,0,1,0,0,0,1,Faible
713188383,Client actuel,54,F,1,Niveau Bac+2,Marié(e),Moins de $40K,Blue,36,2,4,2517,22,0.816,0,1,0,1,0,2,Modéré
719506983,Client actuel,52,M,3,Licence,Marié(e),$80K - $120K,Blue,42,2,4,1339,30,0.077,0,1,0,1,1,3,Modéré
714804483,Client actuel,48,M,3,Niveau Bac+2,Divorcé(e),$40K - $60K,Blue,36,3,3,1665,34,0.137,0,0,0,1,1,2,Modéré
748503708,Client actuel,54,F,1,Lycée (équivalent baccalauréat),Célibataire,Moins de $40K,Blue,47,4,3,1627,36,0.582,1,0,0,1,0,2,Modéré
803587533,Client actuel,33,M,1,Sans diplôme,Célibataire,$60K - $80K,Blue,28,3,4,1812,86,0.692,0,1,0,0,0,1,Faible
716811483,Client actuel,30,F,2,Sans diplôme,Marié(e),Moins de $40K,Blue,24,2,1,0,43,0.0,0,0,1,1,1,3,Modéré
714118383,Client actuel,49,F,5,Licence,Marié(e),Moins de $40K,Blue,43,2,3,0,72,0.0,0,0,1,0,1,2,Modéré
720532908,Client actuel,36,F,2,Non connu,Divorcé(e),$40K - $60K,Blue,20,3,2,1245,80,0.128,0,0,0,0,1,1,Faible
765055833,Client actuel,56,M,4,Non connu,Marié(e),$80K - $120K,Blue,49,4,2,2229,33,0.517,1,0,0,1,0,2,Modéré
715310208,Client actuel,53,M,3,Sans diplôme,Célibataire,$80K - $120K,Blue,36,3,1,2129,45,0.186,0,0,0,1,0,1,Faible
789167658,Client actuel,34,M,3,Niveau Bac+2,Marié(e),$60K - $80K,Blue,23,3,2,1815,34,0.428,0,0,0,1,0,1,Faible
789987183,Client actuel,53,M,2,Niveau Bac+2,Célibataire,$80K - $120K,Blue,45,4,4,1311,37,0.06,1,1,0,1,1,4,Élevé
717730533,Client actuel,32,M,0,Licence,Célibataire,$40K - $60K,Blue,21,1,3,925,63,0.573,0,0,0,0,0,0,Faible
708668283,Client actuel,39,M,2,Licence,Marié(e),$80K - $120K,Blue,22,4,2,2517,36,0.49,1,0,0,1,0,2,Modéré
772360683,Client actuel,57,M,1,Lycée (équivalent baccalauréat),Célibataire,$120K +,Blue,46,3,4,2517,36,0.079,0,1,0,1,1,3,Modéré
712500933,Client actuel,48,F,4,Licence,Célibataire,Non connu,Blue,40,4,4,648,56,0.055,1,1,1,0,1,4,Élevé
804867183,Client actuel,37,M,3,Non connu,Marié(e),$60K - $80K,Blue,30,2,4,0,47,0.0,0,1,1,0,1,3,Modéré
826068183,Client actuel,36,M,1,Licence,Célibataire,$80K - $120K,Blue,32,4,3,1463,50,0.094,1,0,0,0,1,2,Modéré
820044333,Client actuel,39,M,3,Niveau Bac+2,Divorcé(e),$40K - $60K,Blue,34,3,2,2185,58,0.873,0,0,0,0,0,0,Faible
714211533,Client actuel,31,M,0,Licence,Divorcé(e),Moins de $40K,Blue,36,3,2,2491,50,0.752,0,0,0,0,0,0,Faible
710287533,Client actuel,31,M,2,Licence,Célibataire,$40K - $60K,Blue,36,2,4,1169,57,0.186,0,1,0,0,0,1,Faible
720603558,Client actuel,36,M,4,Licence,Célibataire,$60K - $80K,Blue,36,2,1,1605,74,0.079,0,0,0,0,1,1,Faible
819258408,Client actuel,47,F,5,Licence,Célibataire,Moins de $40K,Blue,42,2,4,1106,41,0.497,0,1,0,1,0,2,Modéré
717437058,Client actuel,38,M,2,Non connu,Divorcé(e),$60K - $80K,Silver,26,2,0,681,57,0.026,0,0,0,0,1,1,Faible
717327783,Client actuel,39,M,2,Licence,Célibataire,$80K - $120K,Blue,27,2,2,1476,44,0.148,0,0,0,1,1,2,Modéré
712887633,Client actuel,39,M,1,Non connu,Célibataire,$80K - $120K,Blue,36,3,3,876,43,0.035,0,0,0,1,1,2,Modéré
716129208,Client actuel,37,M,3,Licence,Marié(e),$40K - $60K,Blue,36,3,3,0,36,0.0,0,0,1,1,1,3,Modéré
718037433,Client actuel,58,M,1,Licence,Marié(e),$80K - $120K,Blue,49,4,2,1253,60,0.758,1,0,0,0,0,1,Faible
709839858,Client actuel,58,F,2,Licence,Marié(e),Moins de $40K,Blue,39,4,3,1077,31,0.234,1,0,0,1,0,2,Modéré
719686458,Client actuel,37,M,3,Licence,Marié(e),$40K - $60K,Blue,36,4,1,1629,30,0.417,1,0,0,1,0,2,Modéré
721434483,Client actuel,54,M,3,Licence,Marié(e),$80K - $120K,Blue,46,3,2,1256,55,0.449,0,0,0,0,0,0,Faible
716096358,Client actuel,45,F,3,Sans diplôme,Célibataire,Moins de $40K,Blue,39,4,1,2253,63,0.883,1,0,0,0,0,1,Faible
718244958,Client actuel,36,F,2,Licence,Marié(e),Non connu,Blue,26,2,2,1251,37,0.145,0,0,0,1,1,2,Modéré
711315783,Client actuel,53,M,3,Licence,Marié(e),$40K - $60K,Blue,43,4,2,683,49,0.092,1,0,0,0,1,2,Modéré
821296083,Client actuel,34,F,1,Niveau Bac+2,Marié(e),Moins de $40K,Blue,30,3,3,1010,47,0.386,0,0,0,0,0,0,Faible
716447733,Client actuel,32,M,3,Licence,Marié(e),$40K - $60K,Blue,18,3,3,963,43,0.15,0,0,0,1,1,2,Modéré
719591283,Client actuel,38,M,2,Sans diplôme,Marié(e),Moins de $40K,Blue,27,2,4,0,58,0.0,0,1,1,0,1,3,Modéré
789911808,Client actuel,37,M,3,Sans diplôme,Célibataire,$80K - $120K,Blue,28,2,2,1259,52,0.471,0,0,0,0,0,0,Faible
713195808,Client actuel,37,F,3,Lycée (équivalent baccalauréat),Marié(e),Non connu,Blue,36,3,4,1281,51,0.107,0,1,0,0,1,2,Modéré
717866133,Client actuel,47,F,2,Licence,Célibataire,Moins de $40K,Blue,36,3,3,1390,63,0.519,0,0,0,0,0,0,Faible
716670783,Client actuel,52,F,3,Doctorat,Célibataire,Non connu,Blue,36,2,1,1085,63,0.044,0,0,0,0,1,1,Faible
789197508,Client actuel,54,M,3,Lycée (équivalent baccalauréat),Marié(e),$60K - $80K,Blue,43,3,4,1580,36,0.705,0,1,0,1,0,2,Modéré
713108433,Client actuel,53,M,3,Niveau Bac+2,Marié(e),$80K - $120K,Blue,40,4,4,1720,37,0.284,1,1,0,1,0,3,Modéré
711403383,Client actuel,33,F,3,Niveau Bac+2,Célibataire,Moins de $40K,Blue,23,4,1,1968,70,0.768,1,0,0,0,0,1,Faible
768212583,Client actuel,49,M,2,Licence,Marié(e),$60K - $80K,Blue,43,4,4,1516,49,0.099,1,1,0,0,1,3,Modéré
710632683,Client actuel,31,M,1,Sans diplôme,Marié(e),$40K - $60K,Blue,24,2,3,0,49,0.0,0,0,1,0,1,2,Modéré
711836733,Client actuel,43,M,3,Licence,Célibataire,$120K +,Blue,31,3,3,0,45,0.0,0,0,1,1,1,3,Modéré
771183933,Client actuel,39,M,1,Sans diplôme,Célibataire,$80K - $120K,Blue,26,2,3,1220,49,0.076,0,0,0,0,1,1,Faible
711327558,Client actuel,38,M,2,Lycée (équivalent baccalauréat),Marié(e),$40K - $60K,Blue,36,3,1,1980,45,0.707,0,0,0,1,0,1,Faible
788971308,Client actuel,62,F,1,Sans diplôme,Marié(e),Moins de $40K,Blue,49,4,2,1158,41,0.436,1,0,0,1,0,2,Modéré
718950483,Client actuel,58,F,1,Non connu,Marié(e),$40K - $60K,Blue,48,3,2,1910,38,0.154,0,0,0,1,1,2,Modéré
714278958,Client actuel,39,F,2,Lycée (équivalent baccalauréat),Marié(e),Non connu,Blue,27,1,3,1988,46,0.213,0,0,0,0,0,0,Faible
711817158,Client actuel,30,M,2,Niveau Bac+2,Divorcé(e),$40K - $60K,Blue,22,3,4,1075,57,0.342,0,1,0,0,0,1,Faible
765824058,Client actuel,46,M,4,Doctorat,Marié(e),$80K - $120K,Blue,39,3,1,1539,74,0.301,0,0,0,0,0,0,Faible
710109633,Client actuel,39,M,2,Niveau Bac+2,Marié(e),$60K - $80K,Blue,31,3,2,1061,34,0.107,0,0,0,1,1,2,Modéré
713643858,Client actuel,53,F,1,Niveau Bac+2,Marié(e),$40K - $60K,Blue,43,4,2,1411,47,0.925,1,0,0,0,0,1,Faible
716399583,Client actuel,34,M,1,Sans diplôme,Marié(e),$120K +,Blue,36,2,1,1251,39,0.064,0,0,0,1,1,2,Modéré
714516783,Client actuel,54,F,0,Licence,Divorcé(e),Moins de $40K,Silver,36,3,1,1378,56,0.11,0,0,0,0,1,1,Faible
710490708,Client actuel,54,M,3,Lycée (équivalent baccalauréat),Célibataire,$80K - $120K,Blue,36,1,3,0,46,0.0,0,0,1,0,1,2,Modéré
780662133,Client actuel,39,M,2,Sans diplôme,Marié(e),$60K - $80K,Blue,28,3,5,2517,35,0.773,0,1,0,1,0,2,Modéré
715389708,Client actuel,36,F,3,Licence,Marié(e),Moins de $40K,Blue,28,3,2,2517,32,0.522,0,0,0,1,0,1,Faible
789607983,Client actuel,38,M,3,Lycée (équivalent baccalauréat),Marié(e),$40K - $60K,Blue,32,6,2,1046,40,0.122,1,0,0,1,1,3,Modéré
720171033,Client actuel,45,M,4,Non connu,Marié(e),$60K - $80K,Blue,36,1,1,1577,70,0.137,0,0,0,0,1,1,Faible
815104608,Client actuel,28,F,0,Licence,Divorcé(e),Moins de $40K,Blue,23,1,3,584,87,0.153,0,0,1,0,1,2,Modéré
719660658,Client actuel,37,F,1,Lycée (équivalent baccalauréat),Célibataire,Non connu,Blue,36,2,2,1931,47,0.116,0,0,0,0,1,1,Faible
714159858,Client actuel,57,M,0,Licence,Marié(e),$40K - $60K,Blue,48,2,2,2047,36,0.38,0,0,0,1,0,1,Faible
714225333,Client actuel,48,F,4,Licence,Marié(e),Moins de $40K,Blue,36,1,1,773,21,0.264,0,0,0,1,0,1,Faible
712204308,Client actuel,33,M,0,Non connu,Célibataire,$40K - $60K,Blue,36,1,1,504,65,0.05,0,0,1,0,1,2,Modéré
718468158,Client actuel,38,M,1,Sans diplôme,Marié(e),$60K - $80K,Blue,25,2,3,1599,37,0.172,0,0,0,1,0,1,Faible
711575058,Client actuel,36,M,3,Non connu,Marié(e),$60K - $80K,Blue,36,2,2,2411,31,0.816,0,0,0,1,0,1,Faible
735417408,Client actuel,37,M,2,Lycée (équivalent baccalauréat),Marié(e),$60K - $80K,Blue,30,1,2,1266,58,0.571,0,0,0,0,0,0,Faible
717171408,Client actuel,36,M,1,Non connu,Célibataire,$80K - $120K,Blue,26,2,1,0,41,0.0,0,0,1,1,1,3,Modéré
814312308,Client actuel,54,F,3,Sans diplôme,Marié(e),$40K - $60K,Blue,49,3,2,1373,29,0.257,0,0,0,1,0,1,Faible
711786108,Client actuel,52,M,1,Licence,Marié(e),$60K - $80K,Blue,43,3,2,2014,26,0.28,0,0,0,1,0,1,Faible
712905708,Client actuel,53,F,1,Licence,Marié(e),Moins de $40K,Blue,39,2,4,1564,40,0.604,0,1,0,1,0,2,Modéré
720050208,Client actuel,27,F,1,Lycée (équivalent baccalauréat),Célibataire,Moins de $40K,Blue,19,1,3,1748,57,0.411,0,0,0,0,0,0,Faible
793952133,Client actuel,32,F,0,Lycée (équivalent baccalauréat),Marié(e),Moins de $40K,Blue,26,2,3,2312,33,0.832,0,0,0,1,0,1,Faible
798140283,Client actuel,57,M,4,Licence,Marié(e),$120K +,Blue,51,3,1,1970,29,0.184,0,0,0,1,0,1,Faible
789970233,Client actuel,54,F,2,Lycée (équivalent baccalauréat),Marié(e),Moins de $40K,Blue,45,1,1,1126,30,0.448,0,0,0,1,0,1,Faible
713893308,Client actuel,45,M,3,Licence,Divorcé(e),$60K - $80K,Blue,37,1,1,1607,38,0.488,0,0,0,1,0,1,Faible
718843608,Client actuel,36,F,2,Master,Divorcé(e),Moins de $40K,Blue,25,2,4,1091,80,0.122,0,1,0,0,1,2,Modéré
752085108,Client actuel,39,F,2,Licence,Marié(e),$40K - $60K,Blue,29,5,2,1157,38,0.234,1,0,0,1,0,2,Modéré
789435783,Client actuel,39,F,1,Licence,Marié(e),$40K - $60K,Blue,30,1,2,1274,26,0.438,0,0,0,1,0,1,Faible
711032058,Client actuel,34,M,3,Lycée (équivalent baccalauréat),Célibataire,$80K - $120K,Silver,21,4,3,2517,75,0.073,1,0,0,0,1,2,Modéré
784719708,Client actuel,54,F,2,Sans diplôme,Marié(e),$40K - $60K,Blue,43,1,1,0,41,0.0,0,0,1,1,1,3,Modéré
804663258,Client actuel,54,M,2,Lycée (équivalent baccalauréat),Célibataire,$80K - $120K,Blue,49,1,4,2065,49,0.147,0,1,0,0,1,2,Modéré
716900433,Client actuel,36,M,2,Licence,Marié(e),$60K - $80K,Blue,28,2,2,1402,61,0.552,0,0,0,0,0,0,Faible
720909408,Client actuel,37,M,2,Lycée (équivalent baccalauréat),Divorcé(e),$120K +,Blue,24,2,2,1665,61,0.476,0,0,0,0,0,0,Faible
712187808,Client actuel,27,M,0,Sans diplôme,Marié(e),$40K - $60K,Blue,15,3,4,0,35,0.0,0,1,1,1,1,4,Élevé
718428033,Client actuel,55,F,4,Licence,Célibataire,Moins de $40K,Blue,41,2,1,1543,70,0.348,0,0,0,0,0,0,Faible
714892533,Client actuel,26,M,0,Non connu,Célibataire,Non connu,Blue,16,3,2,0,33,0.0,0,0,1,1,1,3,Modéré
714985458,Client actuel,56,M,1,Licence,Marié(e),$60K - $80K,Blue,36,2,3,1974,44,0.131,0,0,0,1,1,2,Modéré
716647983,Client actuel,58,F,2,Licence,Marié(e),Moins de $40K,Blue,53,3,1,962,34,0.125,0,0,0,1,1,2,Modéré
712340733,Client actuel,42,F,2,Licence,Non connu,Non connu,Blue,34,2,2,1142,48,0.059,0,0,0,0,1,1,Faible
719293533,Client actuel,30,M,1,Niveau Bac+2,Célibataire,Non connu,Blue,13,3,3,2517,70,0.117,0,0,0,0,1,1,Faible
715257708,Client actuel,38,M,1,Lycée (équivalent baccalauréat),Marié(e),$60K - $80K,Blue,32,2,1,1687,55,0.461,0,0,0,0,0,0,Faible
708331758,Client actuel,47,F,2,Sans diplôme,Divorcé(e),Non connu,Silver,35,1,4,1843,60,0.057,0,1,0,0,1,2,Modéré
709501683,Client actuel,33,F,1,Licence,Célibataire,$40K - $60K,Blue,24,1,2,1665,60,0.286,0,0,0,0,0,0,Faible
715612983,Client actuel,65,F,1,Licence,Célibataire,Non connu,Blue,55,2,4,1660,49,0.257,0,1,0,0,0,1,Faible
709674333,Client actuel,33,M,2,Lycée (équivalent baccalauréat),Célibataire,$60K - $80K,Blue,23,2,1,0,70,0.0,0,0,1,0,1,2,Modéré
805522758,Client actuel,44,F,1,Doctorat,Divorcé(e),Moins de $40K,Blue,39,2,4,1830,33,0.792,0,1,0,1,0,2,Modéré
781013958,Client actuel,57,F,3,Non connu,Marié(e),$40K - $60K,Blue,48,2,2,1244,37,0.347,0,0,0,1,0,1,Faible
717495258,Client actuel,34,M,3,Sans diplôme,Marié(e),$80K - $120K,Blue,25,3,2,916,36,0.1,0,0,0,1,1,2,Modéré
795052083,Client actuel,63,F,0,Sans diplôme,Célibataire,$40K - $60K,Blue,56,6,4,0,71,0.0,1,1,1,0,1,4,Élevé
773389908,Client actuel,37,F,3,Lycée (équivalent baccalauréat),Célibataire,Moins de $40K,Blue,31,1,3,0,66,0.0,0,0,1,0,1,2,Modéré
719320833,Client actuel,39,M,2,Master,Marié(e),$60K - $80K,Blue,36,3,2,2056,46,0.376,0,0,0,0,0,0,Faible
816843933,Client actuel,39,M,2,Lycée (équivalent baccalauréat),Marié(e),$80K - $120K,Blue,34,3,3,1541,32,0.175,0,0,0,1,0,1,Faible
789196158,Client actuel,55,M,1,Licence,Marié(e),$60K - $80K,Blue,44,2,4,1520,26,0.699,0,1,0,1,0,2,Modéré
773442258,Client actuel,57,M,1,Doctorat,Célibataire,$80K - $120K,Blue,51,2,2,1616,28,0.189,0,0,0,1,0,1,Faible
719872833,Client actuel,45,F,2,Licence,Divorcé(e),Moins de $40K,Blue,36,6,3,0,71,0.0,1,0,1,0,1,3,Modéré
721491258,Client actuel,53,M,4,Licence,Marié(e),$80K - $120K,Blue,36,2,2,2517,30,0.641,0,0,0,1,0,1,Faible
770575233,Client actuel,37,M,2,Licence,Célibataire,$60K - $80K,Blue,23,1,2,1149,61,0.203,0,0,0,0,0,0,Faible
715800708,Client actuel,60,F,0,Sans diplôme,Marié(e),Moins de $40K,Blue,49,1,2,2000,43,0.506,0,0,0,1,0,1,Faible
719996958,Client actuel,29,F,0,Sans diplôme,Célibataire,Moins de $40K,Blue,23,3,4,0,56,0.0,0,1,1,0,1,3,Modéré
719889408,Client actuel,56,F,4,Sans diplôme,Marié(e),Moins de $40K,Blue,36,1,5,1351,39,0.37,0,1,0,1,0,2,Modéré
708811233,Client actuel,37,M,2,Licence,Célibataire,$80K - $120K,Blue,27,2,1,2008,40,0.158,0,0,0,1,1,2,Modéré
794627208,Client actuel,43,M,1,Lycée (équivalent baccalauréat),Marié(e),$60K - $80K,Blue,23,3,2,1550,52,0.216,0,0,0,0,0,0,Faible
719020983,Client actuel,58,M,1,Licence,Marié(e),$80K - $120K,Blue,42,3,1,2517,49,0.203,0,0,0,0,0,0,Faible
719131533,Client actuel,29,F,0,Master,Divorcé(e),Moins de $40K,Blue,17,2,4,2008,73,0.777,0,1,0,0,0,1,Faible
710449983,Client actuel,38,M,2,Lycée (équivalent baccalauréat),Marié(e),$120K +,Blue,29,1,2,1656,45,0.588,0,0,0,1,0,1,Faible
720714933,Client actuel,62,F,1,Licence,Marié(e),Moins de $40K,Blue,49,2,2,2517,25,0.801,0,0,0,1,0,1,Faible
789170283,Client actuel,53,M,1,Licence,Non connu,$80K - $120K,Blue,42,5,4,978,63,0.15,1,1,0,0,1,3,Modéré
810201783,Client actuel,26,F,0,Licence,Célibataire,$40K - $60K,Blue,17,3,3,1328,62,0.426,0,0,0,0,0,0,Faible
709042908,Client actuel,51,F,1,Niveau Bac+2,Marié(e),$40K - $60K,Blue,44,2,1,0,68,0.0,0,0,1,0,1,2,Modéré
715023333,Client actuel,39,M,2,Sans diplôme,Marié(e),Moins de $40K,Blue,34,2,4,1118,64,0.302,0,1,0,0,0,1,Faible
720801033,Client actuel,51,F,1,Lycée (équivalent baccalauréat),Marié(e),Non connu,Blue,36,2,3,2517,27,0.277,0,0,0,1,0,1,Faible
714345783,Client actuel,59,M,2,Lycée (équivalent baccalauréat),Marié(e),$40K - $60K,Blue,50,3,2,1572,36,0.582,0,0,0,1,0,1,Faible
779209083,Client actuel,56,M,3,Non connu,Marié(e),$40K - $60K,Blue,45,2,4,1387,32,0.765,0,1,0,1,0,2,Modéré
713972658,Client actuel,56,F,2,Licence,Marié(e),Non connu,Blue,36,3,2,996,43,0.187,0,0,0,1,0,1,Faible
710782458,Client actuel,31,M,1,Licence,Marié(e),$40K - $60K,Blue,20,2,5,1695,36,0.687,0,1,0,1,0,2,Modéré
711142308,Client actuel,37,M,0,Lycée (équivalent baccalauréat),Divorcé(e),$40K - $60K,Blue,36,1,5,0,65,0.0,0,1,1,0,1,3,Modéré
824789283,Client actuel,36,M,2,Lycée (équivalent baccalauréat),Célibataire,$40K - $60K,Blue,32,5,2,1533,73,0.571,1,0,0,0,0,1,Faible
715187733,Client actuel,26,F,1,Non connu,Célibataire,Non connu,Blue,15,4,3,0,46,0.0,1,0,1,0,1,3,Modéré
721014858,Client actuel,61,F,0,Licence,Marié(e),Moins de $40K,Blue,53,1,2,2022,28,0.687,0,0,0,1,0,1,Faible
710363433,Client actuel,26,M,0,Lycée (équivalent baccalauréat),Célibataire,Moins de $40K,Blue,36,3,3,1348,58,0.493,0,0,0,0,0,0,Faible
715479483,Client actuel,35,M,2,Niveau Bac+2,Célibataire,$80K - $120K,Blue,36,2,4,1496,57,0.098,0,1,0,0,1,2,Modéré
708243483,Client actuel,53,M,3,Niveau Bac+2,Marié(e),$120K +,Blue,43,2,5,1155,51,0.077,0,1,0,0,1,2,Modéré
714770808,Client actuel,59,M,2,Lycée (équivalent baccalauréat),Marié(e),Moins de $40K,Blue,42,3,5,670,54,0.155,0,1,1,0,1,3,Modéré
720626058,Client actuel,37,M,1,Licence,Célibataire,$80K - $120K,Blue,24,4,4,934,52,0.027,1,1,0,0,1,3,Modéré
709185108,Client actuel,38,M,3,Lycée (équivalent baccalauréat),Marié(e),$60K - $80K,Blue,26,4,2,1542,44,0.265,1,0,0,1,0,2,Modéré
719596908,Client actuel,56,F,5,Doctorat,Marié(e),Non connu,Blue,48,2,2,2118,30,0.188,0,0,0,1,0,1,Faible
719273733,Client actuel,37,M,2,Sans diplôme,Marié(e),$60K - $80K,Blue,36,3,5,998,29,0.125,0,1,0,1,1,3,Modéré
717348258,Client actuel,33,M,1,Licence,Marié(e),$120K +,Blue,21,1,3,1899,48,0.426,0,0,0,0,0,0,Faible
770882508,Client actuel,38,M,2,Niveau Bac+2,Célibataire,$80K - $120K,Blue,24,1,5,773,54,0.045,0,1,0,0,1,2,Modéré
799026633,Client actuel,56,M,1,Sans diplôme,Marié(e),$120K +,Blue,50,3,5,1518,55,0.093,0,1,0,0,1,2,Modéré
718777008,Client actuel,59,M,0,Lycée (équivalent baccalauréat),Célibataire,$80K - $120K,Blue,47,1,2,1306,32,0.398,0,0,0,1,0,1,Faible
713352183,Client actuel,30,M,1,Master,Marié(e),Moins de $40K,Blue,17,1,2,1227,33,0.171,0,0,0,1,0,1,Faible
716128083,Client actuel,56,M,2,Lycée (équivalent baccalauréat),Marié(e),$40K - $60K,Blue,36,2,3,2002,34,0.608,0,0,0,1,0,1,Faible
721288158,Client actuel,33,M,2,Non connu,Célibataire,$120K +,Blue,15,2,2,2300,71,0.092,0,0,0,0,1,1,Faible
757881258,Client actuel,31,M,0,Licence,Divorcé(e),$60K - $80K,Blue,24,2,2,2092,69,0.494,0,0,0,0,0,0,Faible
715843533,Client actuel,26,M,1,Niveau Bac+2,Célibataire,$40K - $60K,Blue,36,4,3,1256,29,0.465,1,0,0,1,0,2,Modéré
717234183,Client actuel,29,M,1,Licence,Marié(e),Moins de $40K,Blue,18,1,4,629,37,0.232,0,1,1,1,0,3,Modéré
717260058,Client actuel,53,F,2,Sans diplôme,Marié(e),Moins de $40K,Blue,42,1,5,1284,27,0.553,0,1,0,1,0,2,Modéré
709710783,Client actuel,35,F,0,Lycée (équivalent baccalauréat),Célibataire,Moins de $40K,Blue,36,3,4,0,71,0.0,0,1,1,0,1,3,Modéré
787284858,Client actuel,35,M,2,Sans diplôme,Non connu,$120K +,Blue,29,1,2,1731,27,0.525,0,0,0,1,0,1,Faible
815845758,Client actuel,56,F,4,Lycée (équivalent baccalauréat),Marié(e),Moins de $40K,Blue,51,2,3,0,24,0.0,0,0,1,1,1,3,Modéré
720639783,Client actuel,35,F,1,Sans diplôme,Célibataire,Non connu,Silver,27,3,2,0,62,0.0,0,0,1,0,1,2,Modéré
713331408,Client actuel,35,M,3,Sans diplôme,Marié(e),$40K - $60K,Blue,36,2,5,1647,36,0.19,0,1,0,1,0,2,Modéré
788610258,Client actuel,49,M,4,Niveau Bac+2,Non connu,Moins de $40K,Blue,43,2,4,2517,73,0.261,0,1,0,0,0,1,Faible
711173883,Client actuel,36,M,4,Licence,Divorcé(e),$120K +,Blue,29,2,2,770,54,0.466,0,0,0,0,0,0,Faible
717628608,Client actuel,37,M,3,Non connu,Marié(e),$60K - $80K,Blue,29,1,5,1640,34,0.637,0,1,0,1,0,2,Modéré
789261558,Client actuel,58,M,1,Lycée (équivalent baccalauréat),Marié(e),$60K - $80K,Blue,47,1,4,1392,34,0.629,0,1,0,1,0,2,Modéré
770647233,Client actuel,35,F,2,Lycée (équivalent baccalauréat),Marié(e),Moins de $40K,Blue,21,6,3,1188,59,0.551,1,0,0,0,0,1,Faible
712826208,Client actuel,39,F,2,Licence,Marié(e),$40K - $60K,Blue,26,1,2,1424,33,0.553,0,0,0,1,0,1,Faible
718181433,Client actuel,65,F,0,Sans diplôme,Célibataire,Moins de $40K,Blue,56,1,2,1453,88,0.167,0,0,0,0,0,0,Faible
714460683,Client actuel,65,M,0,Lycée (équivalent baccalauréat),Marié(e),Moins de $40K,Blue,56,3,5,1736,29,0.452,0,1,0,1,0,2,Modéré
716460933,Client actuel,51,M,2,Non connu,Marié(e),$120K +,Blue,42,1,4,1427,44,0.138,0,1,0,1,1,3,Modéré
710787708,Client actuel,56,F,1,Sans diplôme,Marié(e),$40K - $60K,Blue,40,2,5,1271,38,0.237,0,1,0,1,0,2,Modéré
713800158,Client actuel,58,M,0,Lycée (équivalent baccalauréat),Célibataire,$80K - $120K,Blue,36,3,2,2351,32,0.785,0,0,0,1,0,1,Faible
715379133,Client actuel,51,F,1,Niveau Bac+2,Célibataire,Moins de $40K,Blue,36,4,2,1145,42,0.659,1,0,0,1,0,2,Modéré
712091433,Client actuel,58,M,4,Sans diplôme,Célibataire,$40K - $60K,Silver,50,2,3,902,61,0.049,0,0,0,0,1,1,Faible
771756333,Client actuel,34,F,3,Licence,Marié(e),Moins de $40K,Blue,23,3,3,1794,37,0.793,0,0,0,1,0,1,Faible
779895108,Client actuel,39,M,3,Non connu,Célibataire,$80K - $120K,Blue,23,1,4,2156,36,0.793,0,1,0,1,0,2,Modéré
771976683,Client actuel,54,F,1,Niveau Bac+2,Marié(e),Non connu,Blue,43,3,2,2130,44,0.365,0,0,0,1,0,1,Faible
716800908,Client actuel,26,F,2,Lycée (équivalent baccalauréat),Célibataire,Non connu,Blue,13,0,3,0,49,0.0,0,0,1,0,1,2,Modéré
789413958,Client actuel,53,M,1,Licence,Célibataire,$80K - $120K,Blue,43,2,3,1018,53,0.085,0,0,0,0,1,1,Faible
711574008,Client actuel,32,M,3,Niveau Bac+2,Célibataire,$80K - $120K,Blue,21,3,5,0,59,0.0,0,1,1,0,1,3,Modéré
714138408,Client actuel,49,M,3,Lycée (équivalent baccalauréat),Marié(e),$60K - $80K,Blue,39,1,4,629,79,0.068,0,1,1,0,1,3,Modéré
709334658,Client actuel,39,F,2,Sans diplôme,Marié(e),Moins de $40K,Blue,26,2,5,2517,51,0.459,0,1,0,0,0,1,Faible
712933083,Client actuel,37,M,1,Sans diplôme,Célibataire,$80K - $120K,Blue,36,1,2,2378,49,0.76,0,0,0,0,0,0,Faible
710497608,Client actuel,38,M,2,Sans diplôme,Célibataire,$40K - $60K,Blue,36,1,2,1670,51,0.215,0,0,0,0,0,0,Faible
721443408,Client actuel,46,M,2,Sans diplôme,Célibataire,$120K +,Blue,33,2,3,676,58,0.02,0,0,1,0,1,2,Modéré
709149408,Client actuel,36,M,2,Sans diplôme,Marié(e),$60K - $80K,Blue,36,3,4,1322,41,0.236,0,1,0,1,0,2,Modéré
708446808,Client actuel,33,M,1,Master,Marié(e),$80K - $120K,Blue,36,3,2,1359,48,0.461,0,0,0,0,0,0,Faible
824192658,Client actuel,58,F,3,Master,Célibataire,Moins de $40K,Blue,54,2,3,0,79,0.0,0,0,1,0,1,2,Modéré
711625683,Client actuel,46,M,4,Doctorat,Marié(e),$120K +,Blue,36,2,5,862,74,0.278,0,1,0,0,0,1,Faible
717487983,Client actuel,39,M,5,Non connu,Marié(e),$80K - $120K,Blue,36,3,3,2120,55,0.109,0,0,0,0,1,1,Faible
717301908,Client actuel,54,F,2,Doctorat,Marié(e),Moins de $40K,Blue,46,3,3,1624,55,0.49,0,0,0,0,0,0,Faible
718435158,Client actuel,50,M,3,Lycée (équivalent baccalauréat),Marié(e),$120K +,Blue,40,1,4,0,36,0.0,0,1,1,1,1,4,Élevé
714797733,Client actuel,41,M,3,Niveau Bac+2,Célibataire,$60K - $80K,Blue,33,1,4,0,56,0.0,0,1,1,0,1,3,Modéré
719213133,Client actuel,53,M,1,Licence,Non connu,$60K - $80K,Blue,41,1,2,1554,60,0.639,0,0,0,0,0,0,Faible
798962058,Client actuel,36,F,5,Licence,Marié(e),Moins de $40K,Blue,30,3,3,2399,48,0.773,0,0,0,0,0,0,Faible
718970058,Client actuel,38,M,3,Non connu,Marié(e),$120K +,Blue,33,3,4,1168,43,0.038,0,1,0,1,1,3,Modéré
810856833,Client actuel,45,M,4,Niveau Bac+2,Non connu,$120K +,Blue,40,2,2,1025,52,0.086,0,0,0,0,1,1,Faible
787868958,Client actuel,36,M,2,Lycée (équivalent baccalauréat),Célibataire,$80K - $120K,Blue,27,3,3,979,68,0.067,0,0,0,0,1,1,Faible
708161133,Client actuel,45,M,1,Licence,Célibataire,$40K - $60K,Blue,32,1,2,1389,69,0.21,0,0,0,0,0,0,Faible
708174708,Client actuel,38,M,4,Licence,Marié(e),$40K - $60K,Blue,27,2,4,1276,38,0.231,0,1,0,1,0,2,Modéré
708735183,Client actuel,35,F,2,Lycée (équivalent baccalauréat),Marié(e),Moins de $40K,Blue,22,3,3,1848,49,0.726,0,0,0,0,0,0,Faible
708445608,Client actuel,48,M,3,Niveau Bac+2,Marié(e),Moins de $40K,Blue,37,3,3,2517,57,0.762,0,0,0,0,0,0,Faible
778943883,Client actuel,51,M,2,Sans diplôme,Célibataire,$120K +,Blue,36,2,4,888,42,0.026,0,1,0,1,1,3,Modéré
788810658,Client actuel,37,F,1,Niveau Bac+2,Célibataire,Non connu,Blue,20,2,5,0,70,0.0,0,1,1,0,1,3,Modéré
789050883,Client actuel,33,F,2,Doctorat,Célibataire,Non connu,Blue,21,3,4,0,62,0.0,0,1,1,0,1,3,Modéré
714531108,Client actuel,31,M,1,Niveau Bac+2,Célibataire,$80K - $120K,Blue,36,3,3,1775,52,0.417,0,0,0,0,0,0,Faible
711635358,Client actuel,40,F,4,Niveau Bac+2,Célibataire,Moins de $40K,Blue,26,1,2,2517,56,0.345,0,0,0,0,0,0,Faible
803648508,Client actuel,43,M,4,Lycée (équivalent baccalauréat),Non connu,$80K - $120K,Blue,37,2,3,758,42,0.055,0,0,0,1,1,2,Modéré
813200058,Client actuel,63,M,0,Licence,Marié(e),$40K - $60K,Blue,56,2,5,1786,27,0.275,0,1,0,1,0,2,Modéré
805261983,Client actuel,35,F,4,Non connu,Marié(e),Moins de $40K,Blue,30,3,4,979,61,0.602,0,1,0,0,0,1,Faible
715206408,Client actuel,31,F,1,Lycée (équivalent baccalauréat),Célibataire,Moins de $40K,Blue,22,1,5,0,83,0.0,0,1,1,0,1,3,Modéré
788684508,Client actuel,36,M,4,Sans diplôme,Marié(e),$80K - $120K,Blue,25,3,3,1732,41,0.296,0,0,0,1,0,1,Faible
737933883,Client actuel,34,M,1,Lycée (équivalent baccalauréat),Marié(e),$60K - $80K,Blue,27,1,2,2149,49,0.267,0,0,0,0,0,0,Faible
768655158,Client actuel,29,M,0,Non connu,Marié(e),$60K - $80K,Blue,23,3,2,1092,39,0.175,0,0,0,1,0,1,Faible
774437583,Client actuel,55,M,1,Doctorat,Marié(e),$60K - $80K,Blue,49,2,4,2442,38,0.531,0,1,0,1,0,2,Modéré
715462008,Client actuel,45,M,2,Niveau Bac+2,Marié(e),$60K - $80K,Blue,35,3,2,2096,49,0.117,0,0,0,0,1,1,Faible
712322058,Client actuel,40,F,3,Lycée (équivalent baccalauréat),Marié(e),Moins de $40K,Blue,32,1,3,1694,49,0.828,0,0,0,0,0,0,Faible
719737833,Client actuel,46,F,4,Sans diplôme,Marié(e),Moins de $40K,Blue,36,2,2,0,40,0.0,0,0,1,1,1,3,Modéré
789530208,Client actuel,54,F,2,Licence,Marié(e),Moins de $40K,Blue,46,2,2,2517,37,0.92,0,0,0,1,0,1,Faible
717885183,Client actuel,36,M,1,Licence,Célibataire,Moins de $40K,Blue,25,1,2,2489,79,0.949,0,0,0,0,0,0,Faible
711614658,Client actuel,37,F,2,Sans diplôme,Célibataire,Moins de $40K,Blue,30,3,3,1338,55,0.593,0,0,0,0,0,0,Faible
804598908,Client actuel,35,M,3,Licence,Célibataire,$80K - $120K,Blue,25,2,3,2055,49,0.316,0,0,0,0,0,0,Faible
719161683,Client actuel,64,F,0,Non connu,Marié(e),Non connu,Blue,55,1,4,1580,44,0.63,0,1,0,1,0,2,Modéré
719327808,Client actuel,52,F,2,Sans diplôme,Marié(e),Non connu,Blue,36,1,2,2517,34,0.628,0,0,0,1,0,1,Faible
714038433,Client actuel,37,F,5,Lycée (équivalent baccalauréat),Célibataire,$40K - $60K,Blue,19,1,2,1987,72,0.611,0,0,0,0,0,0,Faible
710129283,Client actuel,45,F,4,Sans diplôme,Marié(e),Non connu,Blue,26,3,1,0,71,0.0,0,0,1,0,1,2,Modéré
709367433,Client actuel,28,M,1,Non connu,Célibataire,$40K - $60K,Blue,15,3,1,1542,56,0.731,0,0,0,0,0,0,Faible
719729433,Client actuel,65,F,1,Licence,Marié(e),Moins de $40K,Blue,56,2,0,1726,51,0.246,0,0,0,0,0,0,Faible
717192933,Client actuel,55,M,0,Licence,Marié(e),$120K +,Blue,42,2,1,2517,34,0.303,0,0,0,1,0,1,Faible
711734508,Client actuel,55,M,2,Licence,Célibataire,$80K - $120K,Blue,47,3,3,1209,28,0.121,0,0,0,1,1,2,Modéré
715153158,Client actuel,41,M,4,Sans diplôme,Célibataire,$40K - $60K,Blue,36,3,4,1884,79,0.518,0,1,0,0,0,1,Faible
712149033,Client actuel,57,F,2,Lycée (équivalent baccalauréat),Marié(e),Moins de $40K,Blue,46,1,1,1856,55,0.358,0,0,0,0,0,0,Faible
713901108,Client actuel,37,M,2,Lycée (équivalent baccalauréat),Célibataire,$60K - $80K,Blue,29,1,4,0,80,0.0,0,1,1,0,1,3,Modéré
719415858,Client actuel,29,M,0,Niveau Bac+2,Divorcé(e),Non connu,Blue,15,3,2,1720,71,0.554,0,0,0,0,0,0,Faible
719385558,Client actuel,62,F,0,Niveau Bac+2,Marié(e),$40K - $60K,Blue,49,1,2,0,32,0.0,0,0,1,1,1,3,Modéré
779528658,Client actuel,42,M,4,Niveau Bac+2,Non connu,$60K - $80K,Blue,25,3,3,1115,41,0.361,0,0,0,1,0,1,Faible
721508283,Client actuel,47,F,1,Licence,Marié(e),Moins de $40K,Blue,36,2,1,0,62,0.0,0,0,1,0,1,2,Modéré
757753083,Client actuel,44,F,0,Licence,Marié(e),Moins de $40K,Silver,36,3,2,1229,74,0.122,0,0,0,0,1,1,Faible
797753283,Client actuel,34,F,1,Lycée (équivalent baccalauréat),Marié(e),Moins de $40K,Blue,28,3,4,2036,33,0.752,0,1,0,1,0,2,Modéré
807523008,Client actuel,37,M,1,Licence,Célibataire,Non connu,Blue,32,1,3,2007,47,0.456,0,0,0,0,0,0,Faible
711416958,Client actuel,33,F,2,Licence,Célibataire,Non connu,Blue,21,3,2,0,65,0.0,0,0,1,0,1,2,Modéré
780865308,Client actuel,40,M,4,Sans diplôme,Marié(e),$80K - $120K,Blue,23,3,2,1657,86,0.17,0,0,0,0,0,0,Faible
708423933,Client actuel,51,M,2,Doctorat,Célibataire,$40K - $60K,Blue,40,2,0,0,64,0.0,0,0,1,0,1,2,Modéré
714321408,Client actuel,65,M,1,Lycée (équivalent baccalauréat),Marié(e),$40K - $60K,Blue,56,2,2,1326,32,0.59,0,0,0,1,0,1,Faible
771852483,Client actuel,46,M,3,Licence,Célibataire,$80K - $120K,Blue,35,3,4,0,77,0.0,0,1,1,0,1,3,Modéré
708185208,Client actuel,27,M,0,Licence,Célibataire,$40K - $60K,Blue,16,1,2,1118,31,0.352,0,0,0,1,0,1,Faible
714920208,Client actuel,37,F,1,Lycée (équivalent baccalauréat),Non connu,Moins de $40K,Blue,30,5,0,1810,68,0.603,1,0,0,0,0,1,Faible
789952158,Client actuel,34,F,1,Doctorat,Marié(e),Non connu,Blue,25,3,3,2069,57,0.893,0,0,0,0,0,0,Faible
713237958,Client actuel,34,M,0,Licence,Marié(e),$40K - $60K,Blue,17,1,4,2092,43,0.793,0,1,0,1,0,2,Modéré
715956258,Client actuel,35,F,1,Sans diplôme,Marié(e),Moins de $40K,Blue,36,2,4,0,60,0.0,0,1,1,0,1,3,Modéré
769196433,Client actuel,55,F,2,Master,Marié(e),Moins de $40K,Blue,49,1,1,2276,62,0.943,0,0,0,0,0,0,Faible
778942233,Client actuel,60,F,0,Doctorat,Marié(e),Moins de $40K,Blue,45,2,4,648,27,0.451,0,1,1,1,0,3,Modéré
708651933,Client actuel,56,M,2,Licence,Marié(e),$60K - $80K,Blue,44,1,2,1928,57,0.944,0,0,0,0,0,0,Faible
720467583,Client actuel,52,M,2,Lycée (équivalent baccalauréat),Célibataire,$80K - $120K,Blue,46,3,2,2517,67,0.073,0,0,0,0,1,1,Faible
716549058,Client actuel,45,F,4,Sans diplôme,Marié(e),$40K - $60K,Blue,36,1,3,2290,41,0.736,0,0,0,1,0,1,Faible
713533983,Client actuel,56,M,1,Licence,Marié(e),$120K +,Blue,48,3,4,1207,33,0.467,0,1,0,1,0,2,Modéré
710256708,Client actuel,30,M,1,Non connu,Célibataire,Moins de $40K,Blue,19,2,0,1712,68,0.196,0,0,0,0,0,0,Faible
708980283,Client actuel,34,M,3,Lycée (équivalent baccalauréat),Marié(e),$80K - $120K,Blue,23,1,4,2517,55,0.601,0,1,0,0,0,1,Faible
719484408,Client actuel,39,M,3,Sans diplôme,Marié(e),$60K - $80K,Blue,36,2,4,1459,57,0.307,0,1,0,0,0,1,Faible
710023233,Client actuel,36,M,3,Licence,Célibataire,$120K +,Blue,36,2,4,1300,65,0.053,0,1,0,0,1,2,Modéré
789101883,Client actuel,32,M,3,Non connu,Célibataire,$120K +,Blue,20,2,2,1673,66,0.117,0,0,0,0,1,1,Faible
787492908,Client actuel,50,F,2,Sans diplôme,Marié(e),Non connu,Blue,34,3,2,905,73,0.039,0,0,0,0,1,1,Faible
709932558,Client actuel,39,F,2,Sans diplôme,Marié(e),Moins de $40K,Blue,26,3,2,2517,34,0.725,0,0,0,1,0,1,Faible
780219483,Client actuel,61,F,0,Licence,Marié(e),Moins de $40K,Blue,51,2,1,1041,28,0.463,0,0,0,1,0,1,Faible
708590658,Client actuel,65,F,1,Non connu,Marié(e),Non connu,Blue,53,3,2,2312,40,0.145,0,0,0,1,1,2,Modéré
715143333,Client actuel,45,F,1,Lycée (équivalent baccalauréat),Divorcé(e),Moins de $40K,Blue,36,2,2,1578,81,0.167,0,0,0,0,0,0,Faible
801048483,Client actuel,34,M,3,Sans diplôme,Divorcé(e),$120K +,Blue,28,3,3,1814,49,0.198,0,0,0,0,0,0,Faible
711913833,Client actuel,37,M,3,Licence,Marié(e),$40K - $60K,Blue,36,2,4,1437,31,0.163,0,1,0,1,0,2,Modéré
715413483,Client actuel,44,F,3,Licence,Célibataire,Moins de $40K,Blue,36,1,3,1028,77,0.253,0,0,0,0,0,0,Faible
715750758,Client actuel,56,M,1,Sans diplôme,Marié(e),$80K - $120K,Blue,36,1,1,1535,35,0.17,0,0,0,1,0,1,Faible
714062958,Client actuel,36,M,4,Non connu,Célibataire,$40K - $60K,Blue,36,1,2,994,64,0.101,0,0,0,0,1,1,Faible
710458758,Client actuel,65,F,0,Licence,Marié(e),Moins de $40K,Blue,53,3,5,2491,30,0.599,0,1,0,1,0,2,Modéré
719494983,Client actuel,26,M,0,Licence,Célibataire,Moins de $40K,Blue,15,3,3,2069,44,0.755,0,0,0,1,0,1,Faible
772637058,Client actuel,34,M,3,Sans diplôme,Marié(e),$60K - $80K,Blue,24,1,4,1740,51,0.213,0,1,0,0,0,1,Faible
718229133,Client actuel,51,M,2,Niveau Bac+2,Marié(e),$120K +,Blue,41,2,4,0,57,0.0,0,1,1,0,1,3,Modéré
718423533,Client actuel,57,M,3,Niveau Bac+2,Non connu,$60K - $80K,Blue,50,3,4,1181,74,0.07,0,1,0,0,1,2,Modéré
781089708,Client actuel,30,M,0,Licence,Divorcé(e),$80K - $120K,Blue,23,1,2,1285,46,0.048,0,0,0,0,1,1,Faible
773082033,Client actuel,35,M,1,Master,Célibataire,$80K - $120K,Blue,27,3,4,1363,38,0.053,0,1,0,1,1,3,Modéré
815288583,Client actuel,32,M,0,Licence,Marié(e),$40K - $60K,Blue,27,3,2,1591,36,0.33,0,0,0,1,0,1,Faible
720431433,Client actuel,62,M,1,Licence,Marié(e),Non connu,Blue,36,2,2,2308,35,0.722,0,0,0,1,0,1,Faible
710567508,Client actuel,53,M,3,Lycée (équivalent baccalauréat),Célibataire,$80K - $120K,Blue,44,2,3,2202,33,0.094,0,0,0,1,1,2,Modéré
719427333,Client actuel,55,M,3,Niveau Bac+2,Marié(e),$60K - $80K,Blue,36,4,4,1737,27,0.771,1,1,0,1,0,3,Modéré
714765408,Client actuel,26,F,1,Non connu,Célibataire,Moins de $40K,Blue,36,3,3,1990,57,0.778,0,0,0,0,0,0,Faible
809290308,Client actuel,31,F,0,Licence,Marié(e),Moins de $40K,Blue,26,1,1,1173,45,0.331,0,0,0,1,0,1,Faible
779598183,Client actuel,53,M,3,Non connu,Célibataire,$60K - $80K,Blue,42,1,2,1700,54,0.074,0,0,0,0,1,1,Faible
779783508,Client actuel,45,M,2,Licence,Marié(e),$40K - $60K,Blue,34,1,3,901,56,0.069,0,0,0,0,1,1,Faible
719568333,Client actuel,39,M,3,Non connu,Célibataire,$80K - $120K,Silver,36,3,2,1900,36,0.055,0,0,0,1,1,2,Modéré
719207733,Client actuel,61,F,0,Lycée (équivalent baccalauréat),Marié(e),Moins de $40K,Blue,53,2,0,802,36,0.236,0,0,0,1,0,1,Faible
715533108,Client actuel,31,F,0,Sans diplôme,Célibataire,Moins de $40K,Blue,20,3,4,955,62,0.203,0,1,0,0,0,1,Faible
714816258,Client actuel,37,M,2,Licence,Célibataire,$60K - $80K,Blue,36,2,2,947,58,0.124,0,0,0,0,1,1,Faible
787573683,Client actuel,41,M,3,Master,Marié(e),$60K - $80K,Blue,34,2,2,1319,74,0.503,0,0,0,0,0,0,Faible
804310758,Client actuel,58,M,3,Licence,Marié(e),$120K +,Blue,52,2,5,1578,48,0.088,0,1,0,0,1,2,Modéré
792912708,Client actuel,45,M,5,Licence,Marié(e),$40K - $60K,Silver,39,1,5,2098,64,0.138,0,1,0,0,1,2,Modéré
719078283,Client actuel,57,F,4,Lycée (équivalent baccalauréat),Marié(e),Moins de $40K,Blue,47,3,4,2517,35,0.789,0,1,0,1,0,2,Modéré
708620283,Client actuel,35,M,1,Non connu,Célibataire,$60K - $80K,Blue,25,3,2,2001,59,0.331,0,0,0,0,0,0,Faible
770985633,Client actuel,39,M,2,Non connu,Marié(e),$40K - $60K,Blue,26,1,2,2027,42,0.368,0,0,0,1,0,1,Faible
780094008,Client actuel,55,M,3,Doctorat,Marié(e),$120K +,Blue,40,3,1,1119,40,0.087,0,0,0,1,1,2,Modéré
716420358,Client actuel,41,F,2,Lycée (équivalent baccalauréat),Marié(e),$40K - $60K,Blue,36,2,4,1490,78,0.573,0,1,0,0,0,1,Faible
825756333,Client actuel,55,F,0,Sans diplôme,Marié(e),Moins de $40K,Blue,51,3,1,1885,48,0.924,0,0,0,0,0,0,Faible
755273658,Client actuel,52,F,2,Licence,Marié(e),Moins de $40K,Blue,45,3,3,1683,54,0.661,0,0,0,0,0,0,Faible
709096908,Client actuel,57,M,2,Licence,Marié(e),$120K +,Blue,49,3,1,984,35,0.209,0,0,0,1,0,1,Faible
714840858,Client actuel,40,F,3,Lycée (équivalent baccalauréat),Non connu,Moins de $40K,Blue,31,2,4,1551,65,0.698,0,1,0,0,0,1,Faible
721205508,Client actuel,47,M,4,Lycée (équivalent baccalauréat),Marié(e),$80K - $120K,Blue,36,3,4,0,56,0.0,0,1,1,0,1,3,Modéré
786493908,Client actuel,42,F,4,Sans diplôme,Célibataire,Moins de $40K,Silver,36,3,3,0,64,0.0,0,0,1,0,1,2,Modéré
803963808,Client actuel,39,M,3,Licence,Célibataire,$80K - $120K,Blue,34,3,5,0,74,0.0,0,1,1,0,1,3,Modéré
806170158,Client actuel,39,M,4,Licence,Célibataire,$60K - $80K,Gold,34,3,2,542,78,0.016,0,0,1,0,1,2,Modéré
751469808,Client actuel,36,M,3,Licence,Marié(e),$120K +,Blue,29,2,4,1945,33,0.151,0,1,0,1,1,3,Modéré
721055058,Client actuel,36,M,2,Sans diplôme,Marié(e),$60K - $80K,Blue,21,1,5,2517,46,0.197,0,1,0,0,0,1,Faible
709794333,Client actuel,29,M,0,Licence,Marié(e),Moins de $40K,Blue,19,2,4,1430,30,0.506,0,1,0,1,0,2,Modéré
718361583,Client actuel,56,F,2,Sans diplôme,Marié(e),Non connu,Blue,36,3,5,0,44,0.0,0,1,1,1,1,4,Élevé
714327183,Client actuel,37,F,4,Licence,Marié(e),Moins de $40K,Blue,28,3,1,1389,54,0.761,0,0,0,0,0,0,Faible
808909008,Client actuel,61,M,0,Master,Marié(e),Moins de $40K,Blue,56,3,4,0,31,0.0,0,1,1,1,1,4,Élevé
716207508,Client actuel,36,M,3,Lycée (équivalent baccalauréat),Marié(e),$60K - $80K,Blue,36,2,4,1517,38,0.276,0,1,0,1,0,2,Modéré
768965208,Client actuel,51,F,1,Licence,Marié(e),$40K - $60K,Blue,45,2,2,865,71,0.128,0,0,0,0,1,1,Faible
715220508,Client actuel,31,F,0,Lycée (équivalent baccalauréat),Marié(e),Moins de $40K,Blue,22,2,1,2517,57,0.769,0,0,0,0,0,0,Faible
712112733,Client actuel,33,M,2,Doctorat,Célibataire,$40K - $60K,Blue,25,2,2,1541,67,0.164,0,0,0,0,0,0,Faible
712298883,Client actuel,50,F,3,Lycée (équivalent baccalauréat),Célibataire,Moins de $40K,Blue,38,3,1,663,73,0.461,0,0,1,0,0,1,Faible
716823408,Client actuel,65,M,0,Doctorat,Célibataire,Non connu,Blue,56,2,2,1608,77,0.057,0,0,0,0,1,1,Faible
719089383,Client actuel,48,M,2,Lycée (équivalent baccalauréat),Marié(e),$40K - $60K,Blue,29,2,1,2371,80,0.384,0,0,0,0,0,0,Faible
710039208,Client actuel,57,F,3,Non connu,Célibataire,Non connu,Blue,40,3,1,966,87,0.458,0,0,0,0,0,0,Faible
780237033,Client actuel,63,F,1,Non connu,Marié(e),$40K - $60K,Blue,49,1,3,1819,35,0.579,0,0,0,1,0,1,Faible
720986958,Client actuel,50,F,2,Licence,Divorcé(e),$40K - $60K,Blue,40,2,5,2517,36,0.303,0,1,0,1,0,2,Modéré
709473708,Client actuel,39,M,3,Licence,Célibataire,$80K - $120K,Blue,31,2,3,1661,33,0.054,0,0,0,1,1,2,Modéré
708593883,Client actuel,39,M,2,Niveau Bac+2,Marié(e),$60K - $80K,Blue,26,1,4,1573,38,0.576,0,1,0,1,0,2,Modéré
710241858,Client actuel,39,F,4,Non connu,Marié(e),Moins de $40K,Blue,31,1,4,0,36,0.0,0,1,1,1,1,4,Élevé
715392558,Client actuel,52,M,1,Non connu,Célibataire,$120K +,Blue,44,1,2,0,56,0.0,0,0,1,0,1,2,Modéré
717399183,Client actuel,37,M,1,Licence,Marié(e),$80K - $120K,Blue,26,3,1,1176,52,0.146,0,0,0,0,1,1,Faible
817925058,Client actuel,50,F,2,Sans diplôme,Marié(e),Non connu,Blue,45,1,4,2401,35,0.424,0,1,0,1,0,2,Modéré
716029158,Client actuel,59,M,0,Non connu,Marié(e),$60K - $80K,Blue,36,4,5,1366,35,0.323,1,1,0,1,0,3,Modéré
715043508,Client actuel,38,M,2,Licence,Non connu,$40K - $60K,Blue,36,3,4,0,61,0.0,0,1,1,0,1,3,Modéré
716610558,Client actuel,65,F,0,Lycée (équivalent baccalauréat),Célibataire,$40K - $60K,Blue,36,3,3,1559,71,0.142,0,0,0,0,1,1,Faible
716768808,Client actuel,57,M,1,Non connu,Marié(e),$120K +,Blue,36,2,4,1967,43,0.082,0,1,0,1,1,3,Modéré
795810633,Client actuel,65,M,0,Sans diplôme,Marié(e),Non connu,Blue,56,3,2,1295,24,0.128,0,0,0,1,1,2,Modéré
779925033,Client actuel,38,F,4,Licence,Marié(e),$40K - $60K,Blue,22,3,4,1969,60,0.657,0,1,0,0,0,1,Faible
790225758,Client actuel,41,M,2,Niveau Bac+2,Célibataire,$80K - $120K,Blue,35,3,3,620,47,0.234,0,0,1,0,0,1,Faible
713879283,Client actuel,55,F,2,Licence,Marié(e),Moins de $40K,Blue,47,1,2,1300,34,0.284,0,0,0,1,0,1,Faible
715968858,Client actuel,28,M,0,Master,Marié(e),Non connu,Blue,13,1,2,1630,33,0.625,0,0,0,1,0,1,Faible
767687208,Client actuel,31,M,2,Non connu,Célibataire,$80K - $120K,Blue,24,3,3,1180,69,0.034,0,0,0,0,1,1,Faible
778728783,Client actuel,39,F,2,Non connu,Marié(e),Moins de $40K,Blue,19,3,1,2095,56,0.664,0,0,0,0,0,0,Faible
713637783,Client actuel,44,F,3,Licence,Marié(e),Non connu,Blue,31,2,0,2053,38,0.082,0,0,0,1,1,2,Modéré
718162908,Client actuel,55,M,3,Niveau Bac+2,Marié(e),$80K - $120K,Blue,42,2,1,614,48,0.024,0,0,1,0,1,2,Modéré
708664008,Client actuel,57,M,3,Niveau Bac+2,Marié(e),$80K - $120K,Blue,45,3,4,0,37,0.0,0,1,1,1,1,4,Élevé
711929058,Client actuel,28,M,0,Lycée (équivalent baccalauréat),Marié(e),Non connu,Blue,21,3,5,1209,49,0.047,0,1,0,0,1,2,Modéré
770781558,Client actuel,35,F,2,Licence,Marié(e),Moins de $40K,Blue,21,1,2,2517,31,0.779,0,0,0,1,0,1,Faible
790048158,Client actuel,46,F,4,Niveau Bac+2,Marié(e),Moins de $40K,Blue,38,3,3,1865,54,0.21,0,0,0,0,0,0,Faible
721258158,Client actuel,65,F,1,Sans diplôme,Célibataire,Non connu,Blue,51,3,5,1491,63,0.135,0,1,0,0,1,2,Modéré
786480183,Client actuel,50,F,2,Sans diplôme,Marié(e),Non connu,Blue,44,2,5,0,69,0.0,0,1,1,0,1,3,Modéré
721378008,Client actuel,31,M,0,Sans diplôme,Divorcé(e),$40K - $60K,Blue,21,2,2,1461,71,0.557,0,0,0,0,0,0,Faible
786566733,Client actuel,49,M,2,Non connu,Célibataire,$80K - $120K,Blue,43,3,5,1190,64,0.241,0,1,0,0,0,1,Faible
794551383,Client actuel,50,F,3,Niveau Bac+2,Célibataire,Moins de $40K,Blue,32,3,4,1218,75,0.276,0,1,0,0,0,1,Faible
820981383,Client actuel,44,F,4,Lycée (équivalent baccalauréat),Divorcé(e),Moins de $40K,Blue,39,1,4,1796,42,0.194,0,1,0,1,0,2,Modéré
713366583,Client actuel,63,F,1,Lycée (équivalent baccalauréat),Marié(e),Moins de $40K,Blue,56,1,3,1685,40,0.552,0,0,0,1,0,1,Faible
767311008,Client actuel,41,M,1,Licence,Divorcé(e),$80K - $120K,Blue,35,2,3,770,41,0.04,0,0,0,1,1,2,Modéré
716624133,Client actuel,56,M,1,Non connu,Célibataire,$80K - $120K,Blue,36,1,3,1880,19,0.147,0,0,0,1,1,2,Modéré
712727283,Client actuel,55,M,1,Licence,Marié(e),$60K - $80K,Blue,36,2,3,1275,28,0.273,0,0,0,1,0,1,Faible
716059608,Client actuel,48,F,4,Niveau Bac+2,Célibataire,Moins de $40K,Blue,38,3,3,1505,67,0.308,0,0,0,0,0,0,Faible
708292833,Client actuel,35,M,2,Lycée (équivalent baccalauréat),Célibataire,$120K +,Blue,36,2,3,1250,60,0.046,0,0,0,0,1,1,Faible
720013083,Client actuel,30,F,0,Master,Célibataire,Moins de $40K,Blue,18,3,2,797,74,0.374,0,0,0,0,0,0,Faible
710540883,Client actuel,37,M,3,Lycée (équivalent baccalauréat),Célibataire,$80K - $120K,Blue,24,3,2,0,67,0.0,0,0,1,0,1,2,Modéré
709212183,Client actuel,53,F,2,Licence,Marié(e),Moins de $40K,Blue,36,1,3,1470,53,0.463,0,0,0,0,0,0,Faible
713424108,Client actuel,37,M,1,Licence,Célibataire,$60K - $80K,Blue,27,1,3,2349,57,0.548,0,0,0,0,0,0,Faible
718476033,Client actuel,65,F,0,Sans diplôme,Célibataire,Non connu,Blue,56,3,5,2355,49,0.117,0,1,0,0,1,2,Modéré
815001108,Client actuel,48,M,2,Doctorat,Célibataire,Moins de $40K,Blue,43,3,2,1685,67,0.283,0,0,0,0,0,0,Faible
709802208,Client actuel,37,M,1,Licence,Marié(e),$40K - $60K,Blue,17,1,4,0,61,0.0,0,1,1,0,1,3,Modéré
713445183,Client actuel,35,M,1,Lycée (équivalent baccalauréat),Marié(e),$60K - $80K,Blue,26,3,2,1841,58,0.459,0,0,0,0,0,0,Faible
717310458,Client actuel,35,F,3,Licence,Célibataire,Moins de $40K,Blue,27,3,2,938,65,0.162,0,0,0,0,0,0,Faible
789158433,Client actuel,49,F,2,Lycée (équivalent baccalauréat),Non connu,$40K - $60K,Blue,38,1,2,1674,53,0.67,0,0,0,0,0,0,Faible
788761608,Client actuel,26,F,0,Lycée (équivalent baccalauréat),Célibataire,Non connu,Blue,13,3,4,2286,57,0.222,0,1,0,0,0,1,Faible
709916058,Client actuel,58,M,1,Non connu,Marié(e),$60K - $80K,Blue,36,1,3,2163,40,0.922,0,0,0,1,0,1,Faible
789804933,Client actuel,29,F,2,Sans diplôme,Célibataire,Non connu,Blue,18,1,2,1236,69,0.053,0,0,0,0,1,1,Faible
780070833,Client actuel,58,F,2,Non connu,Marié(e),Moins de $40K,Blue,43,2,2,2517,29,0.83,0,0,0,1,0,1,Faible
772776033,Client actuel,33,M,2,Niveau Bac+2,Célibataire,$80K - $120K,Blue,23,4,3,1874,47,0.265,1,0,0,0,0,1,Faible
719804208,Client actuel,36,M,2,Licence,Marié(e),$40K - $60K,Blue,28,1,3,1873,48,0.274,0,0,0,0,0,0,Faible
715077483,Client actuel,47,F,3,Doctorat,Marié(e),Moins de $40K,Blue,36,3,4,772,40,0.537,0,1,0,1,0,2,Modéré
717000858,Client actuel,41,M,2,Licence,Marié(e),Moins de $40K,Blue,29,2,2,1738,52,0.648,0,0,0,0,0,0,Faible
792402483,Client actuel,46,M,4,Licence,Célibataire,$60K - $80K,Blue,40,2,1,985,70,0.08,0,0,0,0,1,1,Faible
712973733,Client actuel,58,M,4,Licence,Marié(e),$60K - $80K,Blue,36,2,2,1480,38,0.101,0,0,0,1,1,2,Modéré
813213558,Client actuel,53,F,1,Doctorat,Célibataire,Moins de $40K,Blue,48,3,3,1469,64,0.648,0,0,0,0,0,0,Faible
718215033,Client actuel,54,F,3,Non connu,Marié(e),Moins de $40K,Blue,36,2,4,2260,30,0.884,0,1,0,1,0,2,Modéré
717207408,Client actuel,39,F,1,Sans diplôme,Divorcé(e),Non connu,Blue,34,1,2,666,60,0.053,0,0,1,0,1,2,Modéré
711426033,Client actuel,49,M,2,Licence,Célibataire,$80K - $120K,Blue,39,2,2,946,65,0.083,0,0,0,0,1,1,Faible
719233833,Client actuel,35,F,3,Lycée (équivalent baccalauréat),Marié(e),Moins de $40K,Blue,23,3,4,526,55,0.171,0,1,1,0,0,2,Modéré
716864733,Client actuel,47,M,3,Niveau Bac+2,Marié(e),$120K +,Silver,27,3,3,2315,46,0.067,0,0,0,0,1,1,Faible
821168733,Client actuel,38,M,3,Licence,Marié(e),$60K - $80K,Blue,34,3,3,2301,33,0.432,0,0,0,1,0,1,Faible
710135058,Client actuel,56,M,1,Licence,Célibataire,$80K - $120K,Blue,44,1,0,1501,34,0.165,0,0,0,1,0,1,Faible
720228708,Client actuel,56,M,2,Lycée (équivalent baccalauréat),Marié(e),$120K +,Blue,46,1,3,1347,27,0.05,0,0,0,1,1,2,Modéré
718618458,Client actuel,38,M,3,Lycée (équivalent baccalauréat),Célibataire,$60K - $80K,Blue,25,1,4,1305,72,0.132,0,1,0,0,1,2,Modéré
719587158,Client actuel,37,M,1,Lycée (équivalent baccalauréat),Célibataire,$40K - $60K,Blue,25,2,3,1799,72,0.69,0,0,0,0,0,0,Faible
715499808,Client actuel,63,F,0,Non connu,Marié(e),Moins de $40K,Blue,36,1,4,2517,26,0.709,0,1,0,1,0,2,Modéré
718589133,Client actuel,65,F,1,Licence,Célibataire,Moins de $40K,Blue,56,2,2,1619,62,0.351,0,0,0,0,0,0,Faible
789235383,Client actuel,38,M,4,Niveau Bac+2,Marié(e),$80K - $120K,Blue,27,2,4,1909,52,0.184,0,1,0,0,0,1,Faible
773364483,Client actuel,45,F,4,Doctorat,Non connu,Non connu,Silver,39,1,2,1298,39,0.038,0,0,0,1,1,2,Modéré
713548158,Client actuel,26,M,0,Niveau Bac+2,Célibataire,$40K - $60K,Blue,36,2,3,1611,41,0.606,0,0,0,1,0,1,Faible
720264783,Client actuel,58,F,2,Licence,Marié(e),Moins de $40K,Blue,44,2,3,1327,34,0.264,0,0,0,1,0,1,Faible
710528583,Client actuel,26,F,0,Non connu,Célibataire,$40K - $60K,Blue,16,2,4,835,40,0.518,0,1,0,1,0,2,Modéré
809990883,Client actuel,48,F,3,Licence,Célibataire,Moins de $40K,Blue,43,2,2,1773,64,0.732,0,0,0,0,0,0,Faible
772303458,Client actuel,62,F,0,Doctorat,Marié(e),$40K - $60K,Blue,51,3,2,948,44,0.281,0,0,0,1,0,1,Faible
711990933,Client actuel,40,F,2,Licence,Célibataire,Moins de $40K,Blue,29,3,2,0,62,0.0,0,0,1,0,1,2,Modéré
819977058,Client actuel,46,M,2,Lycée (équivalent baccalauréat),Célibataire,$40K - $60K,Blue,41,3,2,1543,71,0.49,0,0,0,0,0,0,Faible
721467258,Client actuel,58,M,1,Lycée (équivalent baccalauréat),Marié(e),$40K - $60K,Blue,36,2,5,1135,33,0.524,0,1,0,1,0,2,Modéré
719976558,Client actuel,47,M,2,Licence,Non connu,$60K - $80K,Blue,34,2,4,1562,49,0.368,0,1,0,0,0,1,Faible
718824783,Client actuel,50,M,2,Non connu,Divorcé(e),$60K - $80K,Blue,41,1,3,1433,50,0.483,0,0,0,0,0,0,Faible
713303733,Client actuel,53,M,1,Licence,Célibataire,$120K +,Blue,41,3,2,744,33,0.462,0,0,0,1,0,1,Faible
711129483,Client actuel,45,M,3,Licence,Marié(e),$60K - $80K,Blue,36,1,3,1504,72,0.103,0,0,0,0,1,1,Faible
779618433,Client actuel,48,M,4,Sans diplôme,Célibataire,$40K - $60K,Blue,38,3,2,1551,82,0.186,0,0,0,0,0,0,Faible
797757333,Client actuel,43,M,3,Master,Marié(e),$60K - $80K,Gold,37,1,2,1580,86,0.046,0,0,0,0,1,1,Faible
814497483,Client actuel,60,M,0,Sans diplôme,Marié(e),$60K - $80K,Blue,55,1,2,1393,47,0.215,0,0,0,0,0,0,Faible
709623483,Client actuel,56,M,2,Lycée (équivalent baccalauréat),Marié(e),$120K +,Blue,41,1,3,1470,36,0.08,0,0,0,1,1,2,Modéré
709056558,Client actuel,43,F,3,Niveau Bac+2,Marié(e),$40K - $60K,Blue,31,3,2,2517,41,0.899,0,0,0,1,0,1,Faible
708238833,Client actuel,57,F,3,Lycée (équivalent baccalauréat),Marié(e),Moins de $40K,Blue,36,2,3,2215,30,0.731,0,0,0,1,0,1,Faible
813261408,Client actuel,52,F,1,Sans diplôme,Marié(e),$40K - $60K,Blue,47,3,3,1338,58,0.622,0,0,0,0,0,0,Faible
720424608,Client actuel,56,F,1,Non connu,Marié(e),Non connu,Blue,36,3,2,1084,37,0.045,0,0,0,1,1,2,Modéré
769756983,Client actuel,38,M,3,Licence,Marié(e),$60K - $80K,Blue,32,1,2,2227,61,0.289,0,0,0,0,0,0,Faible
712674183,Client actuel,53,M,2,Niveau Bac+2,Marié(e),$40K - $60K,Blue,33,3,1,2180,36,0.536,0,0,0,1,0,1,Faible
708900408,Client actuel,52,F,1,Licence,Divorcé(e),Non connu,Blue,35,2,4,1499,83,0.114,0,1,0,0,1,2,Modéré
713625483,Client actuel,58,M,2,Niveau Bac+2,Marié(e),$80K - $120K,Blue,44,2,2,2508,29,0.212,0,0,0,1,0,1,Faible
716869458,Client actuel,34,F,3,Niveau Bac+2,Célibataire,Moins de $40K,Blue,36,6,1,704,63,0.095,1,0,0,0,1,2,Modéré
788723133,Client actuel,36,M,1,Lycée (équivalent baccalauréat),Célibataire,$40K - $60K,Blue,20,1,2,976,53,0.077,0,0,0,0,1,1,Faible
794462133,Client actuel,55,F,0,Licence,Célibataire,$40K - $60K,Blue,35,1,3,1978,41,0.53,0,0,0,1,0,1,Faible
712604133,Client actuel,54,M,1,Sans diplôme,Célibataire,$80K - $120K,Blue,43,1,4,1699,48,0.066,0,1,0,0,1,2,Modéré
714397983,Client actuel,36,M,2,Niveau Bac+2,Marié(e),$40K - $60K,Blue,36,3,1,1495,42,0.386,0,0,0,1,0,1,Faible
788269158,Client actuel,35,F,2,Licence,Célibataire,Non connu,Blue,27,3,0,1806,78,0.551,0,0,0,0,0,0,Faible
715898058,Client actuel,53,M,2,Licence,Marié(e),$120K +,Blue,36,1,3,0,41,0.0,0,0,1,1,1,3,Modéré
711906033,Client actuel,48,F,3,Licence,Non connu,Moins de $40K,Blue,36,2,2,1131,63,0.183,0,0,0,0,0,0,Faible
711367308,Client actuel,37,M,3,Sans diplôme,Célibataire,$40K - $60K,Blue,19,3,4,1185,67,0.542,0,1,0,0,0,1,Faible
790186458,Client actuel,45,M,3,Sans diplôme,Célibataire,$80K - $120K,Blue,39,1,0,864,30,0.048,0,0,0,1,1,2,Modéré
712040433,Client actuel,54,F,1,Lycée (équivalent baccalauréat),Marié(e),Moins de $40K,Blue,43,2,3,2200,57,0.954,0,0,0,0,0,0,Faible
709616958,Client actuel,38,M,2,Lycée (équivalent baccalauréat),Célibataire,$60K - $80K,Silver,30,3,4,1583,73,0.06,0,1,0,0,1,2,Modéré
714633858,Client actuel,35,F,2,Niveau Bac+2,Marié(e),Moins de $40K,Blue,18,3,2,2517,32,0.436,0,0,0,1,0,1,Faible
794818833,Client actuel,36,F,1,Sans diplôme,Célibataire,Moins de $40K,Blue,30,1,2,2078,58,0.378,0,0,0,0,0,0,Faible
711219333,Client actuel,33,M,1,Master,Célibataire,$120K +,Blue,14,1,0,2264,49,0.299,0,0,0,0,0,0,Faible
713384508,Client actuel,28,M,1,Lycée (équivalent baccalauréat),Célibataire,Moins de $40K,Blue,14,3,1,1398,73,0.483,0,0,0,0,0,0,Faible
772514808,Client actuel,36,F,2,Sans diplôme,Célibataire,$40K - $60K,Blue,26,2,4,2379,63,0.76,0,1,0,0,0,1,Faible
710808108,Client actuel,34,F,3,Niveau Bac+2,Divorcé(e),Moins de $40K,Blue,27,3,2,2517,54,0.589,0,0,0,0,0,0,Faible
778973658,Client actuel,55,M,0,Doctorat,Marié(e),$60K - $80K,Blue,36,6,4,906,66,0.182,1,1,0,0,0,2,Modéré
712005108,Client actuel,61,F,0,Master,Marié(e),Moins de $40K,Blue,48,3,3,2155,44,0.683,0,0,0,1,0,1,Faible
804577833,Client actuel,44,F,2,Licence,Marié(e),Moins de $40K,Blue,39,1,0,2101,63,0.306,0,0,0,0,0,0,Faible
715028283,Client actuel,54,M,1,Licence,Célibataire,$80K - $120K,Blue,46,3,2,2497,61,0.161,0,0,0,0,1,1,Faible
789786258,Client actuel,39,M,2,Lycée (équivalent baccalauréat),Célibataire,$80K - $120K,Blue,28,2,4,1915,33,0.072,0,1,0,1,1,3,Modéré
715421058,Client actuel,51,M,1,Non connu,Marié(e),$60K - $80K,Blue,36,2,4,979,69,0.044,0,1,0,0,1,2,Modéré
797166633,Client actuel,47,M,2,Non connu,Célibataire,$80K - $120K,Blue,41,2,4,1713,61,0.162,0,1,0,0,0,1,Faible
711041508,Client actuel,37,F,1,Lycée (équivalent baccalauréat),Marié(e),$40K - $60K,Blue,25,3,4,2517,47,0.429,0,1,0,0,0,1,Faible
712847208,Client actuel,47,F,3,Licence,Non connu,$40K - $60K,Blue,36,2,3,1854,50,0.345,0,0,0,0,0,0,Faible
779174133,Client actuel,56,M,3,Sans diplôme,Marié(e),$120K +,Blue,43,1,5,753,30,0.145,0,1,0,1,1,3,Modéré
715680933,Client actuel,53,M,1,Licence,Célibataire,$80K - $120K,Blue,36,2,4,1463,55,0.082,0,1,0,0,1,2,Modéré
770871708,Client actuel,62,M,0,Licence,Marié(e),$40K - $60K,Blue,48,1,5,0,56,0.0,0,1,1,0,1,3,Modéré
772643058,Client actuel,58,F,3,Licence,Marié(e),Moins de $40K,Blue,48,2,3,1834,36,0.655,0,0,0,1,0,1,Faible
718199133,Client actuel,57,M,1,Lycée (équivalent baccalauréat),Célibataire,$80K - $120K,Blue,36,2,2,2260,31,0.345,0,0,0,1,0,1,Faible
721475133,Client actuel,54,F,1,Doctorat,Célibataire,Non connu,Blue,36,3,4,829,70,0.032,0,1,0,0,1,2,Modéré
766322883,Client actuel,33,F,3,Niveau Bac+2,Célibataire,$40K - $60K,Blue,26,3,5,1344,71,0.213,0,1,0,0,0,1,Faible
771197433,Client actuel,54,F,1,Licence,Marié(e),Moins de $40K,Blue,41,2,4,588,30,0.126,0,1,1,1,1,4,Élevé
709516458,Client actuel,30,M,0,Licence,Divorcé(e),$60K - $80K,Blue,22,3,3,0,66,0.0,0,0,1,0,1,2,Modéré
716456808,Client actuel,36,F,2,Lycée (équivalent baccalauréat),Célibataire,Moins de $40K,Blue,36,2,5,1263,69,0.156,0,1,0,0,1,2,Modéré
716819958,Client actuel,60,M,2,Licence,Marié(e),$60K - $80K,Blue,50,1,2,845,35,0.094,0,0,0,1,1,2,Modéré
779449308,Client actuel,46,F,4,Lycée (équivalent baccalauréat),Célibataire,Moins de $40K,Blue,28,3,4,0,72,0.0,0,1,1,0,1,3,Modéré
784891458,Client actuel,55,M,1,Licence,Marié(e),$80K - $120K,Blue,49,3,3,2158,34,0.075,0,0,0,1,1,2,Modéré
790004883,Client actuel,55,M,1,Lycée (équivalent baccalauréat),Célibataire,$80K - $120K,Blue,47,3,3,1995,30,0.679,0,0,0,1,0,1,Faible
770262183,Client actuel,31,M,0,Sans diplôme,Célibataire,Moins de $40K,Blue,25,2,2,1741,67,0.305,0,0,0,0,0,0,Faible
715277583,Client actuel,55,F,3,Sans diplôme,Divorcé(e),Moins de $40K,Blue,36,2,1,1209,61,0.573,0,0,0,0,0,0,Faible
815510883,Client actuel,36,M,2,Master,Célibataire,$40K - $60K,Blue,31,2,5,2282,74,0.192,0,1,0,0,0,1,Faible
713997183,Client actuel,34,F,2,Non connu,Célibataire,Moins de $40K,Blue,36,3,2,2160,56,0.774,0,0,0,0,0,0,Faible
715107033,Client actuel,33,F,1,Licence,Célibataire,Moins de $40K,Blue,36,2,4,1440,77,0.22,0,1,0,0,0,1,Faible
720706008,Client actuel,30,M,2,Master,Célibataire,$40K - $60K,Blue,16,3,5,1977,69,0.436,0,1,0,0,0,1,Faible
710108133,Client actuel,54,F,2,Licence,Marié(e),$40K - $60K,Blue,36,3,0,1528,39,0.824,0,0,0,1,0,1,Faible
718983333,Client actuel,53,M,2,Sans diplôme,Marié(e),$80K - $120K,Blue,43,1,3,1354,30,0.202,0,0,0,1,0,1,Faible
714030183,Client actuel,59,M,0,Licence,Célibataire,$80K - $120K,Silver,36,3,3,1494,65,0.043,0,0,0,0,1,1,Faible
710496708,Client actuel,41,M,2,Niveau Bac+2,Célibataire,$120K +,Blue,32,3,2,1513,65,0.276,0,0,0,0,0,0,Faible
714935883,Client actuel,45,M,3,Sans diplôme,Marié(e),$40K - $60K,Blue,36,1,1,607,65,0.057,0,0,1,0,1,2,Modéré
718972758,Client actuel,50,F,2,Licence,Marié(e),Moins de $40K,Blue,40,3,3,1287,51,0.519,0,0,0,0,0,0,Faible
711827958,Client actuel,57,M,2,Sans diplôme,Marié(e),$60K - $80K,Blue,47,4,1,1970,26,0.386,1,0,0,1,0,2,Modéré
778724058,Client actuel,63,M,0,Doctorat,Célibataire,$40K - $60K,Blue,49,4,3,726,65,0.123,1,0,0,0,1,2,Modéré
809620833,Client actuel,35,F,3,Non connu,Célibataire,Non connu,Blue,30,3,2,0,59,0.0,0,0,1,0,1,2,Modéré
718920708,Client actuel,35,M,3,Licence,Marié(e),$60K - $80K,Blue,25,3,3,1451,38,0.277,0,0,0,1,0,1,Faible
771051783,Client actuel,53,M,3,Lycée (équivalent baccalauréat),Marié(e),$120K +,Blue,40,2,5,741,24,0.177,0,1,0,1,0,2,Modéré
715970133,Client actuel,33,F,4,Niveau Bac+2,Divorcé(e),Moins de $40K,Blue,24,2,2,0,103,0.0,0,0,1,0,1,2,Modéré
806889633,Client actuel,38,M,2,Sans diplôme,Célibataire,$80K - $120K,Blue,33,1,4,1226,58,0.061,0,1,0,0,1,2,Modéré
717338733,Client actuel,31,M,0,Lycée (équivalent baccalauréat),Divorcé(e),Moins de $40K,Blue,22,2,3,0,72,0.0,0,0,1,0,1,2,Modéré
779223858,Client actuel,37,M,2,Licence,Marié(e),$60K - $80K,Blue,27,2,4,0,47,0.0,0,1,1,0,1,3,Modéré
769980333,Client actuel,36,M,1,Sans diplôme,Célibataire,$80K - $120K,Blue,30,2,5,2152,53,0.165,0,1,0,0,0,1,Faible
788783133,Client actuel,58,F,0,Master,Marié(e),Moins de $40K,Blue,39,3,3,1207,29,0.181,0,0,0,1,0,1,Faible
816325533,Client actuel,39,F,1,Licence,Marié(e),Moins de $40K,Blue,34,3,5,1802,49,0.279,0,1,0,0,0,1,Faible
720113433,Client actuel,61,M,0,Non connu,Célibataire,$60K - $80K,Blue,48,2,4,1446,43,0.07,0,1,0,1,1,3,Modéré
717233058,Client actuel,34,M,4,Non connu,Marié(e),$40K - $60K,Blue,26,2,4,1240,31,0.224,0,1,0,1,0,2,Modéré
710233683,Client actuel,55,M,3,Licence,Marié(e),$80K - $120K,Blue,36,3,4,2403,44,0.858,0,1,0,1,0,2,Modéré
778327908,Client actuel,50,M,2,Sans diplôme,Célibataire,Moins de $40K,Blue,40,3,5,2380,73,0.984,0,1,0,0,0,1,Faible
716400633,Client actuel,33,M,3,Lycée (équivalent baccalauréat),Célibataire,$40K - $60K,Blue,24,3,3,1427,54,0.277,0,0,0,0,0,0,Faible
787488108,Client actuel,48,F,1,Lycée (équivalent baccalauréat),Marié(e),Non connu,Blue,36,4,4,1953,51,0.137,1,1,0,0,1,3,Modéré
771649083,Client actuel,63,M,0,Lycée (équivalent baccalauréat),Célibataire,$80K - $120K,Blue,51,3,4,1021,30,0.1,0,1,0,1,1,3,Modéré
796336833,Client actuel,51,M,3,Doctorat,Marié(e),$80K - $120K,Blue,45,2,4,0,69,0.0,0,1,1,0,1,3,Modéré
713763633,Client actuel,54,F,2,Licence,Marié(e),Non connu,Blue,46,3,2,794,30,0.263,0,0,0,1,0,1,Faible
710942358,Client actuel,47,M,4,Non connu,Célibataire,$40K - $60K,Blue,36,3,3,1890,88,0.328,0,0,0,0,0,0,Faible
713974533,Client actuel,52,F,3,Master,Célibataire,Moins de $40K,Blue,45,1,3,1701,45,0.666,0,0,0,1,0,1,Faible
787231233,Client actuel,34,M,5,Master,Marié(e),$80K - $120K,Silver,28,3,2,1731,63,0.05,0,0,0,0,1,1,Faible
719810583,Client actuel,64,M,0,Lycée (équivalent baccalauréat),Marié(e),Moins de $40K,Blue,54,3,2,1361,34,0.636,0,0,0,1,0,1,Faible
717124983,Client actuel,62,F,1,Sans diplôme,Marié(e),$40K - $60K,Blue,43,1,1,0,20,0.0,0,0,1,1,1,3,Modéré
787523283,Client actuel,38,M,1,Licence,Célibataire,$80K - $120K,Blue,27,2,5,1365,56,0.052,0,1,0,0,1,2,Modéré
719493858,Client actuel,52,F,2,Licence,Marié(e),Moins de $40K,Blue,43,2,2,654,63,0.08,0,0,1,0,1,2,Modéré
709897983,Client actuel,35,F,2,Doctorat,Marié(e),$40K - $60K,Blue,24,2,3,1527,26,0.575,0,0,0,1,0,1,Faible
717225258,Client actuel,35,M,2,Licence,Célibataire,$120K +,Blue,27,2,2,1048,59,0.077,0,0,0,0,1,1,Faible
803148033,Client actuel,54,M,1,Niveau Bac+2,Célibataire,$80K - $120K,Blue,48,1,5,1935,38,0.159,0,1,0,1,1,3,Modéré
779474958,Client actuel,35,F,3,Non connu,Célibataire,Moins de $40K,Blue,17,1,1,1823,58,0.617,0,0,0,0,0,0,Faible
712060158,Client actuel,35,M,0,Doctorat,Célibataire,$60K - $80K,Blue,18,2,3,1645,59,0.633,0,0,0,0,0,0,Faible
713292933,Client actuel,36,F,3,Licence,Célibataire,Non connu,Blue,36,2,2,726,64,0.069,0,0,0,0,1,1,Faible
710982858,Client actuel,33,F,3,Licence,Célibataire,$40K - $60K,Blue,36,1,2,2259,67,0.274,0,0,0,0,0,0,Faible
714542058,Client actuel,53,M,1,Licence,Non connu,$60K - $80K,Silver,44,2,1,680,68,0.026,0,0,0,0,1,1,Faible
712319058,Client actuel,37,F,1,Sans diplôme,Marié(e),Moins de $40K,Blue,29,3,0,1933,58,0.414,0,0,0,0,0,0,Faible
744483633,Client actuel,35,M,3,Licence,Marié(e),$120K +,Blue,28,3,2,0,48,0.0,0,0,1,0,1,2,Modéré
714947883,Client actuel,59,M,1,Licence,Marié(e),$40K - $60K,Blue,36,2,2,1965,27,0.854,0,0,0,1,0,1,Faible
788776908,Client actuel,47,M,1,Non connu,Non connu,$80K - $120K,Blue,28,1,4,1802,63,0.644,0,1,0,0,0,1,Faible
714802458,Client actuel,48,F,3,Lycée (équivalent baccalauréat),Célibataire,$40K - $60K,Blue,30,2,1,2115,77,0.796,0,0,0,0,0,0,Faible
721485708,Client actuel,58,M,2,Sans diplôme,Célibataire,$80K - $120K,Blue,46,1,3,1806,36,0.197,0,0,0,1,0,1,Faible
716378658,Client actuel,55,F,2,Non connu,Marié(e),Moins de $40K,Blue,36,2,3,1476,41,0.561,0,0,0,1,0,1,Faible
713375658,Client actuel,37,M,2,Licence,Divorcé(e),$40K - $60K,Blue,17,3,3,0,67,0.0,0,0,1,0,1,2,Modéré
717828108,Client actuel,57,M,2,Licence,Marié(e),$80K - $120K,Blue,42,1,0,2517,31,0.115,0,0,0,1,1,2,Modéré
788784258,Client actuel,60,M,2,Lycée (équivalent baccalauréat),Marié(e),Non connu,Blue,41,2,4,1664,31,0.553,0,1,0,1,0,2,Modéré
718875483,Client actuel,50,M,1,Niveau Bac+2,Marié(e),$60K - $80K,Blue,40,2,4,1745,78,0.1,0,1,0,0,1,2,Modéré
811111083,Client actuel,56,M,2,Lycée (équivalent baccalauréat),Marié(e),$60K - $80K,Blue,51,6,3,2517,39,0.879,1,0,0,1,0,2,Modéré
715749108,Client actuel,48,M,3,Licence,Marié(e),$60K - $80K,Gold,37,1,2,2429,57,0.07,0,0,0,0,1,1,Faible
780197133,Client actuel,40,M,4,Licence,Célibataire,$60K - $80K,Blue,30,1,1,1266,67,0.091,0,0,0,0,1,1,Faible
717727308,Client actuel,50,F,1,Sans diplôme,Marié(e),Moins de $40K,Blue,36,2,2,499,67,0.119,0,0,1,0,1,2,Modéré
718445883,Client actuel,61,F,1,Sans diplôme,Marié(e),Moins de $40K,Blue,36,2,4,2489,26,0.363,0,1,0,1,0,2,Modéré
795997908,Client actuel,36,M,2,Lycée (équivalent baccalauréat),Célibataire,$80K - $120K,Blue,30,3,3,1480,56,0.092,0,0,0,0,1,1,Faible
710159658,Client actuel,46,M,5,Lycée (équivalent baccalauréat),Marié(e),$120K +,Blue,32,2,2,1024,71,0.03,0,0,0,0,1,1,Faible
716068683,Client actuel,28,M,0,Sans diplôme,Divorcé(e),Non connu,Blue,36,3,3,1535,77,0.092,0,0,0,0,1,1,Faible
778844433,Client actuel,49,M,5,Non connu,Marié(e),$80K - $120K,Blue,30,2,1,1808,65,0.087,0,0,0,0,1,1,Faible
715161633,Client actuel,44,F,4,Lycée (équivalent baccalauréat),Célibataire,$40K - $60K,Blue,38,3,3,2517,77,0.319,0,0,0,0,0,0,Faible
773270058,Client actuel,57,M,5,Lycée (équivalent baccalauréat),Marié(e),$80K - $120K,Blue,50,2,3,0,27,0.0,0,0,1,1,1,3,Modéré
714120258,Client actuel,37,M,2,Sans diplôme,Divorcé(e),$80K - $120K,Blue,36,3,2,1677,58,0.735,0,0,0,0,0,0,Faible
720076458,Client actuel,57,M,2,Sans diplôme,Marié(e),$80K - $120K,Blue,52,2,4,0,26,0.0,0,1,1,1,1,4,Élevé
719978583,Client actuel,46,M,2,Lycée (équivalent baccalauréat),Marié(e),$60K - $80K,Blue,40,1,3,0,68,0.0,0,0,1,0,1,2,Modéré
717261708,Client actuel,53,M,1,Non connu,Célibataire,$80K - $120K,Blue,36,2,3,1248,41,0.093,0,0,0,1,1,2,Modéré
803665983,Client actuel,52,M,0,Non connu,Marié(e),$60K - $80K,Blue,46,2,4,2184,72,0.796,0,1,0,0,0,1,Faible
815838633,Client actuel,34,M,1,Non connu,Marié(e),$60K - $80K,Blue,29,2,3,2286,51,0.588,0,0,0,0,0,0,Faible
826706208,Client actuel,55,M,3,Licence,Célibataire,$80K - $120K,Blue,51,2,3,0,62,0.0,0,0,1,0,1,2,Modéré
721218408,Client actuel,53,M,4,Lycée (équivalent baccalauréat),Marié(e),$120K +,Blue,41,3,4,1713,54,0.504,0,1,0,0,0,1,Faible
779484408,Client actuel,37,M,1,Non connu,Marié(e),$60K - $80K,Blue,19,1,2,1243,58,0.066,0,0,0,0,1,1,Faible
710416533,Client actuel,58,F,3,Non connu,Célibataire,$40K - $60K,Blue,52,1,1,888,56,0.611,0,0,0,0,0,0,Faible
719706483,Client actuel,33,M,3,Lycée (équivalent baccalauréat),Marié(e),$120K +,Blue,20,3,2,1188,46,0.043,0,0,0,0,1,1,Faible
712206858,Client actuel,39,M,3,Licence,Marié(e),$120K +,Blue,36,3,2,2231,45,0.068,0,0,0,1,1,2,Modéré
709886583,Client actuel,37,F,2,Lycée (équivalent baccalauréat),Célibataire,Moins de $40K,Blue,28,2,1,633,77,0.085,0,0,1,0,1,2,Modéré
711040758,Client actuel,32,M,0,Sans diplôme,Célibataire,$40K - $60K,Blue,36,3,3,0,83,0.0,0,0,1,0,1,2,Modéré
817197333,Client actuel,26,F,1,Sans diplôme,Célibataire,Non connu,Blue,13,2,3,956,50,0.08,0,0,0,0,1,1,Faible
718929708,Client actuel,60,F,0,Licence,Marié(e),Moins de $40K,Blue,50,2,2,1602,23,0.509,0,0,0,1,0,1,Faible
721150833,Client actuel,37,M,1,Licence,Célibataire,$80K - $120K,Blue,18,2,5,1942,76,0.38,0,1,0,0,0,1,Faible
714514983,Client actuel,43,F,5,Licence,Marié(e),Moins de $40K,Blue,35,6,4,2214,75,0.407,1,1,0,0,0,2,Modéré
779888658,Client actuel,56,M,1,Sans diplôme,Marié(e),$80K - $120K,Blue,40,1,1,2193,38,0.126,0,0,0,1,1,2,Modéré
715883358,Client actuel,52,M,3,Niveau Bac+2,Marié(e),$80K - $120K,Blue,39,3,2,1509,29,0.082,0,0,0,1,1,2,Modéré
713363583,Client actuel,34,M,2,Sans diplôme,Célibataire,$120K +,Blue,17,1,2,2326,69,0.462,0,0,0,0,0,0,Faible
772935108,Client actuel,47,M,1,Non connu,Divorcé(e),$80K - $120K,Silver,38,2,3,802,27,0.023,0,0,0,1,1,2,Modéré
820075983,Client actuel,26,M,0,Licence,Célibataire,Moins de $40K,Blue,21,3,2,1535,49,0.968,0,0,0,0,0,0,Faible
721502958,Client actuel,54,M,1,Lycée (équivalent baccalauréat),Célibataire,$120K +,Blue,42,3,3,1919,31,0.59,0,0,0,1,0,1,Faible
708596283,Client actuel,35,F,3,Sans diplôme,Célibataire,Moins de $40K,Blue,23,2,2,1251,73,0.438,0,0,0,0,0,0,Faible
710325258,Client actuel,52,M,1,Non connu,Célibataire,$80K - $120K,Silver,36,1,0,1847,65,0.054,0,0,0,0,1,1,Faible
708823908,Client actuel,41,M,3,Licence,Célibataire,$60K - $80K,Blue,28,1,3,1363,64,0.083,0,0,0,0,1,1,Faible
826401858,Client actuel,36,F,0,Sans diplôme,Divorcé(e),Moins de $40K,Blue,32,2,3,1655,63,0.449,0,0,0,0,0,0,Faible
709554483,Client actuel,53,F,1,Licence,Marié(e),Moins de $40K,Blue,36,1,3,2517,22,0.52,0,0,0,1,0,1,Faible
710545158,Client actuel,42,M,3,Non connu,Célibataire,$120K +,Blue,36,3,2,0,68,0.0,0,0,1,0,1,2,Modéré
788621658,Client actuel,54,M,1,Niveau Bac+2,Marié(e),$60K - $80K,Blue,37,3,2,1753,24,0.918,0,0,0,1,0,1,Faible
716713533,Client actuel,53,M,3,Master,Célibataire,$80K - $120K,Blue,44,2,2,1236,58,0.065,0,0,0,0,1,1,Faible
712338033,Client actuel,36,M,2,Lycée (équivalent baccalauréat),Célibataire,$80K - $120K,Blue,26,2,4,1691,40,0.106,0,1,0,1,1,3,Modéré
711639708,Client actuel,42,M,3,Licence,Célibataire,$60K - $80K,Blue,32,2,2,0,45,0.0,0,0,1,1,1,3,Modéré
720216108,Client actuel,27,F,2,Niveau Bac+2,Divorcé(e),Moins de $40K,Blue,14,3,3,2130,61,0.836,0,0,0,0,0,0,Faible
718708908,Client actuel,58,M,4,Licence,Marié(e),$60K - $80K,Blue,36,2,4,2350,29,0.394,0,1,0,1,0,2,Modéré
802890333,Client actuel,59,M,1,Sans diplôme,Marié(e),$40K - $60K,Blue,53,1,3,1558,34,0.714,0,0,0,1,0,1,Faible
712965183,Client actuel,63,F,2,Licence,Marié(e),Moins de $40K,Blue,52,2,3,2101,35,0.781,0,0,0,1,0,1,Faible
796170933,Client actuel,57,M,2,Sans diplôme,Célibataire,$80K - $120K,Blue,51,2,4,0,66,0.0,0,1,1,0,1,3,Modéré
712816833,Client actuel,56,F,0,Lycée (équivalent baccalauréat),Marié(e),Non connu,Blue,48,1,2,1965,32,0.468,0,0,0,1,0,1,Faible
814829583,Client actuel,42,F,3,Non connu,Célibataire,Moins de $40K,Blue,37,1,3,0,74,0.0,0,0,1,0,1,2,Modéré
798769458,Client actuel,29,F,1,Lycée (équivalent baccalauréat),Célibataire,Moins de $40K,Blue,23,1,2,927,83,0.279,0,0,0,0,0,0,Faible
818034558,Client actuel,44,M,2,Non connu,Non connu,$60K - $80K,Blue,39,3,3,1506,40,0.068,0,0,0,1,1,2,Modéré
719483358,Client actuel,33,M,1,Niveau Bac+2,Marié(e),$40K - $60K,Blue,14,2,2,1750,54,0.259,0,0,0,0,0,0,Faible
719647383,Client actuel,35,M,2,Licence,Marié(e),$80K - $120K,Blue,36,2,2,1463,49,0.332,0,0,0,0,0,0,Faible
714909108,Client actuel,33,F,3,Licence,Célibataire,Moins de $40K,Blue,36,3,3,1338,67,0.277,0,0,0,0,0,0,Faible
793678608,Client actuel,46,M,4,Licence,Marié(e),$80K - $120K,Silver,40,1,4,0,57,0.0,0,1,1,0,1,3,Modéré
720854358,Client actuel,27,M,0,Non connu,Marié(e),$40K - $60K,Blue,14,1,4,2130,49,0.557,0,1,0,0,0,1,Faible
709126833,Client actuel,42,M,3,Niveau Bac+2,Non connu,$120K +,Blue,36,2,1,2183,81,0.101,0,0,0,0,1,1,Faible
788896983,Client actuel,53,M,2,Licence,Marié(e),$60K - $80K,Blue,38,3,2,1228,37,0.155,0,0,0,1,1,2,Modéré
715731033,Client actuel,50,M,3,Licence,Célibataire,$120K +,Blue,42,1,3,949,77,0.028,0,0,0,0,1,1,Faible
717636933,Client actuel,48,F,5,Niveau Bac+2,Divorcé(e),$40K - $60K,Blue,40,1,1,0,57,0.0,0,0,1,0,1,2,Modéré
772658658,Client actuel,57,M,2,Lycée (équivalent baccalauréat),Célibataire,$60K - $80K,Blue,47,3,4,0,77,0.0,0,1,1,0,1,3,Modéré
755943033,Client actuel,34,F,2,Licence,Célibataire,Moins de $40K,Blue,27,1,1,1176,52,0.619,0,0,0,0,0,0,Faible
772399983,Client actuel,55,M,2,Niveau Bac+2,Célibataire,$80K - $120K,Silver,45,1,4,1433,31,0.042,0,1,0,1,1,3,Modéré
826130133,Client actuel,58,M,2,Licence,Marié(e),$120K +,Blue,54,2,4,1812,25,0.057,0,1,0,1,1,3,Modéré
719238183,Client actuel,55,F,3,Licence,Marié(e),Moins de $40K,Blue,35,2,3,1167,45,0.623,0,0,0,1,0,1,Faible
802666083,Client actuel,48,F,2,Sans diplôme,Non connu,Moins de $40K,Blue,42,2,2,0,63,0.0,0,0,1,0,1,2,Modéré
713682708,Client actuel,45,M,2,Niveau Bac+2,Divorcé(e),$40K - $60K,Blue,37,1,2,1328,60,0.121,0,0,0,0,1,1,Faible
712774008,Client actuel,59,M,0,Sans diplôme,Marié(e),Moins de $40K,Blue,46,1,2,2517,34,0.639,0,0,0,1,0,1,Faible
717627333,Client actuel,53,F,2,Master,Marié(e),$40K - $60K,Blue,40,1,4,1995,37,0.938,0,1,0,1,0,2,Modéré
779542608,Client actuel,47,M,4,Sans diplôme,Marié(e),$80K - $120K,Blue,32,3,2,1340,39,0.039,0,0,0,1,1,2,Modéré
715322958,Client actuel,43,F,3,Non connu,Marié(e),Non connu,Blue,36,2,1,1506,67,0.216,0,0,0,0,0,0,Faible
779100408,Client actuel,33,F,1,Master,Marié(e),Moins de $40K,Blue,15,2,0,1328,61,0.763,0,0,0,0,0,0,Faible
715352883,Client actuel,49,F,2,Master,Célibataire,Non connu,Blue,36,3,2,0,71,0.0,0,0,1,0,1,2,Modéré
710687508,Client actuel,65,M,0,Lycée (équivalent baccalauréat),Marié(e),Moins de $40K,Blue,56,3,1,1858,47,0.709,0,0,0,0,0,0,Faible
789656358,Client actuel,49,F,5,Licence,Marié(e),$40K - $60K,Blue,35,2,1,1292,74,0.116,0,0,0,0,1,1,Faible
715720083,Client actuel,47,M,5,Non connu,Marié(e),$80K - $120K,Blue,39,2,3,0,76,0.0,0,0,1,0,1,2,Modéré
716584158,Client actuel,51,M,4,Lycée (équivalent baccalauréat),Marié(e),$80K - $120K,Blue,42,1,2,2517,47,0.174,0,0,0,0,0,0,Faible
815727183,Client actuel,36,M,3,Lycée (équivalent baccalauréat),Célibataire,$80K - $120K,Blue,31,1,1,1443,62,0.276,0,0,0,0,0,0,Faible
717066408,Client actuel,36,M,2,Licence,Marié(e),$60K - $80K,Blue,36,1,4,1518,62,0.274,0,1,0,0,0,1,Faible
708104658,Client actuel,46,M,1,Licence,Non connu,$40K - $60K,Blue,36,3,2,890,48,0.619,0,0,0,0,0,0,Faible
718016808,Client actuel,62,F,0,Non connu,Marié(e),Moins de $40K,Blue,55,1,0,1282,27,0.621,0,0,0,1,0,1,Faible
814571058,Client actuel,30,F,1,Niveau Bac+2,Célibataire,Moins de $40K,Blue,24,3,0,2517,64,0.73,0,0,0,0,0,0,Faible
714757908,Client actuel,46,M,4,Licence,Marié(e),$120K +,Silver,36,1,3,1380,56,0.04,0,0,0,0,1,1,Faible
710345808,Client actuel,41,M,4,Sans diplôme,Divorcé(e),$80K - $120K,Blue,36,2,2,2028,38,0.068,0,0,0,1,1,2,Modéré
814752558,Client actuel,50,M,1,Sans diplôme,Marié(e),$40K - $60K,Blue,45,3,3,1163,62,0.541,0,0,0,0,0,0,Faible
721284258,Client actuel,53,M,2,Non connu,Célibataire,$80K - $120K,Blue,44,1,3,2517,39,0.351,0,0,0,1,0,1,Faible
719336583,Client actuel,55,M,2,Sans diplôme,Marié(e),$120K +,Blue,44,3,3,1300,21,0.047,0,0,0,1,1,2,Modéré
797638383,Client actuel,49,F,4,Lycée (équivalent baccalauréat),Marié(e),Moins de $40K,Blue,43,3,2,2016,73,0.415,0,0,0,0,0,0,Faible
708434733,Client actuel,56,M,1,Licence,Marié(e),$60K - $80K,Blue,50,3,3,2289,28,0.34,0,0,0,1,0,1,Faible
711802758,Client actuel,63,M,1,Licence,Marié(e),$40K - $60K,Blue,53,1,2,1895,42,0.309,0,0,0,1,0,1,Faible
720620058,Client actuel,41,M,4,Lycée (équivalent baccalauréat),Non connu,$80K - $120K,Blue,36,3,2,1746,50,0.076,0,0,0,0,1,1,Faible
819169683,Client actuel,34,M,2,Non connu,Marié(e),$40K - $60K,Blue,29,2,2,1650,37,0.48,0,0,0,1,0,1,Faible
709757583,Client actuel,35,M,0,Non connu,Marié(e),$120K +,Blue,36,2,1,1510,48,0.475,0,0,0,0,0,0,Faible
789307833,Client actuel,44,M,4,Niveau Bac+2,Non connu,$120K +,Blue,34,3,3,1590,56,0.179,0,0,0,0,0,0,Faible
823912308,Client actuel,38,F,3,Licence,Marié(e),Moins de $40K,Blue,34,1,0,1813,28,0.533,0,0,0,1,0,1,Faible
720746208,Client actuel,52,M,1,Licence,Marié(e),$80K - $120K,Blue,43,1,1,2077,33,0.772,0,0,0,1,0,1,Faible
709121283,Client actuel,54,M,3,Sans diplôme,Marié(e),Moins de $40K,Blue,36,3,2,1278,35,0.821,0,0,0,1,0,1,Faible
714093108,Client actuel,58,F,2,Lycée (équivalent baccalauréat),Célibataire,$40K - $60K,Blue,36,3,3,1210,56,0.164,0,0,0,0,0,0,Faible
718368333,Client actuel,26,M,0,Niveau Bac+2,Non connu,Moins de $40K,Blue,13,1,2,789,61,0.138,0,0,0,0,1,1,Faible
806752533,Client actuel,27,F,1,Master,Célibataire,Moins de $40K,Blue,22,1,3,1635,59,0.551,0,0,0,0,0,0,Faible
758521983,Client actuel,33,M,1,Non connu,Célibataire,$80K - $120K,Blue,26,2,2,1200,40,0.122,0,0,0,1,1,2,Modéré
779473308,Client actuel,32,M,0,Sans diplôme,Célibataire,$60K - $80K,Blue,14,3,3,0,67,0.0,0,0,1,0,1,2,Modéré
709376508,Client actuel,58,F,1,Niveau Bac+2,Marié(e),Moins de $40K,Blue,49,3,2,1285,47,0.334,0,0,0,0,0,0,Faible
712589658,Client actuel,45,F,4,Sans diplôme,Non connu,Moins de $40K,Silver,30,2,2,1965,37,0.15,0,0,0,1,1,2,Modéré
712141683,Client actuel,48,F,3,Lycée (équivalent baccalauréat),Célibataire,Moins de $40K,Blue,28,2,1,753,61,0.256,0,0,0,0,0,0,Faible
712494108,Client actuel,38,M,2,Master,Célibataire,$60K - $80K,Silver,36,3,4,1954,52,0.057,0,1,0,0,1,2,Modéré
721350783,Client actuel,54,M,2,Lycée (équivalent baccalauréat),Célibataire,$80K - $120K,Blue,38,3,4,2006,39,0.354,0,1,0,1,0,2,Modéré
710133858,Client actuel,40,F,1,Licence,Non connu,Moins de $40K,Blue,30,1,1,1848,64,0.245,0,0,0,0,0,0,Faible
719152383,Client actuel,35,F,4,Sans diplôme,Marié(e),Moins de $40K,Blue,26,1,4,1316,57,0.528,0,1,0,0,0,1,Faible
715174158,Client actuel,31,M,1,Niveau Bac+2,Célibataire,$80K - $120K,Blue,36,1,0,1445,48,0.057,0,0,0,0,1,1,Faible
780040758,Client actuel,40,F,4,Niveau Bac+2,Marié(e),$40K - $60K,Blue,24,3,2,1818,50,0.698,0,0,0,0,0,0,Faible
719525358,Client actuel,52,M,0,Licence,Célibataire,$80K - $120K,Blue,43,3,3,1942,76,0.239,0,0,0,0,0,0,Faible
710892408,Client actuel,57,F,1,Lycée (équivalent baccalauréat),Marié(e),Moins de $40K,Blue,36,2,2,1257,32,0.405,0,0,0,1,0,1,Faible
713295183,Client actuel,48,M,2,Licence,Divorcé(e),$80K - $120K,Blue,29,2,3,1854,75,0.076,0,0,0,0,1,1,Faible
789871233,Client actuel,49,M,3,Lycée (équivalent baccalauréat),Marié(e),$80K - $120K,Blue,39,3,2,1342,78,0.568,0,0,0,0,0,0,Faible
712663533,Client actuel,40,M,4,Lycée (équivalent baccalauréat),Célibataire,$40K - $60K,Blue,32,4,2,1656,62,0.678,1,0,0,0,0,1,Faible
820906233,Client actuel,45,M,2,Licence,Marié(e),$40K - $60K,Blue,41,2,2,2165,63,0.254,0,0,0,0,0,0,Faible
821163408,Client actuel,41,M,3,Non connu,Marié(e),$80K - $120K,Blue,37,3,3,1588,60,0.094,0,0,0,0,1,1,Faible
708947208,Client actuel,36,M,2,Licence,Célibataire,$80K - $120K,Blue,17,3,1,2029,72,0.7,0,0,0,0,0,0,Faible
715261458,Client actuel,37,F,1,Licence,Célibataire,Moins de $40K,Blue,36,2,4,0,49,0.0,0,1,1,0,1,3,Modéré
789310833,Client actuel,44,F,3,Niveau Bac+2,Divorcé(e),$40K - $60K,Blue,34,2,5,1950,62,0.432,0,1,0,0,0,1,Faible
818294958,Client actuel,52,M,2,Niveau Bac+2,Marié(e),$120K +,Blue,47,3,2,719,77,0.026,0,0,0,0,1,1,Faible
713902983,Client actuel,42,F,3,Lycée (équivalent baccalauréat),Marié(e),Moins de $40K,Blue,36,3,1,1372,77,0.819,0,0,0,0,0,0,Faible
771693933,Client actuel,62,F,1,Licence,Marié(e),Moins de $40K,Blue,50,6,4,1977,33,0.706,1,1,0,1,0,3,Modéré
789012633,Client actuel,30,F,0,Licence,Célibataire,Moins de $40K,Blue,17,2,1,1090,69,0.224,0,0,0,0,0,0,Faible
807237783,Client actuel,50,M,3,Sans diplôme,Célibataire,$60K - $80K,Blue,45,3,5,1020,66,0.05,0,1,0,0,1,2,Modéré
803408733,Client actuel,32,M,2,Lycée (équivalent baccalauréat),Divorcé(e),$60K - $80K,Blue,26,1,4,1338,60,0.598,0,1,0,0,0,1,Faible
824667708,Client actuel,32,F,1,Licence,Célibataire,Moins de $40K,Blue,28,3,3,1027,84,0.423,0,0,0,0,0,0,Faible
807165033,Client actuel,49,M,3,Master,Célibataire,$60K - $80K,Blue,44,1,5,0,59,0.0,0,1,1,0,1,3,Modéré
809984133,Client actuel,37,M,2,Doctorat,Célibataire,$120K +,Blue,32,3,5,1887,68,0.059,0,1,0,0,1,2,Modéré
718949433,Client actuel,42,F,3,Niveau Bac+2,Célibataire,Non connu,Silver,31,2,2,919,79,0.027,0,0,0,0,1,1,Faible
751227183,Client actuel,36,M,2,Non connu,Célibataire,$80K - $120K,Blue,29,3,5,1539,51,0.288,0,1,0,0,0,1,Faible
714199983,Client actuel,48,M,3,Sans diplôme,Célibataire,$60K - $80K,Gold,40,2,5,2317,68,0.067,0,1,0,0,1,2,Modéré
774172158,Client actuel,29,M,1,Non connu,Célibataire,$60K - $80K,Blue,19,1,2,1990,65,0.085,0,0,0,0,1,1,Faible
708171858,Client actuel,33,F,3,Master,Marié(e),$40K - $60K,Blue,28,2,3,1081,44,0.58,0,0,0,1,0,1,Faible
709074108,Client actuel,36,M,2,Niveau Bac+2,Célibataire,$60K - $80K,Blue,24,2,5,840,73,0.036,0,1,0,0,1,2,Modéré
721304133,Client actuel,36,F,4,Lycée (équivalent baccalauréat),Marié(e),Moins de $40K,Blue,36,1,3,1578,49,0.369,0,0,0,0,0,0,Faible
787430733,Client actuel,56,F,2,Lycée (équivalent baccalauréat),Marié(e),$40K - $60K,Blue,41,3,2,1446,27,0.522,0,0,0,1,0,1,Faible
711225933,Client actuel,28,M,1,Lycée (équivalent baccalauréat),Divorcé(e),Moins de $40K,Blue,36,3,4,1935,61,0.854,0,1,0,0,0,1,Faible
717478983,Client actuel,31,F,2,Sans diplôme,Divorcé(e),Moins de $40K,Blue,19,2,0,1961,68,0.687,0,0,0,0,0,0,Faible
720949083,Client actuel,44,F,3,Sans diplôme,Célibataire,Moins de $40K,Blue,33,3,5,2517,53,0.819,0,1,0,0,0,1,Faible
712851108,Client actuel,51,F,3,Lycée (équivalent baccalauréat),Marié(e),Non connu,Blue,31,1,5,2331,51,0.152,0,1,0,0,1,2,Modéré
713151258,Client actuel,55,M,3,Licence,Célibataire,$40K - $60K,Blue,35,1,4,0,69,0.0,0,1,1,0,1,3,Modéré
799731033,Client actuel,34,F,2,Doctorat,Célibataire,Moins de $40K,Blue,28,3,2,0,91,0.0,0,0,1,0,1,2,Modéré
822138333,Client actuel,61,F,0,Licence,Célibataire,$40K - $60K,Blue,56,3,5,813,66,0.114,0,1,0,0,1,2,Modéré
708532308,Client actuel,37,M,2,Sans diplôme,Célibataire,$60K - $80K,Blue,36,2,2,2517,70,0.22,0,0,0,0,0,0,Faible
713718558,Client actuel,46,M,3,Licence,Marié(e),$40K - $60K,Blue,37,2,5,0,64,0.0,0,1,1,0,1,3,Modéré
778939683,Client actuel,47,F,3,Sans diplôme,Marié(e),Moins de $40K,Blue,32,3,2,951,38,0.337,0,0,0,1,0,1,Faible
713322633,Client actuel,54,M,1,Licence,Marié(e),$40K - $60K,Blue,43,3,3,2517,39,0.93,0,0,0,1,0,1,Faible
754671558,Client actuel,50,F,3,Non connu,Célibataire,Moins de $40K,Blue,43,1,4,1958,48,0.653,0,1,0,0,0,1,Faible
719291283,Client actuel,36,F,4,Lycée (équivalent baccalauréat),Célibataire,Moins de $40K,Blue,28,1,2,1607,62,0.722,0,0,0,0,0,0,Faible
720659283,Client actuel,37,M,5,Licence,Marié(e),$60K - $80K,Blue,31,3,4,1847,43,0.551,0,1,0,1,0,2,Modéré
719535558,Client actuel,47,M,4,Niveau Bac+2,Divorcé(e),$40K - $60K,Blue,36,1,1,1858,72,0.334,0,0,0,0,0,0,Faible
771032658,Client actuel,54,M,3,Non connu,Célibataire,$80K - $120K,Blue,41,3,2,1569,39,0.15,0,0,0,1,1,2,Modéré
709468683,Client actuel,64,F,0,Lycée (équivalent baccalauréat),Marié(e),Moins de $40K,Blue,56,2,2,1397,39,0.643,0,0,0,1,0,1,Faible
719455908,Client actuel,48,M,3,Licence,Marié(e),$80K - $120K,Blue,38,3,3,0,75,0.0,0,0,1,0,1,2,Modéré
816890883,Client actuel,35,M,2,Sans diplôme,Célibataire,$60K - $80K,Blue,30,3,3,1257,74,0.058,0,0,0,0,1,1,Faible
709826058,Client actuel,49,M,2,Non connu,Marié(e),$80K - $120K,Blue,36,1,1,2435,34,0.071,0,0,0,1,1,2,Modéré
735008958,Client actuel,42,M,5,Non connu,Marié(e),$60K - $80K,Blue,35,3,2,1253,53,0.092,0,0,0,0,1,1,Faible
713766183,Client actuel,49,M,0,Sans diplôme,Célibataire,$80K - $120K,Blue,36,3,4,2517,81,0.156,0,1,0,0,1,2,Modéré
719148633,Client actuel,53,F,2,Licence,Marié(e),Moins de $40K,Blue,46,2,4,2015,24,0.835,0,1,0,1,0,2,Modéré
789266208,Client actuel,56,M,2,Lycée (équivalent baccalauréat),Célibataire,$80K - $120K,Blue,45,2,3,1589,28,0.268,0,0,0,1,0,1,Faible
718373658,Client actuel,41,M,3,Niveau Bac+2,Célibataire,$60K - $80K,Blue,28,3,0,2463,81,0.422,0,0,0,0,0,0,Faible
712255458,Client actuel,37,M,3,Lycée (équivalent baccalauréat),Célibataire,$60K - $80K,Blue,36,1,5,2051,63,0.244,0,1,0,0,0,1,Faible
789494133,Client actuel,30,M,0,Lycée (équivalent baccalauréat),Marié(e),Moins de $40K,Blue,21,4,3,1259,53,0.506,1,0,0,0,0,1,Faible
714178458,Client actuel,45,M,3,Master,Marié(e),$80K - $120K,Blue,35,3,2,1603,53,0.078,0,0,0,0,1,1,Faible
717595908,Client actuel,54,M,1,Lycée (équivalent baccalauréat),Marié(e),$60K - $80K,Blue,37,1,1,2188,45,0.231,0,0,0,1,0,1,Faible
798114033,Client actuel,46,M,2,Licence,Marié(e),$60K - $80K,Blue,40,2,4,1514,58,0.19,0,1,0,0,0,1,Faible
709479558,Client actuel,36,F,4,Niveau Bac+2,Célibataire,Moins de $40K,Blue,36,2,1,2168,86,0.786,0,0,0,0,0,0,Faible
778148283,Client actuel,48,M,2,Doctorat,Célibataire,$120K +,Blue,41,2,1,1084,74,0.054,0,0,0,0,1,1,Faible
719363283,Client actuel,59,F,0,Doctorat,Célibataire,Moins de $40K,Blue,36,1,2,0,47,0.0,0,0,1,0,1,2,Modéré
716225433,Client actuel,60,M,1,Sans diplôme,Célibataire,$80K - $120K,Blue,51,3,4,2517,65,0.095,0,1,0,0,1,2,Modéré
719882583,Client actuel,44,M,5,Licence,Célibataire,$60K - $80K,Blue,34,3,5,2057,67,0.153,0,1,0,0,1,2,Modéré
711076533,Client actuel,65,M,0,Niveau Bac+2,Divorcé(e),Moins de $40K,Blue,42,3,2,1968,58,0.203,0,0,0,0,0,0,Faible
820651908,Client actuel,46,F,3,Licence,Célibataire,$40K - $60K,Blue,41,2,4,0,64,0.0,0,1,1,0,1,3,Modéré
710884683,Client actuel,48,M,4,Licence,Marié(e),$80K - $120K,Silver,40,2,5,807,80,0.023,0,1,0,0,1,2,Modéré
797468658,Client actuel,53,M,3,Lycée (équivalent baccalauréat),Marié(e),$120K +,Blue,47,1,3,2431,31,0.127,0,0,0,1,1,2,Modéré
716375883,Client actuel,53,F,3,Sans diplôme,Marié(e),Non connu,Blue,36,2,2,1558,38,0.637,0,0,0,1,0,1,Faible
711534183,Client actuel,41,M,2,Lycée (équivalent baccalauréat),Célibataire,$80K - $120K,Blue,36,2,4,0,57,0.0,0,1,1,0,1,3,Modéré
721083258,Client actuel,37,F,4,Lycée (équivalent baccalauréat),Divorcé(e),$40K - $60K,Blue,22,1,3,1638,46,0.639,0,0,0,0,0,0,Faible
717986058,Client actuel,29,F,0,Lycée (équivalent baccalauréat),Célibataire,Moins de $40K,Blue,13,3,5,1608,64,0.307,0,1,0,0,0,1,Faible
804610908,Client actuel,49,F,2,Doctorat,Marié(e),Moins de $40K,Blue,44,3,0,1962,66,0.578,0,0,0,0,0,0,Faible
717602733,Client actuel,47,M,3,Doctorat,Célibataire,Moins de $40K,Blue,35,3,2,0,67,0.0,0,0,1,0,1,2,Modéré
770952933,Client actuel,53,F,1,Non connu,Marié(e),Moins de $40K,Blue,40,2,4,1938,37,0.813,0,1,0,1,0,2,Modéré
713233908,Client actuel,33,M,2,Licence,Divorcé(e),$60K - $80K,Blue,21,3,3,0,93,0.0,0,0,1,0,1,2,Modéré
755365233,Client actuel,34,M,1,Licence,Non connu,$60K - $80K,Blue,27,2,4,1581,96,0.079,0,1,0,0,1,2,Modéré
715105908,Client actuel,28,F,0,Licence,Célibataire,Non connu,Silver,15,3,3,1232,64,0.038,0,0,0,0,1,1,Faible
712658283,Client actuel,36,F,3,Licence,Célibataire,$40K - $60K,Blue,28,2,3,969,86,0.262,0,0,0,0,0,0,Faible
708796458,Client actuel,30,F,2,Licence,Célibataire,Moins de $40K,Blue,18,1,4,1903,67,0.453,0,1,0,0,0,1,Faible
713557533,Client actuel,34,M,3,Lycée (équivalent baccalauréat),Célibataire,$40K - $60K,Blue,21,1,3,1655,81,0.38,0,0,0,0,0,0,Faible
713412558,Client actuel,39,F,4,Master,Marié(e),Moins de $40K,Blue,22,3,1,1108,67,0.203,0,0,0,0,0,0,Faible
720000708,Client actuel,32,F,0,Licence,Marié(e),Non connu,Blue,26,3,2,1381,69,0.636,0,0,0,0,0,0,Faible
718934058,Client actuel,36,M,2,Doctorat,Célibataire,$40K - $60K,Blue,26,3,2,2517,51,0.885,0,0,0,0,0,0,Faible
710607408,Client actuel,37,F,3,Lycée (équivalent baccalauréat),Célibataire,Non connu,Blue,28,1,4,1524,96,0.082,0,1,0,0,1,2,Modéré
717613233,Client actuel,45,M,4,Sans diplôme,Marié(e),$60K - $80K,Silver,33,2,4,745,56,0.029,0,1,0,0,1,2,Modéré
821710308,Client actuel,38,F,3,Sans diplôme,Célibataire,Moins de $40K,Blue,33,3,2,2018,35,0.915,0,0,0,1,0,1,Faible
716089983,Client actuel,31,M,0,Licence,Célibataire,$40K - $60K,Blue,24,1,4,1732,46,0.144,0,1,0,0,1,2,Modéré
720430083,Client actuel,65,M,0,Lycée (équivalent baccalauréat),Non connu,Moins de $40K,Blue,36,3,2,1008,67,0.478,0,0,0,0,0,0,Faible
712071708,Client actuel,63,F,0,Licence,Marié(e),Moins de $40K,Blue,36,3,4,1351,35,0.641,0,1,0,1,0,2,Modéré
770721858,Client actuel,65,M,1,Licence,Marié(e),Moins de $40K,Blue,56,2,5,2517,31,0.711,0,1,0,1,0,2,Modéré
751381458,Client actuel,43,F,3,Niveau Bac+2,Marié(e),Non connu,Blue,36,3,4,775,72,0.029,0,1,0,0,1,2,Modéré
715629783,Client actuel,51,M,1,Licence,Marié(e),$40K - $60K,Silver,36,2,2,980,64,0.055,0,0,0,0,1,1,Faible
768886533,Client actuel,37,M,3,Licence,Marié(e),$60K - $80K,Blue,31,1,3,1199,57,0.243,0,0,0,0,0,0,Faible
711023508,Client actuel,55,F,1,Licence,Marié(e),Non connu,Blue,43,4,2,1389,30,0.439,1,0,0,1,0,2,Modéré
711291558,Client actuel,27,M,0,Sans diplôme,Célibataire,$60K - $80K,Blue,36,3,3,0,50,0.0,0,0,1,0,1,2,Modéré
714929283,Client actuel,34,F,0,Lycée (équivalent baccalauréat),Marié(e),$40K - $60K,Blue,36,1,3,2229,52,0.696,0,0,0,0,0,0,Faible
716285358,Client actuel,32,F,1,Niveau Bac+2,Divorcé(e),Moins de $40K,Blue,36,5,4,1017,79,0.554,1,1,0,0,0,2,Modéré
710958033,Client actuel,49,F,5,Sans diplôme,Célibataire,Moins de $40K,Blue,39,2,2,0,76,0.0,0,0,1,0,1,2,Modéré
711368283,Client actuel,39,M,2,Non connu,Marié(e),$80K - $120K,Blue,27,3,2,1629,53,0.047,0,0,0,0,1,1,Faible
807275733,Client actuel,27,M,0,Master,Célibataire,Non connu,Blue,22,2,2,873,37,0.122,0,0,0,1,1,2,Modéré
708231183,Client actuel,30,M,1,Sans diplôme,Divorcé(e),Non connu,Blue,22,3,4,910,72,0.073,0,1,0,0,1,2,Modéré
789690483,Client actuel,39,M,4,Lycée (équivalent baccalauréat),Marié(e),$80K - $120K,Blue,25,2,3,0,39,0.0,0,0,1,1,1,3,Modéré
789338583,Client actuel,42,M,2,Doctorat,Célibataire,$80K - $120K,Blue,32,2,2,1073,30,0.041,0,0,0,1,1,2,Modéré
717411483,Client actuel,55,M,4,Niveau Bac+2,Divorcé(e),$80K - $120K,Blue,36,2,3,1194,69,0.035,0,0,0,0,1,1,Faible
720799608,Client actuel,57,F,2,Licence,Marié(e),$40K - $60K,Blue,49,1,2,1720,32,0.509,0,0,0,1,0,1,Faible
714112383,Client actuel,53,M,2,Licence,Marié(e),$120K +,Blue,43,3,2,2335,30,0.397,0,0,0,1,0,1,Faible
717994608,Client actuel,51,M,0,Licence,Célibataire,$80K - $120K,Blue,40,3,2,0,60,0.0,0,0,1,0,1,2,Modéré
798558783,Client actuel,47,M,3,Licence,Marié(e),Moins de $40K,Blue,41,1,4,1747,75,0.3,0,1,0,0,0,1,Faible
716875083,Client actuel,26,F,0,Lycée (équivalent baccalauréat),Célibataire,$40K - $60K,Blue,36,3,4,0,42,0.0,0,1,1,1,1,4,Élevé
714603558,Client actuel,37,M,2,Lycée (équivalent baccalauréat),Célibataire,$40K - $60K,Blue,24,2,3,1758,46,0.15,0,0,0,0,1,1,Faible
789903708,Client actuel,45,F,2,Sans diplôme,Célibataire,$40K - $60K,Blue,35,3,2,1562,68,0.347,0,0,0,0,0,0,Faible
801989733,Client actuel,55,M,2,Sans diplôme,Célibataire,$60K - $80K,Blue,48,3,2,1193,76,0.156,0,0,0,0,1,1,Faible
789504183,Client actuel,37,M,4,Licence,Célibataire,$120K +,Blue,28,3,4,0,62,0.0,0,1,1,0,1,3,Modéré
714574083,Client actuel,36,F,3,Licence,Célibataire,Moins de $40K,Blue,31,2,3,2159,51,0.735,0,0,0,0,0,0,Faible
717978033,Client actuel,36,F,1,Lycée (équivalent baccalauréat),Célibataire,Moins de $40K,Blue,36,3,4,1572,73,0.299,0,1,0,0,0,1,Faible
711256908,Client actuel,39,M,2,Lycée (équivalent baccalauréat),Célibataire,$60K - $80K,Blue,28,3,3,957,81,0.093,0,0,0,0,1,1,Faible
721023708,Client actuel,47,M,4,Sans diplôme,Marié(e),$60K - $80K,Blue,36,3,3,0,62,0.0,0,0,1,0,1,2,Modéré
714522258,Client actuel,56,F,2,Licence,Marié(e),Moins de $40K,Blue,48,3,2,1590,37,0.364,0,0,0,1,0,1,Faible
714247458,Client actuel,56,F,4,Sans diplôme,Célibataire,Non connu,Blue,46,2,2,2276,71,0.283,0,0,0,0,0,0,Faible
780416433,Client actuel,38,M,2,Non connu,Marié(e),Moins de $40K,Blue,25,1,3,734,38,0.084,0,0,0,1,1,2,Modéré
713644758,Client actuel,49,M,3,Licence,Célibataire,$120K +,Blue,36,2,3,2013,74,0.236,0,0,0,0,0,0,Faible
712700358,Client actuel,36,F,4,Sans diplôme,Célibataire,Moins de $40K,Blue,26,3,2,1377,60,0.688,0,0,0,0,0,0,Faible
779873508,Client actuel,51,F,0,Lycée (équivalent baccalauréat),Marié(e),Moins de $40K,Blue,35,3,4,1815,60,0.58,0,1,0,0,0,1,Faible
779342958,Client actuel,26,F,0,Niveau Bac+2,Marié(e),$40K - $60K,Blue,13,3,3,1070,85,0.532,0,0,0,0,0,0,Faible
711738333,Client actuel,34,M,2,Licence,Marié(e),$80K - $120K,Blue,23,2,3,1776,45,0.235,0,0,0,1,0,1,Faible
720323208,Client actuel,43,M,2,Licence,Marié(e),$120K +,Silver,31,2,4,2398,88,0.069,0,1,0,0,1,2,Modéré
708132783,Client actuel,47,F,3,Sans diplôme,Célibataire,Non connu,Blue,42,2,2,1179,71,0.072,0,0,0,0,1,1,Faible
713372583,Client actuel,42,F,4,Lycée (équivalent baccalauréat),Célibataire,Moins de $40K,Blue,19,2,0,0,67,0.0,0,0,1,0,1,2,Modéré
710092683,Client actuel,38,M,2,Niveau Bac+2,Célibataire,$80K - $120K,Blue,30,3,2,1421,47,0.38,0,0,0,0,0,0,Faible
779284833,Client actuel,55,M,2,Master,Célibataire,$60K - $80K,Blue,37,3,1,1799,63,0.081,0,0,0,0,1,1,Faible
713426358,Client actuel,28,F,0,Niveau Bac+2,Marié(e),Non connu,Blue,36,2,3,0,62,0.0,0,0,1,0,1,2,Modéré
717132633,Client actuel,62,M,0,Sans diplôme,Célibataire,$40K - $60K,Blue,50,2,2,1466,61,0.2,0,0,0,0,0,0,Faible
767587833,Client actuel,44,M,3,Non connu,Célibataire,$120K +,Blue,37,1,5,2512,75,0.688,0,1,0,0,0,1,Faible
714954033,Client actuel,29,F,0,Master,Célibataire,Moins de $40K,Blue,36,2,3,1223,57,0.241,0,0,0,0,0,0,Faible
716154258,Client actuel,48,M,4,Doctorat,Non connu,$60K - $80K,Silver,38,2,2,1482,37,0.045,0,0,0,1,1,2,Modéré
755399433,Client actuel,43,M,3,Sans diplôme,Marié(e),$80K - $120K,Blue,36,1,2,926,68,0.032,0,0,0,0,1,1,Faible
709876008,Client actuel,49,F,2,Master,Célibataire,Moins de $40K,Blue,36,1,3,1473,49,0.431,0,0,0,0,0,0,Faible
709918158,Client actuel,43,M,3,Lycée (équivalent baccalauréat),Célibataire,$80K - $120K,Blue,23,6,1,0,51,0.0,1,0,1,0,1,3,Modéré
713350908,Client actuel,41,F,2,Sans diplôme,Marié(e),$40K - $60K,Blue,36,3,3,1912,68,0.711,0,0,0,0,0,0,Faible
715759458,Client actuel,43,M,3,Licence,Célibataire,$80K - $120K,Blue,31,2,4,0,74,0.0,0,1,1,0,1,3,Modéré
713976258,Client actuel,51,F,3,Licence,Célibataire,Moins de $40K,Blue,46,1,3,989,63,0.552,0,0,0,0,0,0,Faible
790174608,Client actuel,37,M,1,Doctorat,Célibataire,$80K - $120K,Blue,30,3,2,1181,70,0.061,0,0,0,0,1,1,Faible
771335358,Client actuel,37,M,2,Niveau Bac+2,Divorcé(e),$40K - $60K,Blue,24,3,4,2098,54,0.258,0,1,0,0,0,1,Faible
708382083,Client actuel,49,M,5,Lycée (équivalent baccalauréat),Marié(e),$80K - $120K,Blue,36,2,2,0,60,0.0,0,0,1,0,1,2,Modéré
771829758,Client actuel,36,M,3,Sans diplôme,Célibataire,$80K - $120K,Blue,25,3,3,1345,46,0.063,0,0,0,0,1,1,Faible
767333808,Client actuel,50,F,2,Licence,Non connu,Moins de $40K,Blue,43,3,4,0,74,0.0,0,1,1,0,1,3,Modéré
721385433,Client actuel,64,M,0,Non connu,Marié(e),Moins de $40K,Blue,51,3,4,1201,39,0.431,0,1,0,1,0,2,Modéré
794293908,Client actuel,36,F,3,Niveau Bac+2,Célibataire,Non connu,Blue,30,2,3,1482,67,0.17,0,0,0,0,0,0,Faible
720409608,Client actuel,45,M,3,Lycée (équivalent baccalauréat),Marié(e),$120K +,Blue,35,2,3,1974,39,0.061,0,0,0,1,1,2,Modéré
717830583,Client actuel,41,M,2,Licence,Marié(e),$80K - $120K,Blue,36,3,3,2140,88,0.234,0,0,0,0,0,0,Faible
715455708,Client actuel,47,M,3,Licence,Célibataire,$80K - $120K,Blue,37,3,2,1468,49,0.287,0,0,0,0,0,0,Faible
719108358,Client actuel,39,M,2,Master,Célibataire,$80K - $120K,Blue,31,2,1,2517,56,0.133,0,0,0,0,1,1,Faible
769323183,Client actuel,51,M,4,Sans diplôme,Célibataire,$120K +,Blue,45,2,3,2517,44,0.208,0,0,0,1,0,1,Faible
820020258,Client actuel,55,F,1,Lycée (équivalent baccalauréat),Célibataire,$40K - $60K,Blue,46,3,4,962,40,0.179,0,1,0,1,0,2,Modéré
719234883,Client actuel,57,M,3,Licence,Célibataire,$120K +,Blue,49,3,3,2134,88,0.065,0,0,0,0,1,1,Faible
807349158,Client actuel,36,M,4,Doctorat,Divorcé(e),$120K +,Blue,31,3,4,1491,60,0.043,0,1,0,0,1,2,Modéré
710799783,Client actuel,35,M,2,Non connu,Marié(e),$120K +,Blue,36,3,4,1779,60,0.117,0,1,0,0,1,2,Modéré
778456983,Client actuel,38,F,2,Non connu,Célibataire,Moins de $40K,Blue,23,3,3,1205,49,0.542,0,0,0,0,0,0,Faible
708644208,Client actuel,39,F,2,Licence,Célibataire,$40K - $60K,Blue,34,2,4,0,77,0.0,0,1,1,0,1,3,Modéré
711659958,Client actuel,65,F,0,Licence,Marié(e),$40K - $60K,Blue,56,2,1,1869,36,0.694,0,0,0,1,0,1,Faible
798988983,Client actuel,51,F,2,Sans diplôme,Marié(e),Moins de $40K,Blue,45,3,2,2037,78,0.284,0,0,0,0,0,0,Faible
710760258,Client actuel,50,F,3,Lycée (équivalent baccalauréat),Marié(e),Moins de $40K,Blue,38,3,4,0,81,0.0,0,1,1,0,1,3,Modéré
799700208,Client actuel,38,M,2,Licence,Célibataire,$60K - $80K,Silver,32,1,1,1587,70,0.059,0,0,0,0,1,1,Faible
772401933,Client actuel,36,F,1,Non connu,Célibataire,Moins de $40K,Blue,26,3,2,0,62,0.0,0,0,1,0,1,2,Modéré
770937183,Client actuel,40,F,4,Licence,Célibataire,Moins de $40K,Silver,27,1,2,2084,87,0.194,0,0,0,0,0,0,Faible
715468083,Client actuel,40,F,2,Doctorat,Marié(e),Non connu,Silver,36,2,4,1686,66,0.049,0,1,0,0,1,2,Modéré
807161508,Client actuel,26,M,1,Non connu,Célibataire,Moins de $40K,Blue,20,3,2,1748,52,0.675,0,0,0,0,0,0,Faible
772268058,Client actuel,46,F,4,Sans diplôme,Célibataire,Moins de $40K,Blue,35,2,3,1473,69,0.541,0,0,0,0,0,0,Faible
710166783,Client actuel,49,F,1,Licence,Marié(e),Moins de $40K,Blue,36,3,0,0,80,0.0,0,0,1,0,1,2,Modéré
804820233,Client actuel,38,M,2,Non connu,Divorcé(e),$80K - $120K,Blue,33,3,2,1781,62,0.151,0,0,0,0,1,1,Faible
708758658,Client actuel,49,M,4,Licence,Marié(e),$80K - $120K,Blue,39,1,1,543,76,0.016,0,0,1,0,1,2,Modéré
714011358,Client actuel,38,M,3,Licence,Divorcé(e),$80K - $120K,Blue,24,1,3,0,60,0.0,0,0,1,0,1,2,Modéré
712401033,Client actuel,36,M,1,Non connu,Célibataire,Moins de $40K,Blue,23,3,1,928,59,0.645,0,0,0,0,0,0,Faible
771212508,Client actuel,34,F,2,Non connu,Célibataire,Moins de $40K,Blue,21,3,4,1270,93,0.207,0,1,0,0,0,1,Faible
821150958,Client actuel,52,M,5,Licence,Marié(e),$80K - $120K,Blue,47,1,1,665,66,0.325,0,0,1,0,0,1,Faible
792272658,Client actuel,40,M,3,Licence,Célibataire,$80K - $120K,Blue,34,3,4,1220,73,0.055,0,1,0,0,1,2,Modéré
809818008,Client actuel,36,M,3,Sans diplôme,Marié(e),$80K - $120K,Blue,31,3,5,1620,60,0.126,0,1,0,0,1,2,Modéré
803231058,Client actuel,53,M,3,Lycée (équivalent baccalauréat),Célibataire,Moins de $40K,Blue,47,1,1,1474,66,0.44,0,0,0,0,0,0,Faible
715698633,Client actuel,40,F,2,Non connu,Marié(e),Moins de $40K,Blue,36,1,1,2376,57,0.467,0,0,0,0,0,0,Faible
720450108,Client actuel,54,M,1,Licence,Marié(e),$40K - $60K,Blue,44,1,1,0,37,0.0,0,0,1,1,1,3,Modéré
719076858,Client actuel,34,M,4,Niveau Bac+2,Célibataire,$60K - $80K,Blue,20,1,2,1952,81,0.902,0,0,0,0,0,0,Faible
720016308,Client actuel,62,F,1,Non connu,Célibataire,Moins de $40K,Blue,54,2,2,1319,77,0.684,0,0,0,0,0,0,Faible
712443558,Client actuel,39,F,1,Niveau Bac+2,Célibataire,Non connu,Blue,36,1,1,0,57,0.0,0,0,1,0,1,2,Modéré
711835758,Client actuel,50,M,3,Licence,Marié(e),$120K +,Blue,42,5,3,2099,35,0.061,1,0,0,1,1,3,Modéré
709284333,Client actuel,36,M,1,Sans diplôme,Divorcé(e),$120K +,Blue,28,3,2,1116,62,0.212,0,0,0,0,0,0,Faible
788122533,Client actuel,56,F,1,Licence,Marié(e),Moins de $40K,Blue,48,2,2,0,32,0.0,0,0,1,1,1,3,Modéré
713039808,Client actuel,45,M,4,Niveau Bac+2,Marié(e),Moins de $40K,Blue,32,2,1,0,48,0.0,0,0,1,0,1,2,Modéré
801700233,Client actuel,36,M,2,Licence,Célibataire,$120K +,Blue,28,3,0,2462,74,0.776,0,0,0,0,0,0,Faible
716815308,Client actuel,44,F,2,Sans diplôme,Marié(e),Moins de $40K,Blue,36,2,5,1489,69,0.339,0,1,0,0,0,1,Faible
720580383,Client actuel,50,F,3,Licence,Marié(e),Moins de $40K,Blue,37,2,4,0,80,0.0,0,1,1,0,1,3,Modéré
780202908,Client actuel,53,F,2,Licence,Célibataire,Moins de $40K,Blue,43,3,4,1480,70,0.216,0,1,0,0,0,1,Faible
787504158,Client actuel,36,F,0,Non connu,Marié(e),Moins de $40K,Blue,24,3,2,2230,42,0.868,0,0,0,1,0,1,Faible
716183283,Client actuel,27,F,1,Niveau Bac+2,Divorcé(e),Moins de $40K,Blue,15,3,2,890,70,0.411,0,0,0,0,0,0,Faible
824168808,Client actuel,31,F,1,Niveau Bac+2,Divorcé(e),Non connu,Blue,27,6,3,1480,60,0.406,1,0,0,0,0,1,Faible
712936908,Client actuel,36,M,3,Non connu,Célibataire,$60K - $80K,Blue,36,1,1,1786,88,0.153,0,0,0,0,1,1,Faible
719855958,Client actuel,41,M,4,Lycée (équivalent baccalauréat),Célibataire,$60K - $80K,Blue,28,1,4,0,66,0.0,0,1,1,0,1,3,Modéré
710112933,Client actuel,28,M,1,Sans diplôme,Célibataire,$60K - $80K,Blue,18,3,2,1716,61,0.103,0,0,0,0,1,1,Faible
768364233,Client actuel,59,M,1,Lycée (équivalent baccalauréat),Marié(e),$40K - $60K,Blue,53,2,5,1885,33,0.346,0,1,0,1,0,2,Modéré
771725808,Client actuel,43,M,3,Sans diplôme,Non connu,$80K - $120K,Blue,31,1,4,769,71,0.027,0,1,0,0,1,2,Modéré
780686358,Client actuel,41,M,3,Non connu,Marié(e),$60K - $80K,Blue,30,1,1,1676,58,0.58,0,0,0,0,0,0,Faible
712762758,Client actuel,46,M,2,Licence,Marié(e),$60K - $80K,Blue,34,2,0,1280,79,0.135,0,0,0,0,1,1,Faible
714392808,Client actuel,51,M,3,Non connu,Marié(e),$80K - $120K,Blue,43,4,5,1019,62,0.073,1,1,0,0,1,3,Modéré
713089458,Client actuel,44,M,1,Lycée (équivalent baccalauréat),Marié(e),Moins de $40K,Blue,33,2,2,808,78,0.132,0,0,0,0,1,1,Faible
826780683,Client actuel,40,M,3,Licence,Marié(e),$60K - $80K,Blue,36,2,2,0,85,0.0,0,0,1,0,1,2,Modéré
780251658,Client actuel,32,M,1,Lycée (équivalent baccalauréat),Marié(e),$40K - $60K,Blue,18,1,4,1586,57,0.346,0,1,0,0,0,1,Faible
737944908,Client actuel,58,M,2,Non connu,Marié(e),$60K - $80K,Blue,51,2,2,1463,36,0.098,0,0,0,1,1,2,Modéré
720688158,Client actuel,37,F,3,Lycée (équivalent baccalauréat),Célibataire,Moins de $40K,Blue,25,2,4,0,68,0.0,0,1,1,0,1,3,Modéré
771682533,Client actuel,43,F,3,Non connu,Marié(e),Moins de $40K,Blue,31,3,2,0,75,0.0,0,0,1,0,1,2,Modéré
708193008,Client actuel,41,M,4,Sans diplôme,Marié(e),$80K - $120K,Blue,30,3,4,0,43,0.0,0,1,1,1,1,4,Élevé
772449858,Client actuel,51,M,3,Licence,Divorcé(e),$40K - $60K,Blue,41,3,4,1388,70,0.183,0,1,0,0,0,1,Faible
715992558,Client actuel,52,M,2,Doctorat,Marié(e),$80K - $120K,Blue,38,2,2,1628,59,0.126,0,0,0,0,1,1,Faible
708502908,Client actuel,61,M,2,Lycée (équivalent baccalauréat),Célibataire,$60K - $80K,Silver,48,2,3,0,88,0.0,0,0,1,0,1,2,Modéré
720132258,Client actuel,49,M,3,Master,Célibataire,$120K +,Silver,36,1,5,1323,78,0.038,0,1,0,0,1,2,Modéré
708704433,Client actuel,36,F,3,Lycée (équivalent baccalauréat),Célibataire,Non connu,Blue,23,3,4,2090,77,0.745,0,1,0,0,0,1,Faible
720906033,Client actuel,35,M,1,Licence,Marié(e),$40K - $60K,Blue,25,4,4,1176,52,0.203,1,1,0,0,0,2,Modéré
719961183,Client actuel,63,F,0,Lycée (équivalent baccalauréat),Marié(e),Moins de $40K,Blue,53,3,2,1278,33,0.563,0,0,0,1,0,1,Faible
718838808,Client actuel,36,F,1,Master,Marié(e),Moins de $40K,Blue,23,3,3,2354,48,0.758,0,0,0,0,0,0,Faible
710268858,Client actuel,33,F,4,Licence,Célibataire,Moins de $40K,Blue,22,1,2,1217,99,0.608,0,0,0,0,0,0,Faible
788360283,Client actuel,33,M,1,Licence,Célibataire,$80K - $120K,Blue,26,1,0,0,55,0.0,0,0,1,0,1,2,Modéré
717914808,Client actuel,65,M,1,Lycée (équivalent baccalauréat),Célibataire,Non connu,Blue,36,3,5,703,66,0.157,0,1,0,0,1,2,Modéré
802884933,Client actuel,61,M,1,Licence,Marié(e),$60K - $80K,Blue,55,2,3,1348,32,0.413,0,0,0,1,0,1,Faible
714436383,Client actuel,44,M,4,Licence,Non connu,$80K - $120K,Blue,34,3,2,0,75,0.0,0,0,1,0,1,2,Modéré
718785483,Client actuel,38,M,1,Doctorat,Célibataire,$80K - $120K,Silver,29,3,3,1435,85,0.042,0,0,0,0,1,1,Faible
708816408,Client actuel,41,M,4,Sans diplôme,Célibataire,$80K - $120K,Blue,32,6,3,0,71,0.0,1,0,1,0,1,3,Modéré
715363908,Client actuel,44,F,4,Sans diplôme,Marié(e),Moins de $40K,Blue,26,1,2,1551,70,0.328,0,0,0,0,0,0,Faible
827643858,Client actuel,45,F,2,Non connu,Célibataire,Moins de $40K,Blue,41,2,2,0,64,0.0,0,0,1,0,1,2,Modéré
711251133,Client actuel,37,M,0,Master,Célibataire,$80K - $120K,Blue,27,2,3,0,55,0.0,0,0,1,0,1,2,Modéré
716896833,Client actuel,51,M,1,Non connu,Célibataire,$80K - $120K,Blue,38,1,4,1319,35,0.116,0,1,0,1,1,3,Modéré
789193383,Client actuel,65,M,0,Sans diplôme,Célibataire,Moins de $40K,Blue,54,1,5,1691,70,0.64,0,1,0,0,0,1,Faible
712801758,Client actuel,37,F,1,Licence,Célibataire,$40K - $60K,Blue,27,1,2,2517,63,0.942,0,0,0,0,0,0,Faible
719836083,Client actuel,54,M,4,Non connu,Marié(e),$60K - $80K,Blue,36,4,2,1752,34,0.234,1,0,0,1,0,2,Modéré
718291233,Client actuel,46,M,4,Licence,Marié(e),$80K - $120K,Blue,33,1,3,917,67,0.057,0,0,0,0,1,1,Faible
718682883,Client actuel,41,M,2,Non connu,Célibataire,$80K - $120K,Blue,34,3,1,2449,76,0.128,0,0,0,0,1,1,Faible
771503958,Client actuel,49,M,2,Non connu,Célibataire,$40K - $60K,Blue,37,1,3,1265,72,0.423,0,0,0,0,0,0,Faible
771960708,Client actuel,51,M,2,Licence,Célibataire,$80K - $120K,Blue,40,2,4,2461,80,0.748,0,1,0,0,0,1,Faible
717427983,Client actuel,50,F,3,Lycée (équivalent baccalauréat),Célibataire,Moins de $40K,Silver,39,3,4,2422,64,0.217,0,1,0,0,0,1,Faible
712737108,Client actuel,48,F,4,Lycée (équivalent baccalauréat),Marié(e),Non connu,Blue,36,1,2,0,75,0.0,0,0,1,0,1,2,Modéré
771599283,Client actuel,53,M,2,Licence,Marié(e),$80K - $120K,Blue,41,2,5,1668,32,0.669,0,1,0,1,0,2,Modéré
717237708,Client actuel,54,M,2,Master,Célibataire,$60K - $80K,Blue,38,3,5,1878,58,0.132,0,1,0,0,1,2,Modéré
710703708,Client actuel,46,F,4,Non connu,Célibataire,$40K - $60K,Silver,35,3,2,968,56,0.057,0,0,0,0,1,1,Faible
712513458,Client actuel,47,F,4,Lycée (équivalent baccalauréat),Célibataire,Moins de $40K,Blue,38,1,4,1899,70,0.254,0,1,0,0,0,1,Faible
709690158,Client actuel,52,F,4,Licence,Marié(e),Moins de $40K,Blue,36,1,2,2517,33,0.548,0,0,0,1,0,1,Faible
709959858,Client actuel,43,F,4,Licence,Célibataire,Moins de $40K,Blue,32,3,4,0,63,0.0,0,1,1,0,1,3,Modéré
720683958,Client actuel,41,M,4,Sans diplôme,Divorcé(e),$80K - $120K,Gold,36,2,2,0,67,0.0,0,0,1,0,1,2,Modéré
780704358,Client actuel,34,M,3,Master,Non connu,$60K - $80K,Silver,23,3,0,0,73,0.0,0,0,1,0,1,2,Modéré
717843783,Client actuel,33,F,1,Niveau Bac+2,Célibataire,Moins de $40K,Silver,17,3,2,1583,71,0.118,0,0,0,0,1,1,Faible
718318383,Client actuel,49,M,1,Lycée (équivalent baccalauréat),Non connu,$60K - $80K,Blue,36,3,4,1499,69,0.567,0,1,0,0,0,1,Faible
708849858,Client actuel,44,M,3,Doctorat,Célibataire,$120K +,Blue,35,1,5,1435,73,0.102,0,1,0,0,1,2,Modéré
712652283,Client actuel,36,M,1,Sans diplôme,Divorcé(e),$80K - $120K,Blue,28,1,3,774,74,0.022,0,0,0,0,1,1,Faible
793461933,Client actuel,37,M,3,Lycée (équivalent baccalauréat),Célibataire,$80K - $120K,Blue,31,2,4,1006,57,0.177,0,1,0,0,0,1,Faible
720084183,Client actuel,46,M,3,Non connu,Divorcé(e),$120K +,Blue,34,2,4,0,75,0.0,0,1,1,0,1,3,Modéré
767114958,Client actuel,65,M,0,Sans diplôme,Célibataire,Moins de $40K,Blue,56,2,2,2073,70,0.643,0,0,0,0,0,0,Faible
709216533,Client actuel,52,M,2,Niveau Bac+2,Célibataire,$80K - $120K,Blue,36,3,4,778,64,0.278,0,1,0,0,0,1,Faible
720897783,Client actuel,50,M,1,Sans diplôme,Célibataire,$120K +,Blue,30,2,5,2010,59,0.058,0,1,0,0,1,2,Modéré
773503308,Client actuel,59,M,1,Sans diplôme,Célibataire,Moins de $40K,Blue,53,5,4,1569,79,0.716,1,1,0,0,0,2,Modéré
719963433,Client actuel,37,F,3,Non connu,Célibataire,Non connu,Blue,29,2,2,1945,77,0.234,0,0,0,0,0,0,Faible
710664558,Client actuel,40,F,3,Lycée (équivalent baccalauréat),Marié(e),Moins de $40K,Blue,31,2,4,945,73,0.2,0,1,0,0,0,1,Faible
713687508,Client actuel,59,M,1,Doctorat,Célibataire,$60K - $80K,Blue,49,2,4,1606,69,0.162,0,1,0,0,0,1,Faible
816312633,Client actuel,52,F,3,Niveau Bac+2,Marié(e),$40K - $60K,Blue,47,3,3,0,66,0.0,0,0,1,0,1,2,Modéré
712019883,Client actuel,43,F,4,Non connu,Non connu,Non connu,Blue,34,3,3,1528,69,0.12,0,0,0,0,1,1,Faible
718216008,Client actuel,48,M,3,Licence,Marié(e),$60K - $80K,Blue,38,2,3,2157,60,0.127,0,0,0,0,1,1,Faible
718345233,Client actuel,45,F,2,Licence,Non connu,Moins de $40K,Blue,35,3,3,2517,41,0.777,0,0,0,1,0,1,Faible
771228183,Client actuel,30,F,0,Licence,Divorcé(e),Moins de $40K,Blue,17,1,3,0,87,0.0,0,0,1,0,1,2,Modéré
789430083,Client actuel,41,F,5,Lycée (équivalent baccalauréat),Célibataire,$40K - $60K,Blue,32,1,2,1425,83,0.095,0,0,0,0,1,1,Faible
779524833,Client actuel,51,M,1,Non connu,Célibataire,$80K - $120K,Blue,34,3,3,1563,59,0.44,0,0,0,0,0,0,Faible
823621083,Client actuel,46,M,3,Licence,Marié(e),$120K +,Blue,42,3,4,938,74,0.102,0,1,0,0,1,2,Modéré
715563558,Client actuel,50,M,1,Non connu,Célibataire,$120K +,Blue,40,3,2,1057,62,0.141,0,0,0,0,1,1,Faible
715424283,Client actuel,31,F,0,Niveau Bac+2,Marié(e),Moins de $40K,Blue,21,2,2,0,50,0.0,0,0,1,0,1,2,Modéré
807209808,Client actuel,48,M,1,Lycée (équivalent baccalauréat),Célibataire,$60K - $80K,Blue,40,2,2,1630,68,0.703,0,0,0,0,0,0,Faible
716578158,Client actuel,39,F,1,Non connu,Marié(e),Moins de $40K,Blue,29,2,5,1592,49,0.585,0,1,0,0,0,1,Faible
708911508,Client actuel,50,F,2,Non connu,Marié(e),Moins de $40K,Blue,39,3,2,0,71,0.0,0,0,1,0,1,2,Modéré
717332733,Client actuel,47,M,4,Non connu,Célibataire,$80K - $120K,Silver,37,2,4,0,80,0.0,0,1,1,0,1,3,Modéré
710681808,Client actuel,53,M,3,Lycée (équivalent baccalauréat),Célibataire,$80K - $120K,Blue,42,3,3,1548,52,0.084,0,0,0,0,1,1,Faible
708740808,Client actuel,45,M,4,Licence,Marié(e),$40K - $60K,Blue,36,3,4,0,54,0.0,0,1,1,0,1,3,Modéré
711728208,Client actuel,46,M,4,Licence,Célibataire,$120K +,Blue,34,1,2,0,68,0.0,0,0,1,0,1,2,Modéré
720562008,Client actuel,34,M,2,Licence,Célibataire,$80K - $120K,Silver,22,3,3,1263,65,0.037,0,0,0,0,1,1,Faible
709012083,Client actuel,39,M,1,Sans diplôme,Marié(e),Moins de $40K,Blue,28,3,4,2514,45,0.537,0,1,0,1,0,2,Modéré
771073908,Client actuel,62,M,0,Non connu,Marié(e),$40K - $60K,Blue,48,1,2,0,27,0.0,0,0,1,1,1,3,Modéré
718174908,Client actuel,53,F,3,Sans diplôme,Marié(e),Moins de $40K,Blue,36,3,2,2417,29,0.572,0,0,0,1,0,1,Faible
709550958,Client actuel,51,M,3,Licence,Marié(e),$60K - $80K,Blue,32,1,4,0,62,0.0,0,1,1,0,1,3,Modéré
720411183,Client actuel,34,F,1,Lycée (équivalent baccalauréat),Célibataire,Non connu,Blue,22,1,0,1857,66,0.181,0,0,0,0,0,0,Faible
720776508,Client actuel,44,F,2,Doctorat,Célibataire,$40K - $60K,Blue,25,3,2,0,65,0.0,0,0,1,0,1,2,Modéré
755615208,Client actuel,49,M,3,Lycée (équivalent baccalauréat),Célibataire,$120K +,Blue,42,3,2,1822,66,0.144,0,0,0,0,1,1,Faible
708147108,Client actuel,26,M,0,Licence,Divorcé(e),Non connu,Blue,36,1,3,2517,71,0.119,0,0,0,0,1,1,Faible
716682258,Client actuel,52,M,1,Lycée (équivalent baccalauréat),Divorcé(e),$120K +,Blue,36,3,5,1591,62,0.05,0,1,0,0,1,2,Modéré
772277508,Client actuel,65,F,1,Non connu,Célibataire,Moins de $40K,Blue,54,2,2,0,52,0.0,0,0,1,0,1,2,Modéré
712515558,Client actuel,35,M,1,Niveau Bac+2,Célibataire,$60K - $80K,Blue,26,2,3,1515,77,0.065,0,0,0,0,1,1,Faible
719342808,Client actuel,48,M,3,Licence,Célibataire,$80K - $120K,Blue,30,2,3,688,76,0.165,0,0,0,0,0,0,Faible
788957358,Client actuel,53,F,1,Licence,Célibataire,$40K - $60K,Blue,39,3,2,2227,77,0.452,0,0,0,0,0,0,Faible
778386033,Client actuel,38,M,3,Sans diplôme,Marié(e),$60K - $80K,Blue,18,3,4,1749,34,0.512,0,1,0,1,0,2,Modéré
820060758,Client actuel,50,F,1,Niveau Bac+2,Célibataire,Moins de $40K,Blue,45,2,4,1965,59,0.411,0,1,0,0,0,1,Faible
713271708,Client actuel,46,M,3,Sans diplôme,Marié(e),Moins de $40K,Silver,33,2,2,0,74,0.0,0,0,1,0,1,2,Modéré
720555483,Client actuel,48,M,3,Licence,Célibataire,$80K - $120K,Blue,35,3,3,0,79,0.0,0,0,1,0,1,2,Modéré
709405758,Client actuel,36,M,2,Licence,Marié(e),$60K - $80K,Blue,28,3,2,1217,49,0.637,0,0,0,0,0,0,Faible
769463433,Client actuel,41,F,2,Master,Célibataire,Moins de $40K,Blue,35,3,2,0,71,0.0,0,0,1,0,1,2,Modéré
786087633,Client actuel,60,M,0,Non connu,Marié(e),$60K - $80K,Blue,54,1,0,2501,34,0.906,0,0,0,1,0,1,Faible
719527833,Client actuel,45,F,4,Lycée (équivalent baccalauréat),Non connu,Non connu,Blue,36,3,3,1097,70,0.048,0,0,0,0,1,1,Faible
715921758,Client actuel,36,M,2,Niveau Bac+2,Célibataire,$60K - $80K,Blue,25,3,2,0,68,0.0,0,0,1,0,1,2,Modéré
717280158,Client actuel,49,M,3,Licence,Marié(e),Moins de $40K,Blue,36,3,5,1817,60,0.611,0,1,0,0,0,1,Faible
714179658,Client actuel,43,M,3,Lycée (équivalent baccalauréat),Célibataire,$120K +,Blue,36,1,3,0,48,0.0,0,0,1,0,1,2,Modéré
806637558,Client actuel,58,M,1,Lycée (équivalent baccalauréat),Marié(e),$60K - $80K,Blue,53,2,5,0,40,0.0,0,1,1,1,1,4,Élevé
714828708,Client actuel,46,M,0,Lycée (équivalent baccalauréat),Divorcé(e),$80K - $120K,Blue,36,1,4,0,88,0.0,0,1,1,0,1,3,Modéré
711989358,Client actuel,50,M,2,Licence,Célibataire,$80K - $120K,Blue,36,2,1,1187,62,0.061,0,0,0,0,1,1,Faible
720188508,Client actuel,43,M,4,Licence,Célibataire,$60K - $80K,Blue,25,2,4,1749,64,0.133,0,1,0,0,1,2,Modéré
719528958,Client actuel,57,F,3,Niveau Bac+2,Célibataire,$40K - $60K,Blue,36,1,3,1508,71,0.184,0,0,0,0,0,0,Faible
713110908,Client actuel,30,M,1,Non connu,Marié(e),Moins de $40K,Blue,13,6,5,1966,45,0.754,1,1,0,1,0,3,Modéré
721179708,Client actuel,48,F,2,Non connu,Marié(e),Moins de $40K,Blue,37,2,3,0,76,0.0,0,0,1,0,1,2,Modéré
716363658,Client actuel,51,M,2,Doctorat,Célibataire,$120K +,Blue,36,2,5,582,84,0.022,0,1,1,0,1,3,Modéré
711443808,Client actuel,46,M,2,Non connu,Divorcé(e),$60K - $80K,Blue,37,1,1,1657,53,0.615,0,0,0,0,0,0,Faible
778952058,Client actuel,46,M,3,Niveau Bac+2,Célibataire,$80K - $120K,Blue,32,2,5,1496,56,0.072,0,1,0,0,1,2,Modéré
713642133,Client actuel,45,M,4,Non connu,Marié(e),$40K - $60K,Blue,30,3,3,1049,60,0.554,0,0,0,0,0,0,Faible
778908783,Client actuel,52,M,3,Niveau Bac+2,Marié(e),$80K - $120K,Blue,33,3,4,1018,25,0.037,0,1,0,1,1,3,Modéré
778170633,Client actuel,48,M,5,Licence,Marié(e),$80K - $120K,Blue,38,2,2,657,71,0.019,0,0,1,0,1,2,Modéré
714670533,Client actuel,47,M,3,Non connu,Célibataire,$80K - $120K,Blue,37,1,5,2517,62,0.102,0,1,0,0,1,2,Modéré
772758783,Client actuel,43,M,1,Non connu,Marié(e),$80K - $120K,Blue,33,1,5,735,60,0.035,0,1,0,0,1,2,Modéré
788959758,Client actuel,47,F,4,Sans diplôme,Célibataire,$40K - $60K,Blue,33,2,1,561,59,0.061,0,0,1,0,1,2,Modéré
716878533,Client actuel,55,M,2,Non connu,Célibataire,$80K - $120K,Blue,46,1,1,1889,33,0.172,0,0,0,1,0,1,Faible
713267133,Client actuel,41,F,5,Master,Marié(e),Moins de $40K,Blue,33,1,2,851,65,0.131,0,0,0,0,1,1,Faible
716263533,Client actuel,44,M,5,Lycée (équivalent baccalauréat),Marié(e),$80K - $120K,Blue,36,2,2,1464,72,0.583,0,0,0,0,0,0,Faible
719026383,Client actuel,35,F,2,Sans diplôme,Marié(e),Moins de $40K,Blue,36,1,3,0,59,0.0,0,0,1,0,1,2,Modéré
821755233,Client actuel,40,F,2,Non connu,Marié(e),Non connu,Blue,28,5,2,1123,69,0.075,1,0,0,0,1,2,Modéré
709683633,Client actuel,32,F,1,Lycée (équivalent baccalauréat),Célibataire,Moins de $40K,Silver,13,1,2,948,67,0.092,0,0,0,0,1,1,Faible
714318033,Client actuel,50,M,4,Non connu,Marié(e),$60K - $80K,Blue,36,1,4,1638,57,0.16,0,1,0,0,1,2,Modéré
779647608,Client actuel,39,M,2,Lycée (équivalent baccalauréat),Célibataire,$120K +,Blue,22,2,2,0,92,0.0,0,0,1,0,1,2,Modéré
787605558,Client actuel,48,F,3,Licence,Divorcé(e),Moins de $40K,Blue,31,2,2,0,81,0.0,0,0,1,0,1,2,Modéré
771534408,Client actuel,52,F,2,Niveau Bac+2,Célibataire,Moins de $40K,Blue,40,3,3,2379,74,0.855,0,0,0,0,0,0,Faible
716219808,Client actuel,49,M,3,Licence,Non connu,$60K - $80K,Blue,36,2,3,0,41,0.0,0,0,1,1,1,3,Modéré
715690908,Client actuel,46,F,3,Licence,Célibataire,Moins de $40K,Silver,39,3,2,1260,78,0.103,0,0,0,0,1,1,Faible
789125733,Client actuel,38,F,4,Doctorat,Marié(e),Moins de $40K,Blue,26,2,4,1402,53,0.35,0,1,0,0,0,1,Faible
717271983,Client actuel,60,M,0,Niveau Bac+2,Célibataire,$80K - $120K,Silver,53,3,2,1388,64,0.04,0,0,0,0,1,1,Faible
709695333,Client actuel,48,M,2,Lycée (équivalent baccalauréat),Célibataire,$80K - $120K,Blue,36,2,4,1695,82,0.166,0,1,0,0,0,1,Faible
712233183,Client actuel,45,F,2,Licence,Célibataire,Moins de $40K,Blue,34,3,1,1622,62,0.38,0,0,0,0,0,0,Faible
716645883,Client actuel,47,M,2,Non connu,Non connu,$60K - $80K,Blue,36,2,2,0,68,0.0,0,0,1,0,1,2,Modéré
711762408,Client actuel,43,M,2,Doctorat,Divorcé(e),$40K - $60K,Blue,34,1,2,0,63,0.0,0,0,1,0,1,2,Modéré
818305008,Client actuel,41,F,2,Licence,Marié(e),$40K - $60K,Blue,36,1,3,1375,89,0.122,0,0,0,0,1,1,Faible
788159433,Client actuel,53,M,2,Non connu,Célibataire,$60K - $80K,Blue,45,1,2,818,70,0.036,0,0,0,0,1,1,Faible
709104333,Client actuel,50,M,5,Master,Marié(e),$120K +,Silver,36,2,4,891,64,0.026,0,1,0,0,1,2,Modéré
708112008,Client actuel,56,M,2,Licence,Marié(e),$80K - $120K,Blue,36,2,3,1049,35,0.045,0,0,0,1,1,2,Modéré
714731208,Client actuel,63,F,0,Sans diplôme,Non connu,$40K - $60K,Blue,55,2,2,1433,58,0.868,0,0,0,0,0,0,Faible
710006958,Client actuel,53,F,1,Lycée (équivalent baccalauréat),Célibataire,Moins de $40K,Blue,41,2,2,796,69,0.092,0,0,0,0,1,1,Faible
815062383,Client actuel,35,F,2,Lycée (équivalent baccalauréat),Marié(e),Moins de $40K,Blue,30,3,1,1193,33,0.262,0,0,0,1,0,1,Faible
778447908,Client actuel,51,M,2,Niveau Bac+2,Célibataire,$80K - $120K,Blue,33,1,2,0,65,0.0,0,0,1,0,1,2,Modéré
803415183,Client actuel,44,M,3,Non connu,Célibataire,$80K - $120K,Silver,38,3,1,657,76,0.019,0,0,1,0,1,2,Modéré
708582858,Client actuel,38,M,3,Licence,Célibataire,$60K - $80K,Blue,25,3,4,0,63,0.0,0,1,1,0,1,3,Modéré
779833908,Client actuel,40,F,2,Licence,Divorcé(e),Non connu,Blue,23,2,1,1376,67,0.075,0,0,0,0,1,1,Faible
818687958,Client actuel,48,M,2,Licence,Divorcé(e),$80K - $120K,Blue,43,3,2,1436,88,0.225,0,0,0,0,0,0,Faible
708714108,Client actuel,42,F,3,Lycée (équivalent baccalauréat),Célibataire,Moins de $40K,Silver,31,2,3,2517,49,0.187,0,0,0,0,0,0,Faible
754872333,Client actuel,50,M,2,Licence,Marié(e),$120K +,Blue,43,1,3,0,88,0.0,0,0,1,0,1,2,Modéré
718637208,Client actuel,54,F,2,Licence,Célibataire,Moins de $40K,Blue,43,2,1,1387,36,0.687,0,0,0,1,0,1,Faible
816772908,Client actuel,38,M,3,Lycée (équivalent baccalauréat),Célibataire,$60K - $80K,Silver,33,1,2,1793,78,0.052,0,0,0,0,1,1,Faible
716497908,Client actuel,49,F,1,Doctorat,Marié(e),Non connu,Blue,36,1,2,0,65,0.0,0,0,1,0,1,2,Modéré
809358708,Client actuel,38,M,3,Non connu,Célibataire,$80K - $120K,Blue,33,2,2,2135,63,0.062,0,0,0,0,1,1,Faible
716037708,Client actuel,50,M,0,Sans diplôme,Divorcé(e),$60K - $80K,Blue,39,3,3,1021,54,0.108,0,0,0,0,1,1,Faible
717804783,Client actuel,40,F,3,Licence,Célibataire,Moins de $40K,Blue,27,3,4,824,70,0.125,0,1,0,0,1,2,Modéré
715338783,Client actuel,32,M,1,Lycée (équivalent baccalauréat),Célibataire,$60K - $80K,Blue,36,2,2,0,80,0.0,0,0,1,0,1,2,Modéré
779645658,Client actuel,49,M,3,Licence,Célibataire,$60K - $80K,Blue,32,1,4,1472,59,0.206,0,1,0,0,0,1,Faible
787565433,Client actuel,53,M,2,Master,Marié(e),$80K - $120K,Blue,43,2,4,1397,36,0.346,0,1,0,1,0,2,Modéré
717287883,Client actuel,57,M,3,Licence,Marié(e),$80K - $120K,Blue,46,2,3,2517,24,0.456,0,0,0,1,0,1,Faible
715746633,Client actuel,64,F,0,Licence,Célibataire,Moins de $40K,Blue,54,1,2,689,70,0.124,0,0,0,0,1,1,Faible
720635883,Client actuel,34,M,3,Non connu,Non connu,$80K - $120K,Blue,24,3,3,1500,60,0.174,0,0,0,0,0,0,Faible
710077008,Client actuel,43,M,2,Sans diplôme,Célibataire,$120K +,Blue,33,3,1,1368,74,0.045,0,0,0,0,1,1,Faible
804437658,Client actuel,42,F,3,Doctorat,Marié(e),Moins de $40K,Blue,36,2,1,2154,66,0.22,0,0,0,0,0,0,Faible
780000258,Client actuel,48,M,3,Sans diplôme,Célibataire,$120K +,Blue,38,2,5,0,84,0.0,0,1,1,0,1,3,Modéré
825785508,Client actuel,49,M,3,Lycée (équivalent baccalauréat),Célibataire,$120K +,Blue,45,2,2,1049,64,0.071,0,0,0,0,1,1,Faible
720252858,Client actuel,57,M,3,Niveau Bac+2,Célibataire,$60K - $80K,Blue,36,3,2,0,63,0.0,0,0,1,0,1,2,Modéré
710017758,Client actuel,44,M,4,Licence,Célibataire,$40K - $60K,Blue,36,2,3,0,67,0.0,0,0,1,0,1,2,Modéré
711750183,Client actuel,63,F,2,Licence,Célibataire,Moins de $40K,Gold,55,1,3,1345,56,0.084,0,0,0,0,1,1,Faible
718364283,Client actuel,43,M,3,Licence,Célibataire,$60K - $80K,Blue,30,2,4,0,72,0.0,0,1,1,0,1,3,Modéré
711638658,Client actuel,33,M,4,Lycée (équivalent baccalauréat),Célibataire,$40K - $60K,Blue,25,1,1,1929,63,0.223,0,0,0,0,0,0,Faible
711046383,Client actuel,55,M,2,Licence,Célibataire,$80K - $120K,Silver,36,1,1,1316,60,0.038,0,0,0,0,1,1,Faible
720877083,Client actuel,50,M,2,Licence,Célibataire,$80K - $120K,Blue,36,1,2,1354,66,0.139,0,0,0,0,1,1,Faible
715662258,Client actuel,49,F,3,Non connu,Non connu,Moins de $40K,Blue,36,1,2,2060,75,0.839,0,0,0,0,0,0,Faible
758202858,Client actuel,47,F,3,Lycée (équivalent baccalauréat),Non connu,Moins de $40K,Blue,40,2,4,1681,72,0.395,0,1,0,0,0,1,Faible
712872183,Client actuel,35,F,4,Sans diplôme,Célibataire,Moins de $40K,Blue,24,2,2,1367,92,0.418,0,0,0,0,0,0,Faible
710014683,Client actuel,31,F,0,Licence,Célibataire,Moins de $40K,Blue,20,3,2,724,65,0.208,0,0,0,0,0,0,Faible
716934333,Client actuel,50,M,3,Sans diplôme,Célibataire,$80K - $120K,Blue,40,1,4,2458,68,0.185,0,1,0,0,0,1,Faible
778523733,Client actuel,38,M,3,Licence,Célibataire,$80K - $120K,Blue,31,1,2,0,73,0.0,0,0,1,0,1,2,Modéré
716353083,Client actuel,39,M,3,Licence,Célibataire,$60K - $80K,Blue,29,2,3,1028,72,0.153,0,0,0,0,1,1,Faible
753642933,Client actuel,52,F,3,Lycée (équivalent baccalauréat),Célibataire,Moins de $40K,Blue,45,3,0,1365,83,0.5,0,0,0,0,0,0,Faible
708151008,Client actuel,49,F,4,Licence,Marié(e),$40K - $60K,Blue,41,1,2,644,41,0.103,0,0,1,1,1,3,Modéré
789646158,Client actuel,49,M,4,Sans diplôme,Marié(e),$40K - $60K,Blue,33,1,3,881,66,0.241,0,0,0,0,0,0,Faible
712423233,Client actuel,44,M,3,Lycée (équivalent baccalauréat),Divorcé(e),$60K - $80K,Blue,36,3,1,1368,71,0.06,0,0,0,0,1,1,Faible
719806233,Client actuel,36,M,1,Licence,Célibataire,$120K +,Blue,20,2,2,0,59,0.0,0,0,1,0,1,2,Modéré
786509358,Client actuel,44,M,3,Non connu,Célibataire,$80K - $120K,Blue,38,1,4,1782,36,0.424,0,1,0,1,0,2,Modéré
711502908,Client actuel,44,M,3,Licence,Célibataire,$60K - $80K,Blue,39,2,2,0,68,0.0,0,0,1,0,1,2,Modéré
748617858,Client actuel,35,M,5,Sans diplôme,Célibataire,$60K - $80K,Blue,28,2,3,1704,65,0.371,0,0,0,0,0,0,Faible
789244308,Client actuel,56,M,4,Niveau Bac+2,Célibataire,$80K - $120K,Blue,41,1,4,1899,64,0.107,0,1,0,0,1,2,Modéré
709330383,Client actuel,37,F,1,Licence,Célibataire,Moins de $40K,Silver,19,3,3,2049,74,0.163,0,0,0,0,0,0,Faible
719136183,Client actuel,48,F,3,Sans diplôme,Marié(e),Moins de $40K,Blue,38,1,3,1444,69,0.408,0,0,0,0,0,0,Faible
716939358,Client actuel,43,F,3,Licence,Divorcé(e),Non connu,Blue,33,3,4,0,67,0.0,0,1,1,0,1,3,Modéré
778155558,Client actuel,45,M,3,Non connu,Marié(e),$80K - $120K,Blue,38,1,2,0,71,0.0,0,0,1,0,1,2,Modéré
713461533,Client actuel,54,M,3,Licence,Célibataire,$80K - $120K,Blue,38,2,1,1310,73,0.045,0,0,0,0,1,1,Faible
803776533,Client actuel,46,M,2,Master,Célibataire,$60K - $80K,Blue,41,3,2,0,52,0.0,0,0,1,0,1,2,Modéré
714857508,Client actuel,44,F,4,Doctorat,Marié(e),Non connu,Blue,36,2,4,1775,69,0.205,0,1,0,0,0,1,Faible
720348933,Client actuel,44,M,3,Licence,Célibataire,$60K - $80K,Blue,31,3,4,758,60,0.059,0,1,0,0,1,2,Modéré
721158108,Client actuel,38,M,2,Licence,Célibataire,$60K - $80K,Blue,30,2,4,0,72,0.0,0,1,1,0,1,3,Modéré
789043008,Client actuel,55,F,2,Master,Divorcé(e),Moins de $40K,Blue,43,2,4,0,70,0.0,0,1,1,0,1,3,Modéré
713362158,Client actuel,50,M,3,Non connu,Célibataire,$120K +,Blue,33,1,4,0,70,0.0,0,1,1,0,1,3,Modéré
708494583,Client actuel,49,F,3,Sans diplôme,Divorcé(e),Moins de $40K,Blue,36,1,3,0,53,0.0,0,0,1,0,1,2,Modéré
718394658,Client actuel,31,F,0,Licence,Célibataire,Moins de $40K,Blue,22,1,1,2464,62,0.579,0,0,0,0,0,0,Faible
719398158,Client actuel,51,M,2,Non connu,Non connu,$80K - $120K,Blue,39,1,3,1886,76,0.191,0,0,0,0,0,0,Faible
711885258,Client actuel,47,F,4,Lycée (équivalent baccalauréat),Marié(e),Moins de $40K,Blue,31,3,4,988,42,0.128,0,1,0,1,1,3,Modéré
789161358,Client actuel,30,F,0,Licence,Marié(e),Moins de $40K,Blue,19,1,4,2517,46,0.783,0,1,0,0,0,1,Faible
787581858,Client actuel,46,M,2,Non connu,Non connu,$120K +,Blue,37,2,4,1466,59,0.468,0,1,0,0,0,1,Faible
779198133,Client actuel,45,F,3,Lycée (équivalent baccalauréat),Divorcé(e),Moins de $40K,Blue,33,3,2,2088,61,0.209,0,0,0,0,0,0,Faible
708314808,Client actuel,53,F,2,Niveau Bac+2,Marié(e),Non connu,Blue,41,1,3,1393,40,0.246,0,0,0,1,0,1,Faible
717134058,Client actuel,65,F,1,Non connu,Célibataire,Non connu,Blue,36,1,2,1131,81,0.225,0,0,0,0,0,0,Faible
783366483,Client actuel,44,F,3,Non connu,Marié(e),Non connu,Blue,38,3,3,1063,74,0.093,0,0,0,0,1,1,Faible
715412583,Client actuel,51,M,3,Master,Marié(e),$40K - $60K,Blue,36,1,4,1445,65,0.182,0,1,0,0,0,1,Faible
719562108,Client actuel,28,F,0,Sans diplôme,Célibataire,Moins de $40K,Silver,20,3,3,1650,67,0.129,0,0,0,0,1,1,Faible
754457883,Client actuel,49,M,2,Non connu,Célibataire,Moins de $40K,Blue,42,2,2,0,35,0.0,0,0,1,1,1,3,Modéré
742552683,Client actuel,44,F,3,Lycée (équivalent baccalauréat),Marié(e),Moins de $40K,Blue,31,2,5,688,86,0.478,0,1,0,0,0,1,Faible
711455133,Client actuel,55,M,3,Niveau Bac+2,Célibataire,$120K +,Blue,36,3,3,1839,42,0.142,0,0,0,1,1,2,Modéré
772571508,Client actuel,34,F,2,Lycée (équivalent baccalauréat),Célibataire,Moins de $40K,Blue,24,1,0,0,43,0.0,0,0,1,1,1,3,Modéré
718815108,Client actuel,50,M,2,Non connu,Marié(e),$80K - $120K,Blue,38,3,1,1315,81,0.218,0,0,0,0,0,0,Faible
719266158,Client actuel,42,M,2,Licence,Divorcé(e),$80K - $120K,Blue,35,3,1,1359,65,0.2,0,0,0,0,0,0,Faible
720708183,Client actuel,53,F,1,Sans diplôme,Divorcé(e),$40K - $60K,Silver,36,1,1,1242,83,0.081,0,0,0,0,1,1,Faible
767523933,Client actuel,53,M,3,Lycée (équivalent baccalauréat),Célibataire,$60K - $80K,Blue,45,1,0,0,69,0.0,0,0,1,0,1,2,Modéré
797466033,Client actuel,32,M,1,Lycée (équivalent baccalauréat),Marié(e),$40K - $60K,Blue,26,2,3,1754,69,0.681,0,0,0,0,0,0,Faible
771886233,Client actuel,48,M,1,Non connu,Marié(e),$60K - $80K,Silver,37,3,5,1090,51,0.043,0,1,0,0,1,2,Modéré
712612233,Client actuel,35,M,4,Licence,Célibataire,$60K - $80K,Blue,22,3,3,719,59,0.082,0,0,0,0,1,1,Faible
716516208,Client actuel,45,M,4,Licence,Célibataire,$80K - $120K,Blue,36,2,3,0,64,0.0,0,0,1,0,1,2,Modéré
709950858,Client actuel,45,M,5,Niveau Bac+2,Marié(e),$80K - $120K,Blue,35,2,1,2301,71,0.068,0,0,0,0,1,1,Faible
779882508,Client actuel,53,F,2,Non connu,Célibataire,$40K - $60K,Blue,37,3,4,0,69,0.0,0,1,1,0,1,3,Modéré
717472833,Client actuel,42,M,4,Non connu,Célibataire,$80K - $120K,Blue,32,3,5,713,73,0.098,0,1,0,0,1,2,Modéré
712665633,Client actuel,43,F,3,Licence,Marié(e),Moins de $40K,Silver,30,1,4,1864,51,0.144,0,1,0,0,1,2,Modéré
709562358,Client actuel,55,F,2,Non connu,Célibataire,Moins de $40K,Blue,43,1,5,1594,79,0.298,0,1,0,0,0,1,Faible
715391433,Client actuel,38,M,0,Licence,Marié(e),$60K - $80K,Blue,33,4,4,1560,41,0.133,1,1,0,1,1,4,Élevé
708722583,Client actuel,39,F,4,Sans diplôme,Célibataire,Moins de $40K,Blue,36,3,1,1656,64,0.635,0,0,0,0,0,0,Faible
720452508,Client actuel,51,F,1,Niveau Bac+2,Marié(e),Non connu,Blue,37,3,1,0,74,0.0,0,0,1,0,1,2,Modéré
714566958,Client actuel,44,M,3,Lycée (équivalent baccalauréat),Marié(e),$80K - $120K,Blue,36,2,5,1420,40,0.068,0,1,0,1,1,3,Modéré
816084333,Client actuel,42,M,2,Non connu,Célibataire,$120K +,Gold,37,2,2,1230,63,0.036,0,0,0,0,1,1,Faible
806179683,Client actuel,63,F,1,Niveau Bac+2,Célibataire,$40K - $60K,Blue,56,3,2,2044,68,0.666,0,0,0,0,0,0,Faible
806244183,Client actuel,39,M,2,Licence,Divorcé(e),$60K - $80K,Blue,34,1,4,0,84,0.0,0,1,1,0,1,3,Modéré
787999533,Client actuel,52,M,2,Lycée (équivalent baccalauréat),Célibataire,$120K +,Blue,44,2,2,2517,68,0.38,0,0,0,0,0,0,Faible
718358808,Client actuel,57,F,2,Lycée (équivalent baccalauréat),Divorcé(e),Moins de $40K,Blue,50,3,5,0,61,0.0,0,1,1,0,1,3,Modéré
718474683,Client actuel,36,M,0,Lycée (équivalent baccalauréat),Marié(e),$120K +,Blue,24,3,2,2139,67,0.212,0,0,0,0,0,0,Faible
716908158,Client actuel,42,F,3,Niveau Bac+2,Marié(e),Moins de $40K,Blue,36,2,1,2517,64,0.305,0,0,0,0,0,0,Faible
713984208,Client actuel,52,M,4,Licence,Marié(e),$40K - $60K,Blue,33,2,1,874,72,0.151,0,0,0,0,1,1,Faible
713013483,Client actuel,40,F,4,Licence,Divorcé(e),Moins de $40K,Blue,36,3,3,915,58,0.636,0,0,0,0,0,0,Faible
754599558,Client actuel,40,F,3,Niveau Bac+2,Célibataire,Moins de $40K,Blue,33,3,1,2002,70,0.278,0,0,0,0,0,0,Faible
712411908,Client actuel,44,M,3,Lycée (équivalent baccalauréat),Marié(e),$60K - $80K,Blue,34,2,5,0,67,0.0,0,1,1,0,1,3,Modéré
717538683,Client actuel,43,M,3,Licence,Marié(e),$120K +,Blue,36,2,2,1132,64,0.049,0,0,0,0,1,1,Faible
709447908,Client actuel,45,M,2,Licence,Marié(e),$60K - $80K,Blue,33,3,4,2309,63,0.872,0,1,0,0,0,1,Faible
816834933,Client actuel,34,F,4,Licence,Célibataire,Non connu,Silver,29,2,2,673,64,0.022,0,0,1,0,1,2,Modéré
718963158,Client actuel,49,M,1,Non connu,Célibataire,$120K +,Blue,40,3,1,0,64,0.0,0,0,1,0,1,2,Modéré
714358008,Client actuel,53,F,1,Niveau Bac+2,Divorcé(e),Non connu,Blue,36,1,3,0,72,0.0,0,0,1,0,1,2,Modéré
708255633,Client actuel,36,M,1,Licence,Célibataire,$80K - $120K,Blue,27,2,4,1710,65,0.455,0,1,0,0,0,1,Faible
716101308,Client actuel,48,M,3,Non connu,Marié(e),$40K - $60K,Blue,35,3,4,0,60,0.0,0,1,1,0,1,3,Modéré
715986258,Client actuel,53,F,1,Sans diplôme,Célibataire,$40K - $60K,Silver,41,3,2,1675,68,0.106,0,0,0,0,1,1,Faible
806226933,Client actuel,37,M,2,Lycée (équivalent baccalauréat),Non connu,$120K +,Blue,32,1,1,0,59,0.0,0,0,1,0,1,2,Modéré
708361833,Client actuel,44,M,4,Licence,Marié(e),$80K - $120K,Blue,36,2,3,0,80,0.0,0,0,1,0,1,2,Modéré
778422933,Client actuel,42,F,1,Non connu,Célibataire,Non connu,Blue,22,2,2,985,56,0.051,0,0,0,0,1,1,Faible
708957183,Client actuel,48,M,0,Non connu,Divorcé(e),$40K - $60K,Blue,36,1,0,2517,41,0.929,0,0,0,1,0,1,Faible
718000383,Client actuel,60,F,1,Licence,Célibataire,Non connu,Blue,51,3,4,1147,64,0.049,0,1,0,0,1,2,Modéré
714466458,Client actuel,49,F,2,Lycée (équivalent baccalauréat),Marié(e),Non connu,Blue,35,3,2,2124,76,0.839,0,0,0,0,0,0,Faible
719608308,Client actuel,37,M,2,Lycée (équivalent baccalauréat),Célibataire,$60K - $80K,Blue,29,2,3,2517,73,0.256,0,0,0,0,0,0,Faible
792995808,Client actuel,57,F,3,Master,Célibataire,$40K - $60K,Blue,51,4,5,1689,67,0.234,1,1,0,0,0,2,Modéré
716211258,Client actuel,59,F,1,Niveau Bac+2,Non connu,Moins de $40K,Blue,49,5,4,0,43,0.0,1,1,1,1,1,5,Élevé
779289033,Client actuel,46,F,3,Sans diplôme,Célibataire,Non connu,Blue,28,1,5,1778,61,0.082,0,1,0,0,1,2,Modéré
719356008,Client actuel,39,F,3,Licence,Célibataire,Moins de $40K,Blue,36,3,4,0,69,0.0,0,1,1,0,1,3,Modéré
718503108,Client actuel,40,M,3,Non connu,Marié(e),$120K +,Blue,26,3,1,1994,77,0.142,0,0,0,0,1,1,Faible
779661033,Client actuel,49,M,4,Non connu,Marié(e),$60K - $80K,Silver,32,2,3,1107,66,0.043,0,0,0,0,1,1,Faible
718354683,Client actuel,59,F,0,Licence,Célibataire,$40K - $60K,Silver,45,3,3,1225,77,0.057,0,0,0,0,1,1,Faible
787578183,Client actuel,36,M,3,Lycée (équivalent baccalauréat),Célibataire,$80K - $120K,Blue,28,3,2,0,68,0.0,0,0,1,0,1,2,Modéré
737952333,Client actuel,64,M,1,Licence,Célibataire,Moins de $40K,Blue,56,1,5,0,65,0.0,0,1,1,0,1,3,Modéré
779498058,Client actuel,39,M,2,Licence,Célibataire,$80K - $120K,Blue,21,3,3,1272,34,0.388,0,0,0,1,0,1,Faible
799707858,Client actuel,50,F,1,Lycée (équivalent baccalauréat),Marié(e),Moins de $40K,Blue,42,1,2,2000,57,0.281,0,0,0,0,0,0,Faible
719543208,Client actuel,38,F,3,Sans diplôme,Célibataire,Non connu,Blue,36,3,3,848,72,0.064,0,0,0,0,1,1,Faible
797743233,Client actuel,45,M,3,Sans diplôme,Non connu,$60K - $80K,Blue,39,2,3,865,77,0.144,0,0,0,0,1,1,Faible
715399908,Client actuel,54,F,2,Lycée (équivalent baccalauréat),Célibataire,Non connu,Blue,45,3,5,1465,67,0.194,0,1,0,0,0,1,Faible
710288883,Client actuel,40,F,1,Licence,Marié(e),Moins de $40K,Blue,32,1,5,1654,73,0.189,0,1,0,0,0,1,Faible
719912808,Client actuel,52,M,2,Lycée (équivalent baccalauréat),Célibataire,$60K - $80K,Blue,39,3,4,0,72,0.0,0,1,1,0,1,3,Modéré
720247158,Client actuel,63,M,0,Licence,Célibataire,Non connu,Blue,36,3,2,600,68,0.084,0,0,1,0,1,2,Modéré
718672233,Client actuel,48,F,1,Licence,Célibataire,Non connu,Blue,38,2,2,1239,63,0.054,0,0,0,0,1,1,Faible
789593058,Client actuel,46,M,5,Niveau Bac+2,Marié(e),$60K - $80K,Blue,39,2,3,1020,84,0.042,0,0,0,0,1,1,Faible
714467733,Client actuel,45,M,2,Licence,Marié(e),$60K - $80K,Silver,36,2,3,1721,69,0.057,0,0,0,0,1,1,Faible
803026008,Client actuel,48,M,3,Non connu,Célibataire,$80K - $120K,Blue,42,6,2,1448,65,0.213,1,0,0,0,0,1,Faible
772000533,Client actuel,59,M,1,Licence,Marié(e),$60K - $80K,Blue,48,3,2,1113,23,0.078,0,0,0,1,1,2,Modéré
715480983,Client actuel,55,F,2,Niveau Bac+2,Célibataire,Moins de $40K,Blue,36,2,3,892,68,0.156,0,0,0,0,1,1,Faible
819997983,Client actuel,53,M,5,Non connu,Marié(e),$80K - $120K,Blue,48,1,0,1869,26,0.196,0,0,0,1,0,1,Faible
720437358,Client actuel,40,M,3,Licence,Célibataire,$40K - $60K,Blue,32,1,2,2303,69,0.912,0,0,0,0,0,0,Faible
719465733,Client actuel,52,F,2,Lycée (équivalent baccalauréat),Célibataire,Moins de $40K,Blue,44,3,3,0,63,0.0,0,0,1,0,1,2,Modéré
711978858,Client actuel,59,M,2,Licence,Célibataire,Moins de $40K,Blue,49,3,2,900,70,0.132,0,0,0,0,1,1,Faible
814364808,Client actuel,36,F,2,Sans diplôme,Marié(e),Non connu,Blue,31,3,1,1002,46,0.334,0,0,0,0,0,0,Faible
788820933,Client actuel,59,M,2,Licence,Célibataire,$60K - $80K,Blue,42,2,2,1380,73,0.083,0,0,0,0,1,1,Faible
713316558,Client actuel,41,M,4,Lycée (équivalent baccalauréat),Marié(e),$60K - $80K,Blue,29,2,2,0,70,0.0,0,0,1,0,1,2,Modéré
779856483,Client actuel,38,M,2,Master,Célibataire,$80K - $120K,Blue,22,1,2,0,69,0.0,0,0,1,0,1,2,Modéré
717085983,Client actuel,44,F,2,Lycée (équivalent baccalauréat),Célibataire,$40K - $60K,Blue,25,2,3,2517,84,0.763,0,0,0,0,0,0,Faible
709914858,Client actuel,48,F,2,Licence,Marié(e),Moins de $40K,Blue,36,1,2,1705,84,0.268,0,0,0,0,0,0,Faible
716111808,Client actuel,57,F,2,Non connu,Marié(e),Moins de $40K,Blue,49,3,1,2011,28,0.751,0,0,0,1,0,1,Faible
708618933,Client actuel,34,M,2,Sans diplôme,Célibataire,$120K +,Blue,13,3,2,2049,80,0.469,0,0,0,0,0,0,Faible
720446508,Client actuel,50,F,2,Sans diplôme,Célibataire,Moins de $40K,Blue,36,3,2,1037,57,0.603,0,0,0,0,0,0,Faible
756488883,Client actuel,41,M,2,Sans diplôme,Célibataire,$80K - $120K,Blue,34,2,2,1619,65,0.737,0,0,0,0,0,0,Faible
708414033,Client actuel,50,M,4,Licence,Marié(e),$40K - $60K,Blue,38,3,3,1153,66,0.405,0,0,0,0,0,0,Faible
756727233,Client actuel,49,M,2,Lycée (équivalent baccalauréat),Célibataire,$120K +,Blue,42,2,4,1190,66,0.056,0,1,0,0,1,2,Modéré
720340383,Client actuel,45,F,2,Licence,Marié(e),Moins de $40K,Blue,25,2,2,2035,82,0.578,0,0,0,0,0,0,Faible
771453033,Client actuel,47,M,3,Lycée (équivalent baccalauréat),Marié(e),$60K - $80K,Blue,35,1,2,1280,57,0.074,0,0,0,0,1,1,Faible
708747708,Client actuel,43,M,3,Licence,Célibataire,$80K - $120K,Blue,33,1,2,0,56,0.0,0,0,1,0,1,2,Modéré
712460433,Client actuel,39,M,2,Sans diplôme,Célibataire,$40K - $60K,Blue,25,1,3,1426,80,0.156,0,0,0,0,1,1,Faible
719801508,Client actuel,36,M,1,Sans diplôme,Non connu,$120K +,Blue,23,3,3,798,82,0.039,0,0,0,0,1,1,Faible
713657733,Client actuel,47,M,4,Non connu,Célibataire,$60K - $80K,Blue,36,3,1,800,71,0.088,0,0,0,0,1,1,Faible
709955958,Client actuel,41,F,1,Lycée (équivalent baccalauréat),Célibataire,Moins de $40K,Blue,33,2,0,1023,45,0.127,0,0,0,1,1,2,Modéré
719513733,Client actuel,48,M,3,Doctorat,Marié(e),$80K - $120K,Blue,41,3,4,0,69,0.0,0,1,1,0,1,3,Modéré
719651358,Client actuel,46,F,4,Sans diplôme,Célibataire,Non connu,Blue,33,3,3,1749,77,0.07,0,0,0,0,1,1,Faible
718917408,Client actuel,46,F,3,Licence,Marié(e),$40K - $60K,Blue,38,3,3,1136,70,0.365,0,0,0,0,0,0,Faible
808753758,Client actuel,52,M,2,Sans diplôme,Divorcé(e),$120K +,Blue,47,2,2,1525,71,0.051,0,0,0,0,1,1,Faible
711699183,Client actuel,56,M,2,Sans diplôme,Divorcé(e),$60K - $80K,Blue,50,1,2,1079,58,0.149,0,0,0,0,1,1,Faible
772565883,Client actuel,41,M,0,Lycée (équivalent baccalauréat),Célibataire,$80K - $120K,Blue,31,5,2,2517,70,0.075,1,0,0,0,1,2,Modéré
717203958,Client actuel,51,M,3,Licence,Marié(e),$40K - $60K,Blue,36,3,2,988,32,0.086,0,0,0,1,1,2,Modéré
769701258,Client actuel,26,F,0,Non connu,Non connu,Non connu,Blue,18,3,3,1319,71,0.106,0,0,0,0,1,1,Faible
714933783,Client actuel,51,M,2,Licence,Marié(e),$60K - $80K,Blue,37,1,4,0,62,0.0,0,1,1,0,1,3,Modéré
717650133,Client actuel,41,M,5,Licence,Célibataire,$60K - $80K,Blue,28,1,4,1426,58,0.296,0,1,0,0,0,1,Faible
708707808,Client actuel,57,M,2,Licence,Non connu,$60K - $80K,Blue,45,1,2,1584,66,0.639,0,0,0,0,0,0,Faible
717331758,Client actuel,44,M,4,Licence,Marié(e),$120K +,Blue,32,3,4,2517,83,0.073,0,1,0,0,1,2,Modéré
801385458,Client actuel,52,M,1,Sans diplôme,Marié(e),$120K +,Blue,46,2,4,2019,80,0.235,0,1,0,0,0,1,Faible
710605458,Client actuel,49,M,2,Lycée (équivalent baccalauréat),Marié(e),$60K - $80K,Blue,39,3,2,1963,70,0.272,0,0,0,0,0,0,Faible
719570733,Client actuel,52,M,2,Non connu,Célibataire,$60K - $80K,Blue,39,2,3,978,83,0.6,0,0,0,0,0,0,Faible
708646233,Client actuel,44,F,1,Non connu,Divorcé(e),Non connu,Blue,36,2,1,1289,50,0.075,0,0,0,0,1,1,Faible
766006758,Client actuel,63,M,1,Lycée (équivalent baccalauréat),Marié(e),$60K - $80K,Blue,56,2,4,2321,38,0.322,0,1,0,1,0,2,Modéré
710695083,Client actuel,44,M,3,Niveau Bac+2,Célibataire,$60K - $80K,Silver,32,1,3,1421,31,0.05,0,0,0,1,1,2,Modéré
795991758,Client actuel,47,F,3,Non connu,Marié(e),$40K - $60K,Blue,41,3,3,660,67,0.087,0,0,1,0,1,2,Modéré
709381383,Client actuel,49,M,4,Licence,Marié(e),$60K - $80K,Blue,36,6,2,2517,77,0.853,1,0,0,0,0,1,Faible
810321933,Client actuel,35,M,3,Lycée (équivalent baccalauréat),Non connu,$80K - $120K,Blue,30,3,3,1054,36,0.094,0,0,0,1,1,2,Modéré
716235783,Client actuel,45,M,3,Niveau Bac+2,Marié(e),$40K - $60K,Blue,39,2,4,866,75,0.122,0,1,0,0,1,2,Modéré
758833758,Client actuel,45,M,4,Non connu,Marié(e),$40K - $60K,Blue,38,3,3,845,68,0.454,0,0,0,0,0,0,Faible
713579733,Client actuel,36,M,2,Niveau Bac+2,Célibataire,$60K - $80K,Blue,22,3,3,754,71,0.167,0,0,0,0,0,0,Faible
804649833,Client actuel,42,M,3,Master,Marié(e),$40K - $60K,Blue,29,3,4,1126,74,0.445,0,1,0,0,0,1,Faible
780971583,Client actuel,46,M,1,Licence,Divorcé(e),$120K +,Blue,30,2,2,797,62,0.395,0,0,0,0,0,0,Faible
788747358,Client actuel,50,M,0,Lycée (équivalent baccalauréat),Divorcé(e),$40K - $60K,Blue,29,3,2,2034,68,0.368,0,0,0,0,0,0,Faible
713199558,Client actuel,57,F,3,Doctorat,Célibataire,Moins de $40K,Blue,44,3,2,813,58,0.468,0,0,0,0,0,0,Faible
713777883,Client actuel,46,F,0,Licence,Divorcé(e),Non connu,Blue,36,3,2,1679,52,0.245,0,0,0,0,0,0,Faible
771081558,Client actuel,55,M,2,Lycée (équivalent baccalauréat),Divorcé(e),$120K +,Blue,42,2,2,1190,78,0.034,0,0,0,0,1,1,Faible
710229333,Client actuel,38,M,2,Niveau Bac+2,Célibataire,$40K - $60K,Blue,20,1,3,1254,64,0.113,0,0,0,0,1,1,Faible
720406233,Client actuel,35,F,2,Licence,Marié(e),Moins de $40K,Blue,36,2,4,1829,46,0.33,0,1,0,0,0,1,Faible
712052058,Client actuel,57,M,3,Licence,Célibataire,$40K - $60K,Blue,48,3,0,1574,75,0.167,0,0,0,0,0,0,Faible
715278708,Client actuel,55,M,2,Non connu,Célibataire,$60K - $80K,Blue,36,3,1,927,65,0.582,0,0,0,0,0,0,Faible
827049558,Client actuel,47,M,2,Licence,Non connu,$80K - $120K,Blue,43,2,2,1170,89,0.542,0,0,0,0,0,0,Faible
710248233,Client actuel,37,M,3,Niveau Bac+2,Célibataire,$40K - $60K,Blue,28,2,3,1421,80,0.407,0,0,0,0,0,0,Faible
712146558,Client actuel,48,F,5,Sans diplôme,Marié(e),Moins de $40K,Blue,30,2,3,1619,65,0.685,0,0,0,0,0,0,Faible
715179933,Client actuel,49,F,2,Lycée (équivalent baccalauréat),Marié(e),Non connu,Blue,36,2,3,0,91,0.0,0,0,1,0,1,2,Modéré
709215708,Client actuel,49,M,2,Master,Non connu,$60K - $80K,Blue,36,2,5,2517,73,0.138,0,1,0,0,1,2,Modéré
710668458,Client actuel,48,F,4,Licence,Marié(e),Moins de $40K,Blue,36,3,0,0,76,0.0,0,0,1,0,1,2,Modéré
718828083,Client actuel,52,M,1,Licence,Célibataire,$40K - $60K,Blue,43,3,3,2284,73,0.261,0,0,0,0,0,0,Faible
720781158,Client actuel,44,F,2,Sans diplôme,Divorcé(e),$40K - $60K,Blue,27,2,3,1243,74,0.222,0,0,0,0,0,0,Faible
716938383,Client actuel,41,M,4,Non connu,Célibataire,$80K - $120K,Blue,28,2,3,0,61,0.0,0,0,1,0,1,2,Modéré
709976358,Client actuel,51,F,1,Non connu,Célibataire,Moins de $40K,Blue,42,3,3,0,80,0.0,0,0,1,0,1,2,Modéré
715688958,Client actuel,45,F,2,Master,Célibataire,Moins de $40K,Blue,36,1,3,2043,84,0.747,0,0,0,0,0,0,Faible
721493883,Client actuel,49,F,4,Non connu,Célibataire,Moins de $40K,Blue,35,2,2,0,69,0.0,0,0,1,0,1,2,Modéré
709830783,Client actuel,47,M,5,Non connu,Célibataire,$120K +,Silver,36,2,2,1686,72,0.049,0,0,0,0,1,1,Faible
715354983,Client actuel,44,M,3,Licence,Marié(e),$40K - $60K,Blue,35,3,1,0,77,0.0,0,0,1,0,1,2,Modéré
713532858,Client actuel,42,M,2,Doctorat,Non connu,$80K - $120K,Blue,36,1,2,1386,70,0.293,0,0,0,0,0,0,Faible
721295658,Client actuel,62,M,1,Non connu,Célibataire,$80K - $120K,Blue,55,1,4,2517,63,0.073,0,1,0,0,1,2,Modéré
720313083,Client actuel,32,M,1,Non connu,Célibataire,$120K +,Blue,18,3,2,2289,68,0.365,0,0,0,0,0,0,Faible
720724008,Client actuel,43,M,2,Licence,Célibataire,$80K - $120K,Blue,36,1,4,2356,67,0.175,0,1,0,0,0,1,Faible
712828533,Client actuel,62,M,1,Licence,Célibataire,$60K - $80K,Blue,36,1,2,0,74,0.0,0,0,1,0,1,2,Modéré
717007458,Client actuel,46,M,2,Licence,Marié(e),$40K - $60K,Blue,38,3,3,1051,71,0.428,0,0,0,0,0,0,Faible
710728458,Client actuel,62,F,1,Non connu,Célibataire,Moins de $40K,Blue,36,3,2,1396,75,0.197,0,0,0,0,0,0,Faible
717720108,Client actuel,42,M,2,Licence,Marié(e),$80K - $120K,Blue,31,2,3,980,69,0.079,0,0,0,0,1,1,Faible
720648483,Client actuel,39,M,4,Niveau Bac+2,Célibataire,$80K - $120K,Blue,31,3,2,1115,53,0.035,0,0,0,0,1,1,Faible
770146008,Client actuel,59,M,1,Licence,Célibataire,$40K - $60K,Blue,53,3,2,1502,37,0.703,0,0,0,1,0,1,Faible
714829683,Client actuel,43,M,2,Doctorat,Célibataire,$80K - $120K,Blue,36,3,3,1101,65,0.101,0,0,0,0,1,1,Faible
717015333,Client actuel,52,M,1,Non connu,Divorcé(e),$120K +,Blue,41,1,2,1953,70,0.719,0,0,0,0,0,0,Faible
757837458,Client actuel,59,F,2,Lycée (équivalent baccalauréat),Célibataire,Non connu,Blue,52,2,4,663,79,0.185,0,1,1,0,0,2,Modéré
719240358,Client actuel,60,M,1,Non connu,Célibataire,$60K - $80K,Blue,50,3,0,1790,67,0.167,0,0,0,0,0,0,Faible
719036883,Client actuel,48,F,1,Sans diplôme,Divorcé(e),Moins de $40K,Blue,38,3,2,0,77,0.0,0,0,1,0,1,2,Modéré
714000108,Client actuel,40,F,3,Niveau Bac+2,Divorcé(e),Non connu,Blue,36,2,4,0,66,0.0,0,1,1,0,1,3,Modéré
720786033,Client actuel,55,M,1,Niveau Bac+2,Célibataire,$80K - $120K,Blue,42,2,4,1206,38,0.113,0,1,0,1,1,3,Modéré
708917133,Client actuel,48,M,3,Lycée (équivalent baccalauréat),Célibataire,$80K - $120K,Blue,35,3,4,0,73,0.0,0,1,1,0,1,3,Modéré
818929158,Client actuel,36,M,2,Doctorat,Célibataire,$40K - $60K,Blue,31,3,2,0,53,0.0,0,0,1,0,1,2,Modéré
709513458,Client actuel,49,M,3,Lycée (équivalent baccalauréat),Non connu,$60K - $80K,Blue,36,2,2,1833,52,0.192,0,0,0,0,0,0,Faible
717705858,Client actuel,40,M,2,Lycée (équivalent baccalauréat),Non connu,$80K - $120K,Blue,32,3,3,0,52,0.0,0,0,1,0,1,2,Modéré
827695683,Client actuel,40,M,3,Sans diplôme,Célibataire,$120K +,Blue,36,2,5,1329,77,0.039,0,1,0,0,1,2,Modéré
819189108,Client actuel,63,M,0,Niveau Bac+2,Célibataire,$80K - $120K,Blue,56,2,2,0,85,0.0,0,0,1,0,1,2,Modéré
714901383,Client actuel,44,M,2,Lycée (équivalent baccalauréat),Célibataire,$80K - $120K,Blue,38,3,3,2191,69,0.239,0,0,0,0,0,0,Faible
718500633,Client actuel,45,F,4,Non connu,Marié(e),Moins de $40K,Blue,36,1,1,1896,58,0.239,0,0,0,0,0,0,Faible
713516433,Client actuel,36,F,3,Niveau Bac+2,Célibataire,Moins de $40K,Blue,36,1,0,737,80,0.137,0,0,0,0,1,1,Faible
715140933,Client actuel,45,F,3,Licence,Célibataire,$40K - $60K,Silver,39,2,4,1459,60,0.068,0,1,0,0,1,2,Modéré
712642533,Client actuel,38,M,3,Non connu,Non connu,$80K - $120K,Blue,26,1,3,2098,76,0.064,0,0,0,0,1,1,Faible
721498008,Client actuel,44,F,3,Sans diplôme,Célibataire,Moins de $40K,Blue,35,2,2,0,57,0.0,0,0,1,0,1,2,Modéré
717189183,Client actuel,35,M,1,Doctorat,Célibataire,$40K - $60K,Blue,24,3,2,1961,65,0.187,0,0,0,0,0,0,Faible
708902883,Client actuel,55,M,2,Licence,Célibataire,$120K +,Blue,36,2,2,0,61,0.0,0,0,1,0,1,2,Modéré
715628733,Client actuel,40,F,4,Non connu,Célibataire,Moins de $40K,Blue,36,3,4,0,59,0.0,0,1,1,0,1,3,Modéré
716613933,Client actuel,51,F,3,Lycée (équivalent baccalauréat),Célibataire,$40K - $60K,Blue,36,5,2,1482,60,0.434,1,0,0,0,0,1,Faible
712709508,Client actuel,48,F,2,Non connu,Célibataire,Non connu,Blue,40,3,4,0,63,0.0,0,1,1,0,1,3,Modéré
720026058,Client actuel,49,M,3,Licence,Marié(e),$80K - $120K,Blue,36,1,3,1284,64,0.06,0,0,0,0,1,1,Faible
756397458,Client actuel,54,F,1,Licence,Célibataire,Moins de $40K,Silver,47,3,4,0,70,0.0,0,1,1,0,1,3,Modéré
712644483,Client actuel,46,M,3,Lycée (équivalent baccalauréat),Célibataire,$60K - $80K,Blue,39,3,1,1217,62,0.06,0,0,0,0,1,1,Faible
814489683,Client actuel,34,F,2,Non connu,Célibataire,Moins de $40K,Blue,29,1,0,795,59,0.148,0,0,0,0,1,1,Faible
789111483,Client actuel,46,M,3,Licence,Non connu,$80K - $120K,Blue,34,3,4,1850,75,0.112,0,1,0,0,1,2,Modéré
709573533,Client actuel,48,M,3,Sans diplôme,Marié(e),$40K - $60K,Blue,34,1,2,0,71,0.0,0,0,1,0,1,2,Modéré
807137808,Client actuel,45,M,3,Lycée (équivalent baccalauréat),Divorcé(e),$60K - $80K,Blue,40,1,2,0,67,0.0,0,0,1,0,1,2,Modéré
711861258,Client actuel,65,F,1,Sans diplôme,Célibataire,Moins de $40K,Blue,36,2,3,0,57,0.0,0,0,1,0,1,2,Modéré
716660583,Client actuel,45,M,0,Licence,Célibataire,$40K - $60K,Blue,37,5,2,1746,72,0.17,1,0,0,0,0,1,Faible
717222033,Client actuel,40,F,3,Non connu,Célibataire,Moins de $40K,Blue,28,1,4,1198,76,0.727,0,1,0,0,0,1,Faible
716617608,Client actuel,50,F,1,Lycée (équivalent baccalauréat),Célibataire,Moins de $40K,Blue,36,3,3,995,58,0.638,0,0,0,0,0,0,Faible
716786808,Client actuel,40,M,5,Master,Célibataire,$60K - $80K,Blue,30,2,2,0,66,0.0,0,0,1,0,1,2,Modéré
718882008,Client actuel,38,M,1,Lycée (équivalent baccalauréat),Célibataire,$120K +,Blue,27,2,2,889,73,0.04,0,0,0,0,1,1,Faible
770975133,Client actuel,36,M,0,Licence,Non connu,Moins de $40K,Blue,23,2,4,1854,74,0.343,0,1,0,0,0,1,Faible
715234008,Client actuel,54,F,1,Lycée (équivalent baccalauréat),Célibataire,$40K - $60K,Blue,36,3,3,1590,67,0.337,0,0,0,0,0,0,Faible
709326183,Client actuel,50,M,2,Lycée (équivalent baccalauréat),Célibataire,$60K - $80K,Blue,40,2,2,1211,74,0.234,0,0,0,0,0,0,Faible
712319958,Client actuel,41,M,4,Lycée (équivalent baccalauréat),Célibataire,$80K - $120K,Blue,29,2,1,2517,71,0.207,0,0,0,0,0,0,Faible
712198983,Client actuel,46,M,4,Licence,Marié(e),$60K - $80K,Blue,36,3,3,0,67,0.0,0,0,1,0,1,2,Modéré
772103208,Client actuel,44,F,5,Lycée (équivalent baccalauréat),Non connu,Non connu,Blue,33,3,2,0,78,0.0,0,0,1,0,1,2,Modéré
718737708,Client actuel,45,M,4,Licence,Célibataire,$80K - $120K,Blue,33,5,3,1202,66,0.038,1,0,0,0,1,2,Modéré
821351958,Client actuel,40,F,4,Niveau Bac+2,Marié(e),Moins de $40K,Blue,36,1,2,0,54,0.0,0,0,1,0,1,2,Modéré
716142858,Client actuel,46,F,4,Sans diplôme,Marié(e),Moins de $40K,Silver,36,1,4,1391,77,0.127,0,1,0,0,1,2,Modéré
826079508,Client actuel,48,M,2,Non connu,Non connu,$60K - $80K,Blue,44,3,3,1886,65,0.212,0,0,0,0,0,0,Faible
773236983,Client actuel,47,M,4,Lycée (équivalent baccalauréat),Marié(e),$40K - $60K,Blue,40,2,3,2258,29,0.904,0,0,0,1,0,1,Faible
826717533,Client actuel,42,M,3,Licence,Non connu,$80K - $120K,Blue,38,1,1,724,76,0.045,0,0,0,0,1,1,Faible
789334458,Client actuel,43,F,3,Licence,Non connu,Non connu,Silver,33,1,3,1858,67,0.054,0,0,0,0,1,1,Faible
814092858,Client actuel,49,F,3,Licence,Non connu,Non connu,Blue,44,2,1,694,65,0.312,0,0,0,0,0,0,Faible
708355683,Client actuel,46,F,4,Licence,Marié(e),Non connu,Blue,38,2,3,0,65,0.0,0,0,1,0,1,2,Modéré
720303933,Client actuel,40,M,2,Licence,Marié(e),$80K - $120K,Blue,36,1,3,1282,82,0.384,0,0,0,0,0,0,Faible
708665133,Client actuel,40,M,2,Licence,Célibataire,$80K - $120K,Blue,28,2,3,1172,67,0.321,0,0,0,0,0,0,Faible
828236133,Client actuel,49,M,2,Licence,Marié(e),$40K - $60K,Blue,45,2,0,1387,92,0.132,0,0,0,0,1,1,Faible
712000758,Client actuel,51,M,4,Sans diplôme,Célibataire,$120K +,Silver,39,2,1,1959,54,0.057,0,0,0,0,1,1,Faible
715378383,Client actuel,43,F,4,Licence,Célibataire,Non connu,Silver,36,3,4,1893,76,0.055,0,1,0,0,1,2,Modéré
769985883,Client actuel,45,M,2,Licence,Célibataire,$80K - $120K,Blue,39,3,3,0,65,0.0,0,0,1,0,1,2,Modéré
716971833,Client actuel,40,F,2,Sans diplôme,Marié(e),Non connu,Blue,29,3,3,0,61,0.0,0,0,1,0,1,2,Modéré
801373833,Client actuel,49,M,4,Niveau Bac+2,Divorcé(e),$40K - $60K,Blue,43,2,3,710,46,0.369,0,0,0,0,0,0,Faible
716040783,Client actuel,45,F,3,Licence,Non connu,Moins de $40K,Silver,36,2,2,0,66,0.0,0,0,1,0,1,2,Modéré
827055333,Client actuel,43,M,3,Licence,Célibataire,$40K - $60K,Blue,39,3,5,1042,37,0.122,0,1,0,1,1,3,Modéré
772116408,Client actuel,50,M,1,Lycée (équivalent baccalauréat),Célibataire,$40K - $60K,Blue,39,1,1,1029,56,0.425,0,0,0,0,0,0,Faible
734924658,Client actuel,47,F,5,Lycée (équivalent baccalauréat),Marié(e),Moins de $40K,Blue,36,3,1,792,67,0.536,0,0,0,0,0,0,Faible
711775383,Client actuel,63,M,1,Licence,Célibataire,$60K - $80K,Blue,36,1,4,0,66,0.0,0,1,1,0,1,3,Modéré
715019058,Client actuel,30,F,2,Master,Divorcé(e),Moins de $40K,Blue,36,1,2,1845,65,0.738,0,0,0,0,0,0,Faible
780715683,Client actuel,41,M,3,Doctorat,Célibataire,$60K - $80K,Blue,30,1,3,0,69,0.0,0,0,1,0,1,2,Modéré
827341383,Client actuel,38,M,3,Licence,Célibataire,Moins de $40K,Blue,34,3,2,1317,81,0.426,0,0,0,0,0,0,Faible
708757233,Client actuel,44,F,2,Lycée (équivalent baccalauréat),Marié(e),Moins de $40K,Blue,32,2,3,1489,77,0.599,0,0,0,0,0,0,Faible
710504283,Client actuel,50,M,1,Sans diplôme,Célibataire,$80K - $120K,Blue,39,3,4,1463,70,0.099,0,1,0,0,1,2,Modéré
713919183,Client actuel,50,M,3,Non connu,Marié(e),$80K - $120K,Blue,39,3,4,1582,74,0.114,0,1,0,0,1,2,Modéré
713171358,Client actuel,46,F,4,Niveau Bac+2,Célibataire,Moins de $40K,Blue,36,1,2,0,74,0.0,0,0,1,0,1,2,Modéré
773140683,Client actuel,51,M,0,Non connu,Marié(e),$60K - $80K,Blue,43,1,2,1202,65,0.317,0,0,0,0,0,0,Faible
716358033,Client actuel,53,F,1,Licence,Célibataire,Moins de $40K,Blue,43,3,4,0,65,0.0,0,1,1,0,1,3,Modéré
826410708,Client actuel,40,M,4,Non connu,Marié(e),$60K - $80K,Blue,36,2,3,1407,64,0.061,0,0,0,0,1,1,Faible
789717708,Client actuel,49,F,1,Non connu,Marié(e),$40K - $60K,Blue,37,2,4,1135,82,0.288,0,1,0,0,0,1,Faible
711679533,Client actuel,54,M,2,Master,Divorcé(e),$120K +,Blue,43,2,2,968,60,0.174,0,0,0,0,0,0,Faible
711342483,Client actuel,50,M,1,Niveau Bac+2,Célibataire,$80K - $120K,Blue,36,2,3,1720,58,0.711,0,0,0,0,0,0,Faible
720242733,Client actuel,45,M,4,Non connu,Célibataire,Moins de $40K,Blue,36,2,3,1549,75,0.789,0,0,0,0,0,0,Faible
721213833,Client actuel,46,F,2,Lycée (équivalent baccalauréat),Non connu,Non connu,Blue,32,1,3,1423,75,0.179,0,0,0,0,0,0,Faible
756624183,Client actuel,51,F,3,Licence,Marié(e),Moins de $40K,Blue,44,1,3,2024,69,0.261,0,0,0,0,0,0,Faible
717622308,Client actuel,63,F,0,Lycée (équivalent baccalauréat),Célibataire,Moins de $40K,Blue,36,3,3,1688,75,0.814,0,0,0,0,0,0,Faible
744307008,Client actuel,51,M,1,Sans diplôme,Marié(e),$60K - $80K,Blue,44,2,3,0,74,0.0,0,0,1,0,1,2,Modéré
708871158,Client actuel,60,M,1,Licence,Célibataire,$60K - $80K,Silver,42,3,4,0,57,0.0,0,1,1,0,1,3,Modéré
710979033,Client actuel,30,M,0,Non connu,Célibataire,$40K - $60K,Blue,20,1,3,2517,73,0.381,0,0,0,0,0,0,Faible
818903583,Client actuel,44,M,5,Sans diplôme,Divorcé(e),$60K - $80K,Blue,39,2,0,1597,59,0.1,0,0,0,0,1,1,Faible
712980333,Client actuel,33,M,3,Licence,Divorcé(e),$60K - $80K,Blue,36,3,3,1848,66,0.077,0,0,0,0,1,1,Faible
717655458,Client actuel,40,F,2,Sans diplôme,Non connu,$40K - $60K,Silver,28,3,4,1507,61,0.089,0,1,0,0,1,2,Modéré
822112383,Client actuel,52,M,3,Niveau Bac+2,Marié(e),$60K - $80K,Blue,48,1,2,0,73,0.0,0,0,1,0,1,2,Modéré
719184783,Client actuel,51,F,1,Licence,Célibataire,Non connu,Blue,41,2,2,1429,71,0.153,0,0,0,0,1,1,Faible
715857183,Client actuel,46,M,2,Niveau Bac+2,Célibataire,$60K - $80K,Blue,36,3,2,1296,43,0.262,0,0,0,1,0,1,Faible
802031583,Client actuel,53,M,2,Sans diplôme,Célibataire,$80K - $120K,Blue,47,1,1,0,83,0.0,0,0,1,0,1,2,Modéré
711529383,Client actuel,47,F,3,Licence,Marié(e),$40K - $60K,Blue,41,1,4,1224,73,0.185,0,1,0,0,0,1,Faible
712988958,Client actuel,42,M,4,Licence,Célibataire,$60K - $80K,Blue,33,2,0,1731,62,0.857,0,0,0,0,0,0,Faible
713005908,Client actuel,47,F,2,Licence,Marié(e),$40K - $60K,Blue,36,2,3,1733,83,0.769,0,0,0,0,0,0,Faible
712236483,Client actuel,41,F,2,Licence,Célibataire,Moins de $40K,Gold,36,3,4,1991,71,0.127,0,1,0,0,1,2,Modéré
711852783,Client actuel,46,M,2,Non connu,Marié(e),$60K - $80K,Blue,36,2,2,1572,56,0.274,0,0,0,0,0,0,Faible
780056733,Client actuel,36,M,3,Non connu,Célibataire,$40K - $60K,Blue,22,6,3,2517,63,0.298,1,0,0,0,0,1,Faible
716014983,Client actuel,56,F,3,Lycée (équivalent baccalauréat),Célibataire,Moins de $40K,Blue,48,5,3,1902,77,0.228,1,0,0,0,0,1,Faible
712521783,Client actuel,54,M,3,Licence,Non connu,$80K - $120K,Blue,47,2,4,1288,65,0.085,0,1,0,0,1,2,Modéré
780045708,Client actuel,42,F,3,Licence,Célibataire,$40K - $60K,Silver,26,2,2,1204,79,0.08,0,0,0,0,1,1,Faible
719488008,Client actuel,39,F,1,Licence,Marié(e),Moins de $40K,Blue,36,3,1,1281,34,0.514,0,0,0,1,0,1,Faible
771575058,Client actuel,45,M,1,Licence,Marié(e),Moins de $40K,Blue,33,3,4,1795,55,0.893,0,1,0,0,0,1,Faible
779709033,Client actuel,46,M,4,Non connu,Marié(e),$60K - $80K,Blue,29,3,2,2410,75,0.42,0,0,0,0,0,0,Faible
709716258,Client actuel,48,M,3,Lycée (équivalent baccalauréat),Non connu,$80K - $120K,Blue,36,1,3,1707,58,0.224,0,0,0,0,0,0,Faible
737986083,Client actuel,46,M,3,Lycée (équivalent baccalauréat),Célibataire,$60K - $80K,Blue,39,1,4,2049,54,0.087,0,1,0,0,1,2,Modéré
713343333,Client actuel,42,M,3,Non connu,Marié(e),$40K - $60K,Blue,29,3,4,1327,77,0.198,0,1,0,0,0,1,Faible
779331558,Client actuel,45,F,2,Non connu,Célibataire,Moins de $40K,Blue,27,3,3,0,59,0.0,0,0,1,0,1,2,Modéré
714973758,Client actuel,50,F,3,Licence,Célibataire,Moins de $40K,Blue,36,3,2,1002,25,0.697,0,0,0,1,0,1,Faible
718009158,Client actuel,50,F,3,Sans diplôme,Célibataire,Moins de $40K,Blue,41,2,2,1860,83,0.726,0,0,0,0,0,0,Faible
789597408,Client actuel,39,F,1,Master,Célibataire,$40K - $60K,Silver,32,2,3,0,76,0.0,0,0,1,0,1,2,Modéré
712165308,Client actuel,45,F,2,Doctorat,Célibataire,Non connu,Blue,36,2,4,947,61,0.122,0,1,0,0,1,2,Modéré
719341683,Client actuel,42,M,2,Non connu,Marié(e),$120K +,Blue,31,2,4,1067,72,0.031,0,1,0,0,1,2,Modéré
708637758,Client actuel,49,F,3,Licence,Célibataire,Non connu,Blue,37,3,4,545,64,0.031,0,1,1,0,1,3,Modéré
779974758,Client actuel,51,M,2,Niveau Bac+2,Célibataire,$120K +,Blue,40,3,3,868,54,0.1,0,0,0,0,1,1,Faible
821815458,Client actuel,48,M,3,Lycée (équivalent baccalauréat),Célibataire,$60K - $80K,Blue,44,1,1,1519,67,0.079,0,0,0,0,1,1,Faible
711708408,Client actuel,52,F,3,Lycée (équivalent baccalauréat),Marié(e),Non connu,Blue,43,3,2,0,72,0.0,0,0,1,0,1,2,Modéré
715682208,Client actuel,49,M,3,Doctorat,Célibataire,$80K - $120K,Blue,36,1,4,0,76,0.0,0,1,1,0,1,3,Modéré
719914908,Client actuel,37,M,2,Sans diplôme,Divorcé(e),Moins de $40K,Silver,36,3,2,1846,44,0.16,0,0,0,1,1,2,Modéré
714744783,Client actuel,48,F,3,Non connu,Marié(e),Moins de $40K,Blue,36,1,4,1219,67,0.197,0,1,0,0,0,1,Faible
710809833,Client actuel,40,M,3,Licence,Marié(e),$80K - $120K,Silver,27,1,2,0,53,0.0,0,0,1,0,1,2,Modéré
720942333,Client actuel,49,M,2,Non connu,Marié(e),$40K - $60K,Blue,36,3,4,0,52,0.0,0,1,1,0,1,3,Modéré
709423158,Client actuel,46,M,4,Licence,Célibataire,$80K - $120K,Blue,26,3,0,1337,46,0.747,0,0,0,0,0,0,Faible
718307433,Client actuel,50,F,0,Licence,Célibataire,Moins de $40K,Blue,36,1,4,2111,36,0.292,0,1,0,1,0,2,Modéré
772607433,Client actuel,50,M,3,Lycée (équivalent baccalauréat),Célibataire,$80K - $120K,Blue,40,2,4,2016,59,0.447,0,1,0,0,0,1,Faible
801709308,Client actuel,44,F,4,Sans diplôme,Marié(e),Non connu,Blue,38,1,2,968,56,0.18,0,0,0,0,0,0,Faible
778502958,Client actuel,47,M,3,Non connu,Divorcé(e),$60K - $80K,Silver,35,2,5,2031,50,0.068,0,1,0,0,1,2,Modéré
806656083,Client actuel,48,F,2,Licence,Marié(e),$40K - $60K,Blue,43,2,4,1514,70,0.158,0,1,0,0,1,2,Modéré
823635033,Client actuel,49,F,2,Lycée (équivalent baccalauréat),Marié(e),Moins de $40K,Blue,45,2,5,1535,83,0.184,0,1,0,0,0,1,Faible
718739508,Client actuel,51,F,5,Non connu,Marié(e),Moins de $40K,Blue,39,2,4,1217,67,0.223,0,1,0,0,0,1,Faible
709272333,Client actuel,59,F,1,Sans diplôme,Non connu,Moins de $40K,Blue,45,3,3,2023,73,0.204,0,0,0,0,0,0,Faible
721538883,Client actuel,45,M,4,Licence,Célibataire,$40K - $60K,Silver,37,3,4,0,81,0.0,0,1,1,0,1,3,Modéré
718835583,Client actuel,50,F,1,Licence,Marié(e),Non connu,Blue,41,2,2,2379,76,0.152,0,0,0,0,1,1,Faible
827970933,Client actuel,46,F,4,Licence,Marié(e),Moins de $40K,Blue,42,2,0,1698,70,0.485,0,0,0,0,0,0,Faible
719888358,Client actuel,47,M,1,Non connu,Divorcé(e),$80K - $120K,Blue,38,3,5,1422,58,0.077,0,1,0,0,1,2,Modéré
717030633,Client actuel,46,M,4,Niveau Bac+2,Célibataire,$60K - $80K,Blue,34,3,4,1405,51,0.593,0,1,0,0,0,1,Faible
716332533,Client actuel,38,F,3,Non connu,Non connu,$40K - $60K,Blue,36,1,3,1819,84,0.518,0,0,0,0,0,0,Faible
822964683,Client actuel,51,F,1,Licence,Célibataire,Moins de $40K,Blue,47,3,4,1491,62,0.604,0,1,0,0,0,1,Faible
719335233,Client actuel,47,F,3,Sans diplôme,Marié(e),Moins de $40K,Silver,27,3,4,938,75,0.065,0,1,0,0,1,2,Modéré
779683683,Client actuel,47,M,3,Lycée (équivalent baccalauréat),Célibataire,$40K - $60K,Blue,31,3,2,1985,34,0.496,0,0,0,1,0,1,Faible
712653183,Client actuel,49,F,4,Non connu,Célibataire,Moins de $40K,Blue,36,1,4,1694,81,0.857,0,1,0,0,0,1,Faible
788912658,Client actuel,44,F,2,Non connu,Marié(e),Moins de $40K,Blue,30,1,4,0,62,0.0,0,1,1,0,1,3,Modéré
711396483,Client actuel,40,M,2,Licence,Célibataire,$40K - $60K,Blue,36,2,3,0,74,0.0,0,0,1,0,1,2,Modéré
789220008,Client actuel,56,M,3,Lycée (équivalent baccalauréat),Marié(e),$80K - $120K,Blue,45,2,2,0,27,0.0,0,0,1,1,1,3,Modéré
716436483,Client actuel,45,F,3,Sans diplôme,Non connu,Moins de $40K,Blue,36,4,3,0,50,0.0,1,0,1,0,1,3,Modéré
717661908,Client actuel,37,M,5,Doctorat,Marié(e),$80K - $120K,Silver,36,1,1,0,55,0.0,0,0,1,0,1,2,Modéré
778459833,Client actuel,42,M,5,Licence,Marié(e),$60K - $80K,Blue,27,2,3,2025,42,0.17,0,0,0,1,0,1,Faible
769448658,Client actuel,43,F,2,Non connu,Marié(e),Moins de $40K,Blue,37,2,3,0,69,0.0,0,0,1,0,1,2,Modéré
820346133,Client actuel,59,F,2,Sans diplôme,Célibataire,Moins de $40K,Blue,54,1,2,1334,60,0.143,0,0,0,0,1,1,Faible
720119808,Client actuel,42,M,3,Lycée (équivalent baccalauréat),Célibataire,$80K - $120K,Blue,36,2,2,948,52,0.039,0,0,0,0,1,1,Faible
721523658,Client actuel,46,M,5,Lycée (équivalent baccalauréat),Non connu,$120K +,Blue,26,3,3,772,77,0.022,0,0,0,0,1,1,Faible
711176133,Client actuel,28,M,0,Lycée (équivalent baccalauréat),Célibataire,Moins de $40K,Blue,36,3,4,1015,82,0.442,0,1,0,0,0,1,Faible
713750583,Client actuel,55,F,1,Niveau Bac+2,Non connu,Moins de $40K,Blue,36,2,4,1125,30,0.584,0,1,0,1,0,2,Modéré
769576608,Client actuel,62,M,1,Sans diplôme,Célibataire,$60K - $80K,Blue,49,1,2,1010,76,0.079,0,0,0,0,1,1,Faible
708626058,Client actuel,49,F,2,Sans diplôme,Marié(e),Moins de $40K,Blue,34,2,4,1465,68,0.279,0,1,0,0,0,1,Faible
715401633,Client actuel,43,F,3,Licence,Célibataire,Moins de $40K,Blue,35,1,2,2002,38,0.448,0,0,0,1,0,1,Faible
755220783,Client actuel,51,M,1,Doctorat,Marié(e),$80K - $120K,Blue,44,2,4,1167,77,0.145,0,1,0,0,1,2,Modéré
789603183,Client actuel,48,M,4,Lycée (équivalent baccalauréat),Non connu,$60K - $80K,Blue,41,1,3,0,57,0.0,0,0,1,0,1,2,Modéré
767564358,Client actuel,47,F,5,Doctorat,Marié(e),$40K - $60K,Blue,40,1,1,1008,70,0.212,0,0,0,0,0,0,Faible
789744033,Client actuel,50,M,2,Licence,Célibataire,$80K - $120K,Blue,38,1,1,1007,69,0.05,0,0,0,0,1,1,Faible
709887483,Client actuel,56,M,2,Sans diplôme,Divorcé(e),$40K - $60K,Blue,45,1,3,1420,69,0.224,0,0,0,0,0,0,Faible
779765058,Client actuel,43,M,2,Non connu,Célibataire,$40K - $60K,Blue,31,1,1,817,70,0.085,0,0,0,0,1,1,Faible
717262833,Client actuel,49,F,3,Non connu,Marié(e),Moins de $40K,Blue,36,2,4,2043,69,0.689,0,1,0,0,0,1,Faible
714878508,Client actuel,48,F,2,Lycée (équivalent baccalauréat),Célibataire,Moins de $40K,Blue,36,3,3,535,49,0.098,0,0,1,0,1,2,Modéré
794510358,Client actuel,41,M,3,Licence,Marié(e),$80K - $120K,Blue,26,3,3,0,77,0.0,0,0,1,0,1,2,Modéré
715033533,Client actuel,43,F,2,Lycée (équivalent baccalauréat),Marié(e),Moins de $40K,Blue,37,2,2,2517,71,0.805,0,0,0,0,0,0,Faible
779400183,Client actuel,42,M,3,Licence,Célibataire,$60K - $80K,Blue,31,3,4,2517,55,0.858,0,1,0,0,0,1,Faible
716636808,Client actuel,39,M,3,Licence,Célibataire,$120K +,Blue,36,2,2,0,55,0.0,0,0,1,0,1,2,Modéré
710521383,Client actuel,50,M,3,Sans diplôme,Célibataire,$80K - $120K,Blue,38,2,0,1838,41,0.187,0,0,0,1,0,1,Faible
720075558,Client actuel,50,M,4,Niveau Bac+2,Marié(e),$120K +,Blue,36,1,4,0,66,0.0,0,1,1,0,1,3,Modéré
716468658,Client actuel,51,F,2,Non connu,Célibataire,Moins de $40K,Blue,36,1,3,0,80,0.0,0,0,1,0,1,2,Modéré
717569283,Client actuel,47,M,5,Doctorat,Célibataire,Moins de $40K,Blue,36,1,2,1338,70,0.15,0,0,0,0,1,1,Faible
787491483,Client actuel,41,M,3,Non connu,Divorcé(e),$80K - $120K,Blue,29,2,3,1153,80,0.038,0,0,0,0,1,1,Faible
779995833,Client actuel,49,M,0,Non connu,Marié(e),$60K - $80K,Blue,39,2,4,1748,64,0.172,0,1,0,0,0,1,Faible
714215058,Client actuel,42,F,3,Lycée (équivalent baccalauréat),Marié(e),Moins de $40K,Blue,33,2,4,0,82,0.0,0,1,1,0,1,3,Modéré
789407958,Client actuel,42,M,1,Licence,Marié(e),$60K - $80K,Blue,33,2,3,1153,62,0.067,0,0,0,0,1,1,Faible
715118058,Client actuel,45,M,3,Licence,Célibataire,$80K - $120K,Blue,36,3,1,2100,66,0.104,0,0,0,0,1,1,Faible
713672208,Client actuel,50,M,1,Doctorat,Divorcé(e),$60K - $80K,Blue,33,5,2,0,76,0.0,1,0,1,0,1,3,Modéré
720865383,Client actuel,53,M,3,Licence,Célibataire,$120K +,Blue,45,3,1,1852,50,0.548,0,0,0,0,0,0,Faible
713701533,Client actuel,51,M,2,Non connu,Célibataire,$80K - $120K,Blue,39,3,2,1998,71,0.204,0,0,0,0,0,0,Faible
778895883,Client actuel,50,F,1,Non connu,Marié(e),Non connu,Blue,31,3,1,0,76,0.0,0,0,1,0,1,2,Modéré
719655258,Client actuel,64,M,0,Licence,Célibataire,Moins de $40K,Blue,36,2,4,0,72,0.0,0,1,1,0,1,3,Modéré
806264958,Client actuel,52,F,2,Lycée (équivalent baccalauréat),Célibataire,Moins de $40K,Blue,47,2,3,994,69,0.141,0,0,0,0,1,1,Faible
712166583,Client actuel,45,F,0,Licence,Marié(e),Moins de $40K,Blue,38,3,3,1468,66,0.358,0,0,0,0,0,0,Faible
713124558,Client actuel,43,F,2,Licence,Marié(e),Non connu,Blue,34,1,4,782,75,0.108,0,1,0,0,1,2,Modéré
714048783,Client actuel,57,M,2,Lycée (équivalent baccalauréat),Célibataire,$80K - $120K,Blue,36,3,0,2202,72,0.274,0,0,0,0,0,0,Faible
708784908,Client actuel,47,F,3,Licence,Non connu,Non connu,Blue,34,1,4,2039,88,0.113,0,1,0,0,1,2,Modéré
714332658,Client actuel,42,F,3,Licence,Célibataire,Moins de $40K,Blue,35,2,4,1086,65,0.194,0,1,0,0,0,1,Faible
719169783,Client actuel,52,F,2,Sans diplôme,Marié(e),Moins de $40K,Blue,43,3,3,640,57,0.093,0,0,1,0,1,2,Modéré
718270833,Client actuel,48,F,3,Master,Marié(e),Moins de $40K,Silver,40,3,3,1580,74,0.113,0,0,0,0,1,1,Faible
721268133,Client actuel,44,M,3,Master,Marié(e),$40K - $60K,Blue,36,2,2,2109,70,0.186,0,0,0,0,0,0,Faible
795343683,Client actuel,40,F,3,Lycée (équivalent baccalauréat),Célibataire,Moins de $40K,Blue,34,1,3,989,76,0.579,0,0,0,0,0,0,Faible
715611933,Client actuel,50,F,4,Doctorat,Marié(e),Non connu,Blue,38,4,2,2402,62,0.101,1,0,0,0,1,2,Modéré
711184983,Client actuel,41,M,5,Non connu,Non connu,$80K - $120K,Blue,29,2,1,0,73,0.0,0,0,1,0,1,2,Modéré
779601783,Client actuel,42,F,5,Niveau Bac+2,Marié(e),Moins de $40K,Blue,31,1,2,700,88,0.201,0,0,0,0,0,0,Faible
784263558,Client actuel,43,M,2,Sans diplôme,Célibataire,$60K - $80K,Silver,37,3,3,0,61,0.0,0,0,1,0,1,2,Modéré
720795858,Client actuel,44,M,4,Licence,Célibataire,$60K - $80K,Blue,25,3,2,0,72,0.0,0,0,1,0,1,2,Modéré
756629133,Client actuel,61,F,1,Licence,Célibataire,Moins de $40K,Blue,54,2,2,0,37,0.0,0,0,1,1,1,3,Modéré
714387108,Client actuel,51,M,3,Licence,Célibataire,$80K - $120K,Blue,43,2,3,0,51,0.0,0,0,1,0,1,2,Modéré
714429258,Client actuel,46,M,5,Doctorat,Célibataire,$60K - $80K,Blue,39,3,3,0,55,0.0,0,0,1,0,1,2,Modéré
796791258,Client actuel,50,M,1,Sans diplôme,Marié(e),$120K +,Blue,44,2,4,1791,76,0.577,0,1,0,0,0,1,Faible
711220683,Client actuel,48,M,1,Non connu,Marié(e),$60K - $80K,Blue,36,1,3,1813,70,0.154,0,0,0,0,1,1,Faible
717582558,Client actuel,50,M,1,Licence,Célibataire,$120K +,Blue,40,2,3,1185,72,0.034,0,0,0,0,1,1,Faible
714779733,Client actuel,44,M,4,Non connu,Célibataire,$60K - $80K,Blue,36,1,4,1586,33,0.144,0,1,0,1,1,3,Modéré
817965858,Client actuel,42,F,4,Non connu,Marié(e),Moins de $40K,Blue,37,1,3,1785,69,0.647,0,0,0,0,0,0,Faible
717358158,Client actuel,46,M,3,Sans diplôme,Célibataire,$60K - $80K,Blue,36,1,2,1189,64,0.217,0,0,0,0,0,0,Faible
720301458,Client actuel,52,M,1,Lycée (équivalent baccalauréat),Célibataire,$120K +,Blue,38,1,2,1924,64,0.098,0,0,0,0,1,1,Faible
794579658,Client actuel,47,M,3,Lycée (équivalent baccalauréat),Marié(e),$80K - $120K,Blue,32,2,2,2517,73,0.107,0,0,0,0,1,1,Faible
717052158,Client actuel,39,M,3,Lycée (équivalent baccalauréat),Célibataire,$60K - $80K,Blue,32,2,2,2386,66,0.11,0,0,0,0,1,1,Faible
818311533,Client actuel,53,F,3,Sans diplôme,Célibataire,Moins de $40K,Blue,48,3,1,1429,65,0.291,0,0,0,0,0,0,Faible
716156508,Client actuel,52,M,2,Lycée (équivalent baccalauréat),Célibataire,$40K - $60K,Blue,36,1,3,0,63,0.0,0,0,1,0,1,2,Modéré
711191808,Client actuel,39,M,0,Licence,Célibataire,$80K - $120K,Gold,32,1,4,1793,82,0.052,0,1,0,0,1,2,Modéré
712084383,Client actuel,63,M,1,Licence,Célibataire,Moins de $40K,Blue,56,2,2,2081,81,0.262,0,0,0,0,0,0,Faible
788641758,Client actuel,53,M,4,Niveau Bac+2,Célibataire,$60K - $80K,Blue,45,3,2,888,66,0.062,0,0,0,0,1,1,Faible
788768883,Client actuel,54,F,0,Non connu,Célibataire,$40K - $60K,Blue,35,1,3,1642,68,0.178,0,0,0,0,0,0,Faible
713277783,Client actuel,45,F,4,Sans diplôme,Marié(e),$40K - $60K,Silver,36,2,2,905,55,0.048,0,0,0,0,1,1,Faible
717451833,Client actuel,45,F,3,Sans diplôme,Divorcé(e),Non connu,Blue,36,3,2,2517,67,0.124,0,0,0,0,1,1,Faible
712291308,Client actuel,52,F,1,Sans diplôme,Célibataire,Non connu,Blue,40,1,3,1721,38,0.762,0,0,0,1,0,1,Faible
712852233,Client actuel,64,F,0,Licence,Célibataire,Moins de $40K,Blue,53,3,4,765,78,0.115,0,1,0,0,1,2,Modéré
712312908,Client actuel,47,F,4,Non connu,Non connu,Moins de $40K,Blue,34,2,4,0,66,0.0,0,1,1,0,1,3,Modéré
773457558,Client actuel,45,F,5,Niveau Bac+2,Célibataire,$40K - $60K,Silver,39,2,2,1227,81,0.078,0,0,0,0,1,1,Faible
716194683,Client actuel,41,M,4,Licence,Divorcé(e),$40K - $60K,Blue,30,2,3,1138,48,0.488,0,0,0,0,0,0,Faible
720563058,Client actuel,56,F,3,Niveau Bac+2,Célibataire,Non connu,Blue,43,1,3,1052,65,0.579,0,0,0,0,0,0,Faible
719502183,Client actuel,52,F,2,Licence,Marié(e),Moins de $40K,Blue,36,1,3,1829,73,0.369,0,0,0,0,0,0,Faible
712287333,Client actuel,39,M,1,Sans diplôme,Célibataire,$80K - $120K,Blue,30,1,4,2055,74,0.06,0,1,0,0,1,2,Modéré
716944983,Client actuel,61,M,0,Sans diplôme,Marié(e),$120K +,Blue,36,3,4,2517,27,0.104,0,1,0,1,1,3,Modéré
718115733,Client actuel,57,M,1,Licence,Marié(e),$60K - $80K,Blue,36,1,3,1544,27,0.171,0,0,0,1,0,1,Faible
827691858,Client actuel,46,F,3,Niveau Bac+2,Célibataire,Moins de $40K,Blue,42,2,4,1251,52,0.164,0,1,0,0,0,1,Faible
716431833,Client actuel,38,M,2,Non connu,Divorcé(e),$40K - $60K,Blue,28,3,4,1165,96,0.104,0,1,0,0,1,2,Modéré
717265983,Client actuel,44,F,4,Sans diplôme,Divorcé(e),Non connu,Blue,36,2,0,2066,80,0.209,0,0,0,0,0,0,Faible
769578858,Client actuel,40,M,2,Licence,Marié(e),$40K - $60K,Silver,33,3,1,0,76,0.0,0,0,1,0,1,2,Modéré
712815858,Client actuel,57,F,1,Lycée (équivalent baccalauréat),Célibataire,Moins de $40K,Blue,45,2,4,0,79,0.0,0,1,1,0,1,3,Modéré
779425608,Client actuel,50,F,1,Non connu,Célibataire,Non connu,Blue,32,1,4,983,75,0.166,0,1,0,0,0,1,Faible
811532208,Client actuel,51,M,4,Licence,Marié(e),$40K - $60K,Silver,46,5,2,1170,62,0.072,1,0,0,0,1,2,Modéré
713896533,Client actuel,42,M,4,Lycée (équivalent baccalauréat),Célibataire,$60K - $80K,Blue,33,1,3,838,63,0.089,0,0,0,0,1,1,Faible
712546233,Client actuel,51,F,3,Non connu,Célibataire,Moins de $40K,Blue,39,1,3,0,76,0.0,0,0,1,0,1,2,Modéré
772148058,Client actuel,45,M,3,Licence,Non connu,$80K - $120K,Blue,34,6,3,759,53,0.343,1,0,0,0,0,1,Faible
715905633,Client actuel,45,M,1,Licence,Célibataire,$60K - $80K,Blue,36,1,3,1433,68,0.238,0,0,0,0,0,0,Faible
778282758,Client actuel,55,M,2,Niveau Bac+2,Divorcé(e),$120K +,Blue,45,2,1,1052,69,0.039,0,0,0,0,1,1,Faible
717886008,Client actuel,63,M,1,Lycée (équivalent baccalauréat),Célibataire,Moins de $40K,Blue,51,3,2,0,67,0.0,0,0,1,0,1,2,Modéré
709985133,Client actuel,33,F,2,Licence,Divorcé(e),Moins de $40K,Blue,24,1,2,2296,47,0.337,0,0,0,0,0,0,Faible
709289358,Client actuel,46,M,3,Licence,Célibataire,$80K - $120K,Blue,38,1,2,1266,53,0.156,0,0,0,0,1,1,Faible
720457608,Client actuel,41,F,4,Licence,Marié(e),Moins de $40K,Blue,36,1,1,0,63,0.0,0,0,1,0,1,2,Modéré
780612558,Client actuel,58,F,1,Licence,Célibataire,$40K - $60K,Blue,46,3,3,1850,55,0.927,0,0,0,0,0,0,Faible
714216033,Client actuel,51,M,3,Doctorat,Marié(e),$120K +,Blue,42,1,2,738,80,0.064,0,0,0,0,1,1,Faible
710577708,Client actuel,35,M,1,Non connu,Célibataire,$40K - $60K,Blue,25,3,3,1983,59,0.746,0,0,0,0,0,0,Faible
719462433,Client actuel,42,F,5,Licence,Célibataire,Moins de $40K,Blue,36,2,2,1002,92,0.118,0,0,0,0,1,1,Faible
769063308,Client actuel,45,M,3,Master,Célibataire,$80K - $120K,Blue,39,2,2,2323,36,0.08,0,0,0,1,1,2,Modéré
715136583,Client actuel,51,M,3,Lycée (équivalent baccalauréat),Célibataire,$40K - $60K,Blue,36,3,4,942,81,0.188,0,1,0,0,0,1,Faible
710915358,Client actuel,63,F,0,Niveau Bac+2,Célibataire,Non connu,Blue,55,1,2,1616,58,0.108,0,0,0,0,1,1,Faible
709841433,Client actuel,45,F,2,Licence,Divorcé(e),Moins de $40K,Blue,33,3,3,1188,83,0.308,0,0,0,0,0,0,Faible
710509758,Client actuel,36,M,4,Niveau Bac+2,Célibataire,$120K +,Blue,36,3,3,765,64,0.027,0,0,0,0,1,1,Faible
720527058,Client actuel,39,F,1,Licence,Célibataire,Moins de $40K,Blue,24,3,3,1306,74,0.565,0,0,0,0,0,0,Faible
711787383,Client actuel,52,F,2,Lycée (équivalent baccalauréat),Célibataire,Moins de $40K,Blue,40,1,3,1428,64,0.729,0,0,0,0,0,0,Faible
715824108,Client actuel,52,F,1,Licence,Marié(e),Moins de $40K,Blue,38,1,3,1291,75,0.342,0,0,0,0,0,0,Faible
719474583,Client actuel,50,M,1,Licence,Marié(e),$80K - $120K,Blue,30,2,3,1776,53,0.182,0,0,0,0,0,0,Faible
719282433,Client actuel,60,F,0,Licence,Célibataire,Non connu,Blue,48,3,4,1372,71,0.214,0,1,0,0,0,1,Faible
772669833,Client actuel,43,M,3,Master,Célibataire,$60K - $80K,Blue,33,3,2,0,70,0.0,0,0,1,0,1,2,Modéré
806641683,Client actuel,44,M,3,Sans diplôme,Marié(e),$80K - $120K,Silver,39,2,2,1461,70,0.042,0,0,0,0,1,1,Faible
805534608,Client actuel,54,F,2,Niveau Bac+2,Célibataire,$40K - $60K,Blue,49,3,3,1314,60,0.15,0,0,0,0,1,1,Faible
781117533,Client actuel,50,M,1,Non connu,Marié(e),$120K +,Blue,36,3,2,0,61,0.0,0,0,1,0,1,2,Modéré
710294808,Client actuel,44,M,3,Lycée (équivalent baccalauréat),Marié(e),$60K - $80K,Blue,36,1,2,1241,67,0.567,0,0,0,0,0,0,Faible
718788258,Client actuel,52,M,5,Non connu,Marié(e),$80K - $120K,Blue,40,3,4,776,82,0.026,0,1,0,0,1,2,Modéré
824795358,Client actuel,49,F,3,Lycée (équivalent baccalauréat),Marié(e),Moins de $40K,Blue,45,3,0,1038,70,0.634,0,0,0,0,0,0,Faible
715196508,Client actuel,45,M,3,Licence,Marié(e),$40K - $60K,Blue,35,3,2,0,74,0.0,0,0,1,0,1,2,Modéré
779051808,Client actuel,35,F,1,Licence,Célibataire,$40K - $60K,Blue,16,2,2,1348,75,0.529,0,0,0,0,0,0,Faible
720695583,Client actuel,65,M,1,Licence,Célibataire,Non connu,Blue,53,2,3,1787,70,0.166,0,0,0,0,0,0,Faible
826414083,Client actuel,47,F,4,Non connu,Marié(e),$40K - $60K,Blue,43,3,4,1017,79,0.212,0,1,0,0,0,1,Faible
708426483,Client actuel,56,F,2,Licence,Célibataire,Moins de $40K,Blue,36,6,1,716,73,0.123,1,0,0,0,1,2,Modéré
787472283,Client actuel,49,M,2,Licence,Célibataire,$80K - $120K,Blue,36,2,2,1321,78,0.064,0,0,0,0,1,1,Faible
716948283,Client actuel,58,M,1,Niveau Bac+2,Célibataire,$80K - $120K,Blue,49,3,2,0,69,0.0,0,0,1,0,1,2,Modéré
778375458,Client actuel,52,M,3,Licence,Marié(e),$80K - $120K,Blue,32,3,3,1724,75,0.056,0,0,0,0,1,1,Faible
718504983,Client actuel,45,F,2,Licence,Marié(e),Moins de $40K,Blue,37,2,2,0,60,0.0,0,0,1,0,1,2,Modéré
709625733,Client actuel,50,M,2,Lycée (équivalent baccalauréat),Célibataire,$60K - $80K,Blue,40,2,3,1115,64,0.115,0,0,0,0,1,1,Faible
719357058,Client actuel,62,F,2,Doctorat,Célibataire,$40K - $60K,Blue,56,3,2,1428,70,0.21,0,0,0,0,0,0,Faible
709626858,Client actuel,44,F,3,Lycée (équivalent baccalauréat),Marié(e),Moins de $40K,Blue,31,3,4,1379,61,0.277,0,1,0,0,0,1,Faible
711349083,Client actuel,47,F,4,Doctorat,Marié(e),Moins de $40K,Blue,28,2,4,0,60,0.0,0,1,1,0,1,3,Modéré
721462458,Client actuel,52,F,3,Lycée (équivalent baccalauréat),Marié(e),Non connu,Blue,42,2,1,1179,69,0.049,0,0,0,0,1,1,Faible
780833058,Client actuel,46,M,2,Lycée (équivalent baccalauréat),Marié(e),$40K - $60K,Blue,32,3,2,2271,60,0.867,0,0,0,0,0,0,Faible
769962933,Client actuel,40,F,3,Licence,Célibataire,Moins de $40K,Blue,34,1,4,1192,75,0.177,0,1,0,0,0,1,Faible
719095533,Client actuel,47,F,4,Sans diplôme,Marié(e),$40K - $60K,Blue,39,3,3,1652,58,0.616,0,0,0,0,0,0,Faible
709718058,Client actuel,52,F,4,Sans diplôme,Célibataire,Moins de $40K,Blue,36,1,4,2181,78,0.743,0,1,0,0,0,1,Faible
819151083,Client actuel,46,M,5,Lycée (équivalent baccalauréat),Célibataire,$60K - $80K,Blue,41,3,4,1775,79,0.237,0,1,0,0,0,1,Faible
770778108,Client actuel,49,M,4,Master,Marié(e),$60K - $80K,Blue,35,2,3,1419,68,0.562,0,0,0,0,0,0,Faible
710376708,Client actuel,50,F,5,Sans diplôme,Célibataire,Moins de $40K,Blue,33,3,3,1377,54,0.485,0,0,0,0,0,0,Faible
718366983,Client actuel,40,M,3,Licence,Célibataire,$80K - $120K,Blue,31,2,4,2446,64,0.132,0,1,0,0,1,2,Modéré
712986483,Client actuel,32,M,3,Niveau Bac+2,Non connu,$80K - $120K,Blue,36,5,2,0,73,0.0,1,0,1,0,1,3,Modéré
779597133,Client actuel,55,M,1,Licence,Célibataire,$80K - $120K,Blue,44,3,2,1784,81,0.67,0,0,0,0,0,0,Faible
758426583,Client actuel,51,F,2,Master,Marié(e),Moins de $40K,Blue,44,3,4,1031,72,0.717,0,1,0,0,0,1,Faible
716805408,Client actuel,52,M,3,Doctorat,Marié(e),$60K - $80K,Blue,40,2,2,804,74,0.15,0,0,0,0,1,1,Faible
778968408,Client actuel,39,M,2,Doctorat,Célibataire,$60K - $80K,Blue,27,1,3,0,47,0.0,0,0,1,0,1,2,Modéré
714907908,Client actuel,51,F,0,Lycée (équivalent baccalauréat),Marié(e),$40K - $60K,Blue,40,2,2,1674,77,0.307,0,0,0,0,0,0,Faible
818336508,Client actuel,50,M,2,Non connu,Célibataire,$120K +,Blue,45,2,4,1650,60,0.05,0,1,0,0,1,2,Modéré
711964533,Client actuel,44,M,3,Niveau Bac+2,Marié(e),$40K - $60K,Blue,36,3,2,2517,68,0.412,0,0,0,0,0,0,Faible
716705433,Client actuel,62,F,1,Sans diplôme,Non connu,Moins de $40K,Silver,36,1,3,931,78,0.074,0,0,0,0,1,1,Faible
717983058,Client actuel,41,F,3,Licence,Marié(e),$40K - $60K,Blue,29,1,3,1068,58,0.539,0,0,0,0,0,0,Faible
709587783,Client actuel,39,M,4,Master,Célibataire,$60K - $80K,Silver,36,3,3,0,73,0.0,0,0,1,0,1,2,Modéré
709804533,Client actuel,40,M,4,Sans diplôme,Célibataire,$120K +,Blue,34,1,3,1451,74,0.081,0,0,0,0,1,1,Faible
712076358,Client actuel,46,M,3,Lycée (équivalent baccalauréat),Célibataire,$120K +,Blue,34,3,2,868,57,0.168,0,0,0,0,0,0,Faible
711670308,Client actuel,51,F,3,Non connu,Marié(e),Moins de $40K,Blue,30,2,0,1576,65,0.262,0,0,0,0,0,0,Faible
720717108,Client actuel,64,M,1,Sans diplôme,Célibataire,Non connu,Blue,51,3,1,1210,59,0.471,0,0,0,0,0,0,Faible
784789758,Client actuel,40,M,2,Non connu,Marié(e),$60K - $80K,Blue,34,3,0,1601,74,0.49,0,0,0,0,0,0,Faible
779689233,Client actuel,50,M,3,Licence,Célibataire,$40K - $60K,Blue,33,1,2,1291,69,0.461,0,0,0,0,0,0,Faible
788792583,Client actuel,44,F,3,Non connu,Célibataire,$40K - $60K,Blue,26,3,0,0,71,0.0,0,0,1,0,1,2,Modéré
710657508,Client actuel,32,M,0,Niveau Bac+2,Non connu,Moins de $40K,Blue,36,3,4,1325,65,0.35,0,1,0,0,0,1,Faible
716393958,Client actuel,43,M,3,Lycée (équivalent baccalauréat),Célibataire,$80K - $120K,Blue,34,2,0,1483,66,0.052,0,0,0,0,1,1,Faible
770708133,Client actuel,47,F,5,Lycée (équivalent baccalauréat),Célibataire,Moins de $40K,Blue,33,2,2,1330,64,0.613,0,0,0,0,0,0,Faible
766131033,Client actuel,43,F,4,Licence,Marié(e),Moins de $40K,Blue,29,3,3,976,60,0.259,0,0,0,0,0,0,Faible
715376508,Client actuel,47,F,5,Licence,Marié(e),Moins de $40K,Blue,42,5,1,2517,65,0.887,1,0,0,0,0,1,Faible
709300458,Client actuel,48,M,1,Licence,Non connu,Moins de $40K,Blue,43,3,3,1031,73,0.143,0,0,0,0,1,1,Faible
778340733,Client actuel,44,F,3,Niveau Bac+2,Marié(e),$40K - $60K,Blue,24,1,4,1537,31,0.181,0,1,0,1,0,2,Modéré
708195633,Client actuel,40,M,2,Lycée (équivalent baccalauréat),Non connu,$80K - $120K,Silver,32,2,3,1182,54,0.034,0,0,0,0,1,1,Faible
714729933,Client actuel,46,M,2,Non connu,Marié(e),$80K - $120K,Blue,36,1,2,1525,59,0.108,0,0,0,0,1,1,Faible
794514108,Client actuel,50,F,2,Non connu,Marié(e),Non connu,Blue,31,2,2,0,65,0.0,0,0,1,0,1,2,Modéré
812501358,Client actuel,46,F,4,Master,Divorcé(e),Moins de $40K,Blue,41,1,1,611,76,0.349,0,0,1,0,0,1,Faible
718961208,Client actuel,43,F,3,Niveau Bac+2,Célibataire,Moins de $40K,Blue,32,3,3,0,85,0.0,0,0,1,0,1,2,Modéré
814459833,Client actuel,42,F,3,Licence,Célibataire,Moins de $40K,Blue,37,3,4,0,55,0.0,0,1,1,0,1,3,Modéré
720363258,Client actuel,43,F,4,Licence,Marié(e),Moins de $40K,Blue,29,3,3,1640,75,0.59,0,0,0,0,0,0,Faible
714496083,Client actuel,51,M,3,Non connu,Célibataire,$60K - $80K,Blue,43,2,3,1781,28,0.268,0,0,0,1,0,1,Faible
712011633,Client actuel,40,F,2,Doctorat,Célibataire,$40K - $60K,Blue,36,1,3,850,64,0.304,0,0,0,0,0,0,Faible
708225483,Client actuel,47,M,4,Licence,Marié(e),$80K - $120K,Blue,36,2,4,1561,81,0.139,0,1,0,0,1,2,Modéré
788923758,Client actuel,26,F,1,Lycée (équivalent baccalauréat),Non connu,Non connu,Blue,13,1,3,2517,76,0.235,0,0,0,0,0,0,Faible
789150633,Client actuel,50,F,3,Licence,Marié(e),Moins de $40K,Blue,38,3,2,1888,58,0.624,0,0,0,0,0,0,Faible
710809083,Client actuel,37,F,4,Niveau Bac+2,Marié(e),Moins de $40K,Blue,36,3,1,787,58,0.547,0,0,0,0,0,0,Faible
787669233,Client actuel,51,M,2,Doctorat,Célibataire,$80K - $120K,Blue,41,3,2,1046,76,0.03,0,0,0,0,1,1,Faible
708119658,Client actuel,49,F,4,Licence,Marié(e),$40K - $60K,Blue,38,2,1,1034,53,0.081,0,0,0,0,1,1,Faible
765940683,Client actuel,37,M,3,Sans diplôme,Célibataire,$80K - $120K,Blue,30,2,2,1747,56,0.155,0,0,0,0,1,1,Faible
719732433,Client actuel,54,M,2,Licence,Célibataire,$60K - $80K,Blue,36,3,1,1017,78,0.079,0,0,0,0,1,1,Faible
715491483,Client actuel,44,M,2,Licence,Divorcé(e),$120K +,Blue,36,2,0,0,62,0.0,0,0,1,0,1,2,Modéré
783381933,Client actuel,43,M,4,Sans diplôme,Marié(e),$60K - $80K,Blue,37,1,3,1942,63,0.558,0,0,0,0,0,0,Faible
811554708,Client actuel,44,F,3,Lycée (équivalent baccalauréat),Marié(e),Non connu,Blue,38,6,4,1434,76,0.054,1,1,0,0,1,3,Modéré
719536608,Client actuel,49,F,3,Licence,Célibataire,Moins de $40K,Blue,36,5,1,1931,78,0.845,1,0,0,0,0,1,Faible
720753183,Client actuel,48,M,2,Master,Marié(e),$40K - $60K,Blue,36,3,2,2035,76,0.212,0,0,0,0,0,0,Faible
714505683,Client actuel,51,M,4,Sans diplôme,Divorcé(e),$80K - $120K,Blue,38,3,2,0,63,0.0,0,0,1,0,1,2,Modéré
711942783,Client actuel,41,F,3,Lycée (équivalent baccalauréat),Marié(e),Moins de $40K,Blue,28,1,3,1909,61,0.811,0,0,0,0,0,0,Faible
714031983,Client actuel,41,F,3,Lycée (équivalent baccalauréat),Célibataire,Moins de $40K,Silver,36,1,3,1418,63,0.123,0,0,0,0,1,1,Faible
711372258,Client actuel,59,M,1,Niveau Bac+2,Célibataire,$40K - $60K,Blue,51,2,2,1002,62,0.199,0,0,0,0,0,0,Faible
710825658,Client actuel,37,F,3,Sans diplôme,Célibataire,Moins de $40K,Blue,29,3,2,1614,78,0.625,0,0,0,0,0,0,Faible
714732183,Client actuel,47,M,4,Sans diplôme,Non connu,$40K - $60K,Blue,36,3,2,1607,65,0.472,0,0,0,0,0,0,Faible
720568083,Client actuel,40,M,2,Licence,Divorcé(e),$60K - $80K,Blue,36,2,4,0,53,0.0,0,1,1,0,1,3,Modéré
778710783,Client actuel,45,M,3,Lycée (équivalent baccalauréat),Divorcé(e),$80K - $120K,Blue,26,2,2,974,83,0.053,0,0,0,0,1,1,Faible
713745783,Client actuel,29,F,0,Master,Célibataire,Non connu,Gold,36,1,4,1452,49,0.042,0,1,0,0,1,2,Modéré
711043983,Client actuel,44,M,3,Lycée (équivalent baccalauréat),Célibataire,$80K - $120K,Blue,29,3,1,1259,67,0.036,0,0,0,0,1,1,Faible
716438433,Client actuel,41,M,1,Doctorat,Célibataire,$80K - $120K,Blue,32,3,3,1449,66,0.143,0,0,0,0,1,1,Faible
711080358,Client actuel,55,M,1,Non connu,Non connu,$120K +,Blue,46,1,2,2205,66,0.111,0,0,0,0,1,1,Faible
718677858,Client actuel,39,M,1,Niveau Bac+2,Marié(e),Moins de $40K,Blue,27,2,2,1053,72,0.461,0,0,0,0,0,0,Faible
720259308,Client actuel,39,M,3,Lycée (équivalent baccalauréat),Célibataire,$80K - $120K,Blue,30,3,3,569,82,0.09,0,0,1,0,1,2,Modéré
719346708,Client actuel,41,F,1,Non connu,Divorcé(e),Moins de $40K,Blue,30,2,4,1675,72,0.607,0,1,0,0,0,1,Faible
720286908,Client actuel,50,M,3,Sans diplôme,Marié(e),$40K - $60K,Blue,40,2,2,0,80,0.0,0,0,1,0,1,2,Modéré
789893808,Client actuel,52,M,3,Licence,Divorcé(e),$120K +,Silver,42,2,3,1230,38,0.036,0,0,0,1,1,2,Modéré
772472208,Client actuel,50,M,1,Sans diplôme,Marié(e),$60K - $80K,Blue,40,1,4,996,48,0.243,0,1,0,0,0,1,Faible
710402508,Client actuel,52,M,0,Non connu,Célibataire,$80K - $120K,Blue,36,3,4,0,69,0.0,0,1,1,0,1,3,Modéré
710218233,Client actuel,43,F,3,Lycée (équivalent baccalauréat),Célibataire,$40K - $60K,Blue,35,3,3,1044,65,0.455,0,0,0,0,0,0,Faible
812956983,Client actuel,51,M,3,Licence,Célibataire,$80K - $120K,Blue,46,3,3,1989,59,0.575,0,0,0,0,0,0,Faible
780241758,Client actuel,59,M,1,Lycée (équivalent baccalauréat),Célibataire,$60K - $80K,Blue,45,2,4,2517,59,0.638,0,1,0,0,0,1,Faible
711580908,Client actuel,52,F,3,Non connu,Célibataire,$40K - $60K,Blue,42,3,2,2258,81,0.746,0,0,0,0,0,0,Faible
712835433,Client actuel,49,F,3,Sans diplôme,Marié(e),Non connu,Blue,36,3,3,0,73,0.0,0,0,1,0,1,2,Modéré
716461683,Client actuel,47,F,3,Sans diplôme,Marié(e),Moins de $40K,Silver,36,3,1,1339,72,0.113,0,0,0,0,1,1,Faible
713617608,Client actuel,43,M,3,Non connu,Marié(e),$120K +,Silver,33,2,3,1844,79,0.053,0,0,0,0,1,1,Faible
714622833,Client actuel,47,M,3,Sans diplôme,Célibataire,$80K - $120K,Blue,36,3,2,1664,58,0.064,0,0,0,0,1,1,Faible
712115958,Client actuel,47,F,3,Sans diplôme,Célibataire,Moins de $40K,Blue,38,3,4,2264,74,0.806,0,1,0,0,0,1,Faible
712033833,Client actuel,42,F,4,Non connu,Non connu,Moins de $40K,Blue,34,3,2,1341,70,0.716,0,0,0,0,0,0,Faible
714548733,Client actuel,35,M,0,Niveau Bac+2,Célibataire,$80K - $120K,Silver,16,3,3,0,64,0.0,0,0,1,0,1,2,Modéré
719523108,Client actuel,61,M,0,Master,Célibataire,$60K - $80K,Blue,36,2,3,576,80,0.051,0,0,1,0,1,2,Modéré
710881008,Client actuel,42,M,3,Lycée (équivalent baccalauréat),Célibataire,$80K - $120K,Blue,29,1,1,1238,66,0.194,0,0,0,0,0,0,Faible
715098333,Client actuel,52,M,2,Lycée (équivalent baccalauréat),Célibataire,$120K +,Blue,43,2,3,761,82,0.022,0,0,0,0,1,1,Faible
708211383,Client actuel,35,F,3,Licence,Célibataire,Moins de $40K,Blue,27,3,3,0,74,0.0,0,0,1,0,1,2,Modéré
715054683,Client actuel,50,M,2,Sans diplôme,Célibataire,$80K - $120K,Blue,42,3,4,0,60,0.0,0,1,1,0,1,3,Modéré
710670633,Client actuel,40,M,4,Lycée (équivalent baccalauréat),Marié(e),$60K - $80K,Blue,36,3,3,1779,33,0.307,0,0,0,1,0,1,Faible
784560258,Client actuel,45,M,1,Sans diplôme,Divorcé(e),$60K - $80K,Blue,39,2,0,1247,63,0.057,0,0,0,0,1,1,Faible
710871108,Client actuel,45,M,5,Sans diplôme,Divorcé(e),$60K - $80K,Silver,36,2,4,1459,70,0.046,0,1,0,0,1,2,Modéré
787770858,Client actuel,43,M,4,Licence,Célibataire,$80K - $120K,Blue,32,2,3,774,81,0.093,0,0,0,0,1,1,Faible
716628633,Client actuel,41,M,4,Sans diplôme,Célibataire,$80K - $120K,Blue,33,3,3,1519,74,0.346,0,0,0,0,0,0,Faible
813380058,Client actuel,64,F,0,Licence,Célibataire,Non connu,Blue,56,2,4,863,51,0.21,0,1,0,0,0,1,Faible
770135358,Client actuel,46,F,1,Licence,Marié(e),Moins de $40K,Blue,40,2,2,1485,77,0.288,0,0,0,0,0,0,Faible
719301258,Client actuel,61,M,0,Master,Célibataire,$40K - $60K,Silver,42,3,2,0,68,0.0,0,0,1,0,1,2,Modéré
711340233,Client actuel,46,F,0,Licence,Célibataire,Non connu,Blue,34,1,2,2059,78,0.223,0,0,0,0,0,0,Faible
710002833,Client actuel,32,F,1,Lycée (équivalent baccalauréat),Marié(e),Non connu,Blue,22,2,3,2517,71,0.737,0,0,0,0,0,0,Faible
808705758,Client actuel,43,M,3,Non connu,Non connu,$80K - $120K,Blue,38,2,3,1732,27,0.085,0,0,0,1,1,2,Modéré
710839308,Client actuel,34,F,2,Lycée (équivalent baccalauréat),Célibataire,Moins de $40K,Blue,21,1,3,1671,77,0.333,0,0,0,0,0,0,Faible
768687183,Client actuel,54,F,1,Niveau Bac+2,Célibataire,Moins de $40K,Blue,48,1,4,1083,53,0.444,0,1,0,0,0,1,Faible
720541758,Client actuel,45,F,4,Niveau Bac+2,Divorcé(e),Moins de $40K,Blue,39,1,2,1655,64,0.334,0,0,0,0,0,0,Faible
712263258,Client actuel,49,F,2,Sans diplôme,Marié(e),Moins de $40K,Blue,38,3,3,0,62,0.0,0,0,1,0,1,2,Modéré
779662308,Client actuel,49,F,2,Non connu,Marié(e),Moins de $40K,Blue,32,1,3,710,80,0.494,0,0,0,0,0,0,Faible
719260608,Client actuel,38,M,3,Sans diplôme,Célibataire,$60K - $80K,Silver,31,3,2,1566,53,0.045,0,0,0,0,1,1,Faible
803319633,Client actuel,51,F,2,Lycée (équivalent baccalauréat),Marié(e),Moins de $40K,Blue,45,3,2,1358,81,0.427,0,0,0,0,0,0,Faible
711891933,Client actuel,47,M,3,Lycée (équivalent baccalauréat),Marié(e),$80K - $120K,Blue,40,3,3,1582,59,0.122,0,0,0,0,1,1,Faible
802875333,Client actuel,51,M,1,Lycée (équivalent baccalauréat),Célibataire,$60K - $80K,Blue,45,3,4,0,54,0.0,0,1,1,0,1,3,Modéré
719991783,Client actuel,40,M,2,Lycée (équivalent baccalauréat),Marié(e),$80K - $120K,Silver,36,3,0,2183,67,0.063,0,0,0,0,1,1,Faible
745435533,Client actuel,44,M,2,Non connu,Célibataire,$80K - $120K,Blue,37,1,3,2517,70,0.962,0,0,0,0,0,0,Faible
718063083,Client actuel,40,M,2,Licence,Marié(e),$40K - $60K,Blue,31,1,2,2025,82,0.312,0,0,0,0,0,0,Faible
710713608,Client actuel,60,M,0,Sans diplôme,Célibataire,$80K - $120K,Blue,36,3,2,2396,67,0.098,0,0,0,0,1,1,Faible
720487308,Client actuel,49,M,1,Lycée (équivalent baccalauréat),Non connu,$60K - $80K,Blue,38,3,2,0,54,0.0,0,0,1,0,1,2,Modéré
712283808,Client actuel,50,F,3,Lycée (équivalent baccalauréat),Marié(e),Moins de $40K,Silver,40,2,2,1149,44,0.114,0,0,0,1,1,2,Modéré
779737233,Client actuel,51,M,1,Licence,Marié(e),$60K - $80K,Blue,35,3,2,628,66,0.065,0,0,1,0,1,2,Modéré
751076058,Client actuel,44,F,4,Non connu,Marié(e),Non connu,Blue,37,3,3,0,73,0.0,0,0,1,0,1,2,Modéré
736552308,Client actuel,48,F,4,Licence,Marié(e),Moins de $40K,Blue,41,1,3,672,65,0.191,0,0,1,0,0,1,Faible
720578058,Client actuel,53,M,4,Non connu,Célibataire,$60K - $80K,Blue,42,3,4,2375,67,0.283,0,1,0,0,0,1,Faible
714932658,Client actuel,42,F,4,Niveau Bac+2,Célibataire,Non connu,Blue,34,3,2,0,81,0.0,0,0,1,0,1,2,Modéré
804708633,Client actuel,44,F,3,Sans diplôme,Célibataire,Moins de $40K,Blue,39,2,2,0,87,0.0,0,0,1,0,1,2,Modéré
712442508,Client actuel,52,F,4,Master,Marié(e),Moins de $40K,Blue,37,3,4,783,70,0.544,0,1,0,0,0,1,Faible
719165508,Client actuel,48,F,3,Licence,Marié(e),$40K - $60K,Silver,40,3,4,2262,69,0.119,0,1,0,0,1,2,Modéré
826467333,Client actuel,57,M,1,Lycée (équivalent baccalauréat),Célibataire,$80K - $120K,Blue,53,1,3,585,74,0.073,0,0,1,0,1,2,Modéré
721027083,Client actuel,47,F,4,Master,Célibataire,Non connu,Blue,36,1,0,1862,87,0.61,0,0,0,0,0,0,Faible
713764458,Client actuel,53,M,2,Licence,Célibataire,$120K +,Blue,36,2,3,2090,68,0.197,0,0,0,0,0,0,Faible
710850633,Client actuel,65,M,0,Lycée (équivalent baccalauréat),Célibataire,$40K - $60K,Blue,53,2,2,1613,67,0.643,0,0,0,0,0,0,Faible
805282908,Client actuel,43,M,5,Licence,Non connu,$40K - $60K,Blue,38,3,2,1100,71,0.145,0,0,0,0,1,1,Faible
771246708,Client actuel,40,M,5,Licence,Non connu,$120K +,Blue,27,2,3,2297,82,0.072,0,0,0,0,1,1,Faible
785119833,Client actuel,40,M,3,Niveau Bac+2,Divorcé(e),$60K - $80K,Blue,34,3,3,1180,54,0.06,0,0,0,0,1,1,Faible
716780283,Client actuel,39,M,2,Sans diplôme,Célibataire,$40K - $60K,Blue,19,3,3,1735,89,0.262,0,0,0,0,0,0,Faible
716546283,Client actuel,39,M,3,Licence,Marié(e),$60K - $80K,Blue,36,3,4,943,72,0.072,0,1,0,0,1,2,Modéré
779270883,Client actuel,48,M,4,Lycée (équivalent baccalauréat),Marié(e),$60K - $80K,Blue,30,3,3,0,77,0.0,0,0,1,0,1,2,Modéré
822061683,Client actuel,38,M,1,Licence,Célibataire,$60K - $80K,Blue,34,3,4,1977,85,0.085,0,1,0,0,1,2,Modéré
710058033,Client actuel,51,M,0,Sans diplôme,Divorcé(e),$120K +,Blue,41,1,0,0,66,0.0,0,0,1,0,1,2,Modéré
710678658,Client actuel,47,F,4,Non connu,Non connu,Moins de $40K,Blue,36,3,2,1151,64,0.233,0,0,0,0,0,0,Faible
712943508,Client actuel,48,F,5,Licence,Marié(e),Moins de $40K,Blue,36,3,0,1023,79,0.148,0,0,0,0,1,1,Faible
816263808,Client actuel,47,M,1,Licence,Célibataire,$80K - $120K,Blue,31,1,2,755,56,0.042,0,0,0,0,1,1,Faible
714162033,Client actuel,45,F,3,Master,Divorcé(e),Moins de $40K,Blue,28,4,3,1519,49,0.291,1,0,0,0,0,1,Faible
711238908,Client actuel,65,F,0,Sans diplôme,Célibataire,Moins de $40K,Blue,54,5,2,1758,62,0.228,1,0,0,0,0,1,Faible
713971608,Client actuel,49,M,4,Sans diplôme,Marié(e),Moins de $40K,Blue,39,1,4,1830,71,0.253,0,1,0,0,0,1,Faible
715193433,Client actuel,61,F,0,Lycée (équivalent baccalauréat),Célibataire,Non connu,Blue,51,2,2,0,67,0.0,0,0,1,0,1,2,Modéré
713111883,Client actuel,51,M,1,Non connu,Marié(e),$120K +,Blue,31,1,2,1812,70,0.07,0,0,0,0,1,1,Faible
716911608,Client actuel,48,M,4,Licence,Célibataire,$80K - $120K,Blue,36,1,4,1017,71,0.662,0,1,0,0,0,1,Faible
822898758,Client actuel,44,F,5,Master,Marié(e),Moins de $40K,Blue,40,3,4,973,66,0.219,0,1,0,0,0,1,Faible
712085733,Client actuel,45,M,4,Licence,Marié(e),$120K +,Blue,36,2,3,880,64,0.025,0,0,0,0,1,1,Faible
718583133,Client actuel,49,F,3,Licence,Non connu,Moins de $40K,Blue,39,2,0,981,75,0.224,0,0,0,0,0,0,Faible
772095858,Client actuel,38,F,2,Licence,Célibataire,Non connu,Blue,27,2,3,1246,66,0.093,0,0,0,0,1,1,Faible
780074733,Client actuel,42,F,1,Doctorat,Marié(e),Moins de $40K,Blue,27,3,3,1565,72,0.851,0,0,0,0,0,0,Faible
710182383,Client actuel,44,M,3,Sans diplôme,Divorcé(e),$80K - $120K,Blue,13,2,3,1568,77,0.088,0,0,0,0,1,1,Faible
713418558,Client actuel,46,F,3,Licence,Divorcé(e),Moins de $40K,Blue,37,1,0,0,71,0.0,0,0,1,0,1,2,Modéré
715445883,Client actuel,40,F,2,Licence,Marié(e),Non connu,Blue,29,2,2,2105,86,0.112,0,0,0,0,1,1,Faible
718599108,Client actuel,50,F,3,Licence,Marié(e),Non connu,Blue,39,3,2,1172,64,0.363,0,0,0,0,0,0,Faible
711546333,Client actuel,46,M,3,Sans diplôme,Marié(e),Moins de $40K,Blue,38,3,1,1559,72,0.196,0,0,0,0,0,0,Faible
721513833,Client actuel,35,M,0,Lycée (équivalent baccalauréat),Divorcé(e),$40K - $60K,Blue,36,3,2,1504,72,0.268,0,0,0,0,0,0,Faible
771669183,Client actuel,49,M,1,Licence,Marié(e),$60K - $80K,Blue,37,1,4,1212,70,0.25,0,1,0,0,0,1,Faible
713453733,Client actuel,45,F,2,Sans diplôme,Célibataire,$40K - $60K,Blue,37,1,3,1654,84,0.654,0,0,0,0,0,0,Faible
711419133,Client actuel,56,M,4,Licence,Célibataire,Moins de $40K,Blue,36,2,3,1077,77,0.352,0,0,0,0,0,0,Faible
710691633,Client actuel,58,F,1,Lycée (équivalent baccalauréat),Marié(e),Moins de $40K,Blue,43,1,4,1152,78,0.589,0,1,0,0,0,1,Faible
715008858,Client actuel,51,F,3,Non connu,Célibataire,Moins de $40K,Blue,41,1,2,655,66,0.223,0,0,1,0,0,1,Faible
771215583,Client actuel,39,M,3,Lycée (équivalent baccalauréat),Célibataire,$60K - $80K,Blue,26,1,4,1475,60,0.06,0,1,0,0,1,2,Modéré
827408058,Client actuel,44,F,3,Licence,Marié(e),Moins de $40K,Blue,40,2,2,2002,68,0.897,0,0,0,0,0,0,Faible
713904708,Client actuel,40,F,3,Licence,Marié(e),Moins de $40K,Blue,36,1,3,1942,85,0.256,0,0,0,0,0,0,Faible
807596358,Client actuel,49,M,2,Sans diplôme,Marié(e),$80K - $120K,Blue,44,2,2,1204,70,0.087,0,0,0,0,1,1,Faible
713446083,Client actuel,49,F,4,Sans diplôme,Non connu,Non connu,Blue,39,2,3,1732,65,0.15,0,0,0,0,1,1,Faible
717888108,Client actuel,47,F,3,Doctorat,Célibataire,$40K - $60K,Blue,35,3,2,2517,62,0.876,0,0,0,0,0,0,Faible
716853258,Client actuel,64,M,1,Licence,Célibataire,Moins de $40K,Blue,45,3,2,0,72,0.0,0,0,1,0,1,2,Modéré
719455083,Client actuel,48,F,3,Sans diplôme,Célibataire,Moins de $40K,Blue,39,3,4,1508,64,0.504,0,1,0,0,0,1,Faible
779299233,Client actuel,52,F,3,Licence,Célibataire,Moins de $40K,Silver,34,2,2,1375,73,0.105,0,0,0,0,1,1,Faible
771922008,Client actuel,57,F,2,Non connu,Célibataire,Moins de $40K,Blue,46,2,2,1889,64,0.347,0,0,0,0,0,0,Faible
708887433,Client actuel,65,M,0,Licence,Célibataire,Moins de $40K,Blue,56,1,3,0,59,0.0,0,0,1,0,1,2,Modéré
713214558,Client actuel,52,M,2,Licence,Marié(e),$60K - $80K,Blue,41,3,3,2195,68,0.835,0,0,0,0,0,0,Faible
718038483,Client actuel,42,M,3,Sans diplôme,Célibataire,$80K - $120K,Blue,35,1,4,0,75,0.0,0,1,1,0,1,3,Modéré
714053358,Client actuel,37,M,2,Lycée (équivalent baccalauréat),Célibataire,$40K - $60K,Blue,31,3,4,0,81,0.0,0,1,1,0,1,3,Modéré
762775908,Client actuel,46,F,2,Lycée (équivalent baccalauréat),Marié(e),Non connu,Blue,39,1,2,1292,63,0.105,0,0,0,0,1,1,Faible
713181558,Client actuel,55,F,2,Doctorat,Marié(e),Non connu,Blue,47,1,3,0,73,0.0,0,0,1,0,1,2,Modéré
713079108,Client actuel,51,F,0,Licence,Marié(e),Moins de $40K,Blue,42,3,2,925,72,0.498,0,0,0,0,0,0,Faible
804426858,Client actuel,35,F,1,Sans diplôme,Marié(e),Moins de $40K,Blue,30,2,1,1660,33,0.64,0,0,0,1,0,1,Faible
788379933,Client actuel,41,M,3,Doctorat,Célibataire,$60K - $80K,Blue,34,3,2,0,70,0.0,0,0,1,0,1,2,Modéré
713740533,Client actuel,41,M,3,Licence,Célibataire,$60K - $80K,Blue,29,3,3,1664,52,0.6,0,0,0,0,0,0,Faible
811705233,Client actuel,45,M,2,Non connu,Célibataire,$40K - $60K,Blue,40,4,3,0,71,0.0,1,0,1,0,1,3,Modéré
714594933,Client actuel,44,F,2,Licence,Divorcé(e),Moins de $40K,Blue,36,3,0,990,65,0.14,0,0,0,0,1,1,Faible
827114058,Client actuel,46,M,4,Master,Marié(e),$60K - $80K,Blue,42,2,1,0,74,0.0,0,0,1,0,1,2,Modéré
801994458,Client actuel,58,M,1,Non connu,Célibataire,$40K - $60K,Blue,52,2,3,2517,65,0.649,0,0,0,0,0,0,Faible
718834233,Client actuel,38,F,2,Niveau Bac+2,Célibataire,Moins de $40K,Blue,21,1,2,0,71,0.0,0,0,1,0,1,2,Modéré
719196858,Client actuel,50,M,2,Licence,Marié(e),$60K - $80K,Blue,39,1,4,2276,77,0.35,0,1,0,0,0,1,Faible
708451233,Client actuel,46,F,3,Licence,Non connu,Moins de $40K,Blue,36,3,4,1650,72,0.324,0,1,0,0,0,1,Faible
789339633,Client actuel,51,M,2,Sans diplôme,Divorcé(e),$120K +,Blue,41,2,3,0,55,0.0,0,0,1,0,1,2,Modéré
712542258,Client actuel,47,F,5,Non connu,Marié(e),Moins de $40K,Blue,40,1,3,2000,79,0.678,0,0,0,0,0,0,Faible
718317258,Client actuel,54,F,3,Sans diplôme,Célibataire,Moins de $40K,Blue,47,3,3,1960,76,0.262,0,0,0,0,0,0,Faible
712606158,Client actuel,47,M,4,Sans diplôme,Marié(e),$60K - $80K,Blue,42,1,2,1214,63,0.212,0,0,0,0,0,0,Faible
713162358,Client actuel,49,F,4,Non connu,Célibataire,$40K - $60K,Blue,36,3,2,509,72,0.053,0,0,1,0,1,2,Modéré
710673558,Client actuel,37,M,1,Lycée (équivalent baccalauréat),Célibataire,$60K - $80K,Blue,21,2,2,1600,70,0.073,0,0,0,0,1,1,Faible
710096658,Client actuel,45,F,3,Non connu,Marié(e),Moins de $40K,Blue,39,3,3,1978,42,0.759,0,0,0,1,0,1,Faible
721313808,Client actuel,50,M,1,Doctorat,Célibataire,$80K - $120K,Blue,41,1,2,1741,73,0.616,0,0,0,0,0,0,Faible
778924158,Client actuel,45,F,2,Lycée (équivalent baccalauréat),Célibataire,Moins de $40K,Blue,26,3,4,0,77,0.0,0,1,1,0,1,3,Modéré
820383558,Client actuel,45,M,4,Lycée (équivalent baccalauréat),Célibataire,$80K - $120K,Blue,40,2,3,1344,58,0.211,0,0,0,0,0,0,Faible
717953283,Client actuel,41,M,3,Licence,Marié(e),$60K - $80K,Blue,31,2,2,1189,45,0.56,0,0,0,1,0,1,Faible
710327508,Client actuel,44,F,4,Sans diplôme,Célibataire,Moins de $40K,Blue,36,2,4,1290,87,0.765,0,1,0,0,0,1,Faible
785134758,Client actuel,41,M,2,Niveau Bac+2,Non connu,$80K - $120K,Blue,24,2,4,0,77,0.0,0,1,1,0,1,3,Modéré
811970808,Client actuel,53,F,0,Licence,Célibataire,Moins de $40K,Blue,48,3,3,1885,65,0.316,0,0,0,0,0,0,Faible
718676283,Client actuel,43,F,2,Sans diplôme,Marié(e),Moins de $40K,Blue,34,2,3,1662,72,0.189,0,0,0,0,0,0,Faible
720439533,Client actuel,64,F,0,Sans diplôme,Célibataire,Moins de $40K,Blue,36,1,3,1358,73,0.191,0,0,0,0,0,0,Faible
793720908,Client actuel,46,M,5,Sans diplôme,Célibataire,$40K - $60K,Blue,40,2,2,875,48,0.119,0,0,0,0,1,1,Faible
708937608,Client actuel,37,F,4,Lycée (équivalent baccalauréat),Célibataire,Moins de $40K,Blue,18,1,2,1366,66,0.683,0,0,0,0,0,0,Faible
769189083,Client actuel,46,F,2,Licence,Célibataire,Moins de $40K,Blue,40,2,4,639,85,0.444,0,1,1,0,0,2,Modéré
713455233,Client actuel,48,M,3,Licence,Marié(e),$80K - $120K,Blue,37,2,1,1416,65,0.041,0,0,0,0,1,1,Faible
719563158,Client actuel,48,M,2,Lycée (équivalent baccalauréat),Marié(e),$40K - $60K,Blue,36,3,2,1921,75,0.457,0,0,0,0,0,0,Faible
753118533,Client actuel,38,F,2,Doctorat,Célibataire,Moins de $40K,Blue,31,3,2,986,75,0.634,0,0,0,0,0,0,Faible
713265858,Client actuel,44,M,3,Licence,Marié(e),$120K +,Blue,32,2,2,1344,92,0.039,0,0,0,0,1,1,Faible
711608958,Client actuel,50,M,1,Sans diplôme,Marié(e),$40K - $60K,Blue,36,1,4,1035,74,0.5,0,1,0,0,0,1,Faible
714532158,Client actuel,55,M,1,Doctorat,Célibataire,$60K - $80K,Blue,36,3,3,1166,68,0.077,0,0,0,0,1,1,Faible
809797158,Client actuel,42,M,2,Sans diplôme,Célibataire,$80K - $120K,Blue,37,3,4,1592,66,0.082,0,1,0,0,1,2,Modéré
713692683,Client actuel,41,M,2,Sans diplôme,Marié(e),$60K - $80K,Blue,13,2,2,1944,77,0.867,0,0,0,0,0,0,Faible
710748483,Client actuel,56,F,1,Lycée (équivalent baccalauréat),Célibataire,Moins de $40K,Blue,43,2,2,1934,68,0.662,0,0,0,0,0,0,Faible
720868683,Client actuel,50,F,4,Sans diplôme,Célibataire,$40K - $60K,Blue,22,2,3,1343,37,0.171,0,0,0,1,0,1,Faible
787532808,Client actuel,41,M,4,Master,Marié(e),$40K - $60K,Silver,30,3,3,2236,66,0.136,0,0,0,0,1,1,Faible
709453833,Client actuel,48,F,4,Licence,Célibataire,Non connu,Blue,40,2,2,859,67,0.077,0,0,0,0,1,1,Faible
712114458,Client actuel,49,F,3,Sans diplôme,Marié(e),Moins de $40K,Blue,31,3,3,1835,64,0.62,0,0,0,0,0,0,Faible
811013658,Client actuel,41,M,2,Lycée (équivalent baccalauréat),Marié(e),$120K +,Blue,36,3,2,871,68,0.081,0,0,0,0,1,1,Faible
789180933,Client actuel,37,F,3,Lycée (équivalent baccalauréat),Célibataire,Moins de $40K,Blue,26,1,2,2216,67,0.76,0,0,0,0,0,0,Faible
717151383,Client actuel,44,F,1,Licence,Marié(e),Moins de $40K,Blue,36,3,3,1603,85,0.624,0,0,0,0,0,0,Faible
712470033,Client actuel,44,F,3,Niveau Bac+2,Célibataire,Moins de $40K,Blue,30,3,3,2053,67,0.452,0,0,0,0,0,0,Faible
709131033,Client actuel,65,F,0,Licence,Non connu,Non connu,Blue,36,3,4,1701,71,0.84,0,1,0,0,0,1,Faible
721506708,Client actuel,54,M,1,Sans diplôme,Non connu,$80K - $120K,Blue,46,1,4,2517,68,0.403,0,1,0,0,0,1,Faible
716039433,Client actuel,48,F,2,Lycée (équivalent baccalauréat),Célibataire,Moins de $40K,Blue,35,6,1,1271,64,0.754,1,0,0,0,0,1,Faible
710874933,Client actuel,41,M,1,Licence,Célibataire,$80K - $120K,Blue,31,3,4,2224,40,0.217,0,1,0,1,0,2,Modéré
794682483,Client actuel,43,F,3,Master,Non connu,Moins de $40K,Blue,23,3,3,1094,64,0.255,0,0,0,0,0,0,Faible
709229358,Client actuel,46,F,5,Sans diplôme,Célibataire,Moins de $40K,Blue,38,1,4,1604,80,0.617,0,1,0,0,0,1,Faible
772177308,Client actuel,47,F,2,Non connu,Non connu,Moins de $40K,Blue,36,2,2,0,62,0.0,0,0,1,0,1,2,Modéré
716071233,Client actuel,42,M,0,Lycée (équivalent baccalauréat),Non connu,$80K - $120K,Silver,35,2,3,1934,73,0.056,0,0,0,0,1,1,Faible
818308533,Client actuel,47,M,5,Master,Marié(e),Moins de $40K,Blue,41,2,1,0,56,0.0,0,0,1,0,1,2,Modéré
711000933,Client actuel,50,F,2,Licence,Célibataire,Non connu,Blue,41,2,4,2490,61,0.514,0,1,0,0,0,1,Faible
760104333,Client actuel,43,F,3,Licence,Marié(e),Moins de $40K,Silver,36,2,2,0,63,0.0,0,0,1,0,1,2,Modéré
718201383,Client actuel,49,M,1,Niveau Bac+2,Marié(e),$60K - $80K,Blue,43,3,4,1560,48,0.071,0,1,0,0,1,2,Modéré
779450958,Client actuel,43,F,4,Licence,Marié(e),Moins de $40K,Blue,25,3,2,1782,88,0.643,0,0,0,0,0,0,Faible
717990183,Client actuel,52,M,4,Sans diplôme,Célibataire,$80K - $120K,Blue,36,2,2,2444,79,0.327,0,0,0,0,0,0,Faible
721252683,Client actuel,40,M,5,Non connu,Marié(e),$80K - $120K,Blue,33,2,4,1501,64,0.043,0,1,0,0,1,2,Modéré
710505483,Client actuel,46,M,3,Sans diplôme,Marié(e),$60K - $80K,Blue,36,3,3,0,69,0.0,0,0,1,0,1,2,Modéré
711587433,Client actuel,47,F,4,Licence,Marié(e),Non connu,Blue,33,3,1,2407,71,0.225,0,0,0,0,0,0,Faible
720964683,Client actuel,60,M,0,Lycée (équivalent baccalauréat),Célibataire,$40K - $60K,Blue,36,3,2,0,60,0.0,0,0,1,0,1,2,Modéré
711478233,Client actuel,38,F,1,Master,Célibataire,Moins de $40K,Blue,26,1,3,2496,58,0.941,0,0,0,0,0,0,Faible
717096858,Client actuel,51,M,2,Doctorat,Célibataire,$40K - $60K,Blue,40,3,3,719,78,0.111,0,0,0,0,1,1,Faible
719739108,Client actuel,62,F,0,Licence,Divorcé(e),$40K - $60K,Blue,50,2,4,2517,56,0.222,0,1,0,0,0,1,Faible
717432933,Client actuel,52,F,5,Non connu,Célibataire,Non connu,Blue,36,1,3,1387,76,0.438,0,0,0,0,0,0,Faible
721501308,Client actuel,41,M,3,Lycée (équivalent baccalauréat),Célibataire,Moins de $40K,Blue,33,3,1,918,70,0.131,0,0,0,0,1,1,Faible
714169083,Client actuel,48,M,4,Master,Célibataire,$120K +,Blue,38,2,0,1639,74,0.047,0,0,0,0,1,1,Faible
710194683,Client actuel,43,M,3,Licence,Non connu,$80K - $120K,Blue,30,1,4,2260,39,0.697,0,1,0,1,0,2,Modéré
715365183,Client actuel,51,F,1,Niveau Bac+2,Marié(e),Moins de $40K,Blue,42,2,2,0,65,0.0,0,0,1,0,1,2,Modéré
715448058,Client actuel,42,F,1,Niveau Bac+2,Marié(e),Moins de $40K,Blue,36,4,1,1824,50,0.598,1,0,0,0,0,1,Faible
779008158,Client actuel,54,F,4,Licence,Célibataire,Moins de $40K,Blue,43,1,4,1655,71,0.755,0,1,0,0,0,1,Faible
712822758,Client actuel,52,F,3,Sans diplôme,Marié(e),Moins de $40K,Blue,33,3,3,1403,58,0.247,0,0,0,0,0,0,Faible
717466158,Client actuel,48,F,2,Doctorat,Marié(e),Moins de $40K,Blue,40,4,3,1248,62,0.299,1,0,0,0,0,1,Faible
798687258,Client actuel,40,M,4,Licence,Marié(e),Moins de $40K,Blue,34,1,2,1812,62,0.703,0,0,0,0,0,0,Faible
717380133,Client actuel,65,M,0,Lycée (équivalent baccalauréat),Célibataire,$40K - $60K,Blue,36,4,1,1909,72,0.578,1,0,0,0,0,1,Faible
709693833,Client actuel,47,M,4,Licence,Marié(e),$60K - $80K,Blue,34,3,0,1605,44,0.173,0,0,0,1,0,1,Faible
804847308,Client actuel,64,F,0,Licence,Célibataire,$40K - $60K,Blue,56,2,1,0,69,0.0,0,0,1,0,1,2,Modéré
716321583,Client actuel,50,F,3,Non connu,Célibataire,$40K - $60K,Blue,36,3,3,1173,55,0.092,0,0,0,0,1,1,Faible
712685733,Client actuel,57,F,3,Non connu,Célibataire,Non connu,Silver,36,3,2,1698,68,0.049,0,0,0,0,1,1,Faible
743912958,Client actuel,39,F,1,Licence,Célibataire,$40K - $60K,Blue,32,3,1,1103,65,0.289,0,0,0,0,0,0,Faible
716630508,Client actuel,58,M,3,Lycée (équivalent baccalauréat),Marié(e),$120K +,Blue,50,2,4,2361,75,0.186,0,1,0,0,0,1,Faible
717442758,Client actuel,51,F,4,Lycée (équivalent baccalauréat),Marié(e),$40K - $60K,Blue,43,3,2,1452,79,0.174,0,0,0,0,0,0,Faible
709137558,Client actuel,52,M,0,Sans diplôme,Non connu,$80K - $120K,Blue,36,4,4,2084,69,0.386,1,1,0,0,0,2,Modéré
714366708,Client actuel,58,M,2,Non connu,Divorcé(e),$60K - $80K,Blue,36,1,1,1069,85,0.717,0,0,0,0,0,0,Faible
711925608,Client actuel,42,M,4,Licence,Divorcé(e),$80K - $120K,Blue,35,2,2,1623,81,0.089,0,0,0,0,1,1,Faible
721202058,Client actuel,62,F,0,Lycée (équivalent baccalauréat),Non connu,$40K - $60K,Blue,49,1,1,785,61,0.178,0,0,0,0,0,0,Faible
716931183,Client actuel,45,M,5,Sans diplôme,Marié(e),$80K - $120K,Blue,38,4,4,788,68,0.104,1,1,0,0,1,3,Modéré
800164083,Client actuel,53,M,1,Sans diplôme,Non connu,$120K +,Blue,47,2,2,1257,76,0.06,0,0,0,0,1,1,Faible
719682183,Client actuel,53,F,2,Non connu,Célibataire,$40K - $60K,Blue,43,4,4,2517,43,0.407,1,1,0,1,0,3,Modéré
710984133,Client actuel,50,M,3,Sans diplôme,Célibataire,$120K +,Blue,36,3,4,557,88,0.02,0,1,1,0,1,3,Modéré
780307233,Client actuel,44,F,2,Master,Marié(e),Moins de $40K,Blue,30,2,3,1471,58,0.765,0,0,0,0,0,0,Faible
716138958,Client actuel,50,F,1,Sans diplôme,Marié(e),Moins de $40K,Blue,33,4,4,1180,68,0.373,1,1,0,0,0,2,Modéré
709276908,Client actuel,38,F,2,Lycée (équivalent baccalauréat),Célibataire,$40K - $60K,Blue,25,2,3,0,75,0.0,0,0,1,0,1,2,Modéré
815767983,Client actuel,45,M,0,Licence,Marié(e),$60K - $80K,Blue,40,3,3,0,66,0.0,0,0,1,0,1,2,Modéré
712403358,Client actuel,55,F,2,Niveau Bac+2,Célibataire,$40K - $60K,Blue,35,4,4,696,76,0.484,1,1,0,0,0,2,Modéré
717826308,Client actuel,49,F,5,Sans diplôme,Marié(e),Moins de $40K,Blue,36,2,4,1798,66,0.771,0,1,0,0,0,1,Faible
753443583,Client actuel,43,F,1,Lycée (équivalent baccalauréat),Célibataire,$40K - $60K,Blue,36,2,1,0,73,0.0,0,0,1,0,1,2,Modéré
721428333,Client actuel,47,F,3,Non connu,Non connu,Moins de $40K,Blue,34,2,1,541,77,0.067,0,0,1,0,1,2,Modéré
719910333,Client actuel,43,F,3,Non connu,Non connu,Moins de $40K,Blue,36,4,2,1190,80,0.203,1,0,0,0,0,1,Faible
712866933,Client actuel,51,M,2,Licence,Marié(e),$60K - $80K,Blue,32,3,4,0,73,0.0,0,1,1,0,1,3,Modéré
719219883,Client actuel,47,M,2,Sans diplôme,Marié(e),$60K - $80K,Blue,36,1,2,769,67,0.083,0,0,0,0,1,1,Faible
779170008,Client actuel,51,F,2,Lycée (équivalent baccalauréat),Célibataire,$40K - $60K,Blue,32,1,2,0,78,0.0,0,0,1,0,1,2,Modéré
779727558,Client actuel,49,F,4,Niveau Bac+2,Célibataire,Moins de $40K,Blue,33,2,3,1250,71,0.596,0,0,0,0,0,0,Faible
714373308,Client actuel,53,F,1,Licence,Célibataire,Moins de $40K,Blue,46,4,4,0,66,0.0,1,1,1,0,1,4,Élevé
715000383,Client actuel,55,M,3,Sans diplôme,Célibataire,$80K - $120K,Blue,46,2,3,852,76,0.063,0,0,0,0,1,1,Faible
778839108,Client actuel,50,F,3,Lycée (équivalent baccalauréat),Marié(e),Moins de $40K,Blue,31,1,4,0,74,0.0,0,1,1,0,1,3,Modéré
715548183,Client actuel,65,M,1,Licence,Célibataire,Non connu,Blue,56,3,3,1670,79,0.071,0,0,0,0,1,1,Faible
712545183,Client actuel,51,F,4,Sans diplôme,Célibataire,Moins de $40K,Blue,37,4,2,1487,66,0.842,1,0,0,0,0,1,Faible
779032308,Client actuel,46,M,3,Lycée (équivalent baccalauréat),Célibataire,$80K - $120K,Blue,27,2,3,2316,66,0.467,0,0,0,0,0,0,Faible
721500108,Client actuel,42,M,1,Licence,Non connu,$60K - $80K,Blue,32,3,2,0,55,0.0,0,0,1,0,1,2,Modéré
713389233,Client actuel,49,F,3,Lycée (équivalent baccalauréat),Célibataire,Non connu,Silver,36,2,2,0,58,0.0,0,0,1,0,1,2,Modéré
718811058,Client actuel,40,M,3,Non connu,Marié(e),$80K - $120K,Blue,36,2,2,1887,66,0.376,0,0,0,0,0,0,Faible
717084708,Client actuel,45,F,4,Lycée (équivalent baccalauréat),Marié(e),Moins de $40K,Blue,34,4,1,1543,68,0.621,1,0,0,0,0,1,Faible
778247358,Client actuel,65,M,1,Licence,Célibataire,Moins de $40K,Blue,56,3,2,0,67,0.0,0,0,1,0,1,2,Modéré
710702733,Client actuel,46,M,4,Licence,Célibataire,$80K - $120K,Blue,35,3,3,0,69,0.0,0,0,1,0,1,2,Modéré
815240358,Client actuel,47,F,3,Sans diplôme,Marié(e),Non connu,Blue,42,1,4,1501,62,0.06,0,1,0,0,1,2,Modéré
715165758,Client actuel,44,M,3,Master,Marié(e),$120K +,Blue,35,4,1,587,56,0.021,1,0,1,0,1,3,Modéré
717400533,Client actuel,54,F,0,Lycée (équivalent baccalauréat),Marié(e),Moins de $40K,Blue,45,2,2,789,92,0.292,0,0,0,0,0,0,Faible
713586858,Client actuel,40,M,3,Sans diplôme,Divorcé(e),$80K - $120K,Blue,25,3,4,1175,73,0.1,0,1,0,0,1,2,Modéré
711393483,Client actuel,49,F,4,Non connu,Divorcé(e),Moins de $40K,Blue,36,3,1,0,76,0.0,0,0,1,0,1,2,Modéré
711877458,Client actuel,51,F,3,Niveau Bac+2,Marié(e),Moins de $40K,Blue,36,2,2,0,72,0.0,0,0,1,0,1,2,Modéré
714351558,Client actuel,64,F,0,Sans diplôme,Célibataire,Moins de $40K,Blue,36,2,1,0,65,0.0,0,0,1,0,1,2,Modéré
828343083,Client actuel,43,F,4,Lycée (équivalent baccalauréat),Non connu,Moins de $40K,Blue,39,3,3,1793,68,0.644,0,0,0,0,0,0,Faible
790002783,Client actuel,38,F,2,Licence,Célibataire,Non connu,Blue,30,1,4,610,65,0.031,0,1,1,0,1,3,Modéré
708615183,Client actuel,44,M,2,Non connu,Marié(e),$60K - $80K,Blue,34,4,4,1146,90,0.299,1,1,0,0,0,2,Modéré
718509858,Client actuel,46,M,3,Licence,Célibataire,$80K - $120K,Blue,37,1,4,0,69,0.0,0,1,1,0,1,3,Modéré
718540308,Client actuel,44,M,2,Lycée (équivalent baccalauréat),Célibataire,$80K - $120K,Blue,36,3,0,730,62,0.033,0,0,0,0,1,1,Faible
778180158,Client actuel,44,M,4,Doctorat,Divorcé(e),$80K - $120K,Blue,34,1,4,1887,69,0.264,0,1,0,0,0,1,Faible
778242708,Client actuel,63,M,1,Non connu,Célibataire,$60K - $80K,Silver,53,4,4,1450,81,0.057,1,1,0,0,1,3,Modéré
714899283,Client actuel,46,F,2,Non connu,Marié(e),Moins de $40K,Blue,36,2,3,1994,73,0.379,0,0,0,0,0,0,Faible
710986758,Client actuel,43,M,3,Lycée (équivalent baccalauréat),Célibataire,$60K - $80K,Blue,30,2,4,1505,76,0.13,0,1,0,0,1,2,Modéré
710568333,Client actuel,47,M,4,Niveau Bac+2,Non connu,$60K - $80K,Blue,35,2,3,1823,47,0.275,0,0,0,0,0,0,Faible
717483558,Client actuel,42,M,3,Lycée (équivalent baccalauréat),Marié(e),$120K +,Blue,36,1,2,1353,61,0.071,0,0,0,0,1,1,Faible
721440633,Client actuel,55,F,1,Lycée (équivalent baccalauréat),Célibataire,Moins de $40K,Blue,36,2,3,897,71,0.112,0,0,0,0,1,1,Faible
711423558,Client actuel,60,F,1,Master,Célibataire,$40K - $60K,Blue,50,1,2,0,63,0.0,0,0,1,0,1,2,Modéré
721522533,Client actuel,48,F,4,Licence,Célibataire,Moins de $40K,Blue,35,3,2,1143,70,0.57,0,0,0,0,0,0,Faible
708558408,Client actuel,50,M,3,Lycée (équivalent baccalauréat),Célibataire,$40K - $60K,Blue,31,3,3,1597,83,0.161,0,0,0,0,1,1,Faible
714365883,Client actuel,51,F,4,Sans diplôme,Non connu,Moins de $40K,Blue,40,3,4,918,75,0.129,0,1,0,0,1,2,Modéré
715856208,Client actuel,47,M,3,Licence,Célibataire,$60K - $80K,Blue,36,4,3,1119,76,0.59,1,0,0,0,0,1,Faible
708944958,Client actuel,47,M,2,Sans diplôme,Célibataire,$60K - $80K,Blue,40,2,4,1030,75,0.289,0,1,0,0,0,1,Faible
771516333,Client actuel,41,F,2,Licence,Non connu,$40K - $60K,Blue,29,2,3,0,81,0.0,0,0,1,0,1,2,Modéré
772051308,Client actuel,55,F,3,Licence,Célibataire,Non connu,Blue,44,6,3,1823,69,0.714,1,0,0,0,0,1,Faible
788350908,Client actuel,38,M,3,Licence,Célibataire,$40K - $60K,Blue,31,1,3,1110,69,0.207,0,0,0,0,0,0,Faible
818322033,Client actuel,41,F,3,Licence,Marié(e),Moins de $40K,Blue,36,6,4,1247,80,0.434,1,1,0,0,0,2,Modéré
716288958,Client actuel,40,M,2,Niveau Bac+2,Marié(e),$80K - $120K,Blue,36,4,3,0,71,0.0,1,0,1,0,1,3,Modéré
712347258,Client actuel,43,F,2,Licence,Marié(e),Moins de $40K,Blue,35,3,2,0,68,0.0,0,0,1,0,1,2,Modéré
779072733,Client actuel,36,F,2,Niveau Bac+2,Marié(e),Moins de $40K,Blue,17,2,2,0,77,0.0,0,0,1,0,1,2,Modéré
710003958,Client actuel,48,F,5,Master,Marié(e),Moins de $40K,Blue,40,3,3,665,84,0.462,0,0,1,0,0,1,Faible
715287708,Client actuel,41,F,4,Licence,Marié(e),$40K - $60K,Blue,33,3,2,1173,77,0.188,0,0,0,0,0,0,Faible
708774708,Client actuel,47,F,4,Licence,Non connu,$40K - $60K,Blue,29,1,3,1589,70,0.603,0,0,0,0,0,0,Faible
713535033,Client actuel,44,M,3,Lycée (équivalent baccalauréat),Marié(e),$80K - $120K,Blue,36,3,2,1377,91,0.062,0,0,0,0,1,1,Faible
719314683,Client actuel,50,F,2,Non connu,Divorcé(e),Moins de $40K,Blue,36,2,4,527,69,0.185,0,1,1,0,0,2,Modéré
789293358,Client actuel,46,F,3,Licence,Marié(e),Moins de $40K,Blue,35,3,4,1794,78,0.237,0,1,0,0,0,1,Faible
787638408,Client actuel,47,F,1,Lycée (équivalent baccalauréat),Célibataire,Non connu,Blue,40,4,4,2087,74,0.247,1,1,0,0,0,2,Modéré
715974783,Client actuel,53,M,1,Licence,Célibataire,$80K - $120K,Blue,40,3,3,0,69,0.0,0,0,1,0,1,2,Modéré
716134533,Client actuel,44,M,4,Niveau Bac+2,Célibataire,$80K - $120K,Blue,34,4,3,0,80,0.0,1,0,1,0,1,3,Modéré
780168333,Client actuel,39,M,4,Licence,Marié(e),$120K +,Blue,28,2,3,1829,83,0.069,0,0,0,0,1,1,Faible
711557508,Client actuel,51,M,2,Licence,Célibataire,$60K - $80K,Blue,40,3,0,764,74,0.216,0,0,0,0,0,0,Faible
772506858,Client actuel,45,F,4,Lycée (équivalent baccalauréat),Célibataire,Non connu,Blue,35,4,2,2517,81,0.286,1,0,0,0,0,1,Faible
765692658,Client actuel,49,F,4,Licence,Célibataire,Moins de $40K,Blue,42,3,4,1882,70,0.87,0,1,0,0,0,1,Faible
709912683,Client actuel,53,F,4,Licence,Célibataire,Non connu,Gold,41,1,2,2374,77,0.069,0,0,0,0,1,1,Faible
720093333,Client actuel,41,M,3,Master,Divorcé(e),$120K +,Blue,29,1,3,2506,79,0.718,0,0,0,0,0,0,Faible
717281658,Client actuel,52,F,3,Licence,Divorcé(e),Moins de $40K,Blue,41,3,4,1687,65,0.278,0,1,0,0,0,1,Faible
765731433,Client actuel,48,F,3,Licence,Divorcé(e),Non connu,Blue,41,4,3,0,76,0.0,1,0,1,0,1,3,Modéré
787361583,Client actuel,50,M,4,Niveau Bac+2,Divorcé(e),$60K - $80K,Blue,44,2,3,2160,60,0.155,0,0,0,0,1,1,Faible
709921158,Client actuel,51,M,1,Lycée (équivalent baccalauréat),Célibataire,$60K - $80K,Blue,36,4,4,1751,76,0.768,1,1,0,0,0,2,Modéré
714781908,Client actuel,43,M,3,Licence,Célibataire,$60K - $80K,Blue,35,3,2,548,70,0.097,0,0,1,0,1,2,Modéré
821339433,Client actuel,45,F,3,Licence,Marié(e),Non connu,Blue,41,4,2,2118,64,0.763,1,0,0,0,0,1,Faible
715174983,Client actuel,40,M,3,Licence,Marié(e),$60K - $80K,Blue,36,4,4,597,67,0.269,1,1,1,0,0,3,Modéré
710863308,Client actuel,48,M,4,Master,Marié(e),$40K - $60K,Blue,29,1,2,1074,84,0.368,0,0,0,0,0,0,Faible
806824908,Client actuel,45,M,2,Non connu,Marié(e),$120K +,Blue,40,4,4,1374,71,0.083,1,1,0,0,1,3,Modéré
710592933,Client actuel,44,F,2,Licence,Marié(e),Moins de $40K,Blue,30,2,3,1092,54,0.114,0,0,0,0,1,1,Faible
771881283,Client actuel,42,M,1,Sans diplôme,Divorcé(e),$60K - $80K,Blue,30,2,2,1892,78,0.102,0,0,0,0,1,1,Faible
719147208,Client actuel,29,F,2,Non connu,Célibataire,Moins de $40K,Blue,21,3,2,0,88,0.0,0,0,1,0,1,2,Modéré
709607733,Client actuel,40,F,3,Niveau Bac+2,Marié(e),Non connu,Blue,36,2,4,1666,83,0.181,0,1,0,0,0,1,Faible
713184858,Client actuel,58,F,2,Lycée (équivalent baccalauréat),Célibataire,Moins de $40K,Blue,50,3,4,818,71,0.569,0,1,0,0,0,1,Faible
719929758,Client actuel,50,F,1,Doctorat,Marié(e),Non connu,Blue,37,4,3,0,54,0.0,1,0,1,0,1,3,Modéré
759127158,Client actuel,48,M,3,Niveau Bac+2,Marié(e),$40K - $60K,Blue,35,1,3,0,85,0.0,0,0,1,0,1,2,Modéré
780717483,Client actuel,51,F,3,Lycée (équivalent baccalauréat),Marié(e),Moins de $40K,Blue,40,3,3,773,58,0.103,0,0,0,0,1,1,Faible
708507483,Client actuel,43,F,3,Niveau Bac+2,Divorcé(e),Moins de $40K,Blue,31,4,3,0,82,0.0,1,0,1,0,1,3,Modéré
787617483,Client actuel,58,F,0,Sans diplôme,Célibataire,Moins de $40K,Blue,48,2,4,1542,76,0.587,0,1,0,0,0,1,Faible
816608808,Client actuel,46,M,1,Licence,Célibataire,$80K - $120K,Blue,41,2,3,0,62,0.0,0,0,1,0,1,2,Modéré
716727258,Client actuel,52,F,1,Master,Marié(e),Non connu,Blue,42,1,2,0,67,0.0,0,0,1,0,1,2,Modéré
813890883,Client actuel,44,F,1,Sans diplôme,Non connu,Moins de $40K,Blue,39,2,1,0,65,0.0,0,0,1,0,1,2,Modéré
811095483,Client actuel,48,F,4,Licence,Marié(e),$40K - $60K,Silver,43,1,0,2517,35,0.119,0,0,0,1,1,2,Modéré
720168558,Client actuel,39,F,0,Licence,Marié(e),Moins de $40K,Blue,36,3,3,0,74,0.0,0,0,1,0,1,2,Modéré
719309133,Client actuel,56,F,1,Licence,Marié(e),Moins de $40K,Blue,51,3,4,0,70,0.0,0,1,1,0,1,3,Modéré
772879158,Client actuel,47,M,5,Lycée (équivalent baccalauréat),Marié(e),$60K - $80K,Blue,38,1,2,1069,64,0.145,0,0,0,0,1,1,Faible
712934583,Client actuel,44,F,4,Sans diplôme,Marié(e),Moins de $40K,Silver,36,3,0,0,62,0.0,0,0,1,0,1,2,Modéré
710088483,Client actuel,52,M,3,Sans diplôme,Célibataire,$80K - $120K,Blue,40,1,3,1073,56,0.049,0,0,0,0,1,1,Faible
753534633,Client actuel,42,M,3,Lycée (équivalent baccalauréat),Célibataire,$60K - $80K,Blue,35,3,3,0,62,0.0,0,0,1,0,1,2,Modéré
710932683,Client actuel,55,F,2,Lycée (équivalent baccalauréat),Célibataire,Moins de $40K,Blue,36,1,2,0,69,0.0,0,0,1,0,1,2,Modéré
718109808,Client actuel,38,M,5,Niveau Bac+2,Célibataire,$60K - $80K,Blue,25,3,0,1118,89,0.2,0,0,0,0,0,0,Faible
713227233,Client actuel,42,M,4,Licence,Célibataire,$80K - $120K,Blue,33,2,2,0,79,0.0,0,0,1,0,1,2,Modéré
804606033,Client actuel,46,M,4,Lycée (équivalent baccalauréat),Non connu,$40K - $60K,Blue,41,1,2,1172,60,0.134,0,0,0,0,1,1,Faible
720755658,Client actuel,42,F,2,Doctorat,Marié(e),Moins de $40K,Blue,32,6,0,0,70,0.0,1,0,1,0,1,3,Modéré
711795633,Client actuel,65,M,0,Doctorat,Célibataire,Moins de $40K,Blue,52,3,4,0,53,0.0,0,1,1,0,1,3,Modéré
817616433,Client actuel,55,F,2,Niveau Bac+2,Non connu,Non connu,Blue,41,2,2,0,69,0.0,0,0,1,0,1,2,Modéré
719530158,Client actuel,57,M,1,Licence,Célibataire,$60K - $80K,Blue,44,3,2,1273,66,0.129,0,0,0,0,1,1,Faible
710621283,Client actuel,50,M,2,Lycée (équivalent baccalauréat),Marié(e),$60K - $80K,Blue,32,1,3,783,66,0.073,0,0,0,0,1,1,Faible
716714733,Client actuel,41,M,3,Licence,Célibataire,$80K - $120K,Blue,30,2,0,955,69,0.276,0,0,0,0,0,0,Faible
720921408,Client actuel,46,F,2,Niveau Bac+2,Célibataire,Moins de $40K,Blue,36,1,4,1544,69,0.774,0,1,0,0,0,1,Faible
789185508,Client actuel,49,M,2,Lycée (équivalent baccalauréat),Marié(e),$60K - $80K,Blue,38,2,1,756,70,0.137,0,0,0,0,1,1,Faible
807014583,Client actuel,31,F,0,Licence,Divorcé(e),Non connu,Blue,26,3,3,0,89,0.0,0,0,1,0,1,2,Modéré
721388283,Client actuel,54,M,2,Master,Célibataire,$120K +,Blue,45,1,4,0,58,0.0,0,1,1,0,1,3,Modéré
789362058,Client actuel,52,M,4,Sans diplôme,Marié(e),$60K - $80K,Blue,42,2,0,0,64,0.0,0,0,1,0,1,2,Modéré
771460158,Client actuel,43,M,3,Licence,Célibataire,Moins de $40K,Blue,31,1,2,1776,84,0.433,0,0,0,0,0,0,Faible
714147858,Client actuel,44,M,3,Lycée (équivalent baccalauréat),Célibataire,$80K - $120K,Blue,35,3,4,1044,85,0.057,0,1,0,0,1,2,Modéré
708394908,Client actuel,44,M,0,Lycée (équivalent baccalauréat),Célibataire,$40K - $60K,Blue,33,1,3,1442,65,0.617,0,0,0,0,0,0,Faible
720637008,Client actuel,51,F,2,Sans diplôme,Marié(e),Moins de $40K,Blue,43,2,3,1426,52,0.671,0,0,0,0,0,0,Faible
716877258,Client actuel,55,F,3,Licence,Célibataire,Moins de $40K,Blue,48,3,2,1374,65,0.346,0,0,0,0,0,0,Faible
812973708,Client actuel,42,M,3,Lycée (équivalent baccalauréat),Non connu,$40K - $60K,Blue,37,2,4,1661,69,0.595,0,1,0,0,0,1,Faible
788760633,Client actuel,53,M,3,Sans diplôme,Divorcé(e),$60K - $80K,Blue,33,2,2,1495,68,0.111,0,0,0,0,1,1,Faible
718602708,Client actuel,43,M,3,Licence,Célibataire,$80K - $120K,Blue,33,3,2,1541,82,0.094,0,0,0,0,1,1,Faible
712365483,Client actuel,51,M,1,Licence,Célibataire,$60K - $80K,Blue,43,2,4,1731,76,0.18,0,1,0,0,0,1,Faible
789154833,Client actuel,56,M,3,Lycée (équivalent baccalauréat),Célibataire,$80K - $120K,Blue,44,2,0,912,72,0.048,0,0,0,0,1,1,Faible
715849983,Client actuel,44,F,4,Non connu,Marié(e),Moins de $40K,Blue,36,1,4,0,82,0.0,0,1,1,0,1,3,Modéré
780336258,Client actuel,55,F,1,Licence,Célibataire,Moins de $40K,Blue,42,3,2,1257,75,0.499,0,0,0,0,0,0,Faible
716567433,Client actuel,41,F,4,Licence,Marié(e),$40K - $60K,Blue,36,2,3,1229,82,0.387,0,0,0,0,0,0,Faible
713057658,Client actuel,48,F,3,Non connu,Divorcé(e),Moins de $40K,Blue,36,1,4,935,72,0.236,0,1,0,0,0,1,Faible
718191483,Client actuel,45,M,3,Licence,Divorcé(e),$60K - $80K,Blue,35,3,2,1362,75,0.269,0,0,0,0,0,0,Faible
785055108,Client actuel,52,M,0,Licence,Célibataire,$60K - $80K,Blue,46,2,4,1142,60,0.106,0,1,0,0,1,2,Modéré
822961533,Client actuel,65,F,0,Niveau Bac+2,Divorcé(e),Non connu,Blue,56,2,3,0,70,0.0,0,0,1,0,1,2,Modéré
709124883,Client actuel,49,M,3,Niveau Bac+2,Marié(e),$80K - $120K,Blue,37,1,2,1796,93,0.836,0,0,0,0,0,0,Faible
761240358,Client actuel,52,F,2,Non connu,Célibataire,Moins de $40K,Blue,45,2,2,1219,77,0.566,0,0,0,0,0,0,Faible
708469533,Client actuel,42,F,3,Non connu,Marié(e),Non connu,Blue,34,3,2,1439,79,0.267,0,0,0,0,0,0,Faible
769927533,Client actuel,50,F,1,Lycée (équivalent baccalauréat),Marié(e),Moins de $40K,Blue,44,2,1,1422,72,0.441,0,0,0,0,0,0,Faible
718545033,Client actuel,27,F,0,Licence,Marié(e),Moins de $40K,Blue,17,2,2,1567,78,0.767,0,0,0,0,0,0,Faible
772204758,Client actuel,42,F,2,Master,Non connu,Moins de $40K,Blue,31,2,2,1165,46,0.306,0,0,0,0,0,0,Faible
709039533,Client actuel,43,F,3,Non connu,Non connu,Moins de $40K,Blue,24,1,4,1095,55,0.198,0,1,0,0,0,1,Faible
716492583,Client actuel,37,F,1,Sans diplôme,Célibataire,Moins de $40K,Blue,28,3,4,1708,89,0.715,0,1,0,0,0,1,Faible
766381908,Client actuel,49,F,4,Lycée (équivalent baccalauréat),Marié(e),Moins de $40K,Blue,42,1,4,1263,80,0.511,0,1,0,0,0,1,Faible
719109783,Client actuel,42,M,3,Sans diplôme,Marié(e),$40K - $60K,Blue,32,3,2,1809,72,0.138,0,0,0,0,1,1,Faible
796236258,Client actuel,48,F,5,Lycée (équivalent baccalauréat),Célibataire,$40K - $60K,Blue,42,1,2,1128,86,0.458,0,0,0,0,0,0,Faible
709700058,Client actuel,52,F,2,Licence,Célibataire,$40K - $60K,Blue,33,2,2,989,70,0.163,0,0,0,0,0,0,Faible
716905158,Client actuel,45,M,2,Non connu,Célibataire,$60K - $80K,Blue,30,1,3,0,72,0.0,0,0,1,0,1,2,Modéré
718851783,Client actuel,49,M,1,Lycée (équivalent baccalauréat),Marié(e),$80K - $120K,Silver,37,3,2,2386,65,0.069,0,0,0,0,1,1,Faible
711993258,Client actuel,50,F,0,Lycée (équivalent baccalauréat),Célibataire,$40K - $60K,Blue,39,3,2,2057,73,0.249,0,0,0,0,0,0,Faible
718350033,Client actuel,50,M,3,Niveau Bac+2,Célibataire,$40K - $60K,Blue,36,2,2,1881,58,0.613,0,0,0,0,0,0,Faible
710905908,Client actuel,43,M,4,Lycée (équivalent baccalauréat),Célibataire,$60K - $80K,Blue,36,3,3,1355,30,0.272,0,0,0,1,0,1,Faible
721387008,Client actuel,42,M,4,Licence,Marié(e),$120K +,Blue,24,2,3,1783,69,0.575,0,0,0,0,0,0,Faible
715411608,Client actuel,45,F,3,Lycée (équivalent baccalauréat),Célibataire,$40K - $60K,Blue,36,1,1,1112,61,0.669,0,0,0,0,0,0,Faible
710598408,Client actuel,55,F,0,Licence,Célibataire,Moins de $40K,Blue,36,1,1,0,94,0.0,0,0,1,0,1,2,Modéré
718521258,Client actuel,50,F,4,Master,Marié(e),Non connu,Blue,41,3,4,0,76,0.0,0,1,1,0,1,3,Modéré
713138433,Client actuel,50,M,3,Licence,Célibataire,$60K - $80K,Blue,42,2,3,1020,54,0.069,0,0,0,0,1,1,Faible
718819158,Client actuel,54,F,3,Sans diplôme,Célibataire,$40K - $60K,Blue,41,1,3,2196,75,0.883,0,0,0,0,0,0,Faible
718871358,Client actuel,45,F,2,Licence,Célibataire,Non connu,Blue,36,1,1,0,82,0.0,0,0,1,0,1,2,Modéré
720186258,Client actuel,45,F,4,Lycée (équivalent baccalauréat),Divorcé(e),$40K - $60K,Blue,31,2,4,1170,77,0.249,0,1,0,0,0,1,Faible
710197308,Client actuel,39,F,2,Licence,Marié(e),Moins de $40K,Blue,28,3,0,0,73,0.0,0,0,1,0,1,2,Modéré
817086783,Client actuel,45,F,3,Lycée (équivalent baccalauréat),Marié(e),Moins de $40K,Blue,27,3,2,2162,32,0.765,0,0,0,1,0,1,Faible
749211483,Client actuel,52,F,0,Niveau Bac+2,Marié(e),$40K - $60K,Blue,45,2,1,1905,67,0.414,0,0,0,0,0,0,Faible
789749433,Client actuel,33,F,1,Licence,Marié(e),Moins de $40K,Blue,21,3,2,2340,82,0.903,0,0,0,0,0,0,Faible
715082133,Client actuel,40,M,2,Licence,Marié(e),$40K - $60K,Blue,36,2,2,1492,61,0.598,0,0,0,0,0,0,Faible
714946908,Client actuel,61,M,1,Sans diplôme,Célibataire,$40K - $60K,Blue,36,1,1,1352,68,0.268,0,0,0,0,0,0,Faible
712429458,Client actuel,50,M,2,Licence,Non connu,$60K - $80K,Blue,38,3,3,1770,72,0.371,0,0,0,0,0,0,Faible
708406083,Client actuel,35,F,0,Non connu,Marié(e),Moins de $40K,Blue,24,3,1,2493,90,0.726,0,0,0,0,0,0,Faible
720029508,Client actuel,50,F,1,Licence,Célibataire,$40K - $60K,Blue,37,1,0,1312,67,0.109,0,0,0,0,1,1,Faible
709227033,Client actuel,53,M,3,Licence,Célibataire,$80K - $120K,Blue,46,2,3,1548,73,0.171,0,0,0,0,0,0,Faible
720846558,Client actuel,49,M,1,Non connu,Célibataire,$80K - $120K,Blue,36,3,4,0,45,0.0,0,1,1,1,1,4,Élevé
716475183,Client actuel,45,M,3,Licence,Non connu,$60K - $80K,Blue,35,3,3,753,81,0.073,0,0,0,0,1,1,Faible
714296358,Client actuel,52,F,2,Niveau Bac+2,Non connu,Moins de $40K,Blue,44,1,3,2486,78,0.724,0,0,0,0,0,0,Faible
719998233,Client actuel,40,M,3,Non connu,Marié(e),$120K +,Silver,30,3,2,964,71,0.028,0,0,0,0,1,1,Faible
719217483,Client actuel,45,F,4,Doctorat,Marié(e),Moins de $40K,Blue,36,1,2,1775,67,0.548,0,0,0,0,0,0,Faible
720479058,Client actuel,50,F,1,Master,Célibataire,Moins de $40K,Blue,39,2,2,851,64,0.592,0,0,0,0,0,0,Faible
779192283,Client actuel,51,F,2,Non connu,Marié(e),Moins de $40K,Blue,39,1,2,2517,77,0.39,0,0,0,0,0,0,Faible
716385033,Client actuel,60,F,1,Licence,Célibataire,Non connu,Blue,36,1,3,1201,71,0.272,0,0,0,0,0,0,Faible
797998158,Client actuel,52,M,3,Sans diplôme,Célibataire,$80K - $120K,Blue,46,1,2,0,66,0.0,0,0,1,0,1,2,Modéré
714021183,Client actuel,54,M,4,Licence,Célibataire,$80K - $120K,Blue,36,2,3,1046,66,0.034,0,0,0,0,1,1,Faible
780710433,Client actuel,53,M,2,Niveau Bac+2,Célibataire,$80K - $120K,Blue,42,2,2,0,77,0.0,0,0,1,0,1,2,Modéré
780068283,Client actuel,53,M,1,Licence,Célibataire,$120K +,Blue,38,3,3,922,69,0.488,0,0,0,0,0,0,Faible
719930658,Client actuel,40,M,4,Sans diplôme,Marié(e),$120K +,Blue,24,2,2,1946,72,0.117,0,0,0,0,1,1,Faible
755593983,Client actuel,50,F,1,Licence,Marié(e),Non connu,Blue,43,1,2,0,72,0.0,0,0,1,0,1,2,Modéré
770938533,Client actuel,45,M,1,Niveau Bac+2,Non connu,$120K +,Blue,32,1,3,1370,70,0.415,0,0,0,0,0,0,Faible
714121083,Client actuel,40,F,3,Licence,Marié(e),$40K - $60K,Blue,20,2,2,1508,68,0.241,0,0,0,0,0,0,Faible
779210283,Client actuel,36,M,3,Sans diplôme,Marié(e),$40K - $60K,Blue,25,2,4,2517,74,0.691,0,1,0,0,0,1,Faible
709739283,Client actuel,62,M,0,Lycée (équivalent baccalauréat),Célibataire,Non connu,Blue,36,3,3,2119,75,0.099,0,0,0,0,1,1,Faible
716230158,Client actuel,35,F,3,Licence,Marié(e),$40K - $60K,Blue,36,1,4,2000,83,0.276,0,1,0,0,0,1,Faible
708724908,Client actuel,47,F,2,Lycée (équivalent baccalauréat),Célibataire,Moins de $40K,Blue,35,2,3,0,83,0.0,0,0,1,0,1,2,Modéré
789025083,Client actuel,40,M,4,Non connu,Non connu,Moins de $40K,Blue,27,3,0,860,82,0.598,0,0,0,0,0,0,Faible
713804058,Client actuel,45,F,4,Niveau Bac+2,Marié(e),Moins de $40K,Blue,36,2,3,2199,81,0.525,0,0,0,0,0,0,Faible
785529708,Client actuel,59,M,1,Licence,Célibataire,$120K +,Blue,53,2,2,0,70,0.0,0,0,1,0,1,2,Modéré
794528283,Client actuel,44,M,4,Niveau Bac+2,Marié(e),$60K - $80K,Blue,28,2,2,878,67,0.32,0,0,0,0,0,0,Faible
794856033,Client actuel,38,M,3,Master,Célibataire,$80K - $120K,Blue,32,2,3,470,77,0.09,0,0,1,0,1,2,Modéré
712939533,Client actuel,43,M,5,Licence,Marié(e),$60K - $80K,Blue,35,3,0,986,70,0.046,0,0,0,0,1,1,Faible
708178608,Client actuel,31,F,0,Licence,Marié(e),Non connu,Blue,36,2,2,0,73,0.0,0,0,1,0,1,2,Modéré
716556258,Client actuel,50,F,3,Doctorat,Célibataire,Moins de $40K,Blue,39,1,3,0,60,0.0,0,0,1,0,1,2,Modéré
708404883,Client actuel,45,F,2,Lycée (équivalent baccalauréat),Célibataire,Non connu,Blue,37,2,4,0,57,0.0,0,1,1,0,1,3,Modéré
709742958,Client actuel,45,M,5,Lycée (équivalent baccalauréat),Marié(e),$60K - $80K,Blue,37,1,3,1148,65,0.073,0,0,0,0,1,1,Faible
714850158,Client actuel,49,M,4,Licence,Célibataire,$80K - $120K,Blue,36,1,3,1516,75,0.772,0,0,0,0,0,0,Faible
718076733,Client actuel,43,M,1,Licence,Célibataire,$60K - $80K,Silver,31,3,3,1170,73,0.045,0,0,0,0,1,1,Faible
714336333,Client actuel,48,M,4,Doctorat,Non connu,$80K - $120K,Blue,40,2,2,1268,64,0.37,0,0,0,0,0,0,Faible
779741883,Client actuel,47,F,2,Non connu,Célibataire,Moins de $40K,Blue,32,1,3,831,68,0.333,0,0,0,0,0,0,Faible
780657708,Client actuel,48,M,2,Non connu,Célibataire,$80K - $120K,Blue,37,3,3,0,69,0.0,0,0,1,0,1,2,Modéré
802101858,Client actuel,40,F,2,Non connu,Marié(e),Moins de $40K,Blue,34,3,3,1978,71,0.416,0,0,0,0,0,0,Faible
743590608,Client actuel,50,M,2,Lycée (équivalent baccalauréat),Marié(e),$60K - $80K,Blue,43,3,4,950,71,0.043,0,1,0,0,1,2,Modéré
720146733,Client actuel,45,F,4,Licence,Non connu,Moins de $40K,Blue,34,4,2,1890,66,0.762,1,0,0,0,0,1,Faible
788252358,Client actuel,49,M,3,Lycée (équivalent baccalauréat),Célibataire,$60K - $80K,Blue,40,4,2,1716,84,0.21,1,0,0,0,0,1,Faible
717740658,Client actuel,55,F,2,Niveau Bac+2,Marié(e),Moins de $40K,Blue,45,2,4,942,78,0.509,0,1,0,0,0,1,Faible
714567708,Client actuel,46,F,1,Sans diplôme,Divorcé(e),Moins de $40K,Blue,36,3,3,2049,74,0.825,0,0,0,0,0,0,Faible
711208083,Client actuel,40,F,4,Non connu,Marié(e),Moins de $40K,Blue,30,3,2,1447,77,0.495,0,0,0,0,0,0,Faible
709957158,Client actuel,48,M,4,Lycée (équivalent baccalauréat),Marié(e),$40K - $60K,Blue,40,1,2,2251,65,0.895,0,0,0,0,0,0,Faible
828288333,Client actuel,50,M,0,Sans diplôme,Marié(e),$60K - $80K,Blue,46,1,3,659,70,0.181,0,0,1,0,0,1,Faible
721325133,Client actuel,45,M,2,Niveau Bac+2,Marié(e),$80K - $120K,Blue,36,1,3,0,77,0.0,0,0,1,0,1,2,Modéré
816606333,Client actuel,57,M,2,Lycée (équivalent baccalauréat),Célibataire,$80K - $120K,Blue,52,3,4,0,66,0.0,0,1,1,0,1,3,Modéré
720454158,Client actuel,44,M,2,Non connu,Célibataire,$60K - $80K,Blue,30,2,2,600,63,0.061,0,0,1,0,1,2,Modéré
717444558,Client actuel,50,F,1,Licence,Marié(e),Moins de $40K,Blue,38,1,3,1714,76,0.653,0,0,0,0,0,0,Faible
816756783,Client actuel,42,M,2,Lycée (équivalent baccalauréat),Non connu,$40K - $60K,Blue,37,2,3,2249,81,0.751,0,0,0,0,0,0,Faible
715474833,Client actuel,37,M,2,Niveau Bac+2,Célibataire,$80K - $120K,Blue,36,2,2,1399,84,0.108,0,0,0,0,1,1,Faible
718271958,Client actuel,54,M,2,Sans diplôme,Marié(e),$60K - $80K,Blue,34,1,4,1471,63,0.23,0,1,0,0,0,1,Faible
708924783,Client actuel,43,M,3,Licence,Divorcé(e),$80K - $120K,Blue,36,1,0,2129,62,0.387,0,0,0,0,0,0,Faible
717669483,Client actuel,52,M,1,Licence,Célibataire,$80K - $120K,Blue,44,3,1,0,38,0.0,0,0,1,1,1,3,Modéré
809360883,Client actuel,46,M,4,Niveau Bac+2,Célibataire,$60K - $80K,Blue,41,1,1,1783,59,0.101,0,0,0,0,1,1,Faible
717176508,Client actuel,43,F,3,Non connu,Célibataire,$40K - $60K,Blue,34,3,4,1166,80,0.439,0,1,0,0,0,1,Faible
711571383,Client actuel,46,M,2,Lycée (équivalent baccalauréat),Non connu,Moins de $40K,Blue,37,1,1,1092,81,0.178,0,0,0,0,0,0,Faible
713444058,Client actuel,45,M,1,Non connu,Divorcé(e),$40K - $60K,Silver,31,1,1,2225,51,0.128,0,0,0,0,1,1,Faible
719609433,Client actuel,55,F,4,Sans diplôme,Divorcé(e),$40K - $60K,Blue,43,3,2,1525,69,0.776,0,0,0,0,0,0,Faible
797234508,Client actuel,51,M,3,Non connu,Célibataire,$60K - $80K,Silver,45,2,4,0,20,0.0,0,1,1,1,1,4,Élevé
714537258,Client actuel,48,M,3,Doctorat,Marié(e),$60K - $80K,Blue,36,2,1,1132,78,0.128,0,0,0,0,1,1,Faible
793412958,Client actuel,44,M,4,Non connu,Marié(e),$60K - $80K,Blue,38,1,3,1501,88,0.615,0,0,0,0,0,0,Faible
714680208,Client actuel,50,F,1,Lycée (équivalent baccalauréat),Marié(e),Moins de $40K,Blue,45,3,4,1318,69,0.798,0,1,0,0,0,1,Faible
715240683,Client actuel,46,M,4,Lycée (équivalent baccalauréat),Marié(e),$80K - $120K,Blue,37,2,3,1302,66,0.084,0,0,0,0,1,1,Faible
802662858,Client actuel,55,F,2,Licence,Divorcé(e),Moins de $40K,Blue,49,1,4,2024,64,0.513,0,1,0,0,0,1,Faible
780206958,Client actuel,49,M,4,Licence,Marié(e),$60K - $80K,Blue,39,2,2,2120,70,0.357,0,0,0,0,0,0,Faible
779906658,Client actuel,40,M,4,Doctorat,Célibataire,Non connu,Blue,24,2,4,1192,62,0.063,0,1,0,0,1,2,Modéré
711491283,Client actuel,44,F,3,Doctorat,Marié(e),Moins de $40K,Blue,36,3,0,1264,63,0.64,0,0,0,0,0,0,Faible
720211533,Client actuel,41,F,4,Sans diplôme,Marié(e),Moins de $40K,Blue,33,2,3,821,77,0.284,0,0,0,0,0,0,Faible
710974308,Client actuel,38,M,1,Licence,Non connu,$80K - $120K,Blue,36,3,4,1671,66,0.062,0,1,0,0,1,2,Modéré
708588408,Client actuel,53,M,3,Sans diplôme,Célibataire,$60K - $80K,Blue,36,2,2,1607,74,0.235,0,0,0,0,0,0,Faible
717099408,Client actuel,40,M,3,Licence,Marié(e),$60K - $80K,Blue,29,3,2,0,87,0.0,0,0,1,0,1,2,Modéré
715155033,Client actuel,61,M,0,Lycée (équivalent baccalauréat),Célibataire,$40K - $60K,Blue,49,1,4,975,85,0.459,0,1,0,0,0,1,Faible
789586833,Client actuel,45,F,3,Master,Marié(e),Non connu,Blue,38,2,1,1732,85,0.601,0,0,0,0,0,0,Faible
714106833,Client actuel,57,F,3,Licence,Non connu,Moins de $40K,Blue,47,3,1,2290,69,0.438,0,0,0,0,0,0,Faible
741116058,Client actuel,48,M,2,Licence,Marié(e),$40K - $60K,Blue,41,2,4,1399,42,0.542,0,1,0,1,0,2,Modéré
813755658,Client actuel,60,M,1,Licence,Célibataire,$80K - $120K,Blue,55,2,1,0,72,0.0,0,0,1,0,1,2,Modéré
718855983,Client actuel,49,F,4,Lycée (équivalent baccalauréat),Célibataire,Non connu,Blue,36,3,4,1840,69,0.141,0,1,0,0,1,2,Modéré
814219008,Client actuel,65,M,1,Doctorat,Célibataire,$40K - $60K,Blue,56,2,2,867,69,0.595,0,0,0,0,0,0,Faible
711916533,Client actuel,57,M,2,Non connu,Célibataire,$120K +,Blue,44,1,2,1884,83,0.336,0,0,0,0,0,0,Faible
715182108,Client actuel,51,F,3,Lycée (équivalent baccalauréat),Marié(e),Moins de $40K,Blue,35,1,3,1912,78,0.632,0,0,0,0,0,0,Faible
717078933,Client actuel,40,F,5,Licence,Célibataire,Moins de $40K,Blue,29,2,4,2517,69,0.599,0,1,0,0,0,1,Faible
719491233,Client actuel,55,M,1,Niveau Bac+2,Célibataire,$120K +,Blue,42,2,3,2517,72,0.716,0,0,0,0,0,0,Faible
789520533,Client actuel,52,M,2,Sans diplôme,Célibataire,$120K +,Blue,44,3,2,1864,65,0.071,0,0,0,0,1,1,Faible
714738033,Client actuel,44,F,4,Licence,Marié(e),Moins de $40K,Blue,25,3,2,1044,85,0.652,0,0,0,0,0,0,Faible
718576908,Client actuel,49,F,4,Sans diplôme,Marié(e),Non connu,Blue,36,1,3,0,63,0.0,0,0,1,0,1,2,Modéré
715093383,Client actuel,49,F,2,Niveau Bac+2,Marié(e),Moins de $40K,Blue,41,1,3,1598,68,0.756,0,0,0,0,0,0,Faible
747107508,Client actuel,56,F,3,Licence,Célibataire,Moins de $40K,Blue,49,3,1,1947,88,0.8,0,0,0,0,0,0,Faible
717920583,Client actuel,60,F,1,Sans diplôme,Divorcé(e),Moins de $40K,Blue,49,2,2,0,59,0.0,0,0,1,0,1,2,Modéré
710516283,Client actuel,50,M,1,Lycée (équivalent baccalauréat),Célibataire,$120K +,Blue,37,1,4,1792,60,0.184,0,1,0,0,0,1,Faible
787593558,Client actuel,42,M,3,Licence,Célibataire,$80K - $120K,Blue,34,3,0,2258,55,0.495,0,0,0,0,0,0,Faible
778747608,Client actuel,65,F,1,Non connu,Célibataire,Non connu,Blue,46,3,2,0,61,0.0,0,0,1,0,1,2,Modéré
714431058,Client actuel,41,F,3,Niveau Bac+2,Célibataire,Non connu,Blue,36,2,4,1597,72,0.379,0,1,0,0,0,1,Faible
715948833,Client actuel,48,M,4,Licence,Marié(e),$120K +,Blue,39,2,4,1353,79,0.054,0,1,0,0,1,2,Modéré
770667408,Client actuel,47,M,4,Niveau Bac+2,Marié(e),$80K - $120K,Blue,33,1,3,2382,81,0.269,0,0,0,0,0,0,Faible
823590483,Client actuel,62,F,0,Licence,Divorcé(e),Moins de $40K,Blue,56,1,1,1716,75,0.77,0,0,0,0,0,0,Faible
710635083,Client actuel,46,M,4,Lycée (équivalent baccalauréat),Célibataire,$80K - $120K,Blue,38,1,2,582,52,0.021,0,0,1,0,1,2,Modéré
716408058,Client actuel,56,F,2,Sans diplôme,Célibataire,Non connu,Blue,36,3,4,1298,72,0.519,0,1,0,0,0,1,Faible
713803158,Client actuel,41,M,3,Lycée (équivalent baccalauréat),Célibataire,$60K - $80K,Blue,33,1,3,0,91,0.0,0,0,1,0,1,2,Modéré
713593683,Client actuel,43,F,3,Licence,Marié(e),$40K - $60K,Blue,28,3,3,1583,60,0.142,0,0,0,0,1,1,Faible
709339758,Client actuel,43,M,3,Non connu,Célibataire,$120K +,Blue,30,2,3,1766,84,0.148,0,0,0,0,1,1,Faible
813427833,Client actuel,45,F,4,Licence,Célibataire,Moins de $40K,Blue,40,2,1,844,77,0.4,0,0,0,0,0,0,Faible
717846108,Client actuel,49,M,4,Sans diplôme,Marié(e),$60K - $80K,Blue,34,3,2,904,74,0.07,0,0,0,0,1,1,Faible
720968583,Client actuel,52,F,2,Non connu,Marié(e),Non connu,Blue,45,1,2,2095,63,0.071,0,0,0,0,1,1,Faible
709134333,Client actuel,45,F,2,Licence,Non connu,Moins de $40K,Blue,28,2,3,2253,67,0.718,0,0,0,0,0,0,Faible
712630608,Client actuel,43,F,2,Lycée (équivalent baccalauréat),Non connu,Non connu,Blue,35,3,4,1549,69,0.254,0,1,0,0,0,1,Faible
712404483,Client actuel,49,M,2,Lycée (équivalent baccalauréat),Célibataire,$80K - $120K,Blue,36,3,1,2514,82,0.63,0,0,0,0,0,0,Faible
717812133,Client actuel,33,F,1,Licence,Non connu,Moins de $40K,Blue,13,1,3,1243,65,0.375,0,0,0,0,0,0,Faible
714926508,Client actuel,52,M,2,Licence,Marié(e),$80K - $120K,Silver,45,4,2,1938,46,0.056,1,0,0,0,1,2,Modéré
771474108,Client actuel,40,F,2,Sans diplôme,Marié(e),Moins de $40K,Blue,28,2,2,1019,63,0.568,0,0,0,0,0,0,Faible
709774608,Client actuel,51,M,3,Non connu,Marié(e),$60K - $80K,Blue,36,3,4,1582,64,0.264,0,1,0,0,0,1,Faible
718802283,Client actuel,44,F,3,Master,Divorcé(e),Moins de $40K,Blue,31,2,1,0,82,0.0,0,0,1,0,1,2,Modéré
789354783,Client actuel,45,F,3,Non connu,Célibataire,Moins de $40K,Blue,32,3,0,1465,86,0.629,0,0,0,0,0,0,Faible
720486408,Client actuel,55,F,1,Sans diplôme,Célibataire,Moins de $40K,Blue,36,3,0,756,73,0.526,0,0,0,0,0,0,Faible
718582158,Client actuel,48,M,2,Non connu,Marié(e),$120K +,Blue,35,3,4,1715,74,0.161,0,1,0,0,1,2,Modéré
713127708,Client actuel,38,F,0,Sans diplôme,Marié(e),Moins de $40K,Blue,26,1,4,0,63,0.0,0,1,1,0,1,3,Modéré
717112533,Client actuel,52,F,1,Licence,Non connu,Moins de $40K,Blue,42,2,0,0,88,0.0,0,0,1,0,1,2,Modéré
713681433,Client actuel,50,F,2,Lycée (équivalent baccalauréat),Divorcé(e),Non connu,Blue,39,2,4,874,91,0.09,0,1,0,0,1,2,Modéré
718846008,Client actuel,58,F,0,Non connu,Marié(e),Non connu,Blue,36,3,1,1500,62,0.343,0,0,0,0,0,0,Faible
713056083,Client actuel,52,M,2,Lycée (équivalent baccalauréat),Célibataire,$120K +,Blue,46,2,4,0,87,0.0,0,1,1,0,1,3,Modéré
718538958,Client actuel,55,F,3,Niveau Bac+2,Célibataire,Moins de $40K,Blue,43,3,4,0,82,0.0,0,1,1,0,1,3,Modéré
710353233,Client actuel,48,M,3,Niveau Bac+2,Divorcé(e),$60K - $80K,Blue,39,3,2,1106,47,0.084,0,0,0,0,1,1,Faible
713853858,Client actuel,41,M,4,Non connu,Marié(e),$80K - $120K,Silver,31,2,2,1433,57,0.042,0,0,0,0,1,1,Faible
710342508,Client actuel,48,F,2,Sans diplôme,Marié(e),$40K - $60K,Blue,36,3,4,0,76,0.0,0,1,1,0,1,3,Modéré
787563858,Client actuel,50,F,1,Licence,Marié(e),Moins de $40K,Blue,41,2,3,685,63,0.08,0,0,0,0,1,1,Faible
710733183,Client actuel,46,M,3,Master,Non connu,$120K +,Blue,36,1,2,845,67,0.587,0,0,0,0,0,0,Faible
718489608,Client actuel,50,F,4,Licence,Marié(e),Moins de $40K,Blue,36,2,2,1948,69,0.801,0,0,0,0,0,0,Faible
758824608,Client actuel,47,M,4,Sans diplôme,Célibataire,$80K - $120K,Blue,40,2,4,1746,69,0.083,0,1,0,0,1,2,Modéré
780984408,Client actuel,65,F,0,Non connu,Divorcé(e),Moins de $40K,Blue,50,3,3,1953,63,0.261,0,0,0,0,0,0,Faible
708848208,Client actuel,52,M,3,Sans diplôme,Célibataire,$80K - $120K,Blue,40,3,2,1757,81,0.051,0,0,0,0,1,1,Faible
719713683,Client actuel,52,F,0,Licence,Marié(e),Non connu,Blue,37,2,2,2373,81,0.312,0,0,0,0,0,0,Faible
715955208,Client actuel,35,F,1,Lycée (équivalent baccalauréat),Célibataire,Moins de $40K,Blue,26,3,2,1833,72,0.837,0,0,0,0,0,0,Faible
715716333,Client actuel,62,F,0,Lycée (équivalent baccalauréat),Célibataire,Non connu,Blue,50,2,2,0,87,0.0,0,0,1,0,1,2,Modéré
714502458,Client actuel,49,M,3,Non connu,Marié(e),$60K - $80K,Blue,36,2,4,643,79,0.036,0,1,1,0,1,3,Modéré
712444533,Client actuel,43,M,2,Lycée (équivalent baccalauréat),Célibataire,$80K - $120K,Blue,36,2,0,0,68,0.0,0,0,1,0,1,2,Modéré
797748708,Client actuel,44,M,4,Non connu,Célibataire,$80K - $120K,Blue,38,3,4,2024,66,0.514,0,1,0,0,0,1,Faible
780203883,Client actuel,43,F,3,Doctorat,Divorcé(e),Non connu,Blue,33,3,2,0,73,0.0,0,0,1,0,1,2,Modéré
720616908,Client actuel,54,M,1,Sans diplôme,Célibataire,$120K +,Blue,36,1,2,0,67,0.0,0,0,1,0,1,2,Modéré
817038333,Client actuel,55,F,0,Licence,Marié(e),Moins de $40K,Blue,40,3,4,725,72,0.479,0,1,0,0,0,1,Faible
710820783,Client actuel,45,F,4,Licence,Marié(e),Non connu,Blue,36,1,2,0,78,0.0,0,0,1,0,1,2,Modéré
720338658,Client actuel,56,F,3,Master,Célibataire,Moins de $40K,Blue,42,2,2,1623,60,0.652,0,0,0,0,0,0,Faible
803938908,Client actuel,49,F,4,Sans diplôme,Célibataire,Moins de $40K,Blue,44,2,2,0,81,0.0,0,0,1,0,1,2,Modéré
787849833,Client actuel,49,M,2,Lycée (équivalent baccalauréat),Célibataire,$80K - $120K,Blue,40,2,0,1672,75,0.124,0,0,0,0,1,1,Faible
721143258,Client actuel,46,M,1,Lycée (équivalent baccalauréat),Célibataire,$40K - $60K,Blue,33,4,3,798,66,0.48,1,0,0,0,0,1,Faible
709335558,Client actuel,49,M,3,Sans diplôme,Marié(e),$120K +,Blue,37,3,3,1643,65,0.212,0,0,0,0,0,0,Faible
806619333,Client actuel,36,F,3,Lycée (équivalent baccalauréat),Célibataire,Moins de $40K,Blue,31,2,3,2085,80,0.717,0,0,0,0,0,0,Faible
719378658,Client actuel,57,M,3,Licence,Divorcé(e),$80K - $120K,Silver,36,3,4,1384,69,0.04,0,1,0,0,1,2,Modéré
720670458,Client actuel,52,F,2,Non connu,Célibataire,$40K - $60K,Blue,45,1,3,1560,58,0.449,0,0,0,0,0,0,Faible
716955783,Client actuel,52,M,2,Licence,Célibataire,$80K - $120K,Blue,36,2,2,1160,59,0.072,0,0,0,0,1,1,Faible
817970208,Client actuel,45,M,1,Sans diplôme,Divorcé(e),Moins de $40K,Blue,40,3,2,1334,67,0.493,0,0,0,0,0,0,Faible
708506508,Client actuel,54,M,3,Lycée (équivalent baccalauréat),Marié(e),$120K +,Blue,43,3,2,1144,90,0.397,0,0,0,0,0,0,Faible
750147483,Client actuel,49,M,2,Lycée (équivalent baccalauréat),Célibataire,$80K - $120K,Blue,37,1,4,2517,62,0.104,0,1,0,0,1,2,Modéré
715540233,Client actuel,43,M,3,Licence,Célibataire,$60K - $80K,Blue,34,1,2,2276,79,0.11,0,0,0,0,1,1,Faible
720686583,Client actuel,46,M,3,Lycée (équivalent baccalauréat),Divorcé(e),$120K +,Blue,37,3,4,0,73,0.0,0,1,1,0,1,3,Modéré
820637433,Client actuel,45,F,3,Lycée (équivalent baccalauréat),Marié(e),Moins de $40K,Blue,40,2,3,0,66,0.0,0,0,1,0,1,2,Modéré
716346183,Client actuel,43,F,3,Non connu,Divorcé(e),Non connu,Blue,37,6,3,1557,72,0.172,1,0,0,0,0,1,Faible
710094108,Client actuel,33,M,3,Licence,Célibataire,$60K - $80K,Blue,27,2,3,1725,79,0.844,0,0,0,0,0,0,Faible
713168733,Client actuel,65,F,0,Non connu,Célibataire,Moins de $40K,Blue,56,3,3,2403,61,0.858,0,0,0,0,0,0,Faible
708614058,Client actuel,56,F,2,Licence,Divorcé(e),Moins de $40K,Blue,45,2,4,1690,67,0.862,0,1,0,0,0,1,Faible
718088133,Client actuel,40,F,3,Non connu,Divorcé(e),Moins de $40K,Blue,36,1,0,1061,27,0.452,0,0,0,1,0,1,Faible
720614658,Client actuel,40,M,2,Lycée (équivalent baccalauréat),Divorcé(e),$60K - $80K,Blue,25,4,2,0,95,0.0,1,0,1,0,1,3,Modéré
716695533,Client actuel,49,F,3,Niveau Bac+2,Marié(e),Moins de $40K,Blue,29,3,3,1557,75,0.772,0,0,0,0,0,0,Faible
717091533,Client actuel,29,F,1,Licence,Célibataire,Non connu,Blue,36,2,3,1172,84,0.086,0,0,0,0,1,1,Faible
713231658,Client actuel,45,F,2,Doctorat,Célibataire,Moins de $40K,Blue,33,2,3,1117,52,0.201,0,0,0,0,0,0,Faible
715675458,Client actuel,51,M,1,Lycée (équivalent baccalauréat),Non connu,$80K - $120K,Blue,41,1,2,578,85,0.091,0,0,1,0,1,2,Modéré
712463883,Client actuel,45,M,2,Non connu,Marié(e),$120K +,Silver,38,2,3,1406,63,0.041,0,0,0,0,1,1,Faible
708489258,Client actuel,40,F,3,Licence,Marié(e),Moins de $40K,Blue,27,3,3,988,72,0.687,0,0,0,0,0,0,Faible
708403308,Client actuel,37,M,3,Non connu,Célibataire,$40K - $60K,Silver,24,1,3,1663,68,0.11,0,0,0,0,1,1,Faible
769684158,Client actuel,42,M,4,Niveau Bac+2,Célibataire,$40K - $60K,Blue,36,3,2,1488,75,0.595,0,0,0,0,0,0,Faible
710349258,Client actuel,45,F,3,Lycée (équivalent baccalauréat),Célibataire,Moins de $40K,Blue,36,2,2,2052,68,0.793,0,0,0,0,0,0,Faible
713940033,Client actuel,47,F,3,Licence,Célibataire,Moins de $40K,Blue,36,1,3,1460,79,0.713,0,0,0,0,0,0,Faible
713482608,Client actuel,47,M,4,Niveau Bac+2,Marié(e),$40K - $60K,Blue,35,1,2,751,79,0.211,0,0,0,0,0,0,Faible
714571008,Client actuel,49,F,3,Non connu,Marié(e),Moins de $40K,Blue,36,2,3,0,78,0.0,0,0,1,0,1,2,Modéré
715354008,Client actuel,43,M,3,Licence,Non connu,$120K +,Blue,36,1,2,0,68,0.0,0,0,1,0,1,2,Modéré
819363708,Client actuel,43,M,1,Master,Célibataire,$60K - $80K,Blue,38,2,3,1482,67,0.621,0,0,0,0,0,0,Faible
712014708,Client actuel,48,M,4,Licence,Marié(e),Moins de $40K,Blue,36,1,2,1501,90,0.515,0,0,0,0,0,0,Faible
788717358,Client actuel,53,M,2,Sans diplôme,Célibataire,$60K - $80K,Blue,38,2,2,1255,68,0.178,0,0,0,0,0,0,Faible
710413533,Client actuel,56,M,2,Licence,Marié(e),$80K - $120K,Blue,51,3,3,1080,66,0.089,0,0,0,0,1,1,Faible
715059258,Client actuel,38,F,3,Doctorat,Célibataire,Non connu,Blue,32,4,4,1970,82,0.641,1,1,0,0,0,2,Modéré
713852958,Client actuel,51,F,2,Licence,Célibataire,Non connu,Silver,41,3,3,1810,81,0.057,0,0,0,0,1,1,Faible
767835558,Client actuel,42,F,2,Non connu,Marié(e),Moins de $40K,Blue,36,1,3,2517,69,0.425,0,0,0,0,0,0,Faible
721531683,Client actuel,44,F,4,Licence,Célibataire,Non connu,Blue,36,1,3,0,81,0.0,0,0,1,0,1,2,Modéré
720660558,Client actuel,50,M,2,Sans diplôme,Marié(e),$120K +,Blue,36,3,4,2100,89,0.088,0,1,0,0,1,2,Modéré
814845933,Client actuel,62,M,0,Licence,Célibataire,$80K - $120K,Blue,56,3,3,0,74,0.0,0,0,1,0,1,2,Modéré
773155533,Client actuel,49,F,3,Non connu,Célibataire,Moins de $40K,Blue,42,3,3,814,89,0.25,0,0,0,0,0,0,Faible
711199908,Client actuel,41,M,2,Licence,Célibataire,$60K - $80K,Blue,30,1,2,1232,71,0.532,0,0,0,0,0,0,Faible
721398858,Client actuel,43,M,2,Non connu,Célibataire,$120K +,Blue,34,3,4,0,76,0.0,0,1,1,0,1,3,Modéré
715500558,Client actuel,45,F,3,Licence,Marié(e),Non connu,Blue,36,1,4,774,78,0.473,0,1,0,0,0,1,Faible
719239158,Client actuel,48,M,3,Lycée (équivalent baccalauréat),Marié(e),$60K - $80K,Blue,39,3,2,0,72,0.0,0,0,1,0,1,2,Modéré
820633833,Client actuel,64,F,1,Licence,Célibataire,$40K - $60K,Blue,56,2,4,948,72,0.184,0,1,0,0,0,1,Faible
718487958,Client actuel,53,F,2,Lycée (équivalent baccalauréat),Marié(e),Moins de $40K,Blue,41,3,0,1303,76,0.466,0,0,0,0,0,0,Faible
778878633,Client actuel,51,M,3,Non connu,Marié(e),$80K - $120K,Blue,32,3,1,885,67,0.487,0,0,0,0,0,0,Faible
718569258,Client actuel,56,F,2,Non connu,Marié(e),Moins de $40K,Blue,36,3,3,974,73,0.48,0,0,0,0,0,0,Faible
711649908,Client actuel,33,F,3,Licence,Marié(e),Non connu,Blue,15,3,2,1055,67,0.734,0,0,0,0,0,0,Faible
720879708,Client actuel,52,M,2,Lycée (équivalent baccalauréat),Célibataire,$80K - $120K,Blue,44,2,4,1308,64,0.046,0,1,0,0,1,2,Modéré
815761908,Client actuel,46,F,3,Non connu,Marié(e),Non connu,Silver,41,3,2,0,72,0.0,0,0,1,0,1,2,Modéré
711850533,Client actuel,46,F,4,Sans diplôme,Célibataire,Non connu,Blue,36,1,4,0,71,0.0,0,1,1,0,1,3,Modéré
721028283,Client actuel,40,F,4,Lycée (équivalent baccalauréat),Marié(e),$40K - $60K,Blue,28,1,3,1160,86,0.101,0,0,0,0,1,1,Faible
710763783,Client actuel,49,M,2,Lycée (équivalent baccalauréat),Célibataire,$80K - $120K,Blue,32,1,3,762,47,0.027,0,0,0,0,1,1,Faible
720432858,Client actuel,40,F,4,Master,Marié(e),Moins de $40K,Blue,36,1,3,1510,63,0.652,0,0,0,0,0,0,Faible
772525308,Client actuel,43,M,3,Niveau Bac+2,Célibataire,$40K - $60K,Blue,33,2,4,1689,69,0.16,0,1,0,0,1,2,Modéré
767354208,Client actuel,48,M,4,Licence,Célibataire,$80K - $120K,Blue,41,2,1,0,75,0.0,0,0,1,0,1,2,Modéré
715670058,Client actuel,50,M,3,Licence,Marié(e),$120K +,Blue,38,2,4,1662,76,0.048,0,1,0,0,1,2,Modéré
713856708,Client actuel,48,M,4,Lycée (équivalent baccalauréat),Marié(e),$80K - $120K,Blue,36,1,2,2517,79,0.37,0,0,0,0,0,0,Faible
758086458,Client actuel,46,F,3,Licence,Marié(e),Non connu,Blue,39,3,4,0,62,0.0,0,1,1,0,1,3,Modéré
709604958,Client actuel,51,F,3,Licence,Célibataire,$40K - $60K,Blue,36,3,4,1847,64,0.715,0,1,0,0,0,1,Faible
714931458,Client actuel,52,F,2,Master,Célibataire,Non connu,Blue,42,2,3,0,78,0.0,0,0,1,0,1,2,Modéré
711047658,Client actuel,46,F,3,Lycée (équivalent baccalauréat),Marié(e),Moins de $40K,Blue,38,2,2,1315,83,0.738,0,0,0,0,0,0,Faible
716385858,Client actuel,42,F,4,Licence,Marié(e),Moins de $40K,Blue,28,2,4,1245,90,0.565,0,1,0,0,0,1,Faible
708812133,Client actuel,49,F,3,Licence,Marié(e),Non connu,Blue,39,3,0,1647,75,0.726,0,0,0,0,0,0,Faible
787655058,Client actuel,44,F,2,Sans diplôme,Célibataire,Moins de $40K,Blue,37,2,3,1875,85,0.73,0,0,0,0,0,0,Faible
715762083,Client actuel,46,M,0,Sans diplôme,Célibataire,$60K - $80K,Silver,36,3,2,2030,45,0.067,0,0,0,1,1,2,Modéré
711629733,Client actuel,45,F,2,Licence,Marié(e),Moins de $40K,Blue,34,3,1,1499,66,0.279,0,0,0,0,0,0,Faible
718410258,Client actuel,37,M,3,Lycée (équivalent baccalauréat),Non connu,$80K - $120K,Blue,28,4,4,0,80,0.0,1,1,1,0,1,4,Élevé
719745558,Client actuel,52,M,3,Licence,Célibataire,$60K - $80K,Blue,36,2,2,1729,77,0.189,0,0,0,0,0,0,Faible
793543758,Client actuel,47,M,2,Licence,Célibataire,$120K +,Blue,41,2,4,784,77,0.074,0,1,0,0,1,2,Modéré
778224858,Client actuel,42,F,2,Niveau Bac+2,Non connu,Non connu,Blue,32,3,4,1003,89,0.249,0,1,0,0,0,1,Faible
712555233,Client actuel,59,F,0,Licence,Célibataire,$40K - $60K,Blue,48,1,2,710,38,0.169,0,0,0,1,0,1,Faible
718516533,Client actuel,46,F,2,Licence,Célibataire,Moins de $40K,Blue,36,2,3,2196,78,0.849,0,0,0,0,0,0,Faible
708923658,Client actuel,41,F,3,Non connu,Non connu,Moins de $40K,Blue,28,2,2,1420,92,0.196,0,0,0,0,0,0,Faible
717708783,Client actuel,57,M,2,Licence,Célibataire,$120K +,Silver,51,3,4,1417,77,0.041,0,1,0,0,1,2,Modéré
780688383,Client actuel,35,M,1,Licence,Non connu,$80K - $120K,Blue,24,2,3,0,56,0.0,0,0,1,0,1,2,Modéré
718821783,Client actuel,53,M,1,Non connu,Marié(e),$40K - $60K,Blue,48,1,3,1704,73,0.676,0,0,0,0,0,0,Faible
718163808,Client actuel,37,M,1,Licence,Célibataire,$80K - $120K,Blue,24,3,4,0,71,0.0,0,1,1,0,1,3,Modéré
711286533,Client actuel,43,M,3,Licence,Non connu,$60K - $80K,Blue,31,1,2,0,62,0.0,0,0,1,0,1,2,Modéré
711655683,Client actuel,55,M,1,Sans diplôme,Célibataire,$60K - $80K,Silver,46,2,4,0,62,0.0,0,1,1,0,1,3,Modéré
718188858,Client actuel,52,F,0,Licence,Célibataire,Moins de $40K,Blue,36,1,2,1097,84,0.432,0,0,0,0,0,0,Faible
718514283,Client actuel,46,M,4,Lycée (équivalent baccalauréat),Célibataire,$40K - $60K,Blue,36,2,2,794,67,0.552,0,0,0,0,0,0,Faible
712089108,Client actuel,49,M,3,Sans diplôme,Divorcé(e),$80K - $120K,Blue,37,3,3,1141,76,0.04,0,0,0,0,1,1,Faible
710761533,Client actuel,44,M,2,Licence,Non connu,$80K - $120K,Blue,33,2,3,1624,87,0.069,0,0,0,0,1,1,Faible
714963558,Client actuel,46,M,3,Licence,Célibataire,$40K - $60K,Blue,36,2,3,0,71,0.0,0,0,1,0,1,2,Modéré
714834258,Client actuel,43,F,4,Lycée (équivalent baccalauréat),Non connu,Moins de $40K,Blue,36,2,4,1127,83,0.458,0,1,0,0,0,1,Faible
719583558,Client actuel,49,F,3,Sans diplôme,Marié(e),$40K - $60K,Blue,40,2,3,1700,70,0.191,0,0,0,0,0,0,Faible
744705408,Client actuel,48,F,4,Licence,Célibataire,Non connu,Blue,41,3,2,1172,61,0.224,0,0,0,0,0,0,Faible
713240133,Client actuel,42,F,3,Lycée (équivalent baccalauréat),Marié(e),Moins de $40K,Blue,36,3,1,1482,60,0.158,0,0,0,0,1,1,Faible
815015283,Client actuel,43,F,4,Licence,Marié(e),Moins de $40K,Blue,38,2,2,1650,62,0.621,0,0,0,0,0,0,Faible
718072758,Client actuel,51,M,2,Master,Marié(e),$120K +,Blue,45,2,1,2517,73,0.793,0,0,0,0,0,0,Faible
709127808,Client actuel,48,M,3,Master,Divorcé(e),$60K - $80K,Blue,35,2,1,1331,57,0.213,0,0,0,0,0,0,Faible
715080258,Client actuel,37,F,1,Lycée (équivalent baccalauréat),Célibataire,Non connu,Blue,36,2,3,1093,89,0.162,0,0,0,0,0,0,Faible
709567758,Client actuel,40,F,3,Sans diplôme,Marié(e),Moins de $40K,Blue,29,1,2,2225,71,0.894,0,0,0,0,0,0,Faible
715357308,Client actuel,44,M,2,Licence,Marié(e),$60K - $80K,Blue,36,1,2,1424,65,0.344,0,0,0,0,0,0,Faible
720559908,Client actuel,58,F,2,Sans diplôme,Divorcé(e),Moins de $40K,Silver,46,1,4,653,61,0.056,0,1,1,0,1,3,Modéré
720339558,Client actuel,47,F,2,Licence,Célibataire,Moins de $40K,Blue,36,1,2,494,71,0.209,0,0,1,0,0,1,Faible
793269933,Client actuel,46,M,3,Licence,Non connu,$60K - $80K,Silver,40,3,2,0,78,0.0,0,0,1,0,1,2,Modéré
809978733,Client actuel,33,F,2,Lycée (équivalent baccalauréat),Célibataire,$40K - $60K,Blue,28,2,3,746,77,0.519,0,0,0,0,0,0,Faible
788996058,Client actuel,47,F,2,Lycée (équivalent baccalauréat),Marié(e),Moins de $40K,Blue,34,2,4,1970,69,0.722,0,1,0,0,0,1,Faible
712575708,Client actuel,55,F,2,Lycée (équivalent baccalauréat),Marié(e),Moins de $40K,Blue,36,1,4,1175,82,0.589,0,1,0,0,0,1,Faible
789625383,Client actuel,48,M,3,Sans diplôme,Célibataire,$80K - $120K,Blue,42,3,3,1626,62,0.167,0,0,0,0,0,0,Faible
719730258,Client actuel,41,M,4,Sans diplôme,Divorcé(e),$60K - $80K,Silver,36,2,3,0,75,0.0,0,0,1,0,1,2,Modéré
793717608,Client actuel,39,M,0,Doctorat,Célibataire,$60K - $80K,Blue,33,2,0,1120,79,0.107,0,0,0,0,1,1,Faible
716077458,Client actuel,46,M,3,Sans diplôme,Marié(e),$40K - $60K,Blue,36,2,4,1121,71,0.238,0,1,0,0,0,1,Faible
813435108,Client actuel,49,F,1,Licence,Célibataire,Moins de $40K,Blue,44,2,1,0,78,0.0,0,0,1,0,1,2,Modéré
719880408,Client actuel,46,F,4,Licence,Marié(e),Moins de $40K,Blue,35,3,1,1611,57,0.524,0,0,0,0,0,0,Faible
719343633,Client actuel,48,M,3,Lycée (équivalent baccalauréat),Non connu,Moins de $40K,Blue,38,3,3,889,89,0.1,0,0,0,0,1,1,Faible
717443658,Client actuel,37,F,0,Licence,Divorcé(e),$40K - $60K,Blue,28,3,1,0,81,0.0,0,0,1,0,1,2,Modéré
715976433,Client actuel,42,M,3,Lycée (équivalent baccalauréat),Non connu,Moins de $40K,Blue,31,2,4,1885,75,0.242,0,1,0,0,0,1,Faible
719038008,Client actuel,48,F,4,Licence,Célibataire,Moins de $40K,Blue,35,2,2,1192,41,0.699,0,0,0,1,0,1,Faible
710186958,Client actuel,45,F,3,Non connu,Célibataire,Non connu,Blue,32,3,4,2000,82,0.215,0,1,0,0,0,1,Faible
709274583,Client actuel,40,M,2,Lycée (équivalent baccalauréat),Marié(e),$120K +,Blue,27,3,1,1323,91,0.108,0,0,0,0,1,1,Faible
816864483,Client actuel,39,F,4,Sans diplôme,Célibataire,$40K - $60K,Blue,34,2,2,803,74,0.078,0,0,0,0,1,1,Faible
708271833,Client actuel,42,M,3,Licence,Célibataire,$40K - $60K,Silver,36,2,3,1843,67,0.122,0,0,0,0,1,1,Faible
820920408,Client actuel,53,F,2,Licence,Célibataire,Moins de $40K,Blue,48,2,2,0,59,0.0,0,0,1,0,1,2,Modéré
718403358,Client actuel,49,F,2,Lycée (équivalent baccalauréat),Divorcé(e),$40K - $60K,Blue,33,2,1,2517,67,0.348,0,0,0,0,0,0,Faible
713476758,Client actuel,44,M,4,Non connu,Marié(e),$60K - $80K,Blue,32,1,1,1586,77,0.158,0,0,0,0,1,1,Faible
720690933,Client actuel,52,M,4,Sans diplôme,Marié(e),$60K - $80K,Blue,39,1,3,1584,67,0.6,0,0,0,0,0,0,Faible
719252583,Client actuel,29,F,1,Lycée (équivalent baccalauréat),Célibataire,Moins de $40K,Blue,20,2,1,1488,92,0.481,0,0,0,0,0,0,Faible
771204108,Client actuel,36,F,2,Sans diplôme,Célibataire,Non connu,Blue,23,1,0,1179,67,0.603,0,0,0,0,0,0,Faible
817247658,Client actuel,45,M,3,Lycée (équivalent baccalauréat),Non connu,$60K - $80K,Blue,27,2,3,0,67,0.0,0,0,1,0,1,2,Modéré
714389883,Client actuel,45,M,4,Licence,Célibataire,$80K - $120K,Blue,36,3,1,1485,77,0.184,0,0,0,0,0,0,Faible
713648208,Client actuel,40,F,2,Licence,Non connu,$40K - $60K,Blue,32,2,2,2409,86,0.778,0,0,0,0,0,0,Faible
824163333,Client actuel,43,F,5,Sans diplôme,Célibataire,Moins de $40K,Blue,39,2,4,2424,66,0.767,0,1,0,0,0,1,Faible
711154908,Client actuel,59,F,0,Non connu,Célibataire,Moins de $40K,Blue,40,2,2,1076,76,0.583,0,0,0,0,0,0,Faible
720334833,Client actuel,39,F,5,Niveau Bac+2,Célibataire,Moins de $40K,Blue,30,1,2,1869,91,0.397,0,0,0,0,0,0,Faible
708205083,Client actuel,38,F,1,Lycée (équivalent baccalauréat),Marié(e),Moins de $40K,Blue,28,4,3,0,81,0.0,1,0,1,0,1,3,Modéré
715276683,Client actuel,52,M,2,Lycée (équivalent baccalauréat),Marié(e),$60K - $80K,Blue,45,1,4,1676,69,0.069,0,1,0,0,1,2,Modéré
721254858,Client actuel,42,F,5,Licence,Marié(e),Moins de $40K,Blue,18,1,1,1074,70,0.634,0,0,0,0,0,0,Faible
789616158,Client actuel,33,M,3,Non connu,Divorcé(e),Non connu,Blue,27,1,3,0,52,0.0,0,0,1,0,1,2,Modéré
708773583,Client actuel,52,F,3,Licence,Non connu,$40K - $60K,Blue,45,2,0,1710,64,0.157,0,0,0,0,1,1,Faible
711110733,Client actuel,45,M,3,Lycée (équivalent baccalauréat),Marié(e),$40K - $60K,Silver,33,2,1,1519,66,0.09,0,0,0,0,1,1,Faible
714043008,Client actuel,37,M,2,Lycée (équivalent baccalauréat),Célibataire,$40K - $60K,Blue,30,3,4,0,76,0.0,0,1,1,0,1,3,Modéré
780602733,Client actuel,42,M,3,Sans diplôme,Célibataire,$60K - $80K,Blue,30,2,3,1294,66,0.156,0,0,0,0,1,1,Faible
823557333,Client actuel,43,F,2,Sans diplôme,Non connu,Moins de $40K,Blue,39,3,3,2517,86,0.921,0,0,0,0,0,0,Faible
772825308,Client actuel,40,M,3,Licence,Divorcé(e),$80K - $120K,Blue,31,2,3,1509,60,0.055,0,0,0,0,1,1,Faible
713251008,Client actuel,43,F,2,Sans diplôme,Marié(e),Non connu,Blue,38,3,1,1853,63,0.626,0,0,0,0,0,0,Faible
711175083,Client actuel,54,M,3,Doctorat,Célibataire,$60K - $80K,Blue,41,2,3,0,75,0.0,0,0,1,0,1,2,Modéré
756477333,Client actuel,42,F,4,Sans diplôme,Marié(e),Moins de $40K,Blue,35,3,1,0,71,0.0,0,0,1,0,1,2,Modéré
712294983,Client actuel,39,F,2,Licence,Marié(e),$40K - $60K,Blue,36,2,4,1160,71,0.596,0,1,0,0,0,1,Faible
717023508,Client actuel,45,F,3,Non connu,Non connu,$40K - $60K,Blue,36,1,2,1551,85,0.582,0,0,0,0,0,0,Faible
709869708,Client actuel,54,F,3,Niveau Bac+2,Célibataire,Moins de $40K,Blue,45,1,4,2039,71,0.666,0,1,0,0,0,1,Faible
772133808,Client actuel,47,F,3,Master,Célibataire,$40K - $60K,Blue,36,5,0,1059,62,0.34,1,0,0,0,0,1,Faible
768196008,Client actuel,54,M,1,Sans diplôme,Célibataire,$60K - $80K,Blue,48,2,3,2158,56,0.144,0,0,0,0,1,1,Faible
789526458,Client actuel,44,M,3,Non connu,Marié(e),$40K - $60K,Blue,36,2,1,1706,57,0.673,0,0,0,0,0,0,Faible
716079708,Client actuel,46,F,3,Niveau Bac+2,Célibataire,Moins de $40K,Blue,36,2,2,2373,65,0.948,0,0,0,0,0,0,Faible
720087708,Client actuel,38,F,3,Lycée (équivalent baccalauréat),Marié(e),Moins de $40K,Blue,31,3,2,0,89,0.0,0,0,1,0,1,2,Modéré
714259533,Client actuel,43,F,2,Licence,Marié(e),Moins de $40K,Blue,35,1,3,622,88,0.152,0,0,1,0,1,2,Modéré
714691683,Client actuel,62,M,1,Licence,Célibataire,$60K - $80K,Blue,54,1,4,607,76,0.046,0,1,1,0,1,3,Modéré
768420558,Client actuel,59,F,0,Licence,Célibataire,Moins de $40K,Blue,53,3,4,1469,63,0.304,0,1,0,0,0,1,Faible
719186433,Client actuel,53,F,1,Niveau Bac+2,Célibataire,Non connu,Blue,44,2,2,1328,86,0.121,0,0,0,0,1,1,Faible
719951208,Client actuel,43,M,4,Licence,Célibataire,$60K - $80K,Blue,24,3,2,0,69,0.0,0,0,1,0,1,2,Modéré
720182658,Client actuel,44,F,3,Sans diplôme,Célibataire,Non connu,Blue,31,2,3,940,72,0.052,0,0,0,0,1,1,Faible
789022233,Client actuel,50,F,2,Sans diplôme,Célibataire,Moins de $40K,Blue,37,5,2,754,69,0.524,1,0,0,0,0,1,Faible
778353183,Client actuel,31,F,0,Lycée (équivalent baccalauréat),Marié(e),Moins de $40K,Blue,13,2,3,984,77,0.307,0,0,0,0,0,0,Faible
713789883,Client actuel,50,F,4,Lycée (équivalent baccalauréat),Marié(e),$40K - $60K,Blue,36,1,1,1004,75,0.679,0,0,0,0,0,0,Faible
773018583,Client actuel,38,F,4,Licence,Marié(e),Moins de $40K,Blue,30,1,2,2216,75,0.705,0,0,0,0,0,0,Faible
771354633,Client actuel,58,M,1,Niveau Bac+2,Célibataire,$80K - $120K,Blue,45,3,4,1480,73,0.798,0,1,0,0,0,1,Faible
712271958,Client actuel,37,M,3,Sans diplôme,Non connu,$80K - $120K,Blue,36,2,3,1793,75,0.183,0,0,0,0,0,0,Faible
716736858,Client actuel,47,F,4,Licence,Marié(e),Moins de $40K,Blue,39,3,2,0,80,0.0,0,0,1,0,1,2,Modéré
782555058,Client actuel,35,F,1,Non connu,Marié(e),Moins de $40K,Blue,29,2,3,856,92,0.595,0,0,0,0,0,0,Faible
787918158,Client actuel,32,F,0,Sans diplôme,Marié(e),Moins de $40K,Blue,23,2,4,1114,66,0.517,0,1,0,0,0,1,Faible
779070033,Client actuel,63,F,0,Niveau Bac+2,Célibataire,Moins de $40K,Blue,44,4,2,0,56,0.0,1,0,1,0,1,3,Modéré
789945933,Client actuel,61,F,1,Licence,Célibataire,Moins de $40K,Blue,52,3,1,0,67,0.0,0,0,1,0,1,2,Modéré
715627833,Client actuel,48,M,3,Lycée (équivalent baccalauréat),Marié(e),$60K - $80K,Gold,37,2,0,1948,75,0.056,0,0,0,0,1,1,Faible
809538783,Client actuel,49,M,1,Lycée (équivalent baccalauréat),Célibataire,$120K +,Blue,44,2,3,1058,72,0.736,0,0,0,0,0,0,Faible
711967158,Client actuel,35,F,3,Licence,Célibataire,Moins de $40K,Blue,23,3,1,1370,79,0.62,0,0,0,0,0,0,Faible
712325433,Client actuel,39,F,2,Non connu,Célibataire,Non connu,Blue,28,2,2,792,80,0.53,0,0,0,0,0,0,Faible
716470683,Client actuel,48,F,3,Master,Marié(e),Non connu,Blue,36,1,3,2048,77,0.099,0,0,0,0,1,1,Faible
713289183,Client actuel,53,F,3,Doctorat,Marié(e),Moins de $40K,Blue,33,2,1,1647,76,0.73,0,0,0,0,0,0,Faible
711549408,Client actuel,51,M,3,Sans diplôme,Marié(e),$80K - $120K,Blue,42,1,3,961,90,0.638,0,0,0,0,0,0,Faible
709523508,Client actuel,65,F,0,Sans diplôme,Non connu,Moins de $40K,Silver,53,1,2,0,83,0.0,0,0,1,0,1,2,Modéré
717578358,Client actuel,49,F,4,Licence,Marié(e),Non connu,Blue,40,1,1,1704,80,0.209,0,0,0,0,0,0,Faible
711673983,Client actuel,44,M,4,Non connu,Célibataire,$60K - $80K,Blue,36,1,2,1568,81,0.084,0,0,0,0,1,1,Faible
715679733,Client actuel,43,F,2,Sans diplôme,Célibataire,Moins de $40K,Blue,36,2,4,1513,67,0.872,0,1,0,0,0,1,Faible
779694183,Client actuel,51,M,3,Niveau Bac+2,Célibataire,$80K - $120K,Blue,34,2,4,1427,73,0.766,0,1,0,0,0,1,Faible
788544108,Client actuel,43,F,2,Lycée (équivalent baccalauréat),Célibataire,Moins de $40K,Blue,37,3,0,1041,74,0.157,0,0,0,0,1,1,Faible
715583283,Client actuel,34,F,0,Licence,Marié(e),Non connu,Blue,13,1,4,2087,66,0.263,0,1,0,0,0,1,Faible
714621183,Client actuel,39,F,3,Licence,Célibataire,Moins de $40K,Blue,36,3,4,1646,80,0.621,0,1,0,0,0,1,Faible
712999008,Client actuel,40,F,3,Licence,Célibataire,Moins de $40K,Blue,33,1,1,1771,72,0.674,0,0,0,0,0,0,Faible
780790008,Client actuel,46,F,3,Non connu,Marié(e),$40K - $60K,Blue,39,3,2,563,69,0.386,0,0,1,0,0,1,Faible
779499933,Client actuel,46,M,5,Sans diplôme,Non connu,$80K - $120K,Blue,28,1,1,1259,94,0.036,0,0,0,0,1,1,Faible
717200508,Client actuel,40,F,4,Sans diplôme,Célibataire,Non connu,Blue,32,1,3,2038,73,0.667,0,0,0,0,0,0,Faible
716995083,Client actuel,52,M,2,Lycée (équivalent baccalauréat),Célibataire,$80K - $120K,Blue,44,2,4,1049,64,0.396,0,1,0,0,0,1,Faible
718137183,Client actuel,58,F,1,Niveau Bac+2,Marié(e),Moins de $40K,Blue,38,2,3,2251,92,0.676,0,0,0,0,0,0,Faible
787507833,Client actuel,49,F,1,Sans diplôme,Non connu,Moins de $40K,Blue,38,2,1,1820,63,0.544,0,0,0,0,0,0,Faible
717967833,Client actuel,55,F,1,Non connu,Marié(e),Moins de $40K,Blue,36,1,0,1555,81,0.581,0,0,0,0,0,0,Faible
717376758,Client actuel,56,F,2,Lycée (équivalent baccalauréat),Marié(e),Moins de $40K,Blue,47,3,1,1324,72,0.592,0,0,0,0,0,0,Faible
717491058,Client actuel,42,M,2,Master,Célibataire,$60K - $80K,Blue,26,2,3,1747,60,0.084,0,0,0,0,1,1,Faible
714485508,Client actuel,45,M,3,Doctorat,Célibataire,$80K - $120K,Blue,36,2,4,1254,81,0.138,0,1,0,0,1,2,Modéré
711377808,Client actuel,47,M,3,Licence,Non connu,$60K - $80K,Blue,36,3,2,0,66,0.0,0,0,1,0,1,2,Modéré
718565733,Client actuel,62,M,0,Non connu,Célibataire,Moins de $40K,Blue,36,2,4,1769,67,0.484,0,1,0,0,0,1,Faible
712723608,Client actuel,44,F,3,Sans diplôme,Non connu,Moins de $40K,Blue,36,2,4,0,66,0.0,0,1,1,0,1,3,Modéré
789948408,Client actuel,55,M,2,Licence,Célibataire,$80K - $120K,Blue,46,1,4,1718,74,0.05,0,1,0,0,1,2,Modéré
734909358,Client actuel,43,M,4,Licence,Célibataire,$80K - $120K,Blue,33,1,1,1244,79,0.19,0,0,0,0,0,0,Faible
719267283,Client actuel,35,F,2,Doctorat,Marié(e),$40K - $60K,Blue,27,1,0,1554,71,0.796,0,0,0,0,0,0,Faible
780684933,Client actuel,49,M,3,Lycée (équivalent baccalauréat),Non connu,$40K - $60K,Blue,38,1,3,1783,69,0.584,0,0,0,0,0,0,Faible
789059958,Client actuel,42,M,4,Lycée (équivalent baccalauréat),Marié(e),$120K +,Gold,30,2,4,1045,75,0.03,0,1,0,0,1,2,Modéré
797138883,Client actuel,43,M,4,Non connu,Marié(e),$40K - $60K,Blue,37,2,3,1491,77,0.138,0,0,0,0,1,1,Faible
742778358,Client actuel,44,M,1,Licence,Célibataire,$60K - $80K,Blue,37,1,4,1229,69,0.073,0,1,0,0,1,2,Modéré
713933658,Client actuel,56,F,0,Licence,Célibataire,Moins de $40K,Blue,45,6,2,1621,70,0.658,1,0,0,0,0,1,Faible
788142483,Client actuel,46,M,3,Niveau Bac+2,Célibataire,$80K - $120K,Silver,38,3,1,1278,73,0.037,0,0,0,0,1,1,Faible
789705408,Client actuel,50,M,2,Niveau Bac+2,Marié(e),$60K - $80K,Blue,37,1,2,1687,55,0.356,0,0,0,0,0,0,Faible
780378633,Client actuel,43,M,3,Niveau Bac+2,Non connu,$60K - $80K,Blue,33,3,4,1455,71,0.155,0,1,0,0,1,2,Modéré
817422408,Client actuel,45,F,3,Sans diplôme,Célibataire,Moins de $40K,Blue,30,2,3,1118,71,0.543,0,0,0,0,0,0,Faible
781297983,Client actuel,58,M,2,Non connu,Divorcé(e),$60K - $80K,Blue,52,2,3,1196,78,0.059,0,0,0,0,1,1,Faible
710671608,Client actuel,39,F,2,Licence,Divorcé(e),Moins de $40K,Blue,31,3,4,918,69,0.135,0,1,0,0,1,2,Modéré
719967708,Client actuel,44,F,2,Non connu,Célibataire,Moins de $40K,Blue,32,1,4,2128,66,0.329,0,1,0,0,0,1,Faible
711879633,Client actuel,45,M,3,Lycée (équivalent baccalauréat),Célibataire,Moins de $40K,Blue,29,1,2,1985,70,0.718,0,0,0,0,0,0,Faible
716444733,Client actuel,55,F,2,Licence,Marié(e),Moins de $40K,Blue,46,3,4,0,79,0.0,0,1,1,0,1,3,Modéré
718460958,Client actuel,49,F,2,Niveau Bac+2,Marié(e),Moins de $40K,Blue,35,3,4,1856,64,0.565,0,1,0,0,0,1,Faible
789953733,Client actuel,46,F,3,Licence,Marié(e),Moins de $40K,Blue,37,1,3,1961,78,0.794,0,0,0,0,0,0,Faible
770278833,Client actuel,43,M,4,Non connu,Marié(e),$120K +,Blue,37,1,3,1250,82,0.06,0,0,0,0,1,1,Faible
787291308,Client actuel,42,F,5,Licence,Marié(e),Moins de $40K,Blue,36,2,4,1709,79,0.404,0,1,0,0,0,1,Faible
710644158,Client actuel,45,M,3,Licence,Non connu,$80K - $120K,Blue,28,3,1,1332,73,0.042,0,0,0,0,1,1,Faible
717095733,Client actuel,48,F,4,Non connu,Non connu,Moins de $40K,Blue,29,3,4,2517,69,0.784,0,1,0,0,0,1,Faible
813338733,Client actuel,47,F,3,Non connu,Célibataire,Non connu,Blue,42,2,2,1382,82,0.235,0,0,0,0,0,0,Faible
787536933,Client actuel,44,F,3,Non connu,Célibataire,Moins de $40K,Blue,33,2,3,0,80,0.0,0,0,1,0,1,2,Modéré
809809008,Client actuel,47,F,5,Licence,Marié(e),Moins de $40K,Blue,42,1,2,1541,68,0.495,0,0,0,0,0,0,Faible
719446833,Client actuel,58,F,1,Lycée (équivalent baccalauréat),Marié(e),Moins de $40K,Blue,46,1,3,1532,83,0.547,0,0,0,0,0,0,Faible
720570333,Client actuel,48,F,3,Niveau Bac+2,Marié(e),Moins de $40K,Blue,36,3,0,1163,81,0.608,0,0,0,0,0,0,Faible
815308683,Client actuel,46,M,3,Niveau Bac+2,Marié(e),$80K - $120K,Blue,41,3,1,887,54,0.047,0,0,0,0,1,1,Faible
717775608,Client actuel,51,M,2,Master,Non connu,$80K - $120K,Blue,43,2,0,1970,80,0.408,0,0,0,0,0,0,Faible
710656683,Client actuel,50,F,3,Lycée (équivalent baccalauréat),Célibataire,Moins de $40K,Blue,36,3,1,1614,64,0.813,0,0,0,0,0,0,Faible
768390708,Client actuel,47,M,2,Non connu,Célibataire,$80K - $120K,Blue,41,1,1,1136,68,0.395,0,0,0,0,0,0,Faible
713263758,Client actuel,53,F,1,Niveau Bac+2,Célibataire,Moins de $40K,Blue,45,2,2,1997,78,0.864,0,0,0,0,0,0,Faible
754564308,Client actuel,46,F,3,Licence,Marié(e),$40K - $60K,Blue,39,3,2,2126,66,0.804,0,0,0,0,0,0,Faible
827890758,Client actuel,39,F,1,Sans diplôme,Célibataire,Moins de $40K,Blue,35,3,0,1302,63,0.631,0,0,0,0,0,0,Faible
779945508,Client actuel,50,F,1,Licence,Marié(e),Moins de $40K,Blue,35,2,2,1881,81,0.536,0,0,0,0,0,0,Faible
720807183,Client actuel,55,M,2,Licence,Célibataire,$80K - $120K,Blue,36,2,1,916,63,0.061,0,0,0,0,1,1,Faible
715844733,Client actuel,45,M,5,Lycée (équivalent baccalauréat),Marié(e),$60K - $80K,Blue,36,3,2,877,71,0.403,0,0,0,0,0,0,Faible
712332183,Client actuel,42,M,3,Niveau Bac+2,Célibataire,$80K - $120K,Blue,36,1,0,895,74,0.03,0,0,0,0,1,1,Faible
790123983,Client actuel,50,F,2,Lycée (équivalent baccalauréat),Célibataire,Moins de $40K,Blue,43,2,1,2090,88,0.703,0,0,0,0,0,0,Faible
716860233,Client actuel,51,F,3,Sans diplôme,Marié(e),Moins de $40K,Blue,39,3,0,701,87,0.086,0,0,0,0,1,1,Faible
714678408,Client actuel,48,F,4,Master,Marié(e),Moins de $40K,Blue,31,6,4,1983,83,0.749,1,1,0,0,0,2,Modéré
713645883,Client actuel,37,F,1,Lycée (équivalent baccalauréat),Célibataire,Moins de $40K,Blue,23,3,4,1486,88,0.791,0,1,0,0,0,1,Faible
718622658,Client actuel,45,M,4,Lycée (équivalent baccalauréat),Célibataire,$80K - $120K,Blue,34,2,3,1696,86,0.107,0,0,0,0,1,1,Faible
710641008,Client actuel,44,F,2,Lycée (équivalent baccalauréat),Célibataire,Moins de $40K,Blue,36,3,4,0,56,0.0,0,1,1,0,1,3,Modéré
718547358,Client actuel,60,F,2,Sans diplôme,Non connu,$40K - $60K,Blue,52,3,2,1740,69,0.65,0,0,0,0,0,0,Faible
716177583,Client actuel,58,F,1,Master,Célibataire,Moins de $40K,Blue,36,2,4,0,89,0.0,0,1,1,0,1,3,Modéré
713417433,Client actuel,42,M,2,Licence,Célibataire,$40K - $60K,Blue,28,1,3,0,77,0.0,0,0,1,0,1,2,Modéré
713043183,Client actuel,61,M,0,Lycée (équivalent baccalauréat),Célibataire,$40K - $60K,Blue,48,2,4,1969,84,0.766,0,1,0,0,0,1,Faible
718501983,Client actuel,44,M,2,Licence,Marié(e),$60K - $80K,Blue,36,6,1,1117,89,0.188,1,0,0,0,0,1,Faible
771790083,Client actuel,43,F,3,Non connu,Marié(e),Moins de $40K,Silver,32,3,2,2080,64,0.199,0,0,0,0,0,0,Faible
712817808,Client actuel,39,M,2,Licence,Marié(e),$60K - $80K,Blue,23,2,1,1561,53,0.328,0,0,0,0,0,0,Faible
811697958,Client actuel,50,F,4,Non connu,Marié(e),Moins de $40K,Blue,45,1,4,755,65,0.507,0,1,0,0,0,1,Faible
817089408,Client actuel,44,M,2,Niveau Bac+2,Marié(e),$60K - $80K,Blue,27,1,2,1754,69,0.092,0,0,0,0,1,1,Faible
803406558,Client actuel,30,F,1,Sans diplôme,Célibataire,Non connu,Blue,24,5,4,1272,86,0.169,1,1,0,0,0,2,Modéré
717297708,Client actuel,47,F,1,Licence,Célibataire,Non connu,Blue,37,3,3,1672,74,0.685,0,0,0,0,0,0,Faible
808756458,Client actuel,47,M,3,Licence,Célibataire,$80K - $120K,Blue,42,3,3,1205,83,0.091,0,0,0,0,1,1,Faible
780638958,Client actuel,42,F,2,Licence,Divorcé(e),$40K - $60K,Blue,31,2,1,1850,77,0.75,0,0,0,0,0,0,Faible
721026033,Client actuel,57,F,1,Non connu,Célibataire,Moins de $40K,Blue,44,3,2,1258,43,0.491,0,0,0,1,0,1,Faible
812493033,Client actuel,44,F,3,Lycée (équivalent baccalauréat),Célibataire,$40K - $60K,Blue,37,1,1,1110,63,0.326,0,0,0,0,0,0,Faible
718256658,Client actuel,45,F,3,Sans diplôme,Marié(e),Moins de $40K,Blue,38,5,1,0,75,0.0,1,0,1,0,1,3,Modéré
711421233,Client actuel,51,M,3,Lycée (équivalent baccalauréat),Célibataire,$60K - $80K,Blue,43,3,3,1513,84,0.213,0,0,0,0,0,0,Faible
710335983,Client actuel,57,F,0,Lycée (équivalent baccalauréat),Divorcé(e),Moins de $40K,Blue,36,1,3,869,64,0.246,0,0,0,0,0,0,Faible
720108783,Client actuel,60,F,1,Sans diplôme,Célibataire,Non connu,Blue,50,3,3,1717,68,0.23,0,0,0,0,0,0,Faible
818259558,Client actuel,64,F,0,Licence,Célibataire,Moins de $40K,Blue,56,2,3,1582,79,0.69,0,0,0,0,0,0,Faible
708511983,Client actuel,37,M,3,Licence,Marié(e),$80K - $120K,Blue,18,3,2,0,82,0.0,0,0,1,0,1,2,Modéré
708838908,Client actuel,49,F,3,Non connu,Célibataire,$40K - $60K,Blue,42,3,4,1654,61,0.322,0,1,0,0,0,1,Faible
793015083,Client actuel,46,F,4,Licence,Marié(e),Non connu,Blue,40,3,4,1270,77,0.491,0,1,0,0,0,1,Faible
821336133,Client actuel,50,F,2,Lycée (équivalent baccalauréat),Célibataire,Moins de $40K,Blue,46,3,2,996,60,0.114,0,0,0,0,1,1,Faible
713905608,Client actuel,56,F,3,Non connu,Célibataire,Moins de $40K,Blue,50,2,2,0,63,0.0,0,0,1,0,1,2,Modéré
779164608,Client actuel,45,F,3,Licence,Marié(e),Moins de $40K,Blue,34,2,3,1336,77,0.506,0,0,0,0,0,0,Faible
714835833,Client actuel,43,M,4,Lycée (équivalent baccalauréat),Divorcé(e),$80K - $120K,Blue,36,3,2,1048,73,0.03,0,0,0,0,1,1,Faible
823863033,Client actuel,52,M,2,Non connu,Marié(e),$80K - $120K,Silver,48,6,1,1473,73,0.043,1,0,0,0,1,2,Modéré
713321508,Client actuel,47,F,3,Non connu,Célibataire,Moins de $40K,Blue,36,1,4,1175,87,0.598,0,1,0,0,0,1,Faible
708992733,Client actuel,50,F,0,Lycée (équivalent baccalauréat),Marié(e),Moins de $40K,Blue,36,3,2,0,98,0.0,0,0,1,0,1,2,Modéré
716094333,Client actuel,49,M,1,Licence,Célibataire,$80K - $120K,Blue,42,2,1,1459,57,0.082,0,0,0,0,1,1,Faible
778567983,Client actuel,50,F,2,Licence,Célibataire,$40K - $60K,Blue,43,1,3,0,77,0.0,0,0,1,0,1,2,Modéré
712178883,Client actuel,49,F,2,Niveau Bac+2,Célibataire,$40K - $60K,Blue,36,2,1,1946,79,0.305,0,0,0,0,0,0,Faible
717490008,Client actuel,43,M,4,Licence,Divorcé(e),$80K - $120K,Blue,36,1,1,1622,52,0.085,0,0,0,0,1,1,Faible
718282983,Client actuel,60,M,0,Niveau Bac+2,Non connu,Moins de $40K,Blue,47,3,3,2257,75,0.734,0,0,0,0,0,0,Faible
747208083,Client actuel,49,M,4,Licence,Célibataire,$40K - $60K,Blue,42,3,2,1501,68,0.532,0,0,0,0,0,0,Faible
719960133,Client actuel,42,M,3,Niveau Bac+2,Célibataire,$80K - $120K,Silver,26,2,2,904,68,0.026,0,0,0,0,1,1,Faible
711062958,Client actuel,43,M,3,Licence,Célibataire,$120K +,Blue,23,2,2,2084,49,0.506,0,0,0,0,0,0,Faible
714917583,Client actuel,42,F,2,Doctorat,Non connu,Moins de $40K,Silver,36,1,2,1079,65,0.107,0,0,0,0,1,1,Faible
767256933,Client actuel,43,M,5,Sans diplôme,Marié(e),$60K - $80K,Blue,36,2,4,598,85,0.228,0,1,1,0,0,2,Modéré
712568358,Client actuel,47,M,1,Lycée (équivalent baccalauréat),Marié(e),$60K - $80K,Blue,29,2,2,0,69,0.0,0,0,1,0,1,2,Modéré
789182358,Client actuel,56,M,1,Sans diplôme,Célibataire,$80K - $120K,Blue,45,1,2,1414,76,0.08,0,0,0,0,1,1,Faible
716989683,Client actuel,56,M,2,Doctorat,Célibataire,$80K - $120K,Blue,48,3,3,2465,74,0.55,0,0,0,0,0,0,Faible
827968383,Client actuel,43,F,3,Lycée (équivalent baccalauréat),Non connu,Moins de $40K,Blue,39,3,2,2284,70,0.678,0,0,0,0,0,0,Faible
788966958,Client actuel,47,F,1,Licence,Marié(e),Non connu,Blue,34,2,2,2023,86,0.65,0,0,0,0,0,0,Faible
756458508,Client actuel,44,M,3,Licence,Célibataire,$60K - $80K,Blue,37,2,3,930,67,0.553,0,0,0,0,0,0,Faible
714643983,Client actuel,42,F,1,Lycée (équivalent baccalauréat),Marié(e),Moins de $40K,Blue,36,3,3,2017,73,0.731,0,0,0,0,0,0,Faible
711606558,Client actuel,49,F,1,Lycée (équivalent baccalauréat),Marié(e),Moins de $40K,Blue,39,2,2,866,83,0.454,0,0,0,0,0,0,Faible
824155458,Client actuel,48,M,2,Lycée (équivalent baccalauréat),Célibataire,$80K - $120K,Blue,44,1,2,1647,72,0.145,0,0,0,0,1,1,Faible
710445183,Client actuel,44,M,5,Doctorat,Célibataire,$120K +,Blue,31,1,2,2496,60,0.33,0,0,0,0,0,0,Faible
813971283,Client actuel,43,M,4,Non connu,Célibataire,$80K - $120K,Blue,38,1,2,1508,63,0.601,0,0,0,0,0,0,Faible
764211033,Client actuel,50,F,3,Sans diplôme,Non connu,Moins de $40K,Blue,43,2,1,2517,87,0.787,0,0,0,0,0,0,Faible
721424583,Client actuel,35,F,1,Lycée (équivalent baccalauréat),Marié(e),Moins de $40K,Blue,26,2,3,900,76,0.469,0,0,0,0,0,0,Faible
794217108,Client actuel,43,M,2,Niveau Bac+2,Célibataire,$120K +,Blue,37,3,1,1348,67,0.094,0,0,0,0,1,1,Faible
715339758,Client actuel,64,F,1,Lycée (équivalent baccalauréat),Divorcé(e),Non connu,Blue,36,3,1,1184,64,0.066,0,0,0,0,1,1,Faible
709610283,Client actuel,42,F,4,Licence,Célibataire,Moins de $40K,Blue,34,2,3,0,72,0.0,0,0,1,0,1,2,Modéré
714575208,Client actuel,49,M,5,Doctorat,Célibataire,$40K - $60K,Blue,43,1,1,2002,62,0.404,0,0,0,0,0,0,Faible
716758908,Client actuel,46,M,3,Sans diplôme,Célibataire,$120K +,Blue,27,2,3,2213,71,0.064,0,0,0,0,1,1,Faible
789466008,Client actuel,47,M,5,Licence,Marié(e),$60K - $80K,Blue,38,3,4,612,75,0.025,0,1,1,0,1,3,Modéré
716635758,Client actuel,38,F,2,Non connu,Célibataire,$40K - $60K,Blue,29,3,2,2331,68,0.712,0,0,0,0,0,0,Faible
771819258,Client actuel,52,M,1,Non connu,Marié(e),$120K +,Blue,40,1,2,0,82,0.0,0,0,1,0,1,2,Modéré
713451408,Client actuel,47,M,4,Lycée (équivalent baccalauréat),Divorcé(e),$60K - $80K,Blue,36,1,3,1654,70,0.851,0,0,0,0,0,0,Faible
711675108,Client actuel,43,F,3,Licence,Célibataire,Moins de $40K,Blue,30,3,1,2189,71,0.537,0,0,0,0,0,0,Faible
792864858,Client actuel,47,M,4,Non connu,Non connu,Moins de $40K,Blue,37,3,3,834,58,0.146,0,0,0,0,1,1,Faible
713009208,Client actuel,54,F,3,Licence,Célibataire,Moins de $40K,Blue,44,2,3,1634,66,0.787,0,0,0,0,0,0,Faible
772231233,Client actuel,41,F,2,Licence,Marié(e),Moins de $40K,Blue,30,2,4,721,85,0.334,0,1,0,0,0,1,Faible
720510333,Client actuel,40,F,3,Niveau Bac+2,Non connu,$40K - $60K,Blue,20,2,2,1349,84,0.662,0,0,0,0,0,0,Faible
780199233,Client actuel,33,M,2,Doctorat,Célibataire,$120K +,Blue,23,1,1,1102,87,0.074,0,0,0,0,1,1,Faible
711700158,Client actuel,47,F,2,Lycée (équivalent baccalauréat),Célibataire,Moins de $40K,Blue,39,3,2,620,70,0.392,0,0,1,0,0,1,Faible
788275083,Client actuel,46,M,3,Niveau Bac+2,Marié(e),$60K - $80K,Blue,38,3,4,1719,80,0.111,0,1,0,0,1,2,Modéré
711406758,Client actuel,48,F,3,Licence,Marié(e),Moins de $40K,Blue,36,2,2,0,80,0.0,0,0,1,0,1,2,Modéré
821424483,Client actuel,51,F,1,Lycée (équivalent baccalauréat),Célibataire,Moins de $40K,Blue,47,3,1,0,70,0.0,0,0,1,0,1,2,Modéré
822068583,Client actuel,48,F,4,Sans diplôme,Célibataire,Non connu,Blue,44,3,0,0,48,0.0,0,0,1,0,1,2,Modéré
711371208,Client actuel,50,F,4,Niveau Bac+2,Marié(e),Non connu,Blue,36,2,2,1863,68,0.288,0,0,0,0,0,0,Faible
788832033,Client actuel,35,M,2,Lycée (équivalent baccalauréat),Non connu,$40K - $60K,Blue,19,3,3,938,64,0.109,0,0,0,0,1,1,Faible
713452533,Client actuel,35,F,4,Licence,Célibataire,Moins de $40K,Blue,22,3,3,0,64,0.0,0,0,1,0,1,2,Modéré
720212508,Client actuel,51,F,1,Licence,Célibataire,Moins de $40K,Blue,37,3,4,697,76,0.158,0,1,0,0,1,2,Modéré
717825033,Client actuel,50,M,0,Non connu,Divorcé(e),$60K - $80K,Blue,36,3,2,2499,80,0.459,0,0,0,0,0,0,Faible
779926608,Client actuel,50,F,2,Lycée (équivalent baccalauréat),Marié(e),Moins de $40K,Blue,36,2,1,0,82,0.0,0,0,1,0,1,2,Modéré
710125608,Client actuel,45,F,5,Non connu,Célibataire,Moins de $40K,Blue,36,2,0,1558,73,0.582,0,0,0,0,0,0,Faible
712724733,Client actuel,31,F,0,Master,Célibataire,Moins de $40K,Blue,19,3,1,1731,71,0.626,0,0,0,0,0,0,Faible
718286658,Client actuel,42,M,3,Licence,Célibataire,$60K - $80K,Silver,22,3,1,1140,80,0.045,0,0,0,0,1,1,Faible
714195108,Client actuel,45,F,2,Master,Célibataire,Non connu,Blue,37,3,4,1796,70,0.663,0,1,0,0,0,1,Faible
752573508,Client actuel,45,F,3,Lycée (équivalent baccalauréat),Célibataire,$40K - $60K,Blue,26,2,4,1867,72,0.463,0,1,0,0,0,1,Faible
768661758,Client actuel,53,M,0,Sans diplôme,Divorcé(e),$120K +,Blue,47,2,1,1752,75,0.067,0,0,0,0,1,1,Faible
716093133,Client actuel,38,F,2,Sans diplôme,Célibataire,$40K - $60K,Blue,31,2,2,2137,68,0.175,0,0,0,0,0,0,Faible
771092433,Client actuel,55,F,2,Licence,Célibataire,Moins de $40K,Blue,42,3,3,0,67,0.0,0,0,1,0,1,2,Modéré
721514883,Client actuel,38,M,1,Licence,Célibataire,$80K - $120K,Blue,25,0,1,1147,78,0.069,0,0,0,0,1,1,Faible
712971708,Client actuel,43,F,5,Non connu,Célibataire,Moins de $40K,Blue,26,0,3,1089,80,0.347,0,0,0,0,0,0,Faible
716471508,Client actuel,54,M,2,Non connu,Célibataire,$120K +,Blue,36,1,2,0,83,0.0,0,0,1,0,1,2,Modéré
782548758,Client actuel,42,F,5,Lycée (équivalent baccalauréat),Divorcé(e),Moins de $40K,Blue,36,2,3,1288,82,0.623,0,0,0,0,0,0,Faible
717389433,Client actuel,62,F,0,Lycée (équivalent baccalauréat),Célibataire,Non connu,Silver,51,1,4,0,67,0.0,0,1,1,0,1,3,Modéré
714292533,Client actuel,48,F,3,Niveau Bac+2,Marié(e),Moins de $40K,Blue,36,1,2,0,64,0.0,0,0,1,0,1,2,Modéré
709585758,Client actuel,41,M,4,Lycée (équivalent baccalauréat),Célibataire,$120K +,Blue,28,1,4,0,86,0.0,0,1,1,0,1,3,Modéré
712096758,Client actuel,49,F,2,Licence,Non connu,$40K - $60K,Blue,36,3,1,653,81,0.122,0,0,1,0,1,2,Modéré
811463283,Client actuel,54,M,0,Licence,Célibataire,$80K - $120K,Blue,42,1,1,1389,50,0.062,0,0,0,0,1,1,Faible
718146258,Client actuel,51,M,2,Licence,Divorcé(e),$60K - $80K,Blue,41,3,1,0,71,0.0,0,0,1,0,1,2,Modéré
710779083,Client actuel,59,F,0,Licence,Marié(e),Moins de $40K,Blue,48,3,4,0,77,0.0,0,1,1,0,1,3,Modéré
709166883,Client actuel,39,F,3,Sans diplôme,Célibataire,Non connu,Blue,27,2,1,0,78,0.0,0,0,1,0,1,2,Modéré
712554183,Client actuel,65,F,2,Niveau Bac+2,Célibataire,$40K - $60K,Blue,54,3,2,721,71,0.24,0,0,0,0,0,0,Faible
721315233,Client actuel,47,M,4,Lycée (équivalent baccalauréat),Célibataire,$40K - $60K,Silver,32,3,4,1192,70,0.064,0,1,0,0,1,2,Modéré
714766383,Client actuel,42,M,3,Lycée (équivalent baccalauréat),Célibataire,Moins de $40K,Blue,24,3,2,1415,77,0.652,0,0,0,0,0,0,Faible
714157908,Client actuel,57,F,0,Non connu,Marié(e),Moins de $40K,Blue,42,1,4,1515,71,0.638,0,1,0,0,0,1,Faible
714588408,Client actuel,51,F,3,Sans diplôme,Marié(e),Moins de $40K,Blue,43,3,2,0,68,0.0,0,0,1,0,1,2,Modéré
719627133,Client actuel,50,F,1,Licence,Célibataire,Moins de $40K,Blue,37,3,4,2481,59,0.757,0,1,0,0,0,1,Faible
714125883,Client actuel,47,M,2,Non connu,Marié(e),$80K - $120K,Blue,36,2,1,1845,71,0.734,0,0,0,0,0,0,Faible
712865583,Client actuel,57,F,5,Licence,Marié(e),$40K - $60K,Blue,49,2,2,2517,69,0.762,0,0,0,0,0,0,Faible
779363283,Client actuel,48,M,3,Master,Célibataire,$60K - $80K,Blue,34,3,2,784,86,0.063,0,0,0,0,1,1,Faible
779224758,Client actuel,47,F,2,Doctorat,Célibataire,Moins de $40K,Blue,37,3,2,1485,86,0.685,0,0,0,0,0,0,Faible
718775808,Client actuel,42,F,3,Non connu,Marié(e),Non connu,Blue,31,1,4,1319,77,0.17,0,1,0,0,0,1,Faible
710267583,Client actuel,45,F,3,Doctorat,Divorcé(e),Non connu,Blue,33,3,2,815,83,0.065,0,0,0,0,1,1,Faible
711305208,Client actuel,52,M,2,Non connu,Marié(e),$60K - $80K,Blue,36,3,4,1088,70,0.074,0,1,0,0,1,2,Modéré
717531483,Client actuel,37,M,2,Lycée (équivalent baccalauréat),Célibataire,$60K - $80K,Blue,21,2,2,964,87,0.281,0,0,0,0,0,0,Faible
711326583,Client actuel,62,F,0,Lycée (équivalent baccalauréat),Célibataire,Moins de $40K,Blue,50,3,3,0,68,0.0,0,0,1,0,1,2,Modéré
712814658,Client actuel,50,F,0,Licence,Marié(e),Moins de $40K,Blue,43,1,2,1499,82,0.626,0,0,0,0,0,0,Faible
710453283,Client actuel,40,F,3,Sans diplôme,Célibataire,Moins de $40K,Blue,27,4,2,0,82,0.0,1,0,1,0,1,3,Modéré
795266208,Client actuel,39,M,3,Niveau Bac+2,Célibataire,$120K +,Blue,30,2,1,0,79,0.0,0,0,1,0,1,2,Modéré
779090883,Client actuel,42,F,2,Non connu,Non connu,Moins de $40K,Blue,23,3,1,1297,64,0.522,0,0,0,0,0,0,Faible
712309758,Client actuel,65,M,0,Licence,Célibataire,$40K - $60K,Blue,49,2,3,1201,75,0.086,0,0,0,0,1,1,Faible
790112133,Client actuel,47,F,2,Master,Célibataire,$40K - $60K,Blue,40,3,2,1647,83,0.628,0,0,0,0,0,0,Faible
797238108,Client actuel,49,F,4,Non connu,Divorcé(e),Moins de $40K,Blue,43,1,2,824,74,0.255,0,0,0,0,0,0,Faible
715588008,Client actuel,45,M,4,Niveau Bac+2,Marié(e),$80K - $120K,Blue,31,3,3,1659,51,0.052,0,0,0,0,1,1,Faible
713977308,Client actuel,62,M,1,Licence,Célibataire,$120K +,Blue,53,3,4,2061,76,0.06,0,1,0,0,1,2,Modéré
719059083,Client actuel,45,F,3,Lycée (équivalent baccalauréat),Non connu,Moins de $40K,Blue,33,1,1,1596,71,0.256,0,0,0,0,0,0,Faible
771529608,Client actuel,50,M,2,Lycée (équivalent baccalauréat),Marié(e),$120K +,Blue,38,6,0,1027,63,0.096,1,0,0,0,1,2,Modéré
715776033,Client actuel,46,M,5,Sans diplôme,Célibataire,$60K - $80K,Blue,33,1,3,0,68,0.0,0,0,1,0,1,2,Modéré
778619358,Client actuel,42,F,3,Sans diplôme,Célibataire,Moins de $40K,Blue,22,1,4,860,79,0.598,0,1,0,0,0,1,Faible
715717608,Client actuel,41,F,4,Sans diplôme,Non connu,Moins de $40K,Blue,32,3,1,0,86,0.0,0,0,1,0,1,2,Modéré
789204933,Client actuel,65,M,1,Sans diplôme,Célibataire,Moins de $40K,Blue,55,2,4,0,76,0.0,0,1,1,0,1,3,Modéré
713591283,Client actuel,36,F,3,Sans diplôme,Marié(e),Non connu,Blue,23,6,1,1404,77,0.65,1,0,0,0,0,1,Faible
719344608,Client actuel,46,F,3,Licence,Célibataire,Moins de $40K,Blue,27,3,3,1001,72,0.257,0,0,0,0,0,0,Faible
787659483,Client actuel,58,F,1,Doctorat,Marié(e),Moins de $40K,Blue,48,2,2,801,60,0.557,0,0,0,0,0,0,Faible
822948708,Client actuel,42,F,3,Sans diplôme,Divorcé(e),Moins de $40K,Blue,38,2,2,849,62,0.271,0,0,0,0,0,0,Faible
710080383,Client actuel,38,F,2,Licence,Célibataire,$40K - $60K,Blue,36,2,3,1709,69,0.733,0,0,0,0,0,0,Faible
715596783,Client actuel,29,F,1,Sans diplôme,Marié(e),Moins de $40K,Blue,18,3,3,1146,72,0.605,0,0,0,0,0,0,Faible
798773208,Client actuel,46,F,4,Non connu,Divorcé(e),Non connu,Blue,40,2,3,1406,75,0.053,0,0,0,0,1,1,Faible
721412208,Client actuel,57,F,2,Lycée (équivalent baccalauréat),Marié(e),Moins de $40K,Blue,36,2,2,904,79,0.629,0,0,0,0,0,0,Faible
708129933,Client actuel,45,F,4,Licence,Célibataire,Moins de $40K,Blue,36,3,2,1544,64,0.745,0,0,0,0,0,0,Faible
719703483,Client actuel,47,F,1,Doctorat,Divorcé(e),Moins de $40K,Blue,37,3,3,1367,73,0.505,0,0,0,0,0,0,Faible
708290208,Client actuel,43,F,3,Lycée (équivalent baccalauréat),Marié(e),Moins de $40K,Silver,31,3,4,1190,76,0.087,0,1,0,0,1,2,Modéré
710431158,Client actuel,52,F,3,Non connu,Célibataire,Non connu,Blue,36,1,2,1657,70,0.161,0,0,0,0,1,1,Faible
816528333,Client actuel,64,F,0,Lycée (équivalent baccalauréat),Célibataire,Moins de $40K,Blue,56,6,1,1115,59,0.427,1,0,0,0,0,1,Faible
778760808,Client actuel,52,F,2,Licence,Marié(e),Moins de $40K,Blue,39,1,3,1862,37,0.221,0,0,0,1,0,1,Faible
718025808,Client actuel,61,M,0,Lycée (équivalent baccalauréat),Divorcé(e),$60K - $80K,Blue,51,3,4,1935,55,0.331,0,1,0,0,0,1,Faible
815860008,Client actuel,40,F,3,Sans diplôme,Marié(e),Moins de $40K,Blue,35,2,4,2183,78,0.695,0,1,0,0,0,1,Faible
720135333,Client actuel,45,F,5,Licence,Célibataire,Moins de $40K,Blue,34,1,0,961,49,0.111,0,0,0,0,1,1,Faible
821521983,Client actuel,51,F,3,Lycée (équivalent baccalauréat),Célibataire,Non connu,Blue,46,1,4,1641,89,0.718,0,1,0,0,0,1,Faible
716961933,Client actuel,43,F,2,Licence,Marié(e),Moins de $40K,Blue,36,2,4,1808,70,0.504,0,1,0,0,0,1,Faible
712834533,Client actuel,51,F,2,Non connu,Célibataire,Moins de $40K,Blue,39,2,4,1275,75,0.477,0,1,0,0,0,1,Faible
710544033,Client actuel,47,M,2,Non connu,Célibataire,$80K - $120K,Blue,36,1,3,2024,78,0.214,0,0,0,0,0,0,Faible
710622333,Client actuel,39,F,2,Lycée (équivalent baccalauréat),Célibataire,$40K - $60K,Blue,28,2,2,2258,67,0.821,0,0,0,0,0,0,Faible
714277758,Client actuel,40,M,1,Lycée (équivalent baccalauréat),Célibataire,$40K - $60K,Blue,28,2,1,1050,75,0.091,0,0,0,0,1,1,Faible
713166333,Client actuel,38,F,2,Lycée (équivalent baccalauréat),Marié(e),Non connu,Blue,27,2,1,1302,73,0.088,0,0,0,0,1,1,Faible
778284783,Client actuel,44,M,5,Non connu,Marié(e),$60K - $80K,Blue,34,3,2,1979,70,0.709,0,0,0,0,0,0,Faible
714721608,Client actuel,38,M,3,Licence,Célibataire,$120K +,Blue,29,3,0,941,81,0.097,0,0,0,0,1,1,Faible
716453883,Client actuel,47,M,5,Non connu,Célibataire,$120K +,Blue,39,3,1,1839,63,0.473,0,0,0,0,0,0,Faible
713876958,Client actuel,32,F,0,Non connu,Célibataire,Non connu,Blue,26,2,4,845,76,0.06,0,1,0,0,1,2,Modéré
794967408,Client actuel,53,M,3,Master,Célibataire,$80K - $120K,Blue,47,2,1,975,74,0.107,0,0,0,0,1,1,Faible
718697583,Client actuel,45,M,3,Licence,Divorcé(e),$60K - $80K,Blue,36,3,2,0,79,0.0,0,0,1,0,1,2,Modéré
711799458,Client actuel,41,M,4,Licence,Célibataire,$40K - $60K,Blue,36,1,1,1452,89,0.223,0,0,0,0,0,0,Faible
718005108,Client actuel,44,F,5,Niveau Bac+2,Marié(e),Moins de $40K,Blue,34,1,2,1711,68,0.816,0,0,0,0,0,0,Faible
717877533,Client actuel,39,F,2,Licence,Célibataire,$40K - $60K,Blue,36,1,1,0,70,0.0,0,0,1,0,1,2,Modéré
711883833,Client actuel,50,F,1,Sans diplôme,Célibataire,Moins de $40K,Blue,37,1,1,665,88,0.362,0,0,1,0,0,1,Faible
709627983,Client actuel,56,F,3,Master,Célibataire,Moins de $40K,Blue,36,3,0,1699,68,0.67,0,0,0,0,0,0,Faible
716580933,Client actuel,63,M,0,Sans diplôme,Célibataire,$40K - $60K,Blue,36,3,3,1224,65,0.621,0,0,0,0,0,0,Faible
713600958,Client actuel,50,M,1,Non connu,Célibataire,$120K +,Blue,38,5,3,2076,65,0.06,1,0,0,0,1,2,Modéré
772248408,Client actuel,40,F,3,Licence,Célibataire,Moins de $40K,Blue,29,1,4,1833,56,0.68,0,1,0,0,0,1,Faible
720196158,Client actuel,48,M,3,Non connu,Célibataire,$60K - $80K,Blue,40,3,3,0,67,0.0,0,0,1,0,1,2,Modéré
710912733,Client actuel,44,F,1,Sans diplôme,Marié(e),Moins de $40K,Blue,36,2,4,1762,91,0.902,0,1,0,0,0,1,Faible
712860858,Client actuel,56,F,2,Licence,Non connu,Non connu,Blue,45,1,3,0,70,0.0,0,0,1,0,1,2,Modéré
797169633,Client actuel,41,M,4,Licence,Célibataire,$120K +,Blue,35,3,3,825,51,0.024,0,0,0,0,1,1,Faible
709922508,Client actuel,40,F,4,Non connu,Marié(e),Moins de $40K,Blue,28,1,1,0,79,0.0,0,0,1,0,1,2,Modéré
712802733,Client actuel,45,F,4,Lycée (équivalent baccalauréat),Divorcé(e),Moins de $40K,Blue,36,1,4,685,70,0.125,0,1,0,0,1,2,Modéré
716981358,Client actuel,40,F,2,Master,Marié(e),Moins de $40K,Blue,32,3,0,941,73,0.447,0,0,0,0,0,0,Faible
758787333,Client actuel,52,M,3,Sans diplôme,Non connu,$120K +,Blue,45,1,2,2404,68,0.133,0,0,0,0,1,1,Faible
717387933,Client actuel,49,F,2,Lycée (équivalent baccalauréat),Divorcé(e),Moins de $40K,Blue,36,3,3,2257,57,0.758,0,0,0,0,0,0,Faible
738195708,Client actuel,47,M,2,Licence,Divorcé(e),$80K - $120K,Blue,40,1,3,1225,56,0.073,0,0,0,0,1,1,Faible
708560733,Client actuel,42,F,3,Licence,Divorcé(e),Moins de $40K,Blue,36,2,3,2517,85,0.678,0,0,0,0,0,0,Faible
768972558,Client actuel,43,M,5,Lycée (équivalent baccalauréat),Marié(e),$120K +,Blue,37,3,4,0,77,0.0,0,1,1,0,1,3,Modéré
716899233,Client actuel,40,F,4,Licence,Célibataire,Moins de $40K,Gold,20,4,3,1965,70,0.123,1,0,0,0,1,2,Modéré
715567608,Client actuel,45,F,1,Lycée (équivalent baccalauréat),Non connu,Moins de $40K,Blue,35,4,4,1247,76,0.283,1,1,0,0,0,2,Modéré
713264583,Client actuel,43,M,2,Lycée (équivalent baccalauréat),Marié(e),$120K +,Silver,23,3,2,1153,71,0.033,0,0,0,0,1,1,Faible
716769783,Client actuel,48,F,2,Licence,Marié(e),Non connu,Blue,40,2,4,736,78,0.144,0,1,0,0,1,2,Modéré
716680983,Client actuel,41,F,3,Doctorat,Marié(e),Moins de $40K,Blue,36,1,1,1053,70,0.538,0,0,0,0,0,0,Faible
715719033,Client actuel,38,F,3,Master,Marié(e),Moins de $40K,Blue,32,3,2,2517,74,0.759,0,0,0,0,0,0,Faible
788246958,Client actuel,44,F,2,Licence,Marié(e),Non connu,Blue,36,1,2,0,81,0.0,0,0,1,0,1,2,Modéré
720419358,Client actuel,35,F,2,Sans diplôme,Célibataire,Moins de $40K,Blue,36,2,1,2100,71,0.714,0,0,0,0,0,0,Faible
772545858,Client actuel,49,F,4,Licence,Marié(e),Moins de $40K,Blue,39,2,3,0,89,0.0,0,0,1,0,1,2,Modéré
771431133,Client actuel,47,F,4,Licence,Non connu,Moins de $40K,Blue,35,2,4,0,69,0.0,0,1,1,0,1,3,Modéré
717800358,Client actuel,48,M,3,Lycée (équivalent baccalauréat),Célibataire,$80K - $120K,Blue,36,3,4,868,68,0.086,0,1,0,0,1,2,Modéré
710626758,Client actuel,44,M,4,Sans diplôme,Non connu,$60K - $80K,Blue,36,1,3,0,65,0.0,0,0,1,0,1,2,Modéré
718982058,Client actuel,37,M,3,Licence,Divorcé(e),$40K - $60K,Blue,36,2,0,1405,72,0.235,0,0,0,0,0,0,Faible
791822733,Client actuel,47,F,3,Lycée (équivalent baccalauréat),Célibataire,Non connu,Blue,41,1,3,748,81,0.133,0,0,0,0,1,1,Faible
718762308,Client actuel,35,F,1,Licence,Célibataire,Non connu,Blue,36,2,3,2126,60,0.321,0,0,0,0,0,0,Faible
716841783,Client actuel,51,M,0,Licence,Célibataire,$120K +,Blue,36,2,3,1292,85,0.069,0,0,0,0,1,1,Faible
794524833,Client actuel,36,F,3,Licence,Célibataire,$40K - $60K,Blue,18,3,3,1345,73,0.594,0,0,0,0,0,0,Faible
721359183,Client actuel,33,F,2,Non connu,Marié(e),$40K - $60K,Blue,19,3,4,1537,76,0.529,0,1,0,0,0,1,Faible
766946058,Client actuel,51,F,2,Non connu,Non connu,$40K - $60K,Blue,44,6,4,1665,75,0.303,1,1,0,0,0,2,Modéré
708549033,Client actuel,50,F,1,Lycée (équivalent baccalauréat),Marié(e),Moins de $40K,Blue,32,1,3,1276,70,0.621,0,0,0,0,0,0,Faible
708378108,Client actuel,39,F,1,Master,Marié(e),$40K - $60K,Blue,36,3,2,771,76,0.359,0,0,0,0,0,0,Faible
826168083,Client actuel,49,F,4,Non connu,Divorcé(e),Moins de $40K,Blue,45,3,3,1307,72,0.744,0,0,0,0,0,0,Faible
715312158,Client actuel,41,F,2,Licence,Célibataire,Moins de $40K,Blue,29,2,3,2079,59,0.779,0,0,0,0,0,0,Faible
711688983,Client actuel,51,M,2,Non connu,Divorcé(e),$80K - $120K,Blue,38,2,3,1692,66,0.079,0,0,0,0,1,1,Faible
714393708,Client actuel,54,F,0,Niveau Bac+2,Marié(e),$40K - $60K,Blue,46,2,3,533,84,0.236,0,0,1,0,0,1,Faible
789477483,Client actuel,40,F,5,Non connu,Célibataire,Non connu,Blue,31,3,1,1488,76,0.336,0,0,0,0,0,0,Faible
712481733,Client actuel,55,F,2,Licence,Marié(e),Moins de $40K,Blue,36,2,4,739,77,0.514,0,1,0,0,0,1,Faible
709285683,Client actuel,48,M,4,Non connu,Divorcé(e),$60K - $80K,Blue,31,1,1,0,74,0.0,0,0,1,0,1,2,Modéré
789823383,Client actuel,44,F,3,Non connu,Célibataire,Moins de $40K,Blue,34,3,4,1635,82,0.587,0,1,0,0,0,1,Faible
709980783,Client actuel,51,F,3,Lycée (équivalent baccalauréat),Divorcé(e),Moins de $40K,Blue,36,3,0,1729,63,0.437,0,0,0,0,0,0,Faible
772054458,Client actuel,43,M,3,Non connu,Non connu,$60K - $80K,Blue,32,1,3,1944,65,0.785,0,0,0,0,0,0,Faible
717045033,Client actuel,45,F,3,Non connu,Marié(e),Non connu,Blue,36,1,3,757,87,0.089,0,0,0,0,1,1,Faible
710503308,Client actuel,48,F,2,Licence,Célibataire,Non connu,Blue,29,1,2,2337,71,0.245,0,0,0,0,0,0,Faible
757167633,Client actuel,50,M,2,Sans diplôme,Célibataire,$60K - $80K,Blue,43,3,3,642,81,0.146,0,0,1,0,1,2,Modéré
779739783,Client actuel,43,M,2,Licence,Marié(e),$60K - $80K,Blue,28,3,2,1389,73,0.07,0,0,0,0,1,1,Faible
758653833,Client actuel,34,F,1,Licence,Marié(e),$40K - $60K,Blue,27,1,3,0,83,0.0,0,0,1,0,1,2,Modéré
771288258,Client actuel,48,F,3,Non connu,Non connu,$40K - $60K,Blue,36,2,2,1894,68,0.744,0,0,0,0,0,0,Faible
708433683,Client actuel,54,M,2,Licence,Marié(e),$80K - $120K,Blue,37,2,3,2201,86,0.696,0,0,0,0,0,0,Faible
713175483,Client actuel,44,F,2,Licence,Marié(e),Moins de $40K,Blue,40,2,2,871,74,0.145,0,0,0,0,1,1,Faible
789238683,Client actuel,53,M,2,Sans diplôme,Divorcé(e),$120K +,Blue,42,2,2,0,89,0.0,0,0,1,0,1,2,Modéré
710502258,Client actuel,39,M,3,Licence,Célibataire,$60K - $80K,Blue,36,3,4,2204,85,0.872,0,1,0,0,0,1,Faible
719464758,Client actuel,52,F,1,Niveau Bac+2,Célibataire,Moins de $40K,Blue,43,2,3,604,83,0.42,0,0,1,0,0,1,Faible
708442158,Client actuel,51,F,1,Niveau Bac+2,Marié(e),Non connu,Blue,38,2,4,1516,61,0.245,0,1,0,0,0,1,Faible
717093858,Client actuel,49,F,2,Niveau Bac+2,Marié(e),Moins de $40K,Blue,36,3,3,1490,63,0.692,0,0,0,0,0,0,Faible
711654558,Client actuel,46,M,3,Licence,Non connu,$60K - $80K,Blue,36,3,4,1632,69,0.749,0,1,0,0,0,1,Faible
718924983,Client actuel,59,M,0,Sans diplôme,Célibataire,$60K - $80K,Blue,48,1,3,1302,80,0.265,0,0,0,0,0,0,Faible
717463608,Client actuel,38,F,1,Non connu,Marié(e),$40K - $60K,Blue,26,3,1,1407,79,0.6,0,0,0,0,0,0,Faible
715779333,Client actuel,45,F,3,Licence,Célibataire,Moins de $40K,Blue,36,2,3,0,71,0.0,0,0,1,0,1,2,Modéré
789563658,Client actuel,64,M,0,Niveau Bac+2,Célibataire,Moins de $40K,Silver,56,4,4,0,60,0.0,1,1,1,0,1,4,Élevé
709239483,Client actuel,49,F,1,Licence,Marié(e),$40K - $60K,Blue,36,3,1,1527,88,0.561,0,0,0,0,0,0,Faible
766456683,Client actuel,51,F,1,Licence,Marié(e),Moins de $40K,Blue,44,2,0,2258,80,0.367,0,0,0,0,0,0,Faible
779703258,Client actuel,41,F,4,Licence,Célibataire,Moins de $40K,Blue,24,3,1,1393,70,0.673,0,0,0,0,0,0,Faible
709719333,Client actuel,41,M,2,Lycée (équivalent baccalauréat),Célibataire,$80K - $120K,Blue,29,3,4,1258,80,0.044,0,1,0,0,1,2,Modéré
717016833,Client actuel,39,M,4,Sans diplôme,Marié(e),$80K - $120K,Blue,27,4,2,0,69,0.0,1,0,1,0,1,3,Modéré
711017433,Client actuel,41,M,3,Licence,Divorcé(e),Moins de $40K,Blue,23,2,4,0,68,0.0,0,1,1,0,1,3,Modéré
806995683,Client actuel,61,M,0,Doctorat,Célibataire,$60K - $80K,Blue,56,1,3,2517,50,0.526,0,0,0,0,0,0,Faible
720575058,Client actuel,47,M,3,Non connu,Célibataire,$60K - $80K,Blue,36,2,1,1693,83,0.654,0,0,0,0,0,0,Faible
770828358,Client actuel,38,M,1,Licence,Non connu,$80K - $120K,Blue,25,2,4,0,61,0.0,0,1,1,0,1,3,Modéré
721361433,Client actuel,51,F,3,Licence,Marié(e),Non connu,Blue,37,1,1,1785,87,0.396,0,0,0,0,0,0,Faible
770268933,Client actuel,44,M,5,Non connu,Marié(e),$60K - $80K,Silver,38,2,2,928,66,0.028,0,0,0,0,1,1,Faible
789209283,Client actuel,48,F,3,Lycée (équivalent baccalauréat),Célibataire,Moins de $40K,Blue,37,3,0,806,84,0.185,0,0,0,0,0,0,Faible
716204883,Client actuel,53,M,4,Niveau Bac+2,Non connu,$60K - $80K,Blue,44,3,1,1728,66,0.246,0,0,0,0,0,0,Faible
715506258,Client actuel,50,M,2,Lycée (équivalent baccalauréat),Célibataire,$80K - $120K,Blue,36,2,1,2001,83,0.122,0,0,0,0,1,1,Faible
772655733,Client actuel,41,M,1,Sans diplôme,Célibataire,$80K - $120K,Blue,31,2,4,1887,75,0.785,0,1,0,0,0,1,Faible
780383358,Client actuel,48,M,3,Licence,Marié(e),$60K - $80K,Blue,38,1,0,748,72,0.132,0,0,0,0,1,1,Faible
718522308,Client actuel,41,F,3,Master,Non connu,$40K - $60K,Blue,29,1,3,960,72,0.067,0,0,0,0,1,1,Faible
716308683,Client actuel,47,F,3,Lycée (équivalent baccalauréat),Marié(e),Moins de $40K,Blue,36,2,3,1993,66,0.305,0,0,0,0,0,0,Faible
719056833,Client actuel,55,F,1,Non connu,Marié(e),Moins de $40K,Blue,46,1,4,920,66,0.403,0,1,0,0,0,1,Faible
712303908,Client actuel,47,F,4,Niveau Bac+2,Marié(e),Moins de $40K,Blue,38,1,2,1924,66,0.731,0,0,0,0,0,0,Faible
715572783,Client actuel,51,M,3,Licence,Célibataire,$80K - $120K,Blue,31,1,2,0,93,0.0,0,0,1,0,1,2,Modéré
713641233,Client actuel,44,F,3,Lycée (équivalent baccalauréat),Célibataire,Non connu,Blue,31,6,4,1888,65,0.184,1,1,0,0,0,2,Modéré
712854633,Client actuel,49,F,2,Non connu,Célibataire,Non connu,Blue,39,1,3,0,57,0.0,0,0,1,0,1,2,Modéré
779340183,Client actuel,53,F,1,Niveau Bac+2,Célibataire,Moins de $40K,Blue,35,2,4,916,72,0.369,0,1,0,0,0,1,Faible
771952683,Client actuel,47,F,3,Lycée (équivalent baccalauréat),Marié(e),Moins de $40K,Blue,36,2,2,0,63,0.0,0,0,1,0,1,2,Modéré
716639058,Client actuel,51,M,2,Licence,Célibataire,$120K +,Blue,40,3,3,0,53,0.0,0,0,1,0,1,2,Modéré
779027733,Client actuel,53,F,4,Non connu,Célibataire,Moins de $40K,Blue,34,2,2,1115,51,0.166,0,0,0,0,0,0,Faible
713368833,Client actuel,49,M,2,Niveau Bac+2,Célibataire,$60K - $80K,Blue,41,3,4,2233,64,0.36,0,1,0,0,0,1,Faible
713926308,Client actuel,35,F,3,Sans diplôme,Célibataire,Moins de $40K,Blue,36,2,3,1458,61,0.556,0,0,0,0,0,0,Faible
708720558,Client actuel,44,M,3,Niveau Bac+2,Marié(e),$60K - $80K,Blue,30,2,0,0,64,0.0,0,0,1,0,1,2,Modéré
711255858,Client actuel,42,F,4,Non connu,Marié(e),Moins de $40K,Blue,30,2,3,1668,83,0.19,0,0,0,0,0,0,Faible
798717783,Client actuel,51,F,2,Non connu,Célibataire,Moins de $40K,Blue,45,6,1,0,84,0.0,1,0,1,0,1,3,Modéré
718642458,Client actuel,40,M,4,Lycée (équivalent baccalauréat),Non connu,$80K - $120K,Blue,36,1,0,1321,72,0.621,0,0,0,0,0,0,Faible
709788783,Client actuel,47,M,4,Non connu,Divorcé(e),$40K - $60K,Blue,35,2,1,773,71,0.158,0,0,0,0,1,1,Faible
752199183,Client actuel,51,F,1,Sans diplôme,Marié(e),Non connu,Blue,44,2,1,0,89,0.0,0,0,1,0,1,2,Modéré
789707433,Client actuel,41,F,4,Lycée (équivalent baccalauréat),Célibataire,Non connu,Blue,28,2,2,1313,68,0.522,0,0,0,0,0,0,Faible
779468808,Client actuel,43,M,1,Lycée (équivalent baccalauréat),Marié(e),$40K - $60K,Blue,25,3,3,0,78,0.0,0,0,1,0,1,2,Modéré
790000608,Client actuel,64,F,1,Licence,Célibataire,Moins de $40K,Blue,56,1,1,968,67,0.144,0,0,0,0,1,1,Faible
770917608,Client actuel,42,F,1,Sans diplôme,Marié(e),Moins de $40K,Blue,29,4,2,1911,62,0.693,1,0,0,0,0,1,Faible
719048133,Client actuel,52,F,2,Sans diplôme,Marié(e),Moins de $40K,Blue,42,3,0,0,65,0.0,0,0,1,0,1,2,Modéré
771488583,Client actuel,46,F,1,Licence,Célibataire,$40K - $60K,Blue,34,2,2,0,72,0.0,0,0,1,0,1,2,Modéré
717202908,Client actuel,39,M,5,Niveau Bac+2,Marié(e),$80K - $120K,Blue,29,3,4,1804,59,0.053,0,1,0,0,1,2,Modéré
720696558,Client actuel,44,M,2,Licence,Célibataire,$80K - $120K,Blue,31,2,4,1311,85,0.038,0,1,0,0,1,2,Modéré
788989083,Client actuel,57,F,3,Niveau Bac+2,Célibataire,$40K - $60K,Blue,44,1,2,1864,82,0.662,0,0,0,0,0,0,Faible
720398958,Client actuel,53,F,1,Sans diplôme,Célibataire,Moins de $40K,Blue,43,2,3,1257,70,0.591,0,0,0,0,0,0,Faible
716530533,Client actuel,43,F,2,Sans diplôme,Célibataire,Moins de $40K,Blue,36,1,4,1640,77,0.637,0,1,0,0,0,1,Faible
714499908,Client actuel,45,F,3,Non connu,Marié(e),$40K - $60K,Blue,31,5,3,1303,63,0.646,1,0,0,0,0,1,Faible
708879483,Client actuel,48,F,1,Niveau Bac+2,Divorcé(e),Moins de $40K,Blue,36,3,0,1646,89,0.411,0,0,0,0,0,0,Faible
716044383,Client actuel,41,F,3,Lycée (équivalent baccalauréat),Non connu,Non connu,Blue,36,1,2,0,65,0.0,0,0,1,0,1,2,Modéré
711657783,Client actuel,50,F,2,Niveau Bac+2,Célibataire,Moins de $40K,Blue,41,3,4,0,67,0.0,0,1,1,0,1,3,Modéré
715423233,Client actuel,46,M,5,Non connu,Marié(e),$60K - $80K,Blue,35,3,3,796,57,0.445,0,0,0,0,0,0,Faible
719264058,Client actuel,51,F,0,Licence,Marié(e),Non connu,Blue,36,2,3,2306,51,0.393,0,0,0,0,0,0,Faible
711120333,Client actuel,43,M,5,Non connu,Marié(e),$60K - $80K,Blue,36,5,1,1341,80,0.181,1,0,0,0,0,1,Faible
798030933,Client actuel,47,M,4,Niveau Bac+2,Célibataire,$60K - $80K,Blue,41,2,3,0,75,0.0,0,0,1,0,1,2,Modéré
778949133,Client actuel,44,M,1,Sans diplôme,Célibataire,$80K - $120K,Blue,29,3,3,1694,66,0.127,0,0,0,0,1,1,Faible
716842908,Client actuel,41,F,5,Sans diplôme,Célibataire,Moins de $40K,Blue,30,2,1,1051,80,0.596,0,0,0,0,0,0,Faible
787513533,Client actuel,47,F,1,Sans diplôme,Marié(e),Moins de $40K,Blue,36,3,3,1503,54,0.669,0,0,0,0,0,0,Faible
717949983,Client actuel,47,M,1,Sans diplôme,Marié(e),$40K - $60K,Blue,36,2,3,2137,82,0.262,0,0,0,0,0,0,Faible
717549408,Client actuel,44,M,4,Licence,Célibataire,$80K - $120K,Blue,36,1,3,0,51,0.0,0,0,1,0,1,2,Modéré
807600633,Client actuel,44,F,2,Doctorat,Divorcé(e),Non connu,Blue,39,4,1,671,83,0.068,1,0,1,0,1,3,Modéré
770293758,Client actuel,44,M,3,Lycée (équivalent baccalauréat),Célibataire,Moins de $40K,Blue,38,1,2,1047,82,0.496,0,0,0,0,0,0,Faible
765584208,Client actuel,43,F,3,Non connu,Divorcé(e),Moins de $40K,Blue,30,2,1,2079,84,0.716,0,0,0,0,0,0,Faible
811989858,Client actuel,49,M,4,Sans diplôme,Non connu,$60K - $80K,Silver,44,3,2,0,65,0.0,0,0,1,0,1,2,Modéré
721276383,Client actuel,47,F,2,Master,Divorcé(e),$40K - $60K,Blue,33,2,3,1216,66,0.216,0,0,0,0,0,0,Faible
708585933,Client actuel,44,F,4,Lycée (équivalent baccalauréat),Célibataire,Moins de $40K,Blue,36,2,3,1429,77,0.863,0,0,0,0,0,0,Faible
709236633,Client actuel,40,F,3,Sans diplôme,Divorcé(e),$40K - $60K,Blue,28,1,3,2270,58,0.344,0,0,0,0,0,0,Faible
827948133,Client actuel,47,F,3,Licence,Célibataire,Moins de $40K,Blue,43,2,4,1423,68,0.281,0,1,0,0,0,1,Faible
718946358,Client actuel,44,M,3,Sans diplôme,Célibataire,$40K - $60K,Blue,30,3,2,0,63,0.0,0,0,1,0,1,2,Modéré
714400308,Client actuel,60,F,0,Sans diplôme,Célibataire,Moins de $40K,Silver,49,1,1,1647,83,0.149,0,0,0,0,1,1,Faible
789670533,Client actuel,41,F,2,Lycée (équivalent baccalauréat),Marié(e),$40K - $60K,Blue,26,1,2,0,67,0.0,0,0,1,0,1,2,Modéré
770942283,Client actuel,46,F,2,Non connu,Célibataire,Moins de $40K,Blue,33,3,2,0,68,0.0,0,0,1,0,1,2,Modéré
827074758,Client actuel,42,F,3,Sans diplôme,Célibataire,Moins de $40K,Blue,38,1,4,868,61,0.564,0,1,0,0,0,1,Faible
818326083,Client actuel,54,F,3,Lycée (équivalent baccalauréat),Marié(e),$40K - $60K,Blue,49,1,2,886,91,0.616,0,0,0,0,0,0,Faible
709449333,Client actuel,49,M,1,Lycée (équivalent baccalauréat),Célibataire,$60K - $80K,Blue,40,2,2,1428,72,0.45,0,0,0,0,0,0,Faible
788840283,Client actuel,42,F,2,Master,Divorcé(e),Moins de $40K,Blue,26,2,3,1527,86,0.72,0,0,0,0,0,0,Faible
716013858,Client actuel,53,M,0,Licence,Célibataire,$80K - $120K,Blue,34,1,4,1434,78,0.071,0,1,0,0,1,2,Modéré
751422258,Client actuel,45,F,4,Licence,Marié(e),Moins de $40K,Blue,38,3,2,0,71,0.0,0,0,1,0,1,2,Modéré
715691808,Client actuel,41,F,3,Sans diplôme,Divorcé(e),Moins de $40K,Blue,30,3,4,621,72,0.08,0,1,1,0,1,3,Modéré
712778658,Client actuel,52,F,3,Licence,Marié(e),Moins de $40K,Blue,39,3,3,909,63,0.454,0,0,0,0,0,0,Faible
789580908,Client actuel,44,F,3,Lycée (équivalent baccalauréat),Célibataire,Moins de $40K,Blue,37,2,2,1471,81,0.173,0,0,0,0,0,0,Faible
778965183,Client actuel,47,F,3,Sans diplôme,Divorcé(e),$40K - $60K,Blue,30,3,2,2517,85,0.429,0,0,0,0,0,0,Faible
714462558,Client actuel,44,F,5,Non connu,Marié(e),Non connu,Blue,36,2,3,0,67,0.0,0,0,1,0,1,2,Modéré
800869758,Client actuel,49,M,3,Non connu,Marié(e),$80K - $120K,Blue,43,1,1,1414,76,0.645,0,0,0,0,0,0,Faible
807426033,Client actuel,37,M,2,Non connu,Célibataire,$60K - $80K,Blue,32,1,1,1176,61,0.41,0,0,0,0,0,0,Faible
720091083,Client actuel,43,M,4,Licence,Marié(e),$120K +,Blue,31,1,3,1887,61,0.292,0,0,0,0,0,0,Faible
709679658,Client actuel,58,F,2,Licence,Célibataire,$40K - $60K,Blue,50,3,3,0,84,0.0,0,0,1,0,1,2,Modéré
779296908,Client actuel,46,F,3,Licence,Célibataire,Moins de $40K,Blue,28,3,3,576,66,0.4,0,0,1,0,0,1,Faible
720682308,Client actuel,59,F,0,Sans diplôme,Célibataire,Non connu,Blue,46,1,4,892,83,0.165,0,1,0,0,0,1,Faible
789775308,Client actuel,54,F,2,Doctorat,Divorcé(e),Moins de $40K,Blue,43,1,3,1120,77,0.779,0,0,0,0,0,0,Faible
709749483,Client actuel,40,F,2,Licence,Non connu,Moins de $40K,Blue,29,1,2,1953,70,0.741,0,0,0,0,0,0,Faible
710926383,Client actuel,32,F,2,Master,Marié(e),$40K - $60K,Blue,24,3,1,1177,68,0.758,0,0,0,0,0,0,Faible
785024808,Client actuel,53,F,1,Lycée (équivalent baccalauréat),Célibataire,Moins de $40K,Blue,47,2,3,2134,83,0.632,0,0,0,0,0,0,Faible
710277183,Client actuel,34,F,3,Sans diplôme,Célibataire,$40K - $60K,Blue,27,2,4,1775,68,0.767,0,1,0,0,0,1,Faible
714647808,Client actuel,49,F,0,Licence,Célibataire,Moins de $40K,Blue,39,3,0,0,73,0.0,0,0,1,0,1,2,Modéré
709857033,Client actuel,60,F,1,Niveau Bac+2,Célibataire,$40K - $60K,Blue,50,1,3,0,84,0.0,0,0,1,0,1,2,Modéré
714283458,Client actuel,40,M,2,Niveau Bac+2,Célibataire,$80K - $120K,Blue,36,1,4,0,92,0.0,0,1,1,0,1,3,Modéré
716702358,Client actuel,44,F,2,Non connu,Marié(e),Moins de $40K,Blue,33,3,2,698,83,0.299,0,0,0,0,0,0,Faible
720028683,Client actuel,49,F,2,Lycée (équivalent baccalauréat),Marié(e),$40K - $60K,Blue,39,3,4,1926,61,0.708,0,1,0,0,0,1,Faible
757044033,Client actuel,44,M,2,Licence,Non connu,$80K - $120K,Blue,37,1,3,1021,57,0.52,0,0,0,0,0,0,Faible
719672283,Client actuel,47,M,4,Licence,Marié(e),$60K - $80K,Silver,39,2,4,1587,63,0.048,0,1,0,0,1,2,Modéré
719054733,Client actuel,52,F,0,Master,Célibataire,Moins de $40K,Blue,40,3,2,797,69,0.554,0,0,0,0,0,0,Faible
793336383,Client actuel,47,F,1,Lycée (équivalent baccalauréat),Marié(e),Moins de $40K,Blue,41,3,4,2034,92,0.751,0,1,0,0,0,1,Faible
715650783,Client actuel,41,M,2,Lycée (équivalent baccalauréat),Marié(e),$60K - $80K,Blue,36,2,2,0,75,0.0,0,0,1,0,1,2,Modéré
779544708,Client actuel,50,M,2,Non connu,Marié(e),$120K +,Gold,35,5,3,668,77,0.019,1,0,1,0,1,3,Modéré
712967508,Client actuel,47,M,3,Doctorat,Non connu,$60K - $80K,Blue,36,1,2,1093,86,0.425,0,0,0,0,0,0,Faible
710231433,Client actuel,56,M,1,Sans diplôme,Non connu,$60K - $80K,Blue,43,1,4,2378,75,0.765,0,1,0,0,0,1,Faible
817960533,Client actuel,41,M,4,Non connu,Marié(e),$60K - $80K,Blue,36,3,2,857,84,0.494,0,0,0,0,0,0,Faible
713431008,Client actuel,46,F,5,Lycée (équivalent baccalauréat),Marié(e),Non connu,Blue,36,3,0,0,77,0.0,0,0,1,0,1,2,Modéré
754851783,Client actuel,39,M,4,Lycée (équivalent baccalauréat),Marié(e),$60K - $80K,Blue,32,2,2,2218,90,0.116,0,0,0,0,1,1,Faible
808743558,Client actuel,42,F,3,Lycée (équivalent baccalauréat),Marié(e),Non connu,Blue,37,3,3,2517,66,0.554,0,0,0,0,0,0,Faible
778905033,Client actuel,45,F,5,Licence,Divorcé(e),Moins de $40K,Blue,26,5,2,1226,60,0.852,1,0,0,0,0,1,Faible
720844008,Client actuel,54,F,4,Licence,Célibataire,Moins de $40K,Blue,45,2,2,1747,87,0.878,0,0,0,0,0,0,Faible
714286383,Client actuel,59,M,0,Lycée (équivalent baccalauréat),Célibataire,$120K +,Blue,36,3,3,1039,65,0.304,0,0,0,0,0,0,Faible
718767183,Client actuel,45,F,4,Master,Non connu,Moins de $40K,Blue,36,3,1,1464,89,0.668,0,0,0,0,0,0,Faible
712707408,Client actuel,43,F,2,Non connu,Marié(e),Moins de $40K,Blue,33,2,2,1713,57,0.332,0,0,0,0,0,0,Faible
789859833,Client actuel,41,M,4,Doctorat,Non connu,Moins de $40K,Blue,31,2,1,1767,67,0.703,0,0,0,0,0,0,Faible
712311258,Client actuel,48,F,3,Sans diplôme,Célibataire,$40K - $60K,Blue,36,3,3,1259,54,0.661,0,0,0,0,0,0,Faible
715340733,Client actuel,39,M,1,Lycée (équivalent baccalauréat),Non connu,$40K - $60K,Blue,28,2,4,0,62,0.0,0,1,1,0,1,3,Modéré
797495958,Client actuel,42,F,3,Non connu,Non connu,$40K - $60K,Blue,36,2,2,0,80,0.0,0,0,1,0,1,2,Modéré
720384633,Client actuel,48,M,3,Sans diplôme,Célibataire,$40K - $60K,Blue,36,3,2,0,70,0.0,0,0,1,0,1,2,Modéré
810868758,Client actuel,39,M,3,Sans diplôme,Marié(e),$40K - $60K,Blue,34,1,2,1687,52,0.14,0,0,0,0,1,1,Faible
719105433,Client actuel,48,F,3,Niveau Bac+2,Célibataire,Non connu,Blue,38,3,3,1087,85,0.169,0,0,0,0,0,0,Faible
712335858,Client actuel,48,F,4,Licence,Marié(e),Moins de $40K,Blue,36,3,2,2081,67,0.794,0,0,0,0,0,0,Faible
789643383,Client actuel,49,M,2,Sans diplôme,Marié(e),$60K - $80K,Blue,35,3,3,0,56,0.0,0,0,1,0,1,2,Modéré
717733158,Client actuel,43,F,3,Doctorat,Marié(e),Moins de $40K,Blue,29,2,3,2517,84,0.79,0,0,0,0,0,0,Faible
713205108,Client actuel,42,F,4,Licence,Marié(e),$40K - $60K,Blue,27,1,1,1062,76,0.545,0,0,0,0,0,0,Faible
719749083,Client actuel,63,M,0,Doctorat,Célibataire,Moins de $40K,Blue,54,2,0,2224,59,0.313,0,0,0,0,0,0,Faible
811762383,Client actuel,42,F,2,Licence,Marié(e),Moins de $40K,Blue,37,2,1,1788,71,0.795,0,0,0,0,0,0,Faible
708710283,Client actuel,45,M,5,Doctorat,Marié(e),$120K +,Silver,36,1,4,2038,75,0.059,0,1,0,0,1,2,Modéré
708542283,Client actuel,58,F,1,Doctorat,Marié(e),Moins de $40K,Blue,47,3,4,2061,70,0.826,0,1,0,0,0,1,Faible
720667383,Client actuel,39,F,2,Lycée (équivalent baccalauréat),Marié(e),Moins de $40K,Blue,32,3,1,2213,81,0.717,0,0,0,0,0,0,Faible
822952158,Client actuel,53,F,2,Licence,Marié(e),Moins de $40K,Blue,49,2,4,0,73,0.0,0,1,1,0,1,3,Modéré
709081683,Client actuel,65,M,1,Lycée (équivalent baccalauréat),Célibataire,Moins de $40K,Blue,54,1,3,1438,69,0.313,0,0,0,0,0,0,Faible
720364158,Client actuel,55,F,3,Licence,Non connu,Non connu,Blue,36,3,3,1251,83,0.159,0,0,0,0,1,1,Faible
713064783,Client actuel,60,F,1,Non connu,Non connu,$40K - $60K,Blue,48,3,4,2057,83,0.384,0,1,0,0,0,1,Faible
709873683,Client actuel,60,M,0,Doctorat,Non connu,$40K - $60K,Silver,53,2,1,1428,82,0.086,0,0,0,0,1,1,Faible
758106108,Client actuel,45,F,2,Sans diplôme,Célibataire,Moins de $40K,Blue,38,2,1,1758,70,0.235,0,0,0,0,0,0,Faible
711445233,Client actuel,42,F,5,Sans diplôme,Célibataire,Moins de $40K,Blue,36,3,1,0,78,0.0,0,0,1,0,1,2,Modéré
778912683,Client actuel,51,F,2,Licence,Célibataire,Non connu,Blue,32,3,1,1504,88,0.18,0,0,0,0,0,0,Faible
720057183,Client actuel,49,F,4,Doctorat,Célibataire,Moins de $40K,Blue,42,1,4,957,70,0.123,0,1,0,0,1,2,Modéré
808732458,Client actuel,48,M,3,Non connu,Marié(e),$120K +,Blue,43,3,0,1558,49,0.235,0,0,0,0,0,0,Faible
719947533,Client actuel,46,F,2,Licence,Marié(e),Non connu,Blue,36,2,1,0,79,0.0,0,0,1,0,1,2,Modéré
715452408,Client actuel,37,F,2,Licence,Divorcé(e),Moins de $40K,Blue,36,3,3,987,67,0.569,0,0,0,0,0,0,Faible
718103733,Client actuel,41,F,4,Non connu,Marié(e),Moins de $40K,Blue,31,3,4,933,66,0.318,0,1,0,0,0,1,Faible
788705358,Client actuel,44,M,4,Lycée (équivalent baccalauréat),Marié(e),$120K +,Blue,33,1,4,2070,58,0.142,0,1,0,0,1,2,Modéré
772105608,Client actuel,48,F,4,Sans diplôme,Célibataire,Moins de $40K,Blue,37,3,4,872,80,0.33,0,1,0,0,0,1,Faible
718396533,Client actuel,47,M,3,Niveau Bac+2,Célibataire,$80K - $120K,Blue,38,3,3,1556,83,0.19,0,0,0,0,0,0,Faible
712949733,Client actuel,46,M,5,Lycée (équivalent baccalauréat),Célibataire,$40K - $60K,Blue,37,2,3,1985,61,0.313,0,0,0,0,0,0,Faible
772036233,Client actuel,62,M,1,Licence,Célibataire,$80K - $120K,Blue,51,2,3,0,72,0.0,0,0,1,0,1,2,Modéré
713285058,Client actuel,46,F,3,Doctorat,Célibataire,Moins de $40K,Blue,34,3,4,1600,76,0.709,0,1,0,0,0,1,Faible
780390108,Client actuel,44,F,3,Niveau Bac+2,Marié(e),$40K - $60K,Blue,34,1,2,1013,81,0.311,0,0,0,0,0,0,Faible
720585183,Client actuel,50,M,3,Lycée (équivalent baccalauréat),Marié(e),$60K - $80K,Blue,35,3,2,2136,68,0.144,0,0,0,0,1,1,Faible
711831558,Client actuel,49,M,4,Niveau Bac+2,Divorcé(e),$120K +,Blue,41,1,1,1207,58,0.168,0,0,0,0,0,0,Faible
710854008,Client actuel,48,M,3,Non connu,Non connu,$40K - $60K,Blue,37,2,4,1119,63,0.171,0,1,0,0,0,1,Faible
717017808,Client actuel,62,M,0,Sans diplôme,Célibataire,$40K - $60K,Blue,52,1,2,641,83,0.071,0,0,1,0,1,2,Modéré
714435408,Client actuel,57,M,3,Lycée (équivalent baccalauréat),Célibataire,$80K - $120K,Blue,38,3,1,1028,54,0.081,0,0,0,0,1,1,Faible
718994583,Client actuel,48,F,2,Niveau Bac+2,Célibataire,Moins de $40K,Blue,35,3,1,816,69,0.567,0,0,0,0,0,0,Faible
793616883,Client actuel,39,F,5,Licence,Célibataire,Moins de $40K,Blue,33,2,2,668,78,0.464,0,0,1,0,0,1,Faible
779978283,Client actuel,45,F,3,Lycée (équivalent baccalauréat),Marié(e),Non connu,Blue,34,2,1,0,78,0.0,0,0,1,0,1,2,Modéré
710482533,Client actuel,26,M,0,Non connu,Marié(e),$120K +,Blue,17,2,1,2005,72,0.065,0,0,0,0,1,1,Faible
778830933,Client actuel,40,M,3,Licence,Célibataire,$80K - $120K,Blue,21,2,0,1040,78,0.576,0,0,0,0,0,0,Faible
736145283,Client actuel,43,M,2,Niveau Bac+2,Marié(e),$80K - $120K,Blue,24,1,4,0,59,0.0,0,1,1,0,1,3,Modéré
778718658,Client actuel,33,F,2,Lycée (équivalent baccalauréat),Divorcé(e),Non connu,Blue,15,3,4,0,65,0.0,0,1,1,0,1,3,Modéré
719482008,Client actuel,45,M,1,Sans diplôme,Célibataire,$60K - $80K,Blue,35,3,2,1036,76,0.048,0,0,0,0,1,1,Faible
715004808,Client actuel,49,F,2,Lycée (équivalent baccalauréat),Marié(e),Moins de $40K,Blue,39,3,1,1845,84,0.617,0,0,0,0,0,0,Faible
720014358,Client actuel,38,F,1,Doctorat,Célibataire,Moins de $40K,Blue,26,2,4,985,78,0.509,0,1,0,0,0,1,Faible
718208358,Client actuel,43,M,5,Sans diplôme,Marié(e),$120K +,Blue,31,3,4,830,57,0.024,0,1,0,0,1,2,Modéré
713380308,Client actuel,42,F,4,Sans diplôme,Célibataire,Moins de $40K,Blue,36,2,1,0,76,0.0,0,0,1,0,1,2,Modéré
716477133,Client actuel,42,F,4,Sans diplôme,Célibataire,Moins de $40K,Blue,32,3,4,838,75,0.583,0,1,0,0,0,1,Faible
827619933,Client actuel,48,M,2,Sans diplôme,Célibataire,$40K - $60K,Blue,44,1,2,0,87,0.0,0,0,1,0,1,2,Modéré
779135808,Client actuel,56,F,2,Doctorat,Célibataire,$40K - $60K,Blue,38,1,4,1026,81,0.284,0,1,0,0,0,1,Faible
708219858,Client actuel,39,M,2,Licence,Célibataire,$40K - $60K,Blue,26,3,2,0,70,0.0,0,0,1,0,1,2,Modéré
720169383,Client actuel,52,F,2,Niveau Bac+2,Marié(e),$40K - $60K,Blue,41,1,1,2111,74,0.655,0,0,0,0,0,0,Faible
718056033,Client actuel,44,F,3,Lycée (équivalent baccalauréat),Marié(e),Moins de $40K,Blue,34,3,2,1606,56,0.388,0,0,0,0,0,0,Faible
789226683,Client actuel,44,M,1,Non connu,Marié(e),$60K - $80K,Blue,33,2,3,1187,82,0.239,0,0,0,0,0,0,Faible
822902508,Client actuel,41,F,3,Niveau Bac+2,Célibataire,$40K - $60K,Blue,37,3,3,1219,77,0.146,0,0,0,0,1,1,Faible
780462183,Client actuel,44,M,2,Non connu,Célibataire,$80K - $120K,Blue,31,5,2,2065,67,0.598,1,0,0,0,0,1,Faible
715502808,Client actuel,42,M,3,Lycée (équivalent baccalauréat),Marié(e),$80K - $120K,Blue,36,3,2,1987,76,0.077,0,0,0,0,1,1,Faible
788755158,Client actuel,49,M,3,Lycée (équivalent baccalauréat),Marié(e),$60K - $80K,Blue,29,3,1,535,80,0.372,0,0,1,0,0,1,Faible
771222558,Client actuel,45,F,3,Licence,Non connu,Moins de $40K,Blue,32,1,3,2018,79,0.696,0,0,0,0,0,0,Faible
708145908,Client actuel,61,F,0,Licence,Marié(e),$40K - $60K,Blue,50,3,0,2185,71,0.445,0,0,0,0,0,0,Faible
717755058,Client actuel,41,F,4,Doctorat,Célibataire,Moins de $40K,Blue,36,3,4,1317,76,0.49,0,1,0,0,0,1,Faible
789109983,Client actuel,40,F,3,Lycée (équivalent baccalauréat),Divorcé(e),$40K - $60K,Blue,28,1,4,1418,73,0.318,0,1,0,0,0,1,Faible
802600233,Client actuel,51,F,2,Licence,Célibataire,$40K - $60K,Blue,45,1,3,869,59,0.604,0,0,0,0,0,0,Faible
720449208,Client actuel,34,F,1,Niveau Bac+2,Marié(e),Moins de $40K,Blue,16,1,4,1814,64,0.817,0,1,0,0,0,1,Faible
719557983,Client actuel,42,M,4,Sans diplôme,Marié(e),$60K - $80K,Blue,36,3,3,2371,83,0.799,0,0,0,0,0,0,Faible
766111383,Client actuel,38,F,2,Lycée (équivalent baccalauréat),Marié(e),$40K - $60K,Blue,31,2,4,1091,67,0.685,0,1,0,0,0,1,Faible
789367083,Client actuel,41,F,2,Sans diplôme,Célibataire,Moins de $40K,Blue,31,3,3,1490,64,0.608,0,0,0,0,0,0,Faible
710538183,Client actuel,53,F,3,Licence,Divorcé(e),Moins de $40K,Blue,42,2,4,563,83,0.368,0,1,1,0,0,2,Modéré
708534033,Client actuel,45,F,3,Licence,Célibataire,$40K - $60K,Blue,36,2,2,883,82,0.141,0,0,0,0,1,1,Faible
716739258,Client actuel,43,F,4,Non connu,Célibataire,Moins de $40K,Blue,33,2,4,0,62,0.0,0,1,1,0,1,3,Modéré
788940558,Client actuel,41,F,3,Licence,Marié(e),Moins de $40K,Blue,27,1,2,1085,75,0.508,0,0,0,0,0,0,Faible
714722808,Client actuel,50,M,1,Niveau Bac+2,Célibataire,$80K - $120K,Blue,33,3,2,1211,91,0.071,0,0,0,0,1,1,Faible
713249883,Client actuel,51,F,2,Sans diplôme,Marié(e),$40K - $60K,Blue,36,3,3,873,81,0.26,0,0,0,0,0,0,Faible
714207483,Client actuel,47,M,3,Licence,Célibataire,$80K - $120K,Blue,41,1,4,1424,80,0.119,0,1,0,0,1,2,Modéré
720068808,Client actuel,41,F,2,Licence,Marié(e),Moins de $40K,Blue,32,3,2,1980,65,0.6,0,0,0,0,0,0,Faible
709779258,Client actuel,53,F,3,Master,Marié(e),Moins de $40K,Blue,43,3,4,0,71,0.0,0,1,1,0,1,3,Modéré
714305508,Client actuel,46,F,3,Sans diplôme,Marié(e),$40K - $60K,Blue,36,3,2,0,81,0.0,0,0,1,0,1,2,Modéré
712202433,Client actuel,46,F,2,Lycée (équivalent baccalauréat),Célibataire,Moins de $40K,Blue,36,3,4,1020,68,0.447,0,1,0,0,0,1,Faible
778372158,Client actuel,49,F,5,Lycée (équivalent baccalauréat),Marié(e),$40K - $60K,Blue,33,3,2,1549,91,0.618,0,0,0,0,0,0,Faible
714176133,Client actuel,47,F,1,Sans diplôme,Célibataire,Moins de $40K,Blue,36,2,3,735,87,0.511,0,0,0,0,0,0,Faible
708969633,Client actuel,42,M,4,Sans diplôme,Non connu,$80K - $120K,Blue,36,5,1,2195,80,0.897,1,0,0,0,0,1,Faible
715765758,Client actuel,54,F,2,Sans diplôme,Célibataire,Moins de $40K,Blue,41,2,4,814,72,0.566,0,1,0,0,0,1,Faible
803097333,Client actuel,41,M,2,Licence,Marié(e),$80K - $120K,Blue,35,3,4,1514,82,0.139,0,1,0,0,1,2,Modéré
711866358,Client actuel,42,F,3,Lycée (équivalent baccalauréat),Célibataire,$40K - $60K,Blue,30,2,3,0,78,0.0,0,0,1,0,1,2,Modéré
710738883,Client actuel,52,F,3,Lycée (équivalent baccalauréat),Marié(e),Moins de $40K,Blue,36,2,3,1094,61,0.5,0,0,0,0,0,0,Faible
717822108,Client actuel,60,F,0,Sans diplôme,Célibataire,Moins de $40K,Blue,48,2,3,2517,85,0.762,0,0,0,0,0,0,Faible
714407058,Client actuel,40,M,3,Sans diplôme,Divorcé(e),$80K - $120K,Blue,29,2,1,2330,81,0.075,0,0,0,0,1,1,Faible
710744433,Client actuel,48,F,1,Sans diplôme,Célibataire,Moins de $40K,Blue,38,2,0,2424,78,0.94,0,0,0,0,0,0,Faible
713320008,Client actuel,48,M,3,Licence,Célibataire,$80K - $120K,Blue,37,3,2,468,66,0.154,0,0,1,0,1,2,Modéré
766795983,Client actuel,46,F,1,Non connu,Célibataire,Moins de $40K,Blue,40,2,2,0,91,0.0,0,0,1,0,1,2,Modéré
716256483,Client actuel,50,F,2,Licence,Célibataire,Non connu,Blue,36,2,4,1824,80,0.699,0,1,0,0,0,1,Faible
712364283,Client actuel,54,F,2,Doctorat,Marié(e),$40K - $60K,Blue,43,3,2,1398,79,0.629,0,0,0,0,0,0,Faible
709787733,Client actuel,54,F,4,Niveau Bac+2,Célibataire,Non connu,Blue,48,2,2,1307,76,0.134,0,0,0,0,1,1,Faible
809071083,Client actuel,60,F,1,Licence,Célibataire,Moins de $40K,Blue,55,1,0,2150,90,0.916,0,0,0,0,0,0,Faible
721165608,Client actuel,51,M,2,Licence,Marié(e),$60K - $80K,Silver,36,6,3,0,78,0.0,1,0,1,0,1,3,Modéré
708760458,Client actuel,47,M,1,Lycée (équivalent baccalauréat),Célibataire,$80K - $120K,Blue,36,3,4,0,79,0.0,0,1,1,0,1,3,Modéré
720333783,Client actuel,51,F,2,Non connu,Marié(e),Moins de $40K,Blue,33,1,4,786,50,0.159,0,1,0,0,1,2,Modéré
711341433,Client actuel,34,F,2,Licence,Célibataire,Non connu,Blue,24,3,3,2010,77,0.649,0,0,0,0,0,0,Faible
720235608,Client actuel,60,F,0,Licence,Non connu,Moins de $40K,Blue,36,3,1,0,58,0.0,0,0,1,0,1,2,Modéré
716890533,Client actuel,49,F,2,Sans diplôme,Célibataire,Moins de $40K,Blue,36,2,2,1722,86,0.789,0,0,0,0,0,0,Faible
708491508,Client actuel,51,M,2,Non connu,Célibataire,$60K - $80K,Blue,42,3,2,1430,68,0.103,0,0,0,0,1,1,Faible
718542858,Client actuel,50,M,1,Lycée (équivalent baccalauréat),Célibataire,$80K - $120K,Blue,36,3,2,994,84,0.094,0,0,0,0,1,1,Faible
717750858,Client actuel,32,F,2,Master,Célibataire,Moins de $40K,Blue,16,3,2,2446,78,0.823,0,0,0,0,0,0,Faible
827628408,Client actuel,40,M,4,Licence,Marié(e),$80K - $120K,Blue,36,3,2,1465,64,0.677,0,0,0,0,0,0,Faible
718054833,Client actuel,50,M,2,Non connu,Célibataire,$120K +,Blue,37,3,4,1016,65,0.066,0,1,0,0,1,2,Modéré
788770908,Client actuel,45,M,4,Niveau Bac+2,Marié(e),$60K - $80K,Blue,26,2,2,1498,67,0.494,0,0,0,0,0,0,Faible
710175783,Client actuel,45,F,3,Lycée (équivalent baccalauréat),Célibataire,Non connu,Blue,25,2,1,1042,59,0.525,0,0,0,0,0,0,Faible
715429608,Client actuel,45,F,3,Niveau Bac+2,Marié(e),Moins de $40K,Blue,37,3,1,1517,66,0.33,0,0,0,0,0,0,Faible
717965808,Client actuel,65,M,0,Non connu,Célibataire,$40K - $60K,Blue,54,1,4,829,73,0.088,0,1,0,0,1,2,Modéré
709265208,Client actuel,47,F,4,Licence,Célibataire,Moins de $40K,Blue,37,3,2,780,59,0.542,0,0,0,0,0,0,Faible
721349883,Client actuel,51,F,4,Licence,Célibataire,Moins de $40K,Blue,39,2,1,2082,59,0.731,0,0,0,0,0,0,Faible
758965158,Client actuel,44,M,5,Lycée (équivalent baccalauréat),Marié(e),$80K - $120K,Blue,37,2,3,1729,83,0.111,0,0,0,0,1,1,Faible
749722908,Client actuel,43,M,2,Master,Marié(e),$120K +,Blue,36,3,2,1346,68,0.126,0,0,0,0,1,1,Faible
767243208,Client actuel,42,F,3,Licence,Célibataire,Moins de $40K,Blue,35,2,2,1587,79,0.621,0,0,0,0,0,0,Faible
711515433,Client actuel,55,F,2,Non connu,Célibataire,Moins de $40K,Blue,36,1,2,2517,85,0.883,0,0,0,0,0,0,Faible
720190908,Client actuel,59,M,1,Lycée (équivalent baccalauréat),Célibataire,$60K - $80K,Blue,51,2,4,1300,72,0.145,0,1,0,0,1,2,Modéré
818814933,Client actuel,58,F,1,Non connu,Célibataire,$40K - $60K,Blue,53,3,1,1536,79,0.221,0,0,0,0,0,0,Faible
719794383,Client actuel,60,F,2,Niveau Bac+2,Marié(e),Moins de $40K,Blue,41,2,2,0,85,0.0,0,0,1,0,1,2,Modéré
709766808,Client actuel,49,F,2,Sans diplôme,Marié(e),Non connu,Blue,36,3,2,1178,82,0.231,0,0,0,0,0,0,Faible
709666908,Client actuel,42,F,4,Licence,Divorcé(e),Non connu,Blue,36,3,1,1782,93,0.641,0,0,0,0,0,0,Faible
794653983,Client actuel,44,F,3,Licence,Marié(e),Moins de $40K,Blue,27,1,4,1017,80,0.687,0,1,0,0,0,1,Faible
716593533,Client actuel,56,M,1,Lycée (équivalent baccalauréat),Célibataire,$80K - $120K,Blue,45,1,3,0,76,0.0,0,0,1,0,1,2,Modéré
714113658,Client actuel,52,M,2,Non connu,Célibataire,$80K - $120K,Blue,41,3,1,1425,76,0.517,0,0,0,0,0,0,Faible
708776658,Client actuel,54,M,2,Non connu,Célibataire,$80K - $120K,Blue,43,3,2,1519,70,0.263,0,0,0,0,0,0,Faible
712225008,Client actuel,55,M,2,Licence,Marié(e),$60K - $80K,Blue,44,6,3,1103,80,0.182,1,0,0,0,0,1,Faible
787450758,Client actuel,57,M,1,Non connu,Célibataire,$60K - $80K,Blue,43,3,1,0,88,0.0,0,0,1,0,1,2,Modéré
789099783,Client actuel,43,F,2,Non connu,Marié(e),Moins de $40K,Blue,31,3,3,839,70,0.406,0,0,0,0,0,0,Faible
711751533,Client actuel,47,F,4,Licence,Marié(e),Moins de $40K,Blue,37,1,3,1973,75,0.806,0,0,0,0,0,0,Faible
708367908,Client actuel,56,F,1,Sans diplôme,Marié(e),Moins de $40K,Blue,47,1,2,1627,82,0.538,0,0,0,0,0,0,Faible
714951858,Client actuel,44,F,2,Licence,Marié(e),Moins de $40K,Blue,36,1,3,0,56,0.0,0,0,1,0,1,2,Modéré
720436008,Client actuel,54,F,1,Doctorat,Non connu,Moins de $40K,Blue,43,6,4,0,81,0.0,1,1,1,0,1,4,Élevé
718984533,Client actuel,37,M,3,Licence,Célibataire,$80K - $120K,Blue,29,2,4,1274,100,0.177,0,1,0,0,0,1,Faible
716982483,Client actuel,49,F,2,Licence,Marié(e),Moins de $40K,Blue,38,4,2,0,79,0.0,1,0,1,0,1,3,Modéré
720202008,Client actuel,47,F,5,Non connu,Célibataire,$40K - $60K,Blue,40,3,4,2517,88,0.647,0,1,0,0,0,1,Faible
714483033,Client actuel,45,F,5,Non connu,Marié(e),Non connu,Blue,40,2,2,0,85,0.0,0,0,1,0,1,2,Modéré
716402508,Client actuel,49,F,3,Licence,Non connu,Moins de $40K,Blue,36,3,3,1681,87,0.621,0,0,0,0,0,0,Faible
721189008,Client actuel,41,M,4,Licence,Célibataire,$80K - $120K,Blue,27,2,4,0,67,0.0,0,1,1,0,1,3,Modéré
712867983,Client actuel,54,F,2,Sans diplôme,Célibataire,Moins de $40K,Blue,43,1,4,633,66,0.211,0,1,1,0,0,2,Modéré
713814408,Client actuel,39,M,2,Sans diplôme,Célibataire,$80K - $120K,Blue,36,2,4,1184,66,0.15,0,1,0,0,1,2,Modéré
716671983,Client actuel,38,M,0,Lycée (équivalent baccalauréat),Célibataire,$80K - $120K,Blue,29,3,2,1885,65,0.315,0,0,0,0,0,0,Faible
708252108,Client actuel,64,M,0,Niveau Bac+2,Célibataire,$40K - $60K,Blue,53,3,2,1907,65,0.259,0,0,0,0,0,0,Faible
717212958,Client actuel,55,M,2,Doctorat,Célibataire,$80K - $120K,Blue,36,3,3,2415,57,0.793,0,0,0,0,0,0,Faible
713048733,Client actuel,50,M,2,Sans diplôme,Marié(e),$120K +,Blue,40,1,1,1871,75,0.054,0,0,0,0,1,1,Faible
710701233,Client actuel,44,F,5,Licence,Célibataire,Non connu,Blue,37,1,1,1259,72,0.071,0,0,0,0,1,1,Faible
718837683,Client actuel,55,M,2,Lycée (équivalent baccalauréat),Célibataire,$120K +,Blue,49,3,4,1505,50,0.497,0,1,0,0,0,1,Faible
718127958,Client actuel,58,M,0,Licence,Divorcé(e),Non connu,Blue,36,2,2,1656,85,0.182,0,0,0,0,0,0,Faible
718685358,Client actuel,51,F,2,Sans diplôme,Célibataire,Moins de $40K,Blue,44,1,4,0,84,0.0,0,1,1,0,1,3,Modéré
771559158,Client actuel,58,M,3,Sans diplôme,Non connu,$80K - $120K,Blue,46,1,3,1163,80,0.49,0,0,0,0,0,0,Faible
711197658,Client actuel,53,F,1,Master,Célibataire,$40K - $60K,Blue,43,1,0,2026,68,0.774,0,0,0,0,0,0,Faible
709045683,Client actuel,42,F,3,Sans diplôme,Marié(e),Non connu,Blue,30,2,1,0,63,0.0,0,0,1,0,1,2,Modéré
708272808,Client actuel,45,M,5,Licence,Célibataire,Moins de $40K,Blue,36,2,1,1474,59,0.542,0,0,0,0,0,0,Faible
720292983,Client actuel,60,F,0,Licence,Marié(e),Moins de $40K,Blue,51,1,2,1796,61,0.805,0,0,0,0,0,0,Faible
712840608,Client actuel,55,F,2,Sans diplôme,Marié(e),Moins de $40K,Blue,43,2,3,993,85,0.363,0,0,0,0,0,0,Faible
788920308,Client actuel,51,F,2,Lycée (équivalent baccalauréat),Marié(e),Moins de $40K,Blue,37,2,1,1250,75,0.554,0,0,0,0,0,0,Faible
712885533,Client actuel,50,M,4,Licence,Marié(e),$80K - $120K,Blue,31,3,2,1472,62,0.124,0,0,0,0,1,1,Faible
719268333,Client actuel,49,F,3,Sans diplôme,Marié(e),Moins de $40K,Blue,36,3,4,0,88,0.0,0,1,1,0,1,3,Modéré
721004133,Client actuel,38,F,2,Licence,Célibataire,Moins de $40K,Blue,25,2,2,538,73,0.374,0,0,1,0,0,1,Faible
714103908,Client actuel,54,F,3,Doctorat,Célibataire,Moins de $40K,Blue,36,2,2,743,74,0.267,0,0,0,0,0,0,Faible
771502383,Client actuel,54,F,1,Lycée (équivalent baccalauréat),Marié(e),Moins de $40K,Blue,42,5,4,1539,80,0.622,1,1,0,0,0,2,Modéré
713014533,Client actuel,54,F,3,Non connu,Célibataire,$40K - $60K,Blue,43,3,4,1596,64,0.283,0,1,0,0,0,1,Faible
711294258,Client actuel,43,F,1,Licence,Célibataire,Moins de $40K,Blue,38,3,3,2377,88,0.9,0,0,0,0,0,0,Faible
719954733,Client actuel,43,M,2,Licence,Marié(e),$80K - $120K,Blue,28,6,3,1255,68,0.041,1,0,0,0,1,2,Modéré
711561933,Client actuel,57,F,1,Sans diplôme,Divorcé(e),Moins de $40K,Blue,47,6,1,1420,70,0.645,1,0,0,0,0,1,Faible
711555483,Client actuel,43,F,3,Lycée (équivalent baccalauréat),Non connu,Non connu,Blue,36,3,2,2517,83,0.287,0,0,0,0,0,0,Faible
716929233,Client actuel,43,F,3,Master,Célibataire,$40K - $60K,Blue,24,3,4,1607,92,0.31,0,1,0,0,0,1,Faible
709014558,Client actuel,49,M,2,Sans diplôme,Marié(e),$60K - $80K,Blue,42,3,2,0,82,0.0,0,0,1,0,1,2,Modéré
710636208,Client actuel,51,M,3,Sans diplôme,Marié(e),$120K +,Blue,40,5,3,0,74,0.0,1,0,1,0,1,3,Modéré
815525508,Client actuel,46,F,3,Lycée (équivalent baccalauréat),Non connu,Moins de $40K,Blue,41,1,4,0,60,0.0,0,1,1,0,1,3,Modéré
718746933,Client actuel,56,F,3,Lycée (équivalent baccalauréat),Marié(e),Moins de $40K,Blue,47,3,4,2022,66,0.706,0,1,0,0,0,1,Faible
715686183,Client actuel,46,F,4,Licence,Célibataire,$40K - $60K,Blue,34,2,1,0,65,0.0,0,0,1,0,1,2,Modéré
741778458,Client actuel,54,F,2,Non connu,Célibataire,Moins de $40K,Blue,47,2,3,1550,57,0.662,0,0,0,0,0,0,Faible
801056358,Client actuel,51,M,1,Lycée (équivalent baccalauréat),Célibataire,$80K - $120K,Blue,45,1,3,1864,75,0.14,0,0,0,0,1,1,Faible
709486158,Client actuel,33,F,3,Licence,Marié(e),Moins de $40K,Blue,20,1,3,0,72,0.0,0,0,1,0,1,2,Modéré
803342358,Client actuel,55,M,3,Licence,Marié(e),$60K - $80K,Blue,49,1,4,2517,56,0.444,0,1,0,0,0,1,Faible
788646858,Client actuel,41,F,3,Licence,Marié(e),Moins de $40K,Blue,29,3,1,1268,61,0.647,0,0,0,0,0,0,Faible
789097833,Client actuel,39,F,0,Lycée (équivalent baccalauréat),Célibataire,Moins de $40K,Blue,27,3,3,720,93,0.183,0,0,0,0,0,0,Faible
709443633,Client actuel,38,F,1,Sans diplôme,Marié(e),Moins de $40K,Blue,26,1,1,838,62,0.193,0,0,0,0,0,0,Faible
767280633,Client actuel,46,F,2,Licence,Non connu,Moins de $40K,Blue,39,2,2,1454,96,0.484,0,0,0,0,0,0,Faible
721033908,Client actuel,58,M,1,Sans diplôme,Célibataire,$60K - $80K,Blue,46,3,1,1053,82,0.414,0,0,0,0,0,0,Faible
772076208,Client actuel,58,M,4,Niveau Bac+2,Célibataire,$80K - $120K,Blue,47,3,0,1146,70,0.044,0,0,0,0,1,1,Faible
794784633,Client actuel,61,F,0,Sans diplôme,Célibataire,$40K - $60K,Blue,55,1,2,2123,77,0.959,0,0,0,0,0,0,Faible
716437533,Client actuel,51,M,2,Niveau Bac+2,Célibataire,$80K - $120K,Blue,43,3,3,0,88,0.0,0,0,1,0,1,2,Modéré
715109508,Client actuel,44,F,3,Niveau Bac+2,Marié(e),Non connu,Blue,36,1,4,1427,96,0.163,0,1,0,0,0,1,Faible
795392433,Client actuel,35,F,2,Sans diplôme,Célibataire,Non connu,Blue,29,1,1,0,69,0.0,0,0,1,0,1,2,Modéré
720118908,Client actuel,26,M,0,Licence,Marié(e),Moins de $40K,Blue,36,2,4,0,65,0.0,0,1,1,0,1,3,Modéré
799486158,Client actuel,39,F,1,Licence,Marié(e),Moins de $40K,Blue,29,2,4,949,65,0.66,0,1,0,0,0,1,Faible
718980633,Client actuel,38,M,2,Niveau Bac+2,Célibataire,$80K - $120K,Blue,36,3,3,1151,84,0.178,0,0,0,0,0,0,Faible
709546608,Client actuel,37,F,2,Sans diplôme,Marié(e),Moins de $40K,Blue,36,5,4,647,64,0.45,1,1,1,0,0,3,Modéré
823624158,Client actuel,53,F,2,Doctorat,Célibataire,Non connu,Blue,49,2,2,0,78,0.0,0,0,1,0,1,2,Modéré
771688983,Client actuel,53,F,2,Lycée (équivalent baccalauréat),Célibataire,Moins de $40K,Blue,41,1,2,1811,68,0.804,0,0,0,0,0,0,Faible
708701358,Client actuel,39,F,2,Sans diplôme,Célibataire,Moins de $40K,Blue,36,2,3,2031,79,0.857,0,0,0,0,0,0,Faible
712048008,Client actuel,56,F,4,Lycée (équivalent baccalauréat),Célibataire,$40K - $60K,Blue,44,2,2,1988,69,0.762,0,0,0,0,0,0,Faible
710712783,Client actuel,52,F,4,Non connu,Marié(e),Moins de $40K,Blue,41,3,3,1787,76,0.779,0,0,0,0,0,0,Faible
716626008,Client actuel,51,F,2,Licence,Divorcé(e),Non connu,Blue,36,3,4,1659,102,0.328,0,1,0,0,0,1,Faible
718284408,Client actuel,43,F,3,Non connu,Marié(e),Moins de $40K,Blue,30,2,2,1452,68,0.601,0,0,0,0,0,0,Faible
717414933,Client actuel,51,F,1,Lycée (équivalent baccalauréat),Célibataire,Moins de $40K,Blue,45,3,3,2049,61,0.702,0,0,0,0,0,0,Faible
713032233,Client actuel,53,F,2,Licence,Célibataire,Moins de $40K,Blue,36,1,4,2271,83,0.839,0,1,0,0,0,1,Faible
714234858,Client actuel,54,F,3,Lycée (équivalent baccalauréat),Marié(e),Moins de $40K,Blue,36,1,4,1739,84,0.474,0,1,0,0,0,1,Faible
714818058,Client actuel,36,F,4,Lycée (équivalent baccalauréat),Marié(e),$40K - $60K,Blue,30,3,1,0,74,0.0,0,0,1,0,1,2,Modéré
780100533,Client actuel,46,M,3,Licence,Célibataire,$80K - $120K,Blue,31,2,4,2376,67,0.09,0,1,0,0,1,2,Modéré
711712983,Client actuel,56,M,2,Licence,Célibataire,$80K - $120K,Blue,46,2,3,0,80,0.0,0,0,1,0,1,2,Modéré
712549758,Client actuel,40,F,4,Licence,Marié(e),Non connu,Blue,25,2,1,0,61,0.0,0,0,1,0,1,2,Modéré
713348433,Client actuel,42,F,3,Lycée (équivalent baccalauréat),Célibataire,$40K - $60K,Blue,29,3,2,751,62,0.486,0,0,0,0,0,0,Faible
820599333,Client actuel,43,F,5,Licence,Célibataire,Moins de $40K,Blue,38,2,2,604,85,0.42,0,0,1,0,0,1,Faible
787261008,Client actuel,43,M,1,Master,Non connu,$60K - $80K,Blue,37,3,4,1128,75,0.274,0,1,0,0,0,1,Faible
778343958,Client actuel,47,F,3,Licence,Marié(e),Moins de $40K,Blue,27,3,0,0,72,0.0,0,0,1,0,1,2,Modéré
788407833,Client actuel,49,F,4,Licence,Célibataire,Non connu,Blue,42,3,2,1368,79,0.083,0,0,0,0,1,1,Faible
760807608,Client actuel,48,F,4,Sans diplôme,Marié(e),Moins de $40K,Blue,41,3,4,1680,83,0.718,0,1,0,0,0,1,Faible
771108933,Client actuel,47,F,4,Licence,Marié(e),Moins de $40K,Blue,34,3,4,879,71,0.456,0,1,0,0,0,1,Faible
717995958,Client actuel,47,F,3,Non connu,Marié(e),Non connu,Blue,38,1,4,1463,72,0.895,0,1,0,0,0,1,Faible
718736883,Client actuel,49,F,3,Sans diplôme,Célibataire,Moins de $40K,Blue,36,1,4,2058,61,0.476,0,1,0,0,0,1,Faible
721045608,Client actuel,51,F,3,Lycée (équivalent baccalauréat),Marié(e),Moins de $40K,Blue,32,3,3,2131,75,0.724,0,0,0,0,0,0,Faible
715215108,Client actuel,54,F,2,Non connu,Marié(e),Moins de $40K,Blue,46,3,3,1573,68,0.602,0,0,0,0,0,0,Faible
795823383,Client actuel,43,F,4,Licence,Célibataire,Moins de $40K,Blue,37,1,3,0,63,0.0,0,0,1,0,1,2,Modéré
718338708,Client actuel,49,F,1,Licence,Marié(e),$40K - $60K,Blue,38,2,2,0,73,0.0,0,0,1,0,1,2,Modéré
713588958,Client actuel,40,F,4,Non connu,Célibataire,Moins de $40K,Blue,25,1,1,1507,70,0.708,0,0,0,0,0,0,Faible
710120358,Client actuel,40,M,3,Non connu,Marié(e),$60K - $80K,Blue,27,2,4,2312,37,0.256,0,1,0,1,0,2,Modéré
809582058,Client actuel,48,M,2,Non connu,Non connu,$40K - $60K,Blue,43,2,2,1249,73,0.709,0,0,0,0,0,0,Faible
815324433,Client actuel,46,F,4,Lycée (équivalent baccalauréat),Marié(e),Moins de $40K,Blue,41,3,1,0,86,0.0,0,0,1,0,1,2,Modéré
793656633,Client actuel,35,F,3,Sans diplôme,Marié(e),Non connu,Blue,29,3,1,1303,76,0.572,0,0,0,0,0,0,Faible
713246208,Client actuel,65,M,1,Non connu,Célibataire,$40K - $60K,Blue,56,2,4,1318,54,0.099,0,1,0,0,1,2,Modéré
711493158,Client actuel,52,M,3,Licence,Célibataire,$60K - $80K,Blue,36,2,2,2467,90,0.881,0,0,0,0,0,0,Faible
721163133,Client actuel,44,M,2,Licence,Célibataire,Non connu,Blue,36,3,1,0,60,0.0,0,0,1,0,1,2,Modéré
826417233,Client actuel,35,F,4,Niveau Bac+2,Marié(e),Moins de $40K,Blue,31,3,4,1011,71,0.345,0,1,0,0,0,1,Faible
711619608,Client actuel,45,M,3,Licence,Marié(e),$80K - $120K,Blue,36,3,2,0,84,0.0,0,0,1,0,1,2,Modéré
712244733,Client actuel,56,F,1,Non connu,Marié(e),Moins de $40K,Blue,45,1,2,2230,73,0.712,0,0,0,0,0,0,Faible
709638783,Client actuel,50,F,1,Lycée (équivalent baccalauréat),Marié(e),$40K - $60K,Blue,43,3,4,2048,92,0.692,0,1,0,0,0,1,Faible
718926258,Client actuel,37,F,1,Lycée (équivalent baccalauréat),Célibataire,Non connu,Blue,28,3,2,642,90,0.261,0,0,1,0,0,1,Faible
714706083,Client actuel,44,M,2,Niveau Bac+2,Marié(e),$60K - $80K,Blue,36,3,4,997,75,0.082,0,1,0,0,1,2,Modéré
721473783,Client actuel,35,F,3,Licence,Marié(e),Moins de $40K,Blue,21,1,1,604,75,0.266,0,0,1,0,0,1,Faible
712230408,Client actuel,42,M,4,Sans diplôme,Marié(e),$120K +,Blue,37,2,4,1445,80,0.208,0,1,0,0,0,1,Faible
716186883,Client actuel,48,F,4,Niveau Bac+2,Marié(e),$40K - $60K,Blue,37,6,2,933,78,0.521,1,0,0,0,0,1,Faible
715204083,Client actuel,47,F,4,Doctorat,Célibataire,Moins de $40K,Blue,36,2,2,901,80,0.326,0,0,0,0,0,0,Faible
817887408,Client actuel,39,F,1,Sans diplôme,Célibataire,Moins de $40K,Blue,34,1,4,1148,84,0.166,0,1,0,0,0,1,Faible
718184883,Client actuel,48,F,3,Lycée (équivalent baccalauréat),Marié(e),Moins de $40K,Blue,34,2,2,0,63,0.0,0,0,1,0,1,2,Modéré
821157183,Client actuel,42,F,5,Non connu,Marié(e),Moins de $40K,Blue,37,2,3,1398,88,0.55,0,0,0,0,0,0,Faible
709837308,Client actuel,34,F,3,Licence,Célibataire,Non connu,Blue,19,1,2,0,71,0.0,0,0,1,0,1,2,Modéré
779491908,Client actuel,47,F,4,Master,Non connu,Non connu,Blue,29,2,1,1391,59,0.161,0,0,0,0,1,1,Faible
718399233,Client actuel,43,F,4,Niveau Bac+2,Célibataire,$40K - $60K,Blue,36,3,1,0,77,0.0,0,0,1,0,1,2,Modéré
779447358,Client actuel,50,F,2,Licence,Marié(e),Moins de $40K,Blue,32,3,4,2104,93,0.73,0,1,0,0,0,1,Faible
789114408,Client actuel,50,F,1,Master,Célibataire,$40K - $60K,Blue,38,1,4,0,82,0.0,0,1,1,0,1,3,Modéré
712681608,Client actuel,54,F,3,Sans diplôme,Célibataire,Moins de $40K,Blue,36,4,2,1355,70,0.298,1,0,0,0,0,1,Faible
709086933,Client actuel,40,F,3,Niveau Bac+2,Célibataire,Moins de $40K,Blue,22,2,4,2517,72,0.746,0,1,0,0,0,1,Faible
709179708,Client actuel,40,M,2,Licence,Divorcé(e),$60K - $80K,Blue,36,1,2,0,75,0.0,0,0,1,0,1,2,Modéré
711206958,Client actuel,41,F,3,Lycée (équivalent baccalauréat),Divorcé(e),Non connu,Blue,31,1,2,1305,73,0.54,0,0,0,0,0,0,Faible
823928058,Client actuel,52,F,2,Sans diplôme,Marié(e),Moins de $40K,Blue,48,2,4,578,79,0.109,0,1,1,0,1,3,Modéré
796330983,Client actuel,41,F,4,Licence,Célibataire,Moins de $40K,Blue,35,1,4,1283,85,0.6,0,1,0,0,0,1,Faible
779307558,Client actuel,53,F,1,Niveau Bac+2,Non connu,$40K - $60K,Blue,35,3,3,0,81,0.0,0,0,1,0,1,2,Modéré
788846508,Client actuel,48,F,4,Sans diplôme,Marié(e),$40K - $60K,Blue,32,1,3,1903,81,0.707,0,0,0,0,0,0,Faible
783500283,Client actuel,62,M,0,Licence,Non connu,$80K - $120K,Blue,56,3,2,1228,74,0.042,0,0,0,0,1,1,Faible
795573333,Client actuel,41,M,3,Lycée (équivalent baccalauréat),Marié(e),$80K - $120K,Blue,35,2,1,1165,67,0.139,0,0,0,0,1,1,Faible
721366308,Client actuel,50,M,3,Non connu,Célibataire,$40K - $60K,Blue,39,3,1,2060,64,0.152,0,0,0,0,1,1,Faible
720377433,Client actuel,38,F,3,Licence,Marié(e),Moins de $40K,Blue,36,2,4,2217,74,0.925,0,1,0,0,0,1,Faible
711243108,Client actuel,50,M,1,Doctorat,Célibataire,$80K - $120K,Blue,36,3,3,2207,78,0.116,0,0,0,0,1,1,Faible
789351783,Client actuel,40,F,5,Licence,Marié(e),Moins de $40K,Blue,30,2,2,1618,88,0.765,0,0,0,0,0,0,Faible
719699208,Client actuel,39,F,4,Sans diplôme,Célibataire,Moins de $40K,Blue,36,3,4,729,65,0.449,0,1,0,0,0,1,Faible
720774183,Client actuel,40,F,1,Lycée (équivalent baccalauréat),Divorcé(e),Moins de $40K,Blue,30,2,1,1959,69,0.76,0,0,0,0,0,0,Faible
815596608,Client actuel,48,F,5,Sans diplôme,Marié(e),$40K - $60K,Blue,43,1,3,921,72,0.321,0,0,0,0,0,0,Faible
718921683,Client actuel,49,M,4,Non connu,Marié(e),$80K - $120K,Blue,38,6,3,1835,49,0.188,1,0,0,0,0,1,Faible
720031908,Client actuel,55,M,2,Doctorat,Marié(e),$60K - $80K,Blue,36,1,1,0,74,0.0,0,0,1,0,1,2,Modéré
716716083,Client actuel,58,M,3,Non connu,Célibataire,$80K - $120K,Blue,36,2,3,1878,84,0.56,0,0,0,0,0,0,Faible
819969933,Client actuel,43,F,2,Lycée (équivalent baccalauréat),Célibataire,$40K - $60K,Blue,38,2,2,0,67,0.0,0,0,1,0,1,2,Modéré
714382608,Client actuel,35,F,2,Licence,Marié(e),Moins de $40K,Blue,36,2,0,1161,85,0.451,0,0,0,0,0,0,Faible
720092283,Client actuel,40,F,3,Licence,Célibataire,Moins de $40K,Blue,31,2,3,978,78,0.485,0,0,0,0,0,0,Faible
708794133,Client actuel,46,F,4,Lycée (équivalent baccalauréat),Non connu,Moins de $40K,Blue,37,1,4,2136,50,0.843,0,1,0,0,0,1,Faible
713447583,Client actuel,48,F,3,Lycée (équivalent baccalauréat),Célibataire,$40K - $60K,Blue,36,3,2,2055,58,0.531,0,0,0,0,0,0,Faible
712713108,Client actuel,61,F,0,Licence,Marié(e),Non connu,Blue,36,2,3,1883,85,0.925,0,0,0,0,0,0,Faible
719245083,Client actuel,53,F,1,Sans diplôme,Célibataire,Moins de $40K,Blue,39,3,4,1539,74,0.868,0,1,0,0,0,1,Faible
708269583,Client actuel,42,F,3,Sans diplôme,Divorcé(e),Moins de $40K,Blue,28,2,4,1377,86,0.679,0,1,0,0,0,1,Faible
709436883,Client actuel,56,F,2,Sans diplôme,Célibataire,$40K - $60K,Blue,48,2,2,1619,87,0.55,0,0,0,0,0,0,Faible
714140133,Client actuel,42,F,4,Licence,Non connu,Moins de $40K,Blue,32,1,2,1547,74,0.669,0,0,0,0,0,0,Faible
715031433,Client actuel,57,M,2,Licence,Marié(e),$80K - $120K,Blue,36,3,3,1493,60,0.239,0,0,0,0,0,0,Faible
810667158,Client actuel,40,M,2,Lycée (équivalent baccalauréat),Divorcé(e),$40K - $60K,Blue,35,1,1,974,75,0.401,0,0,0,0,0,0,Faible
715253433,Client actuel,48,M,4,Non connu,Célibataire,$80K - $120K,Blue,38,2,3,1372,79,0.248,0,0,0,0,0,0,Faible
809937933,Client actuel,42,F,3,Licence,Marié(e),$40K - $60K,Blue,37,3,2,2013,82,0.815,0,0,0,0,0,0,Faible
708997833,Client actuel,49,F,4,Doctorat,Célibataire,$40K - $60K,Blue,39,3,1,603,62,0.185,0,0,1,0,0,1,Faible
708754833,Client actuel,48,F,3,Sans diplôme,Célibataire,Non connu,Blue,40,4,4,1182,72,0.418,1,1,0,0,0,2,Modéré
788638908,Client actuel,43,F,2,Licence,Divorcé(e),Moins de $40K,Blue,30,2,4,2127,71,0.905,0,1,0,0,0,1,Faible
715607958,Client actuel,45,F,2,Licence,Marié(e),Moins de $40K,Blue,36,1,3,2201,78,0.524,0,0,0,0,0,0,Faible
708515358,Client actuel,40,F,1,Lycée (équivalent baccalauréat),Marié(e),Moins de $40K,Blue,36,3,2,0,82,0.0,0,0,1,0,1,2,Modéré
716357058,Client actuel,53,M,3,Sans diplôme,Célibataire,$80K - $120K,Blue,36,3,1,787,56,0.301,0,0,0,0,0,0,Faible
714569958,Client actuel,38,F,2,Non connu,Célibataire,Moins de $40K,Blue,28,2,1,2459,65,0.767,0,0,0,0,0,0,Faible
716822583,Client actuel,39,F,2,Lycée (équivalent baccalauréat),Célibataire,Moins de $40K,Blue,36,2,3,802,74,0.153,0,0,0,0,1,1,Faible
721109358,Client actuel,39,M,3,Lycée (équivalent baccalauréat),Marié(e),$60K - $80K,Blue,27,2,1,0,87,0.0,0,0,1,0,1,2,Modéré
827635083,Client actuel,59,F,0,Licence,Non connu,Non connu,Blue,55,3,3,755,75,0.525,0,0,0,0,0,0,Faible
715492983,Client actuel,40,M,3,Master,Marié(e),$120K +,Blue,36,2,4,2517,62,0.337,0,1,0,0,0,1,Faible
712234308,Client actuel,54,F,3,Licence,Marié(e),Non connu,Blue,36,1,2,1805,90,0.366,0,0,0,0,0,0,Faible
708334158,Client actuel,46,F,3,Licence,Divorcé(e),Moins de $40K,Blue,34,2,4,686,58,0.07,0,1,0,0,1,2,Modéré
812488608,Client actuel,44,F,3,Niveau Bac+2,Non connu,Moins de $40K,Blue,39,1,3,2209,73,0.44,0,0,0,0,0,0,Faible
793345008,Client actuel,44,F,3,Sans diplôme,Célibataire,Moins de $40K,Blue,38,1,3,0,80,0.0,0,0,1,0,1,2,Modéré
788856408,Client actuel,50,F,5,Sans diplôme,Marié(e),Non connu,Blue,34,5,2,1041,75,0.314,1,0,0,0,0,1,Faible
721147383,Client actuel,37,F,2,Lycée (équivalent baccalauréat),Célibataire,Moins de $40K,Blue,22,2,4,1740,81,0.711,0,1,0,0,0,1,Faible
803973483,Client actuel,49,F,3,Non connu,Célibataire,Moins de $40K,Blue,44,2,4,0,83,0.0,0,1,1,0,1,3,Modéré
715603233,Client actuel,53,F,3,Sans diplôme,Marié(e),$40K - $60K,Blue,42,1,2,1460,74,0.637,0,0,0,0,0,0,Faible
709945458,Client actuel,52,M,3,Sans diplôme,Célibataire,$60K - $80K,Blue,40,1,1,512,82,0.356,0,0,1,0,0,1,Faible
768167358,Client actuel,37,M,4,Doctorat,Célibataire,$60K - $80K,Blue,31,3,0,1018,86,0.598,0,0,0,0,0,0,Faible
737967708,Client actuel,52,F,1,Non connu,Marié(e),$40K - $60K,Blue,45,1,1,938,86,0.582,0,0,0,0,0,0,Faible
712920633,Client actuel,49,F,2,Non connu,Marié(e),$40K - $60K,Blue,35,1,1,0,79,0.0,0,0,1,0,1,2,Modéré
780373233,Client actuel,39,F,4,Non connu,Célibataire,Moins de $40K,Blue,29,3,0,1940,90,0.678,0,0,0,0,0,0,Faible
721384308,Client actuel,39,F,1,Sans diplôme,Marié(e),$40K - $60K,Blue,36,1,4,2323,86,0.71,0,1,0,0,0,1,Faible
712242633,Client actuel,42,F,2,Non connu,Célibataire,Moins de $40K,Blue,36,1,4,2517,76,0.94,0,1,0,0,0,1,Faible
713610933,Client actuel,40,F,2,Sans diplôme,Marié(e),Moins de $40K,Blue,26,2,1,0,90,0.0,0,0,1,0,1,2,Modéré
714257958,Client actuel,41,F,3,Doctorat,Célibataire,Moins de $40K,Blue,31,2,1,0,68,0.0,0,0,1,0,1,2,Modéré
772172883,Client actuel,46,F,2,Sans diplôme,Non connu,$40K - $60K,Blue,35,2,1,1349,93,0.22,0,0,0,0,0,0,Faible
720204558,Client actuel,45,F,2,Lycée (équivalent baccalauréat),Marié(e),Moins de $40K,Blue,36,1,3,999,77,0.609,0,0,0,0,0,0,Faible
779635533,Client actuel,38,F,3,Licence,Célibataire,Non connu,Blue,21,1,3,1028,71,0.438,0,0,0,0,0,0,Faible
804658833,Client actuel,53,F,3,Non connu,Marié(e),Moins de $40K,Blue,48,1,2,0,73,0.0,0,0,1,0,1,2,Modéré
756691608,Client actuel,37,F,3,Licence,Marié(e),Non connu,Blue,30,3,3,780,81,0.171,0,0,0,0,0,0,Faible
806219808,Client actuel,52,M,3,Niveau Bac+2,Non connu,$120K +,Blue,47,6,3,1972,88,0.385,1,0,0,0,0,1,Faible
826266483,Client actuel,39,F,2,Niveau Bac+2,Célibataire,Non connu,Blue,35,2,2,598,81,0.056,0,0,1,0,1,2,Modéré
787596558,Client actuel,50,M,1,Sans diplôme,Marié(e),$120K +,Blue,23,2,1,981,85,0.138,0,0,0,0,1,1,Faible
803205258,Client actuel,51,F,3,Licence,Célibataire,Non connu,Blue,45,3,4,2379,86,0.983,0,1,0,0,0,1,Faible
716041908,Client actuel,54,F,1,Lycée (équivalent baccalauréat),Célibataire,Moins de $40K,Blue,43,2,4,805,75,0.387,0,1,0,0,0,1,Faible
708837858,Client actuel,44,F,4,Doctorat,Non connu,Moins de $40K,Blue,34,2,2,1718,68,0.632,0,0,0,0,0,0,Faible
828227433,Client actuel,50,M,2,Lycée (équivalent baccalauréat),Célibataire,$60K - $80K,Blue,46,2,4,778,84,0.138,0,1,0,0,1,2,Modéré
714036258,Client actuel,47,F,3,Non connu,Célibataire,Moins de $40K,Blue,36,1,4,1963,64,0.702,0,1,0,0,0,1,Faible
788752833,Client actuel,52,F,2,Lycée (équivalent baccalauréat),Divorcé(e),Moins de $40K,Blue,32,3,4,1581,69,0.651,0,1,0,0,0,1,Faible
773108958,Client actuel,55,F,2,Sans diplôme,Marié(e),$40K - $60K,Blue,48,1,1,2138,75,0.71,0,0,0,0,0,0,Faible
782437008,Client actuel,41,F,3,Niveau Bac+2,Marié(e),Non connu,Blue,35,2,4,1769,83,0.784,0,1,0,0,0,1,Faible
827423433,Client actuel,41,F,4,Licence,Divorcé(e),Moins de $40K,Blue,37,1,4,1399,67,0.187,0,1,0,0,0,1,Faible
756919683,Client actuel,48,F,2,Non connu,Marié(e),Moins de $40K,Blue,41,1,3,1294,86,0.356,0,0,0,0,0,0,Faible
779219208,Client actuel,38,F,2,Lycée (équivalent baccalauréat),Célibataire,Moins de $40K,Blue,28,1,3,0,86,0.0,0,0,1,0,1,2,Modéré
712342833,Client actuel,52,F,2,Licence,Marié(e),Non connu,Blue,36,3,1,2248,80,0.381,0,0,0,0,0,0,Faible
721121283,Client actuel,37,F,2,Licence,Célibataire,$40K - $60K,Blue,24,1,4,1280,81,0.497,0,1,0,0,0,1,Faible
790006383,Client actuel,45,M,0,Non connu,Célibataire,$80K - $120K,Blue,37,3,2,2035,67,0.211,0,0,0,0,0,0,Faible
756989583,Client actuel,41,M,4,Licence,Non connu,$40K - $60K,Blue,24,2,2,0,68,0.0,0,0,1,0,1,2,Modéré
716614683,Client actuel,49,M,3,Niveau Bac+2,Célibataire,$60K - $80K,Gold,36,3,1,1255,73,0.036,0,0,0,0,1,1,Faible
740784258,Client actuel,47,F,2,Niveau Bac+2,Célibataire,Moins de $40K,Blue,40,3,3,1088,90,0.608,0,0,0,0,0,0,Faible
711336033,Client actuel,26,F,0,Non connu,Célibataire,Non connu,Blue,36,3,2,1032,72,0.136,0,0,0,0,1,1,Faible
768141558,Client actuel,51,M,3,Niveau Bac+2,Célibataire,$40K - $60K,Blue,45,3,0,1896,74,0.579,0,0,0,0,0,0,Faible
717179508,Client actuel,33,F,0,Licence,Célibataire,Moins de $40K,Blue,26,1,3,1565,68,0.657,0,0,0,0,0,0,Faible
716520033,Client actuel,52,M,2,Master,Célibataire,$80K - $120K,Blue,36,4,1,1448,61,0.731,1,0,0,0,0,1,Faible
783625008,Client actuel,51,M,2,Master,Célibataire,$120K +,Blue,45,2,2,0,71,0.0,0,0,1,0,1,2,Modéré
769330908,Client actuel,49,F,4,Lycée (équivalent baccalauréat),Marié(e),Moins de $40K,Blue,43,3,4,1555,62,0.604,0,1,0,0,0,1,Faible
789396783,Client actuel,30,F,0,Lycée (équivalent baccalauréat),Célibataire,Moins de $40K,Blue,20,3,4,1109,78,0.525,0,1,0,0,0,1,Faible
709310433,Client actuel,65,F,0,Non connu,Célibataire,Moins de $40K,Blue,56,2,2,812,76,0.149,0,0,0,0,1,1,Faible
713094483,Client actuel,43,F,3,Non connu,Marié(e),$40K - $60K,Blue,32,2,4,0,78,0.0,0,1,1,0,1,3,Modéré
770753733,Client actuel,42,F,5,Niveau Bac+2,Célibataire,Moins de $40K,Blue,28,3,2,1865,85,0.613,0,0,0,0,0,0,Faible
712659408,Client actuel,57,M,1,Lycée (équivalent baccalauréat),Marié(e),$40K - $60K,Blue,45,3,2,2159,81,0.793,0,0,0,0,0,0,Faible
768475383,Client actuel,62,F,0,Non connu,Célibataire,$40K - $60K,Blue,56,1,2,0,74,0.0,0,0,1,0,1,2,Modéré
779655183,Client actuel,48,M,4,Niveau Bac+2,Célibataire,$80K - $120K,Blue,31,1,3,0,82,0.0,0,0,1,0,1,2,Modéré
711278283,Client actuel,61,F,1,Lycée (équivalent baccalauréat),Non connu,Moins de $40K,Blue,50,1,2,1075,65,0.125,0,0,0,0,1,1,Faible
713345508,Client actuel,43,F,2,Lycée (équivalent baccalauréat),Célibataire,Moins de $40K,Blue,36,3,2,1662,83,0.715,0,0,0,0,0,0,Faible
711379083,Client actuel,60,F,0,Doctorat,Célibataire,Moins de $40K,Blue,42,3,3,1429,74,0.518,0,0,0,0,0,0,Faible
789144633,Client actuel,45,M,1,Licence,Marié(e),$80K - $120K,Blue,34,2,2,850,34,0.088,0,0,0,1,1,2,Modéré
708393633,Client actuel,41,F,0,Lycée (équivalent baccalauréat),Marié(e),Moins de $40K,Blue,31,2,4,1647,94,0.613,0,1,0,0,0,1,Faible
708657033,Client actuel,60,F,2,Niveau Bac+2,Célibataire,Moins de $40K,Blue,54,3,2,1923,71,0.714,0,0,0,0,0,0,Faible
788866983,Client actuel,63,F,0,Non connu,Célibataire,Moins de $40K,Blue,48,2,1,0,61,0.0,0,0,1,0,1,2,Modéré
751283658,Client actuel,42,F,4,Non connu,Célibataire,$40K - $60K,Blue,35,3,3,1316,73,0.737,0,0,0,0,0,0,Faible
718243533,Client actuel,48,M,3,Master,Divorcé(e),$60K - $80K,Blue,36,3,4,0,74,0.0,0,1,1,0,1,3,Modéré
779754408,Client actuel,44,M,3,Licence,Célibataire,$40K - $60K,Blue,33,2,2,2123,69,0.857,0,0,0,0,0,0,Faible
794866983,Client actuel,51,F,1,Doctorat,Marié(e),Non connu,Blue,45,2,1,1031,67,0.141,0,0,0,0,1,1,Faible
711832533,Client actuel,42,M,3,Lycée (équivalent baccalauréat),Célibataire,$80K - $120K,Silver,32,3,3,1396,62,0.04,0,0,0,0,1,1,Faible
788552658,Client actuel,46,F,4,Sans diplôme,Marié(e),Moins de $40K,Blue,30,3,1,1759,86,0.71,0,0,0,0,0,0,Faible
715415508,Client actuel,42,F,4,Licence,Célibataire,Non connu,Blue,36,3,3,1870,71,0.199,0,0,0,0,0,0,Faible
719962458,Client actuel,44,F,2,Licence,Non connu,Moins de $40K,Blue,34,2,2,1491,70,0.582,0,0,0,0,0,0,Faible
717410508,Client actuel,43,M,3,Non connu,Marié(e),$60K - $80K,Silver,30,3,4,1281,70,0.05,0,1,0,0,1,2,Modéré
711796683,Client actuel,50,F,2,Licence,Célibataire,Moins de $40K,Blue,38,4,2,1581,73,0.214,1,0,0,0,0,1,Faible
709407933,Client actuel,51,M,3,Lycée (équivalent baccalauréat),Célibataire,$80K - $120K,Silver,38,3,4,1802,80,0.052,0,1,0,0,1,2,Modéré
810493458,Client actuel,52,F,1,Sans diplôme,Célibataire,Non connu,Blue,47,1,3,1349,72,0.332,0,0,0,0,0,0,Faible
720494058,Client actuel,51,F,2,Niveau Bac+2,Marié(e),Moins de $40K,Blue,25,3,3,0,79,0.0,0,0,1,0,1,2,Modéré
717050883,Client actuel,60,F,1,Lycée (équivalent baccalauréat),Célibataire,Moins de $40K,Blue,36,2,2,1617,71,0.602,0,0,0,0,0,0,Faible
715659333,Client actuel,43,F,4,Lycée (équivalent baccalauréat),Célibataire,$40K - $60K,Blue,36,3,2,2517,69,0.513,0,0,0,0,0,0,Faible
712414908,Client actuel,45,F,4,Non connu,Marié(e),Non connu,Blue,37,2,1,0,80,0.0,0,0,1,0,1,2,Modéré
720175008,Client actuel,48,F,2,Doctorat,Marié(e),$40K - $60K,Blue,34,1,4,1843,66,0.364,0,1,0,0,0,1,Faible
719876808,Client actuel,43,M,3,Non connu,Divorcé(e),$80K - $120K,Blue,36,2,3,0,62,0.0,0,0,1,0,1,2,Modéré
708360108,Client actuel,50,M,1,Niveau Bac+2,Célibataire,$40K - $60K,Blue,41,1,1,1338,90,0.478,0,0,0,0,0,0,Faible
720676158,Client actuel,34,F,4,Sans diplôme,Célibataire,Non connu,Blue,21,3,2,1994,89,0.221,0,0,0,0,0,0,Faible
716631708,Client actuel,56,M,2,Lycée (équivalent baccalauréat),Marié(e),$60K - $80K,Blue,36,3,1,1990,67,0.734,0,0,0,0,0,0,Faible
710506683,Client actuel,47,F,4,Lycée (équivalent baccalauréat),Célibataire,$40K - $60K,Blue,39,1,0,0,75,0.0,0,0,1,0,1,2,Modéré
712428333,Client actuel,49,M,3,Sans diplôme,Célibataire,$80K - $120K,Blue,41,3,4,1901,75,0.649,0,1,0,0,0,1,Faible
718041033,Client actuel,47,F,4,Licence,Marié(e),Moins de $40K,Blue,36,1,4,1455,76,0.668,0,1,0,0,0,1,Faible
709169133,Client actuel,35,F,1,Lycée (équivalent baccalauréat),Marié(e),Non connu,Blue,23,3,1,0,82,0.0,0,0,1,0,1,2,Modéré
718164858,Client actuel,42,F,4,Master,Marié(e),Moins de $40K,Blue,34,3,2,1281,97,0.634,0,0,0,0,0,0,Faible
778377183,Client actuel,49,M,3,Licence,Célibataire,$120K +,Blue,29,2,2,1144,92,0.063,0,0,0,0,1,1,Faible
712845258,Client actuel,41,M,2,Sans diplôme,Célibataire,$80K - $120K,Gold,33,3,2,1642,71,0.048,0,0,0,0,1,1,Faible
716915133,Client actuel,42,F,2,Non connu,Célibataire,Moins de $40K,Blue,36,3,4,0,70,0.0,0,1,1,0,1,3,Modéré
771403008,Client actuel,52,M,2,Licence,Non connu,$60K - $80K,Blue,40,1,3,0,75,0.0,0,0,1,0,1,2,Modéré
787441383,Client actuel,52,F,0,Licence,Marié(e),Moins de $40K,Blue,37,1,2,1284,62,0.716,0,0,0,0,0,0,Faible
711345258,Client actuel,52,F,2,Lycée (équivalent baccalauréat),Marié(e),$40K - $60K,Blue,44,3,1,0,85,0.0,0,0,1,0,1,2,Modéré
718205283,Client actuel,48,F,3,Niveau Bac+2,Célibataire,$40K - $60K,Blue,37,3,1,0,76,0.0,0,0,1,0,1,2,Modéré
708337683,Client actuel,51,M,2,Sans diplôme,Célibataire,$60K - $80K,Blue,40,2,2,893,62,0.041,0,0,0,0,1,1,Faible
710201058,Client actuel,46,F,4,Licence,Marié(e),Moins de $40K,Blue,38,3,2,736,65,0.496,0,0,0,0,0,0,Faible
785218458,Client actuel,44,M,2,Licence,Marié(e),$40K - $60K,Blue,38,1,3,2282,77,0.911,0,0,0,0,0,0,Faible
770740308,Client actuel,49,F,4,Licence,Non connu,$40K - $60K,Blue,35,3,2,1699,92,0.646,0,0,0,0,0,0,Faible
708846183,Client actuel,48,M,4,Niveau Bac+2,Célibataire,$60K - $80K,Blue,30,2,2,2234,68,0.676,0,0,0,0,0,0,Faible
810586833,Client actuel,38,F,3,Licence,Divorcé(e),Non connu,Blue,33,2,3,857,78,0.029,0,0,0,0,1,1,Faible
712425258,Client actuel,46,F,4,Non connu,Célibataire,Moins de $40K,Blue,26,1,3,1379,72,0.742,0,0,0,0,0,0,Faible
772063308,Client actuel,45,M,2,Licence,Célibataire,$60K - $80K,Blue,34,1,1,0,79,0.0,0,0,1,0,1,2,Modéré
718574808,Client actuel,33,F,2,Licence,Célibataire,Moins de $40K,Blue,17,3,4,1846,74,0.759,0,1,0,0,0,1,Faible
717131283,Client actuel,43,F,4,Lycée (équivalent baccalauréat),Divorcé(e),$40K - $60K,Blue,34,1,1,1579,67,0.262,0,0,0,0,0,0,Faible
798996183,Client actuel,61,F,0,Non connu,Marié(e),Moins de $40K,Blue,55,2,3,1512,80,0.689,0,0,0,0,0,0,Faible
716831508,Client actuel,47,F,3,Lycée (équivalent baccalauréat),Célibataire,$40K - $60K,Blue,34,1,3,1524,59,0.776,0,0,0,0,0,0,Faible
813234108,Client actuel,45,F,3,Sans diplôme,Marié(e),Moins de $40K,Blue,40,1,3,1212,70,0.415,0,0,0,0,0,0,Faible
711027183,Client actuel,50,M,4,Niveau Bac+2,Célibataire,$40K - $60K,Blue,45,3,1,600,80,0.086,0,0,1,0,1,2,Modéré
719613783,Client actuel,51,F,1,Doctorat,Marié(e),Moins de $40K,Blue,42,2,2,0,64,0.0,0,0,1,0,1,2,Modéré
719035758,Client actuel,53,F,3,Sans diplôme,Divorcé(e),Moins de $40K,Blue,43,1,2,1516,78,0.636,0,0,0,0,0,0,Faible
708473133,Client actuel,55,F,1,Licence,Marié(e),Moins de $40K,Blue,45,2,3,0,68,0.0,0,0,1,0,1,2,Modéré
712996833,Client actuel,40,F,1,Lycée (équivalent baccalauréat),Marié(e),Non connu,Blue,33,2,2,1129,86,0.472,0,0,0,0,0,0,Faible
819606258,Client actuel,48,M,4,Non connu,Marié(e),$60K - $80K,Blue,43,3,3,1629,55,0.186,0,0,0,0,0,0,Faible
806428908,Client actuel,60,F,1,Licence,Célibataire,Non connu,Blue,55,3,3,0,75,0.0,0,0,1,0,1,2,Modéré
710903358,Client actuel,65,F,0,Non connu,Célibataire,Moins de $40K,Blue,55,2,1,1386,77,0.218,0,0,0,0,0,0,Faible
712676208,Client actuel,46,F,5,Lycée (équivalent baccalauréat),Célibataire,Moins de $40K,Blue,36,3,3,1324,79,0.741,0,0,0,0,0,0,Faible
712102983,Client actuel,47,F,2,Niveau Bac+2,Marié(e),Moins de $40K,Blue,36,3,3,0,87,0.0,0,0,1,0,1,2,Modéré
754480233,Client actuel,50,M,2,Master,Divorcé(e),$40K - $60K,Blue,43,2,4,0,62,0.0,0,1,1,0,1,3,Modéré
719042208,Client actuel,43,M,4,Doctorat,Non connu,$60K - $80K,Blue,33,3,4,1250,65,0.605,0,1,0,0,0,1,Faible
716251608,Client actuel,45,F,4,Non connu,Marié(e),Moins de $40K,Blue,36,1,4,0,87,0.0,0,1,1,0,1,3,Modéré
715537383,Client actuel,46,M,3,Niveau Bac+2,Célibataire,$120K +,Blue,30,1,2,1893,78,0.069,0,0,0,0,1,1,Faible
789325008,Client actuel,49,M,3,Niveau Bac+2,Célibataire,Moins de $40K,Blue,38,3,1,1991,82,0.253,0,0,0,0,0,0,Faible
719195733,Client actuel,47,M,3,Niveau Bac+2,Marié(e),$60K - $80K,Blue,36,1,3,1900,85,0.444,0,0,0,0,0,0,Faible
710226708,Client actuel,55,F,2,Sans diplôme,Divorcé(e),Moins de $40K,Blue,49,2,1,680,93,0.473,0,0,0,0,0,0,Faible
711982383,Client actuel,62,M,1,Licence,Célibataire,$60K - $80K,Blue,49,3,2,1777,79,0.081,0,0,0,0,1,1,Faible
716345283,Client actuel,55,M,2,Sans diplôme,Célibataire,$60K - $80K,Blue,36,1,4,1920,66,0.407,0,1,0,0,0,1,Faible
710842308,Client actuel,41,F,5,Sans diplôme,Célibataire,$40K - $60K,Blue,26,3,4,928,83,0.41,0,1,0,0,0,1,Faible
713132133,Client actuel,54,F,1,Non connu,Marié(e),Moins de $40K,Blue,39,2,4,1694,81,0.623,0,1,0,0,0,1,Faible
788874333,Client actuel,55,M,3,Master,Non connu,$120K +,Blue,40,1,4,1305,67,0.083,0,1,0,0,1,2,Modéré
717987258,Client actuel,43,F,3,Non connu,Célibataire,$40K - $60K,Blue,36,2,4,1686,67,0.65,0,1,0,0,0,1,Faible
708324483,Client actuel,47,F,4,Non connu,Célibataire,Moins de $40K,Blue,39,3,4,0,71,0.0,0,1,1,0,1,3,Modéré
768612258,Client actuel,52,F,3,Non connu,Célibataire,Moins de $40K,Blue,46,3,3,1623,78,0.601,0,0,0,0,0,0,Faible
719659758,Client actuel,45,F,4,Lycée (équivalent baccalauréat),Marié(e),$40K - $60K,Blue,35,1,0,1670,72,0.572,0,0,0,0,0,0,Faible
711313158,Client actuel,50,F,4,Non connu,Célibataire,Non connu,Blue,44,1,1,0,74,0.0,0,0,1,0,1,2,Modéré
716483358,Client actuel,44,M,3,Licence,Célibataire,$40K - $60K,Blue,29,1,4,1329,68,0.217,0,1,0,0,0,1,Faible
719829633,Client actuel,42,F,2,Non connu,Marié(e),Moins de $40K,Blue,29,3,4,1733,79,0.542,0,1,0,0,0,1,Faible
812465958,Client actuel,53,F,3,Master,Divorcé(e),Non connu,Blue,48,2,2,997,83,0.081,0,0,0,0,1,1,Faible
786536808,Client actuel,51,M,2,Niveau Bac+2,Marié(e),$80K - $120K,Blue,45,3,1,0,82,0.0,0,0,1,0,1,2,Modéré
807369708,Client actuel,52,M,3,Niveau Bac+2,Marié(e),$120K +,Blue,47,2,4,0,74,0.0,0,1,1,0,1,3,Modéré
711397533,Client actuel,52,F,2,Lycée (équivalent baccalauréat),Marié(e),Moins de $40K,Blue,41,2,2,2410,62,0.429,0,0,0,0,0,0,Faible
711740508,Client actuel,50,F,1,Non connu,Marié(e),$40K - $60K,Blue,40,2,2,1575,82,0.592,0,0,0,0,0,0,Faible
715233108,Client actuel,38,M,1,Niveau Bac+2,Marié(e),$60K - $80K,Blue,36,1,2,862,83,0.304,0,0,0,0,0,0,Faible
813807258,Client actuel,50,F,2,Lycée (équivalent baccalauréat),Marié(e),$40K - $60K,Blue,45,3,3,0,82,0.0,0,0,1,0,1,2,Modéré
769183908,Client actuel,51,F,2,Doctorat,Célibataire,Non connu,Blue,45,3,1,683,58,0.324,0,0,0,0,0,0,Faible
718451133,Client actuel,48,M,2,Licence,Célibataire,$60K - $80K,Blue,40,5,4,1413,68,0.095,1,1,0,0,1,3,Modéré
721115733,Client actuel,47,M,3,Non connu,Marié(e),$60K - $80K,Blue,36,3,2,894,79,0.562,0,0,0,0,0,0,Faible
717036408,Client actuel,36,F,1,Sans diplôme,Célibataire,Non connu,Blue,36,3,1,1626,81,0.347,0,0,0,0,0,0,Faible
714427608,Client actuel,45,F,5,Master,Marié(e),Non connu,Blue,29,3,1,681,78,0.267,0,0,0,0,0,0,Faible
780019908,Client actuel,53,F,1,Licence,Célibataire,Moins de $40K,Blue,43,3,2,644,82,0.297,0,0,1,0,0,1,Faible
720302883,Client actuel,53,F,3,Licence,Marié(e),Moins de $40K,Blue,35,3,1,2180,78,0.643,0,0,0,0,0,0,Faible
715893633,Client actuel,47,F,4,Doctorat,Célibataire,Moins de $40K,Blue,36,3,2,1084,81,0.494,0,0,0,0,0,0,Faible
720730683,Client actuel,51,F,2,Licence,Marié(e),Non connu,Blue,36,3,3,730,84,0.042,0,0,0,0,1,1,Faible
720638283,Client actuel,40,F,4,Niveau Bac+2,Célibataire,Moins de $40K,Blue,20,3,2,1731,83,0.618,0,0,0,0,0,0,Faible
789053883,Client actuel,43,M,3,Master,Célibataire,$60K - $80K,Blue,31,2,1,2231,84,0.199,0,0,0,0,0,0,Faible
719286708,Client actuel,50,F,1,Licence,Célibataire,Moins de $40K,Blue,39,5,2,1340,76,0.551,1,0,0,0,0,1,Faible
793395933,Client actuel,59,F,1,Lycée (équivalent baccalauréat),Célibataire,Moins de $40K,Blue,53,3,3,1740,69,0.641,0,0,0,0,0,0,Faible
813895458,Client actuel,49,F,0,Non connu,Célibataire,Non connu,Blue,43,3,3,0,89,0.0,0,0,1,0,1,2,Modéré
710102208,Client actuel,56,M,2,Licence,Célibataire,$60K - $80K,Blue,36,2,2,0,75,0.0,0,0,1,0,1,2,Modéré
719511783,Client actuel,48,F,1,Non connu,Marié(e),Non connu,Blue,41,2,2,1197,78,0.832,0,0,0,0,0,0,Faible
783070833,Client actuel,34,F,4,Licence,Célibataire,$40K - $60K,Blue,28,2,3,1899,86,0.768,0,0,0,0,0,0,Faible
713419908,Client actuel,58,F,2,Lycée (équivalent baccalauréat),Marié(e),Non connu,Blue,50,2,3,0,72,0.0,0,0,1,0,1,2,Modéré
789345408,Client actuel,39,F,2,Niveau Bac+2,Marié(e),$40K - $60K,Blue,29,3,2,722,53,0.502,0,0,0,0,0,0,Faible
720992883,Client actuel,47,F,4,Licence,Marié(e),Moins de $40K,Blue,37,3,3,1863,76,0.584,0,0,0,0,0,0,Faible
803652633,Client actuel,47,F,2,Sans diplôme,Célibataire,Moins de $40K,Blue,41,2,2,1575,70,0.753,0,0,0,0,0,0,Faible
789248958,Client actuel,37,F,2,Lycée (équivalent baccalauréat),Marié(e),$40K - $60K,Blue,26,2,3,2517,89,0.854,0,0,0,0,0,0,Faible
716178483,Client actuel,41,F,4,Sans diplôme,Non connu,$40K - $60K,Blue,29,3,2,0,71,0.0,0,0,1,0,1,2,Modéré
715440558,Client actuel,50,F,1,Licence,Marié(e),Moins de $40K,Blue,36,1,2,1888,74,0.456,0,0,0,0,0,0,Faible
713647083,Client actuel,53,F,2,Sans diplôme,Célibataire,Non connu,Blue,36,2,3,1761,80,0.189,0,0,0,0,0,0,Faible
710512833,Client actuel,38,F,2,Licence,Marié(e),Moins de $40K,Blue,29,1,1,1338,79,0.405,0,0,0,0,0,0,Faible
710803008,Client actuel,40,F,3,Doctorat,Marié(e),Moins de $40K,Blue,30,3,2,2041,68,0.653,0,0,0,0,0,0,Faible
712987608,Client actuel,51,F,2,Doctorat,Célibataire,Moins de $40K,Blue,40,3,3,1153,84,0.802,0,0,0,0,0,0,Faible
716974383,Client actuel,41,M,5,Licence,Marié(e),$80K - $120K,Blue,28,2,0,1979,35,0.794,0,0,0,1,0,1,Faible
779438208,Client actuel,38,F,3,Licence,Célibataire,Moins de $40K,Blue,22,3,3,1175,75,0.606,0,0,0,0,0,0,Faible
721017333,Client actuel,42,F,4,Master,Marié(e),Moins de $40K,Blue,36,2,3,2002,83,0.628,0,0,0,0,0,0,Faible
720952608,Client actuel,44,F,2,Lycée (équivalent baccalauréat),Célibataire,Moins de $40K,Blue,29,1,2,1505,68,0.658,0,0,0,0,0,0,Faible
712886733,Client actuel,44,F,1,Licence,Non connu,Moins de $40K,Blue,32,3,3,1338,87,0.752,0,0,0,0,0,0,Faible
810545733,Client actuel,47,F,2,Niveau Bac+2,Marié(e),Non connu,Blue,42,3,3,1480,63,0.624,0,0,0,0,0,0,Faible
712877733,Client actuel,48,M,5,Licence,Marié(e),$80K - $120K,Blue,42,3,3,1402,84,0.109,0,0,0,0,1,1,Faible
713339283,Client actuel,54,M,3,Non connu,Marié(e),$60K - $80K,Blue,39,3,4,798,71,0.126,0,1,0,0,1,2,Modéré
720473433,Client actuel,59,F,1,Licence,Non connu,Moins de $40K,Blue,36,1,3,2486,78,0.948,0,0,0,0,0,0,Faible
711824358,Client actuel,44,F,4,Niveau Bac+2,Célibataire,Moins de $40K,Blue,31,3,2,0,70,0.0,0,0,1,0,1,2,Modéré
789990333,Client actuel,43,F,4,Licence,Célibataire,$40K - $60K,Blue,35,2,2,722,80,0.314,0,0,0,0,0,0,Faible
721332033,Client actuel,42,M,2,Non connu,Célibataire,$80K - $120K,Blue,30,2,1,892,67,0.031,0,0,0,0,1,1,Faible
771058908,Client actuel,55,F,3,Lycée (équivalent baccalauréat),Célibataire,$40K - $60K,Blue,42,3,2,2455,72,0.855,0,0,0,0,0,0,Faible
715471833,Client actuel,50,M,0,Master,Célibataire,$80K - $120K,Blue,36,1,3,0,67,0.0,0,0,1,0,1,2,Modéré
711781233,Client actuel,53,F,3,Licence,Marié(e),Non connu,Blue,45,1,3,0,87,0.0,0,0,1,0,1,2,Modéré
713947908,Client actuel,33,M,2,Lycée (équivalent baccalauréat),Célibataire,$80K - $120K,Blue,23,2,2,0,91,0.0,0,0,1,0,1,2,Modéré
709741608,Client actuel,51,M,2,Non connu,Célibataire,$80K - $120K,Blue,36,1,2,0,53,0.0,0,0,1,0,1,2,Modéré
709333608,Client actuel,58,F,2,Lycée (équivalent baccalauréat),Célibataire,Non connu,Blue,46,2,2,1345,84,0.562,0,0,0,0,0,0,Faible
716269308,Client actuel,56,F,3,Licence,Célibataire,Moins de $40K,Blue,36,2,2,1362,90,0.48,0,0,0,0,0,0,Faible
709892658,Client actuel,48,F,5,Licence,Célibataire,Moins de $40K,Blue,38,3,2,1300,67,0.81,0,0,0,0,0,0,Faible
710183283,Client actuel,55,F,1,Lycée (équivalent baccalauréat),Marié(e),Moins de $40K,Blue,36,1,1,0,84,0.0,0,0,1,0,1,2,Modéré
711937158,Client actuel,49,M,3,Niveau Bac+2,Marié(e),$60K - $80K,Blue,39,3,3,0,87,0.0,0,0,1,0,1,2,Modéré
771486933,Client actuel,64,M,1,Licence,Célibataire,Moins de $40K,Blue,52,3,2,2242,84,0.875,0,0,0,0,0,0,Faible
718421808,Client actuel,56,F,2,Sans diplôme,Marié(e),Non connu,Blue,43,3,2,1765,73,0.575,0,0,0,0,0,0,Faible
716403633,Client actuel,60,F,0,Niveau Bac+2,Divorcé(e),Moins de $40K,Blue,50,3,2,1650,69,0.482,0,0,0,0,0,0,Faible
708402333,Client actuel,48,F,2,Doctorat,Divorcé(e),Non connu,Blue,37,2,0,1313,88,0.289,0,0,0,0,0,0,Faible
715625658,Client actuel,49,F,3,Lycée (équivalent baccalauréat),Marié(e),Moins de $40K,Blue,36,1,3,1492,87,0.333,0,0,0,0,0,0,Faible
789599283,Client actuel,44,F,3,Niveau Bac+2,Divorcé(e),Non connu,Blue,38,3,2,1448,62,0.723,0,0,0,0,0,0,Faible
708960858,Client actuel,40,M,4,Lycée (équivalent baccalauréat),Marié(e),$80K - $120K,Blue,21,2,3,2066,85,0.18,0,0,0,0,0,0,Faible
772082208,Client actuel,39,M,1,Licence,Célibataire,$120K +,Blue,28,2,2,0,82,0.0,0,0,1,0,1,2,Modéré
711597183,Client actuel,43,M,2,Sans diplôme,Divorcé(e),$80K - $120K,Blue,34,3,2,0,72,0.0,0,0,1,0,1,2,Modéré
716108283,Client actuel,53,F,4,Licence,Marié(e),Moins de $40K,Blue,46,3,3,1579,82,0.356,0,0,0,0,0,0,Faible
779360808,Client actuel,49,F,3,Licence,Marié(e),Moins de $40K,Blue,35,3,3,2032,75,0.696,0,0,0,0,0,0,Faible
716352033,Client actuel,49,F,2,Licence,Marié(e),Moins de $40K,Blue,39,3,3,1035,78,0.37,0,0,0,0,0,0,Faible
711567333,Client actuel,43,M,1,Lycée (équivalent baccalauréat),Célibataire,$60K - $80K,Blue,31,3,2,1720,70,0.607,0,0,0,0,0,0,Faible
788756133,Client actuel,44,F,3,Non connu,Divorcé(e),Moins de $40K,Blue,24,1,2,1508,60,0.576,0,0,0,0,0,0,Faible
755437533,Client actuel,48,F,4,Licence,Célibataire,Moins de $40K,Blue,41,3,2,1273,77,0.836,0,0,0,0,0,0,Faible
710645583,Client actuel,44,F,2,Sans diplôme,Célibataire,Non connu,Blue,37,1,2,1742,75,0.228,0,0,0,0,0,0,Faible
714253983,Client actuel,44,M,3,Non connu,Marié(e),$40K - $60K,Blue,36,2,3,0,59,0.0,0,0,1,0,1,2,Modéré
771566208,Client actuel,48,M,3,Niveau Bac+2,Marié(e),Moins de $40K,Blue,36,1,2,1318,74,0.15,0,0,0,0,1,1,Faible
720725883,Client actuel,34,F,2,Niveau Bac+2,Célibataire,Moins de $40K,Blue,20,2,3,1503,68,0.554,0,0,0,0,0,0,Faible
708539583,Client actuel,44,F,3,Non connu,Marié(e),Non connu,Blue,25,1,3,2232,63,0.112,0,0,0,0,1,1,Faible
716747283,Client actuel,44,F,2,Sans diplôme,Célibataire,Moins de $40K,Blue,36,2,2,1224,79,0.584,0,0,0,0,0,0,Faible
787519683,Client actuel,41,F,2,Licence,Célibataire,Moins de $40K,Blue,30,2,2,2270,78,0.75,0,0,0,0,0,0,Faible
721044333,Client actuel,34,F,2,Niveau Bac+2,Célibataire,Moins de $40K,Blue,22,2,0,761,91,0.449,0,0,0,0,0,0,Faible
711126483,Client actuel,37,F,1,Licence,Célibataire,Moins de $40K,Blue,28,3,3,599,76,0.416,0,0,1,0,0,1,Faible
715040208,Client actuel,49,F,2,Licence,Célibataire,Non connu,Blue,38,3,3,871,72,0.172,0,0,0,0,0,0,Faible
710769258,Client actuel,40,F,2,Licence,Célibataire,Non connu,Blue,27,2,3,1513,75,0.341,0,0,0,0,0,0,Faible
715227633,Client actuel,36,F,3,Niveau Bac+2,Célibataire,Moins de $40K,Blue,36,2,3,0,60,0.0,0,0,1,0,1,2,Modéré
708635058,Client actuel,53,F,0,Lycée (équivalent baccalauréat),Célibataire,Moins de $40K,Blue,44,1,1,886,85,0.465,0,0,0,0,0,0,Faible
709051533,Client actuel,46,F,1,Licence,Marié(e),$40K - $60K,Blue,26,3,0,1569,92,0.535,0,0,0,0,0,0,Faible
718940208,Client actuel,55,F,0,Licence,Célibataire,Non connu,Blue,44,1,3,1841,68,0.101,0,0,0,0,1,1,Faible
712361583,Client actuel,47,M,5,Licence,Marié(e),$80K - $120K,Silver,36,3,1,760,67,0.022,0,0,0,0,1,1,Faible
708390633,Client actuel,52,F,3,Licence,Marié(e),Moins de $40K,Blue,44,5,3,2312,69,0.955,1,0,0,0,0,1,Faible
720281508,Client actuel,44,F,2,Doctorat,Divorcé(e),Moins de $40K,Blue,34,1,2,1491,91,0.62,0,0,0,0,0,0,Faible
720885558,Client actuel,51,F,2,Lycée (équivalent baccalauréat),Célibataire,$40K - $60K,Blue,37,1,1,2426,74,0.926,0,0,0,0,0,0,Faible
709781208,Client actuel,34,F,0,Non connu,Marié(e),Moins de $40K,Blue,26,3,1,0,82,0.0,0,0,1,0,1,2,Modéré
710086308,Client actuel,46,F,4,Lycée (équivalent baccalauréat),Non connu,$40K - $60K,Blue,38,2,0,1179,87,0.323,0,0,0,0,0,0,Faible
713282733,Client actuel,37,F,2,Licence,Célibataire,$40K - $60K,Blue,24,3,1,1730,64,0.513,0,0,0,0,0,0,Faible
815812683,Client actuel,47,M,3,Non connu,Célibataire,$120K +,Blue,42,3,2,1433,77,0.162,0,0,0,0,0,0,Faible
708204033,Client actuel,36,F,5,Non connu,Célibataire,Moins de $40K,Blue,24,1,1,2093,70,0.702,0,0,0,0,0,0,Faible
720040158,Client actuel,47,M,3,Sans diplôme,Célibataire,$60K - $80K,Blue,36,3,2,0,71,0.0,0,0,1,0,1,2,Modéré
711359058,Client actuel,46,F,4,Lycée (équivalent baccalauréat),Célibataire,Moins de $40K,Blue,33,2,2,1711,71,0.434,0,0,0,0,0,0,Faible
714064908,Client actuel,57,F,1,Licence,Célibataire,Moins de $40K,Blue,36,2,3,1289,84,0.728,0,0,0,0,0,0,Faible
765847383,Client actuel,50,M,1,Licence,Marié(e),$120K +,Blue,43,5,3,0,78,0.0,1,0,1,0,1,3,Modéré
789531633,Client actuel,53,F,4,Licence,Célibataire,Moins de $40K,Blue,46,1,2,777,88,0.189,0,0,0,0,0,0,Faible
820593033,Client actuel,43,F,2,Licence,Célibataire,$40K - $60K,Silver,39,1,2,1736,64,0.094,0,0,0,0,1,1,Faible
710078358,Client actuel,36,M,4,Master,Marié(e),Moins de $40K,Blue,26,1,1,1291,88,0.581,0,0,0,0,0,0,Faible
715025208,Client actuel,56,F,2,Niveau Bac+2,Marié(e),Moins de $40K,Blue,46,3,3,1778,63,0.57,0,0,0,0,0,0,Faible
709596783,Client actuel,46,M,3,Niveau Bac+2,Marié(e),$40K - $60K,Blue,34,1,2,0,78,0.0,0,0,1,0,1,2,Modéré
716653758,Client actuel,55,M,0,Non connu,Célibataire,$60K - $80K,Blue,36,3,3,0,74,0.0,0,0,1,0,1,2,Modéré
787268733,Client actuel,52,F,1,Licence,Marié(e),$40K - $60K,Blue,46,1,2,1507,85,0.617,0,0,0,0,0,0,Faible
771079833,Client actuel,40,F,3,Lycée (équivalent baccalauréat),Célibataire,Moins de $40K,Blue,27,3,3,0,78,0.0,0,0,1,0,1,2,Modéré
710507733,Client actuel,42,M,4,Licence,Célibataire,$60K - $80K,Blue,35,3,1,1644,68,0.11,0,0,0,0,1,1,Faible
711627558,Client actuel,40,F,3,Sans diplôme,Célibataire,Moins de $40K,Blue,30,1,2,912,73,0.561,0,0,0,0,0,0,Faible
710536983,Client actuel,49,F,0,Master,Marié(e),Moins de $40K,Blue,36,3,3,2517,67,0.837,0,0,0,0,0,0,Faible
712237458,Client actuel,47,M,3,Non connu,Marié(e),$120K +,Blue,28,2,2,802,78,0.069,0,0,0,0,1,1,Faible
714154533,Client actuel,45,F,3,Lycée (équivalent baccalauréat),Célibataire,Non connu,Blue,36,1,2,1994,56,0.641,0,0,0,0,0,0,Faible
803657133,Client actuel,60,M,1,Licence,Célibataire,$40K - $60K,Blue,54,3,3,1408,75,0.762,0,0,0,0,0,0,Faible
713613258,Client actuel,46,M,4,Lycée (équivalent baccalauréat),Célibataire,$80K - $120K,Blue,36,1,2,0,71,0.0,0,0,1,0,1,2,Modéré
768544833,Client actuel,45,F,4,Sans diplôme,Célibataire,Moins de $40K,Blue,39,2,3,1414,77,0.642,0,0,0,0,0,0,Faible
720782658,Client actuel,42,M,4,Licence,Marié(e),$60K - $80K,Blue,36,2,3,1749,80,0.487,0,0,0,0,0,0,Faible
710511858,Client actuel,58,F,0,Non connu,Marié(e),Moins de $40K,Blue,36,3,3,1439,88,0.376,0,0,0,0,0,0,Faible
714516033,Client actuel,53,M,3,Lycée (équivalent baccalauréat),Marié(e),$120K +,Blue,44,2,0,1005,87,0.111,0,0,0,0,1,1,Faible
788630958,Client actuel,44,M,2,Sans diplôme,Célibataire,$40K - $60K,Blue,28,1,2,0,67,0.0,0,0,1,0,1,2,Modéré
717646008,Client actuel,61,F,1,Niveau Bac+2,Marié(e),Non connu,Blue,46,2,2,0,67,0.0,0,0,1,0,1,2,Modéré
712290258,Client actuel,49,F,1,Non connu,Marié(e),Moins de $40K,Blue,40,1,3,1840,67,0.698,0,0,0,0,0,0,Faible
716292033,Client actuel,37,F,4,Lycée (équivalent baccalauréat),Célibataire,Moins de $40K,Blue,36,2,3,0,84,0.0,0,0,1,0,1,2,Modéré
780372408,Client actuel,43,F,5,Lycée (équivalent baccalauréat),Célibataire,Moins de $40K,Blue,33,2,2,866,69,0.174,0,0,0,0,0,0,Faible
720853158,Client actuel,38,F,3,Lycée (équivalent baccalauréat),Célibataire,Non connu,Blue,24,3,3,1607,70,0.115,0,0,0,0,1,1,Faible
823507833,Client actuel,44,M,4,Lycée (équivalent baccalauréat),Célibataire,$60K - $80K,Blue,40,3,2,945,79,0.066,0,0,0,0,1,1,Faible
711111633,Client actuel,60,M,1,Lycée (équivalent baccalauréat),Célibataire,$40K - $60K,Silver,49,2,2,0,75,0.0,0,0,1,0,1,2,Modéré
709904508,Client actuel,59,F,0,Master,Célibataire,$40K - $60K,Blue,40,3,3,1644,71,0.624,0,0,0,0,0,0,Faible
712022883,Client actuel,37,F,2,Lycée (équivalent baccalauréat),Célibataire,$40K - $60K,Blue,27,1,2,919,82,0.417,0,0,0,0,0,0,Faible
712173108,Client actuel,48,F,1,Non connu,Non connu,$40K - $60K,Blue,36,1,3,1991,82,0.814,0,0,0,0,0,0,Faible
714156633,Client actuel,60,F,0,Non connu,Célibataire,Non connu,Blue,36,3,2,0,79,0.0,0,0,1,0,1,2,Modéré
713256033,Client actuel,39,F,3,Sans diplôme,Célibataire,Non connu,Blue,25,3,3,1604,74,0.384,0,0,0,0,0,0,Faible
825831933,Client actuel,52,F,3,Lycée (équivalent baccalauréat),Marié(e),Moins de $40K,Blue,48,2,2,1103,81,0.352,0,0,0,0,0,0,Faible
720274158,Client actuel,42,F,4,Lycée (équivalent baccalauréat),Marié(e),Moins de $40K,Blue,35,2,2,1700,76,0.38,0,0,0,0,0,0,Faible
794253108,Client actuel,52,M,4,Licence,Célibataire,$40K - $60K,Blue,46,3,2,0,78,0.0,0,0,1,0,1,2,Modéré
720899883,Client actuel,44,F,1,Lycée (équivalent baccalauréat),Marié(e),$40K - $60K,Blue,35,2,2,0,82,0.0,0,0,1,0,1,2,Modéré
714313608,Client actuel,36,F,4,Sans diplôme,Marié(e),Moins de $40K,Blue,36,3,0,1886,74,0.446,0,0,0,0,0,0,Faible
716602683,Client actuel,49,F,3,Licence,Marié(e),$40K - $60K,Blue,36,3,2,2082,70,0.367,0,0,0,0,0,0,Faible
715928808,Client actuel,42,F,2,Lycée (équivalent baccalauréat),Marié(e),Moins de $40K,Blue,31,5,2,1218,75,0.307,1,0,0,0,0,1,Faible
714771708,Client actuel,36,F,0,Niveau Bac+2,Non connu,Non connu,Blue,26,3,3,0,69,0.0,0,0,1,0,1,2,Modéré
820268358,Client actuel,48,F,4,Master,Non connu,Moins de $40K,Blue,43,1,3,1462,75,0.62,0,0,0,0,0,0,Faible
709273383,Client actuel,54,F,0,Non connu,Marié(e),Non connu,Blue,36,1,2,696,77,0.084,0,0,0,0,1,1,Faible
822959133,Client actuel,32,F,3,Master,Marié(e),$40K - $60K,Blue,26,3,3,2084,83,0.657,0,0,0,0,0,0,Faible
720491958,Client actuel,34,F,3,Sans diplôme,Célibataire,Moins de $40K,Blue,36,3,3,0,74,0.0,0,0,1,0,1,2,Modéré
713607108,Client actuel,46,F,2,Niveau Bac+2,Divorcé(e),Moins de $40K,Blue,31,1,2,1428,61,0.771,0,0,0,0,0,0,Faible
717890583,Client actuel,48,F,1,Licence,Divorcé(e),$40K - $60K,Blue,38,1,2,1572,93,0.449,0,0,0,0,0,0,Faible
718384233,Client actuel,52,M,5,Doctorat,Célibataire,$40K - $60K,Silver,39,2,2,868,58,0.049,0,0,0,0,1,1,Faible
713401758,Client actuel,45,M,2,Sans diplôme,Marié(e),$120K +,Blue,36,2,3,1458,75,0.431,0,0,0,0,0,0,Faible
773257233,Client actuel,46,F,4,Non connu,Célibataire,Moins de $40K,Blue,39,2,3,1457,70,0.204,0,0,0,0,0,0,Faible
713556033,Client actuel,36,F,1,Licence,Marié(e),Moins de $40K,Blue,22,2,3,790,59,0.549,0,0,0,0,0,0,Faible
719265108,Client actuel,42,F,3,Lycée (équivalent baccalauréat),Marié(e),Moins de $40K,Blue,33,3,2,1190,94,0.312,0,0,0,0,0,0,Faible
778740708,Client actuel,39,F,3,Licence,Marié(e),Moins de $40K,Blue,27,3,2,962,69,0.506,0,0,0,0,0,0,Faible
710952933,Client actuel,43,F,1,Sans diplôme,Divorcé(e),Moins de $40K,Blue,36,2,3,1254,75,0.604,0,0,0,0,0,0,Faible
779954658,Client actuel,56,M,4,Lycée (équivalent baccalauréat),Célibataire,$80K - $120K,Blue,40,3,3,0,82,0.0,0,0,1,0,1,2,Modéré
714204108,Client actuel,45,F,5,Licence,Célibataire,Moins de $40K,Blue,38,3,0,1492,55,0.696,0,0,0,0,0,0,Faible
805546308,Client actuel,65,F,0,Lycée (équivalent baccalauréat),Célibataire,Moins de $40K,Blue,56,3,2,2517,83,0.423,0,0,0,0,0,0,Faible
716244933,Client actuel,54,F,3,Lycée (équivalent baccalauréat),Divorcé(e),Non connu,Blue,36,5,3,0,87,0.0,1,0,1,0,1,3,Modéré
712018233,Client actuel,42,F,3,Licence,Célibataire,Non connu,Blue,34,3,3,2517,94,0.152,0,0,0,0,1,1,Faible
802878408,Client actuel,53,F,1,Licence,Marié(e),$40K - $60K,Blue,47,2,2,0,88,0.0,0,0,1,0,1,2,Modéré
719504433,Client actuel,63,M,0,Non connu,Célibataire,$40K - $60K,Silver,54,3,3,1695,71,0.094,0,0,0,0,1,1,Faible
794558658,Client actuel,49,F,4,Licence,Marié(e),Moins de $40K,Blue,34,1,3,1430,86,0.559,0,0,0,0,0,0,Faible
711634008,Client actuel,42,F,3,Sans diplôme,Marié(e),Moins de $40K,Blue,36,2,2,0,70,0.0,0,0,1,0,1,2,Modéré
708260208,Client actuel,43,F,5,Sans diplôme,Célibataire,Moins de $40K,Blue,36,3,2,1279,76,0.622,0,0,0,0,0,0,Faible
713435058,Client actuel,49,F,5,Lycée (équivalent baccalauréat),Divorcé(e),Moins de $40K,Blue,42,2,3,1489,66,0.755,0,0,0,0,0,0,Faible
719656533,Client actuel,44,M,3,Lycée (équivalent baccalauréat),Marié(e),$60K - $80K,Blue,36,2,3,0,79,0.0,0,0,1,0,1,2,Modéré
719709558,Client actuel,48,M,3,Licence,Marié(e),$40K - $60K,Blue,33,1,2,2126,79,0.342,0,0,0,0,0,0,Faible
710311233,Client actuel,44,F,4,Lycée (équivalent baccalauréat),Célibataire,Non connu,Blue,37,3,3,0,86,0.0,0,0,1,0,1,2,Modéré
719216508,Client actuel,55,F,1,Non connu,Non connu,Moins de $40K,Blue,36,2,1,2517,77,0.773,0,0,0,0,0,0,Faible
713105508,Client actuel,46,M,3,Lycée (équivalent baccalauréat),Célibataire,$60K - $80K,Silver,29,3,3,2040,53,0.059,0,0,0,0,1,1,Faible
710719683,Client actuel,49,F,1,Lycée (équivalent baccalauréat),Divorcé(e),$40K - $60K,Blue,43,3,2,845,88,0.277,0,0,0,0,0,0,Faible
817892208,Client actuel,35,F,2,Doctorat,Célibataire,Moins de $40K,Blue,30,1,1,0,72,0.0,0,0,1,0,1,2,Modéré
718202658,Client actuel,47,M,3,Licence,Non connu,$120K +,Blue,36,2,3,795,98,0.085,0,0,0,0,1,1,Faible
719445633,Client actuel,60,F,0,Sans diplôme,Marié(e),Moins de $40K,Blue,36,2,3,0,69,0.0,0,0,1,0,1,2,Modéré
709820658,Client actuel,45,M,4,Lycée (équivalent baccalauréat),Marié(e),$80K - $120K,Blue,36,2,3,1170,64,0.034,0,0,0,0,1,1,Faible
718481283,Client actuel,51,F,1,Lycée (équivalent baccalauréat),Marié(e),Moins de $40K,Blue,43,1,3,1114,73,0.611,0,0,0,0,0,0,Faible
789300408,Client actuel,41,M,4,Lycée (équivalent baccalauréat),Marié(e),Moins de $40K,Blue,30,2,2,700,87,0.434,0,0,0,0,0,0,Faible
711970533,Client actuel,54,F,4,Non connu,Marié(e),Moins de $40K,Blue,41,2,0,1349,71,0.905,0,0,0,0,0,0,Faible
815088483,Client actuel,28,F,1,Licence,Divorcé(e),Moins de $40K,Blue,23,1,3,1156,64,0.455,0,0,0,0,0,0,Faible
717139608,Client actuel,50,F,2,Niveau Bac+2,Divorcé(e),Moins de $40K,Blue,36,2,3,1817,65,0.525,0,0,0,0,0,0,Faible
717626508,Client actuel,44,F,3,Licence,Marié(e),Moins de $40K,Blue,36,3,1,0,87,0.0,0,0,1,0,1,2,Modéré
712484733,Client actuel,47,M,5,Non connu,Célibataire,$60K - $80K,Blue,32,2,3,2517,85,0.285,0,0,0,0,0,0,Faible
716216958,Client actuel,48,M,1,Sans diplôme,Marié(e),$60K - $80K,Blue,42,1,1,883,63,0.199,0,0,0,0,0,0,Faible
718693683,Client actuel,65,F,0,Lycée (équivalent baccalauréat),Célibataire,$40K - $60K,Blue,53,1,3,2205,74,0.912,0,0,0,0,0,0,Faible
716298633,Client actuel,56,F,1,Licence,Célibataire,Moins de $40K,Blue,47,2,3,1792,84,0.859,0,0,0,0,0,0,Faible
712914783,Client actuel,43,M,5,Licence,Célibataire,$40K - $60K,Blue,31,1,2,0,82,0.0,0,0,1,0,1,2,Modéré
711240108,Client actuel,41,M,2,Licence,Marié(e),$60K - $80K,Blue,31,2,2,1225,61,0.093,0,0,0,0,1,1,Faible
721396758,Client actuel,35,F,4,Doctorat,Marié(e),Moins de $40K,Blue,36,1,3,606,80,0.421,0,0,1,0,0,1,Faible
715636533,Client actuel,48,F,3,Lycée (équivalent baccalauréat),Marié(e),Moins de $40K,Blue,36,1,2,0,73,0.0,0,0,1,0,1,2,Modéré
711508608,Client actuel,50,F,1,Non connu,Marié(e),Moins de $40K,Blue,36,5,3,1482,74,0.483,1,0,0,0,0,1,Faible
718212633,Client actuel,45,F,4,Lycée (équivalent baccalauréat),Marié(e),$40K - $60K,Blue,36,2,1,2232,79,0.757,0,0,0,0,0,0,Faible
708357183,Client actuel,47,F,3,Non connu,Célibataire,Moins de $40K,Blue,38,2,3,0,64,0.0,0,0,1,0,1,2,Modéré
713629533,Client actuel,35,F,1,Sans diplôme,Marié(e),Moins de $40K,Blue,36,2,3,670,83,0.466,0,0,1,0,0,1,Faible
771450708,Client actuel,58,F,3,Licence,Marié(e),$40K - $60K,Blue,46,3,1,1913,73,0.41,0,0,0,0,0,0,Faible
711311883,Client actuel,48,F,2,Licence,Marié(e),Moins de $40K,Silver,35,2,2,0,63,0.0,0,0,1,0,1,2,Modéré
708113208,Client actuel,53,F,1,Lycée (équivalent baccalauréat),Marié(e),Moins de $40K,Blue,36,2,2,0,69,0.0,0,0,1,0,1,2,Modéré
788786208,Client actuel,46,F,2,Niveau Bac+2,Marié(e),Non connu,Blue,27,3,3,1794,85,0.182,0,0,0,0,0,0,Faible
720043533,Client actuel,39,M,4,Licence,Célibataire,$60K - $80K,Blue,26,2,0,917,66,0.202,0,0,0,0,0,0,Faible
801083133,Client actuel,57,F,4,Sans diplôme,Célibataire,Moins de $40K,Blue,51,3,3,1446,69,0.408,0,0,0,0,0,0,Faible
716246733,Client actuel,57,F,2,Niveau Bac+2,Célibataire,Moins de $40K,Blue,49,2,2,1528,71,0.823,0,0,0,0,0,0,Faible
807157833,Client actuel,56,F,4,Sans diplôme,Célibataire,Non connu,Blue,51,1,1,1272,73,0.382,0,0,0,0,0,0,Faible
828285858,Client actuel,41,F,3,Niveau Bac+2,Marié(e),Moins de $40K,Blue,37,1,2,765,66,0.532,0,0,0,0,0,0,Faible
711148308,Client actuel,52,M,3,Licence,Célibataire,$60K - $80K,Blue,46,2,2,1285,77,0.137,0,0,0,0,1,1,Faible
712810233,Client actuel,40,F,2,Licence,Marié(e),Moins de $40K,Blue,36,2,3,1674,80,0.691,0,0,0,0,0,0,Faible
714098883,Client actuel,45,F,1,Licence,Célibataire,$40K - $60K,Blue,36,2,2,1613,80,0.833,0,0,0,0,0,0,Faible
779327733,Client actuel,43,M,1,Licence,Divorcé(e),$60K - $80K,Blue,25,3,3,1014,81,0.569,0,0,0,0,0,0,Faible
716364408,Client actuel,59,F,0,Non connu,Marié(e),Moins de $40K,Blue,36,1,2,0,62,0.0,0,0,1,0,1,2,Modéré
710461083,Client actuel,56,F,2,Licence,Célibataire,Moins de $40K,Blue,46,1,3,0,84,0.0,0,0,1,0,1,2,Modéré
709306983,Client actuel,44,F,2,Master,Marié(e),Moins de $40K,Silver,36,3,2,1023,81,0.097,0,0,0,0,1,1,Faible
769035933,Client actuel,54,F,2,Non connu,Célibataire,Moins de $40K,Blue,48,3,2,1316,68,0.286,0,0,0,0,0,0,Faible
813182658,Client actuel,49,F,4,Lycée (équivalent baccalauréat),Marié(e),Moins de $40K,Blue,44,2,3,929,79,0.561,0,0,0,0,0,0,Faible
781110408,Client actuel,39,F,0,Lycée (équivalent baccalauréat),Célibataire,Moins de $40K,Blue,23,3,2,0,75,0.0,0,0,1,0,1,2,Modéré
818007783,Client actuel,49,F,3,Niveau Bac+2,Marié(e),$40K - $60K,Blue,44,2,3,1590,89,0.617,0,0,0,0,0,0,Faible
708862233,Client actuel,44,F,4,Licence,Marié(e),$40K - $60K,Blue,30,3,3,0,83,0.0,0,0,1,0,1,2,Modéré
789392883,Client actuel,38,F,3,Master,Non connu,Moins de $40K,Blue,29,1,0,1247,71,0.664,0,0,0,0,0,0,Faible
803805483,Client actuel,46,F,3,Niveau Bac+2,Marié(e),Non connu,Blue,40,3,3,0,67,0.0,0,0,1,0,1,2,Modéré
710579583,Client actuel,57,F,1,Licence,Marié(e),Moins de $40K,Blue,50,2,3,983,86,0.59,0,0,0,0,0,0,Faible
711907083,Client actuel,53,M,1,Lycée (équivalent baccalauréat),Non connu,$80K - $120K,Blue,36,3,4,1034,64,0.073,0,1,0,0,1,2,Modéré
718696458,Client actuel,52,F,1,Licence,Marié(e),Moins de $40K,Blue,42,2,3,1230,68,0.611,0,0,0,0,0,0,Faible
710611683,Client actuel,43,F,2,Master,Marié(e),Moins de $40K,Blue,31,1,1,1807,83,0.637,0,0,0,0,0,0,Faible
721511883,Client actuel,40,F,3,Licence,Célibataire,Moins de $40K,Blue,28,2,2,0,79,0.0,0,0,1,0,1,2,Modéré
779116158,Client actuel,49,F,1,Non connu,Marié(e),Moins de $40K,Blue,31,2,1,868,85,0.152,0,0,0,0,1,1,Faible
720193533,Client actuel,41,M,3,Non connu,Marié(e),$60K - $80K,Blue,32,1,3,1043,62,0.206,0,0,0,0,0,0,Faible
753094533,Client actuel,51,M,3,Sans diplôme,Marié(e),$80K - $120K,Blue,44,3,3,0,73,0.0,0,0,1,0,1,2,Modéré
719545983,Client actuel,31,F,2,Master,Non connu,Non connu,Blue,13,3,3,0,82,0.0,0,0,1,0,1,2,Modéré
716494383,Client actuel,49,F,3,Licence,Non connu,$40K - $60K,Blue,41,2,2,931,78,0.26,0,0,0,0,0,0,Faible
769892058,Client actuel,40,M,3,Sans diplôme,Célibataire,$80K - $120K,Blue,34,2,2,2126,65,0.233,0,0,0,0,0,0,Faible
709098108,Client actuel,45,F,4,Licence,Marié(e),Non connu,Blue,35,2,2,0,80,0.0,0,0,1,0,1,2,Modéré
715705683,Client actuel,56,F,1,Licence,Célibataire,Moins de $40K,Blue,36,3,2,1101,70,0.569,0,0,0,0,0,0,Faible
715724808,Client actuel,49,M,3,Lycée (équivalent baccalauréat),Marié(e),$80K - $120K,Blue,41,2,3,2138,83,0.266,0,0,0,0,0,0,Faible
717123858,Client actuel,36,F,1,Licence,Marié(e),$40K - $60K,Blue,36,1,3,1617,62,0.445,0,0,0,0,0,0,Faible
716236683,Client actuel,46,F,1,Lycée (équivalent baccalauréat),Marié(e),Moins de $40K,Blue,37,2,2,1487,71,0.587,0,0,0,0,0,0,Faible
771224358,Client actuel,54,F,4,Non connu,Marié(e),Moins de $40K,Blue,41,1,3,0,78,0.0,0,0,1,0,1,2,Modéré
710595783,Client actuel,46,F,3,Licence,Non connu,Non connu,Blue,39,1,2,2082,76,0.313,0,0,0,0,0,0,Faible
711409833,Client actuel,45,F,5,Sans diplôme,Marié(e),Moins de $40K,Blue,33,1,3,650,71,0.355,0,0,1,0,0,1,Faible
721174008,Client actuel,37,M,2,Sans diplôme,Marié(e),$120K +,Blue,23,3,3,2170,77,0.285,0,0,0,0,0,0,Faible
709632483,Client actuel,49,F,2,Lycée (équivalent baccalauréat),Célibataire,Moins de $40K,Blue,40,2,2,906,84,0.63,0,0,0,0,0,0,Faible
718431258,Client actuel,41,M,4,Lycée (équivalent baccalauréat),Célibataire,$60K - $80K,Blue,28,3,3,1503,74,0.481,0,0,0,0,0,0,Faible
817029108,Client actuel,47,F,4,Master,Célibataire,$40K - $60K,Blue,27,6,3,1611,67,0.234,1,0,0,0,0,1,Faible
769577358,Client actuel,31,F,0,Licence,Célibataire,Moins de $40K,Blue,17,2,3,1761,89,0.632,0,0,0,0,0,0,Faible
815589558,Client actuel,50,M,2,Master,Marié(e),$80K - $120K,Blue,45,3,2,1478,70,0.792,0,0,0,0,0,0,Faible
715315008,Client actuel,40,M,4,Master,Célibataire,$40K - $60K,Blue,30,3,2,1555,70,0.335,0,0,0,0,0,0,Faible
779252283,Client actuel,47,F,4,Lycée (équivalent baccalauréat),Marié(e),Moins de $40K,Blue,29,3,0,2411,82,0.889,0,0,0,0,0,0,Faible
714533058,Client actuel,53,F,3,Niveau Bac+2,Marié(e),Moins de $40K,Blue,43,2,3,721,86,0.501,0,0,0,0,0,0,Faible
718586133,Client actuel,43,F,3,Licence,Marié(e),Moins de $40K,Blue,31,1,3,0,85,0.0,0,0,1,0,1,2,Modéré
773322558,Client actuel,59,F,2,Lycée (équivalent baccalauréat),Marié(e),Moins de $40K,Blue,48,1,1,1566,69,0.67,0,0,0,0,0,0,Faible
714554808,Client actuel,51,F,1,Licence,Marié(e),Moins de $40K,Blue,40,3,0,1362,91,0.491,0,0,0,0,0,0,Faible
717903108,Client actuel,57,F,1,Niveau Bac+2,Célibataire,Non connu,Blue,46,1,1,488,65,0.114,0,0,1,0,1,2,Modéré
771464808,Client actuel,35,F,2,Licence,Célibataire,Moins de $40K,Blue,23,3,3,1301,71,0.562,0,0,0,0,0,0,Faible
708234558,Client actuel,55,F,2,Niveau Bac+2,Divorcé(e),Moins de $40K,Blue,43,2,1,1340,73,0.598,0,0,0,0,0,0,Faible
715737258,Client actuel,41,F,1,Niveau Bac+2,Marié(e),Moins de $40K,Blue,32,3,3,0,84,0.0,0,0,1,0,1,2,Modéré
710188308,Client actuel,51,F,3,Licence,Célibataire,Moins de $40K,Blue,41,2,3,1148,73,0.756,0,0,0,0,0,0,Faible
708670608,Client actuel,48,F,5,Sans diplôme,Marié(e),Non connu,Blue,36,2,3,2200,85,0.4,0,0,0,0,0,0,Faible
714839808,Client actuel,51,F,3,Licence,Marié(e),Moins de $40K,Blue,35,1,1,1176,64,0.549,0,0,0,0,0,0,Faible
811140933,Client actuel,43,F,2,Lycée (équivalent baccalauréat),Marié(e),Moins de $40K,Blue,29,1,2,1786,63,0.683,0,0,0,0,0,0,Faible
788937933,Client actuel,39,F,3,Licence,Divorcé(e),Moins de $40K,Blue,25,1,1,1356,81,0.247,0,0,0,0,0,0,Faible
718265658,Client actuel,47,F,4,Sans diplôme,Célibataire,Moins de $40K,Blue,36,1,2,1499,80,0.717,0,0,0,0,0,0,Faible
714312708,Client actuel,44,M,0,Lycée (équivalent baccalauréat),Célibataire,$60K - $80K,Blue,36,3,2,2517,68,0.381,0,0,0,0,0,0,Faible
715821183,Client actuel,42,F,4,Niveau Bac+2,Marié(e),Non connu,Blue,23,3,2,0,68,0.0,0,0,1,0,1,2,Modéré
709487058,Client actuel,51,F,2,Non connu,Marié(e),Moins de $40K,Silver,36,2,3,1132,56,0.082,0,0,0,0,1,1,Faible
712675158,Client actuel,56,M,1,Licence,Célibataire,$60K - $80K,Blue,36,3,2,1676,75,0.237,0,0,0,0,0,0,Faible
826473858,Client actuel,44,M,1,Niveau Bac+2,Célibataire,$40K - $60K,Blue,40,1,2,1680,60,0.393,0,0,0,0,0,0,Faible
817382958,Client actuel,47,F,3,Lycée (équivalent baccalauréat),Célibataire,Moins de $40K,Blue,31,1,3,0,89,0.0,0,0,1,0,1,2,Modéré
712894308,Client actuel,47,M,4,Lycée (équivalent baccalauréat),Marié(e),$80K - $120K,Blue,37,3,3,0,75,0.0,0,0,1,0,1,2,Modéré
712349808,Client actuel,44,F,4,Niveau Bac+2,Célibataire,Non connu,Blue,34,1,2,670,76,0.054,0,0,1,0,1,2,Modéré
778780008,Client actuel,48,M,4,Non connu,Marié(e),$60K - $80K,Blue,36,3,3,1249,66,0.77,0,0,0,0,0,0,Faible
779670783,Client actuel,40,M,3,Non connu,Célibataire,$80K - $120K,Blue,23,2,2,0,71,0.0,0,0,1,0,1,2,Modéré
718757808,Client actuel,56,F,1,Sans diplôme,Non connu,$40K - $60K,Blue,46,3,3,1287,67,0.439,0,0,0,0,0,0,Faible
716389833,Client actuel,50,F,1,Non connu,Célibataire,Moins de $40K,Blue,40,1,2,1026,74,0.442,0,0,0,0,0,0,Faible
718469658,Client actuel,37,F,2,Sans diplôme,Marié(e),Non connu,Blue,22,3,3,996,85,0.126,0,0,0,0,1,1,Faible
719772258,Client actuel,38,M,3,Non connu,Célibataire,$80K - $120K,Blue,30,1,3,724,79,0.199,0,0,0,0,0,0,Faible
809363958,Client actuel,49,F,3,Lycée (équivalent baccalauréat),Marié(e),$40K - $60K,Blue,44,1,2,0,66,0.0,0,0,1,0,1,2,Modéré
709165533,Client actuel,47,M,3,Doctorat,Non connu,$120K +,Blue,41,2,2,1151,72,0.187,0,0,0,0,0,0,Faible
809846283,Client actuel,42,F,1,Non connu,Marié(e),Moins de $40K,Blue,37,3,0,0,78,0.0,0,0,1,0,1,2,Modéré
708427908,Client actuel,52,F,4,Niveau Bac+2,Non connu,Moins de $40K,Blue,39,3,1,1343,86,0.66,0,0,0,0,0,0,Faible
713374533,Client actuel,52,F,1,Non connu,Célibataire,$40K - $60K,Blue,43,2,2,1082,90,0.546,0,0,0,0,0,0,Faible
721111233,Client actuel,52,M,2,Licence,Célibataire,$80K - $120K,Blue,43,3,3,800,85,0.067,0,0,0,0,1,1,Faible
708538608,Client actuel,50,F,4,Niveau Bac+2,Marié(e),Non connu,Blue,36,4,3,0,81,0.0,1,0,1,0,1,3,Modéré
718866633,Client actuel,46,M,2,Niveau Bac+2,Célibataire,$80K - $120K,Blue,36,4,2,0,63,0.0,1,0,1,0,1,3,Modéré
719100633,Client actuel,40,M,2,Lycée (équivalent baccalauréat),Célibataire,$120K +,Silver,36,4,2,1436,73,0.042,1,0,0,0,1,2,Modéré
822905058,Client actuel,29,F,2,Licence,Marié(e),Moins de $40K,Blue,25,3,2,1746,85,0.639,0,0,0,0,0,0,Faible
816549933,Client actuel,50,M,4,Lycée (équivalent baccalauréat),Divorcé(e),$80K - $120K,Blue,45,2,2,992,82,0.588,0,0,0,0,0,0,Faible
712667958,Client actuel,40,M,4,Sans diplôme,Célibataire,$120K +,Blue,36,3,2,2024,71,0.351,0,0,0,0,0,0,Faible
819979458,Client actuel,35,F,3,Doctorat,Marié(e),Moins de $40K,Blue,30,2,2,1789,75,0.45,0,0,0,0,0,0,Faible
708100533,Client actuel,55,F,3,Niveau Bac+2,Célibataire,Moins de $40K,Blue,36,3,3,2277,85,0.85,0,0,0,0,0,0,Faible
778669608,Client actuel,49,F,4,Non connu,Marié(e),$40K - $60K,Blue,29,3,2,0,78,0.0,0,0,1,0,1,2,Modéré
802867683,Client actuel,53,F,2,Lycée (équivalent baccalauréat),Célibataire,$40K - $60K,Blue,47,2,3,728,78,0.474,0,0,0,0,0,0,Faible
711893358,Client actuel,46,M,5,Lycée (équivalent baccalauréat),Marié(e),$40K - $60K,Blue,37,2,1,1196,66,0.504,0,0,0,0,0,0,Faible
785410158,Client actuel,50,F,3,Lycée (équivalent baccalauréat),Marié(e),Moins de $40K,Blue,42,3,3,0,65,0.0,0,0,1,0,1,2,Modéré
718596858,Client actuel,53,F,4,Licence,Divorcé(e),$40K - $60K,Blue,45,3,1,2424,78,0.72,0,0,0,0,0,0,Faible
708338958,Client actuel,58,F,1,Licence,Célibataire,Moins de $40K,Blue,36,1,1,1713,75,0.54,0,0,0,0,0,0,Faible
714688833,Client actuel,47,F,2,Lycée (équivalent baccalauréat),Non connu,Moins de $40K,Blue,36,2,2,0,95,0.0,0,0,1,0,1,2,Modéré
712805658,Client actuel,56,F,3,Sans diplôme,Célibataire,Moins de $40K,Blue,46,3,2,0,72,0.0,0,0,1,0,1,2,Modéré
815598858,Client actuel,48,M,3,Licence,Marié(e),$40K - $60K,Blue,43,1,1,1779,74,0.734,0,0,0,0,0,0,Faible
779412783,Client actuel,55,F,1,Lycée (équivalent baccalauréat),Célibataire,Moins de $40K,Blue,37,3,3,1969,79,0.829,0,0,0,0,0,0,Faible
780036483,Client actuel,38,M,1,Licence,Célibataire,Moins de $40K,Blue,28,5,2,1459,69,0.863,1,0,0,0,0,1,Faible
720768258,Client actuel,52,F,3,Licence,Célibataire,Moins de $40K,Blue,34,2,1,2147,66,0.717,0,0,0,0,0,0,Faible
716023533,Client actuel,49,F,1,Master,Célibataire,Non connu,Blue,39,3,2,1996,81,0.693,0,0,0,0,0,0,Faible
714075708,Client actuel,48,M,4,Sans diplôme,Divorcé(e),$80K - $120K,Gold,38,3,1,1426,71,0.041,0,0,0,0,1,1,Faible
787475433,Client actuel,36,F,2,Doctorat,Célibataire,Non connu,Blue,23,2,3,905,69,0.13,0,0,0,0,1,1,Faible
712241433,Client actuel,38,F,0,Lycée (équivalent baccalauréat),Célibataire,Moins de $40K,Blue,30,2,1,1003,84,0.697,0,0,0,0,0,0,Faible
807990108,Client actuel,44,M,1,Sans diplôme,Divorcé(e),$120K +,Blue,39,2,3,0,61,0.0,0,0,1,0,1,2,Modéré
716641983,Client actuel,55,F,4,Niveau Bac+2,Célibataire,Non connu,Blue,36,3,3,753,84,0.097,0,0,0,0,1,1,Faible
708989358,Client actuel,37,F,2,Non connu,Marié(e),Moins de $40K,Blue,18,3,1,1587,79,0.784,0,0,0,0,0,0,Faible
708807483,Client actuel,51,F,3,Licence,Marié(e),$40K - $60K,Blue,45,2,3,1259,75,0.138,0,0,0,0,1,1,Faible
715774833,Client actuel,41,F,2,Doctorat,Non connu,Moins de $40K,Blue,36,1,2,940,74,0.522,0,0,0,0,0,0,Faible
714733908,Client actuel,51,M,2,Lycée (équivalent baccalauréat),Marié(e),$60K - $80K,Blue,37,6,3,1087,75,0.124,1,0,0,0,1,2,Modéré
721067658,Client actuel,40,M,4,Licence,Marié(e),$60K - $80K,Silver,36,1,3,642,81,0.023,0,0,1,0,1,2,Modéré
788997408,Client actuel,65,F,2,Doctorat,Célibataire,Moins de $40K,Blue,53,3,2,1917,65,0.873,0,0,0,0,0,0,Faible
719835033,Client actuel,46,M,4,Niveau Bac+2,Marié(e),$80K - $120K,Blue,34,3,2,568,67,0.041,0,0,1,0,1,2,Modéré
771854808,Client actuel,45,M,4,Licence,Marié(e),$60K - $80K,Blue,34,2,3,1868,66,0.684,0,0,0,0,0,0,Faible
717299958,Client actuel,49,M,3,Licence,Célibataire,$80K - $120K,Blue,45,2,0,1534,66,0.625,0,0,0,0,0,0,Faible
720778458,Client actuel,49,M,3,Non connu,Marié(e),$60K - $80K,Blue,36,3,3,1542,97,0.207,0,0,0,0,0,0,Faible
713019783,Client actuel,41,F,3,Lycée (équivalent baccalauréat),Marié(e),$40K - $60K,Blue,35,3,3,1794,72,0.679,0,0,0,0,0,0,Faible
709747308,Client actuel,41,M,5,Licence,Marié(e),$60K - $80K,Blue,36,4,3,1344,64,0.294,1,0,0,0,0,1,Faible
801366783,Client actuel,51,F,1,Niveau Bac+2,Célibataire,Moins de $40K,Blue,45,3,2,1772,80,0.365,0,0,0,0,0,0,Faible
798786333,Client actuel,46,F,2,Licence,Marié(e),Moins de $40K,Blue,40,4,2,510,66,0.355,1,0,1,0,0,2,Modéré
715117008,Client actuel,39,M,5,Sans diplôme,Marié(e),$40K - $60K,Blue,36,2,3,0,82,0.0,0,0,1,0,1,2,Modéré
713944833,Client actuel,46,M,5,Sans diplôme,Célibataire,$60K - $80K,Blue,36,3,2,766,78,0.031,0,0,0,0,1,1,Faible
713037333,Client actuel,63,M,1,Licence,Célibataire,$80K - $120K,Blue,55,1,2,0,57,0.0,0,0,1,0,1,2,Modéré
718267233,Client actuel,50,M,1,Licence,Marié(e),$120K +,Silver,38,3,3,1915,65,0.055,0,0,0,0,1,1,Faible
709736658,Client actuel,37,M,4,Sans diplôme,Marié(e),$40K - $60K,Blue,27,3,2,759,86,0.528,0,0,0,0,0,0,Faible
710929233,Client actuel,33,F,2,Doctorat,Célibataire,Moins de $40K,Blue,36,2,3,1559,83,0.557,0,0,0,0,0,0,Faible
714290583,Client actuel,44,M,4,Master,Marié(e),$60K - $80K,Blue,36,2,2,1400,85,0.449,0,0,0,0,0,0,Faible
717972408,Client actuel,44,M,2,Sans diplôme,Marié(e),$80K - $120K,Blue,34,3,3,2016,78,0.788,0,0,0,0,0,0,Faible
720008133,Client actuel,45,F,4,Licence,Non connu,Non connu,Blue,36,1,3,727,83,0.213,0,0,0,0,0,0,Faible
710476908,Client actuel,39,F,3,Licence,Marié(e),Non connu,Blue,28,3,3,1066,78,0.114,0,0,0,0,1,1,Faible
709888383,Client actuel,47,F,3,Licence,Marié(e),Moins de $40K,Blue,36,1,2,2453,82,0.779,0,0,0,0,0,0,Faible
788864508,Client actuel,52,F,3,Non connu,Célibataire,Moins de $40K,Blue,37,2,2,926,79,0.596,0,0,0,0,0,0,Faible
719549508,Client actuel,49,F,4,Licence,Célibataire,Moins de $40K,Blue,40,2,2,1686,74,0.622,0,0,0,0,0,0,Faible
718670808,Client actuel,59,F,0,Niveau Bac+2,Marié(e),Moins de $40K,Blue,51,1,0,0,81,0.0,0,0,1,0,1,2,Modéré
718211208,Client actuel,39,M,3,Lycée (équivalent baccalauréat),Marié(e),$120K +,Blue,36,3,2,1682,69,0.513,0,0,0,0,0,0,Faible
709343433,Client actuel,39,F,2,Licence,Célibataire,Moins de $40K,Blue,26,3,3,1826,74,0.74,0,0,0,0,0,0,Faible
767488908,Client actuel,41,M,4,Non connu,Marié(e),$80K - $120K,Blue,35,2,3,0,72,0.0,0,0,1,0,1,2,Modéré
719531133,Client actuel,46,F,4,Non connu,Non connu,$40K - $60K,Blue,38,2,3,0,80,0.0,0,0,1,0,1,2,Modéré
719006508,Client actuel,34,M,2,Licence,Marié(e),$60K - $80K,Blue,36,1,3,1913,69,0.692,0,0,0,0,0,0,Faible
721287183,Client actuel,49,F,2,Sans diplôme,Marié(e),Moins de $40K,Blue,35,2,3,0,87,0.0,0,0,1,0,1,2,Modéré
709080783,Client actuel,56,F,1,Licence,Célibataire,Moins de $40K,Blue,38,1,3,0,78,0.0,0,0,1,0,1,2,Modéré
710520408,Client actuel,52,F,4,Lycée (équivalent baccalauréat),Célibataire,Non connu,Blue,36,3,3,1194,87,0.132,0,0,0,0,1,1,Faible
716513358,Client actuel,51,F,2,Licence,Divorcé(e),Non connu,Blue,36,3,3,1802,91,0.871,0,0,0,0,0,0,Faible
715372083,Client actuel,37,F,1,Licence,Célibataire,Moins de $40K,Blue,36,3,3,0,85,0.0,0,0,1,0,1,2,Modéré
780034083,Client actuel,48,F,3,Lycée (équivalent baccalauréat),Marié(e),$40K - $60K,Blue,38,2,2,0,86,0.0,0,0,1,0,1,2,Modéré
794581533,Client actuel,52,M,2,Niveau Bac+2,Célibataire,$60K - $80K,Blue,37,3,3,1380,90,0.502,0,0,0,0,0,0,Faible
710013258,Client actuel,44,F,3,Lycée (équivalent baccalauréat),Célibataire,Moins de $40K,Blue,31,2,2,823,69,0.416,0,0,0,0,0,0,Faible
789173958,Client actuel,45,F,2,Licence,Marié(e),Moins de $40K,Blue,34,1,2,877,76,0.61,0,0,0,0,0,0,Faible
789575583,Client actuel,43,F,2,Sans diplôme,Non connu,Non connu,Blue,36,1,0,1380,64,0.199,0,0,0,0,0,0,Faible
808675083,Client actuel,61,M,1,Licence,Célibataire,Non connu,Blue,56,3,2,1675,76,0.396,0,0,0,0,0,0,Faible
710864358,Client actuel,51,F,2,Doctorat,Marié(e),Non connu,Blue,45,6,2,0,81,0.0,1,0,1,0,1,3,Modéré
712574583,Client actuel,34,F,1,Licence,Célibataire,Non connu,Blue,21,1,3,1322,70,0.207,0,0,0,0,0,0,Faible
714389058,Client actuel,38,F,3,Non connu,Marié(e),$40K - $60K,Blue,36,3,2,0,85,0.0,0,0,1,0,1,2,Modéré
715767033,Client actuel,56,F,3,Niveau Bac+2,Célibataire,Non connu,Blue,36,1,3,0,83,0.0,0,0,1,0,1,2,Modéré
779281233,Client actuel,45,F,3,Licence,Célibataire,Non connu,Blue,27,3,3,1748,80,0.705,0,0,0,0,0,0,Faible
717147708,Client actuel,44,M,2,Sans diplôme,Divorcé(e),$60K - $80K,Blue,34,3,2,1270,81,0.348,0,0,0,0,0,0,Faible
715029333,Client actuel,52,F,2,Non connu,Divorcé(e),Moins de $40K,Blue,36,2,3,0,72,0.0,0,0,1,0,1,2,Modéré
806989008,Client actuel,30,F,0,Lycée (équivalent baccalauréat),Célibataire,Non connu,Blue,25,1,2,1157,82,0.09,0,0,0,0,1,1,Faible
771037008,Client actuel,46,M,1,Sans diplôme,Célibataire,$80K - $120K,Blue,33,1,2,0,76,0.0,0,0,1,0,1,2,Modéré
710587458,Client actuel,34,M,2,Lycée (équivalent baccalauréat),Non connu,$80K - $120K,Blue,22,3,2,1612,77,0.145,0,0,0,0,1,1,Faible
710563458,Client actuel,43,F,1,Licence,Divorcé(e),Non connu,Blue,30,3,3,660,81,0.069,0,0,1,0,1,2,Modéré
710343783,Client actuel,37,F,5,Non connu,Marié(e),Moins de $40K,Blue,29,1,2,0,65,0.0,0,0,1,0,1,2,Modéré
772578858,Client actuel,49,F,1,Non connu,Marié(e),Moins de $40K,Blue,39,4,2,2203,66,0.759,1,0,0,0,0,1,Faible
708559533,Client actuel,40,M,1,Sans diplôme,Célibataire,$80K - $120K,Blue,36,3,2,584,83,0.33,0,0,1,0,0,1,Faible
772143333,Client actuel,46,F,2,Lycée (équivalent baccalauréat),Célibataire,Moins de $40K,Blue,35,3,3,1498,79,0.69,0,0,0,0,0,0,Faible
711067383,Client actuel,53,M,1,Non connu,Célibataire,$120K +,Blue,45,2,3,0,74,0.0,0,0,1,0,1,2,Modéré
817041408,Client actuel,56,F,3,Lycée (équivalent baccalauréat),Marié(e),Non connu,Blue,41,2,3,1549,82,0.372,0,0,0,0,0,0,Faible
771942333,Client actuel,65,M,1,Niveau Bac+2,Célibataire,Moins de $40K,Blue,54,2,2,1309,63,0.244,0,0,0,0,0,0,Faible
755247108,Client actuel,50,F,2,Doctorat,Célibataire,Moins de $40K,Blue,43,1,0,0,82,0.0,0,0,1,0,1,2,Modéré
715710708,Client actuel,50,M,2,Non connu,Marié(e),$60K - $80K,Blue,37,3,2,747,76,0.041,0,0,0,0,1,1,Faible
713858733,Client actuel,61,F,0,Master,Marié(e),$40K - $60K,Blue,53,3,2,2164,73,0.843,0,0,0,0,0,0,Faible
717129333,Client actuel,35,F,2,Licence,Marié(e),$40K - $60K,Blue,25,1,2,0,73,0.0,0,0,1,0,1,2,Modéré
719614758,Client actuel,45,F,4,Licence,Célibataire,$40K - $60K,Blue,34,2,2,1977,75,0.732,0,0,0,0,0,0,Faible
721537683,Client actuel,50,F,3,Master,Marié(e),Non connu,Blue,41,3,3,1342,67,0.245,0,0,0,0,0,0,Faible
771500358,Client actuel,43,F,2,Sans diplôme,Divorcé(e),Moins de $40K,Blue,31,3,1,1313,84,0.303,0,0,0,0,0,0,Faible
715060158,Client actuel,41,F,4,Licence,Célibataire,Moins de $40K,Blue,26,2,2,1282,76,0.719,0,0,0,0,0,0,Faible
779725833,Client actuel,42,M,2,Licence,Célibataire,$60K - $80K,Blue,26,3,2,1775,73,0.151,0,0,0,0,1,1,Faible
716592558,Client actuel,52,F,1,Lycée (équivalent baccalauréat),Célibataire,Moins de $40K,Blue,36,3,3,1101,68,0.471,0,0,0,0,0,0,Faible
771020133,Client actuel,45,F,5,Sans diplôme,Célibataire,Moins de $40K,Blue,32,3,0,1776,79,0.621,0,0,0,0,0,0,Faible
709153008,Client actuel,37,M,3,Lycée (équivalent baccalauréat),Marié(e),$40K - $60K,Blue,36,3,3,2481,76,0.983,0,0,0,0,0,0,Faible
713394858,Client actuel,48,M,2,Master,Marié(e),$40K - $60K,Blue,34,2,2,0,60,0.0,0,0,1,0,1,2,Modéré
721175283,Client actuel,59,F,1,Licence,Marié(e),Moins de $40K,Blue,36,1,1,1410,58,0.523,0,0,0,0,0,0,Faible
715503558,Client actuel,57,F,3,Lycée (équivalent baccalauréat),Marié(e),Moins de $40K,Blue,36,2,3,2417,71,0.682,0,0,0,0,0,0,Faible
717094758,Client actuel,40,F,4,Master,Marié(e),Non connu,Blue,29,3,1,0,84,0.0,0,0,1,0,1,2,Modéré
718471758,Client actuel,49,M,4,Doctorat,Célibataire,$60K - $80K,Silver,37,2,2,2051,69,0.066,0,0,0,0,1,1,Faible
711607833,Client actuel,43,M,5,Lycée (équivalent baccalauréat),Marié(e),$60K - $80K,Blue,36,2,1,2384,97,0.848,0,0,0,0,0,0,Faible
708621408,Client actuel,39,F,1,Non connu,Célibataire,Moins de $40K,Blue,28,2,1,0,82,0.0,0,0,1,0,1,2,Modéré
719277033,Client actuel,44,M,3,Lycée (équivalent baccalauréat),Célibataire,$40K - $60K,Blue,34,3,1,708,62,0.079,0,0,0,0,1,1,Faible
813905508,Client actuel,57,F,3,Sans diplôme,Célibataire,Moins de $40K,Blue,52,3,3,1188,73,0.593,0,0,0,0,0,0,Faible
719761458,Client actuel,55,M,4,Master,Célibataire,$60K - $80K,Blue,36,2,1,1626,61,0.325,0,0,0,0,0,0,Faible
708222558,Client actuel,37,F,2,Master,Marié(e),Moins de $40K,Blue,36,2,3,1513,77,0.655,0,0,0,0,0,0,Faible
713937558,Client actuel,54,F,2,Lycée (équivalent baccalauréat),Marié(e),$40K - $60K,Blue,36,3,3,0,74,0.0,0,0,1,0,1,2,Modéré
709603608,Client actuel,34,M,3,Sans diplôme,Marié(e),$60K - $80K,Blue,25,1,1,1643,69,0.701,0,0,0,0,0,0,Faible
804661083,Client actuel,50,M,0,Licence,Célibataire,$80K - $120K,Blue,45,2,2,1506,77,0.705,0,0,0,0,0,0,Faible
720977358,Client actuel,50,F,2,Non connu,Célibataire,Moins de $40K,Blue,36,2,2,1689,78,0.668,0,0,0,0,0,0,Faible
718420308,Client actuel,50,F,2,Lycée (équivalent baccalauréat),Marié(e),Moins de $40K,Blue,36,1,3,1658,75,0.488,0,0,0,0,0,0,Faible
714046608,Client actuel,49,M,0,Doctorat,Marié(e),$60K - $80K,Blue,39,6,3,1395,73,0.071,1,0,0,0,1,2,Modéré
718048608,Client actuel,41,F,3,Licence,Marié(e),Non connu,Blue,33,3,0,1325,74,0.087,0,0,0,0,1,1,Faible
718497033,Client actuel,52,M,1,Lycée (équivalent baccalauréat),Marié(e),$120K +,Blue,36,3,3,0,53,0.0,0,0,1,0,1,2,Modéré
789076083,Client actuel,50,F,3,Lycée (équivalent baccalauréat),Célibataire,Moins de $40K,Blue,38,3,2,1475,84,0.532,0,0,0,0,0,0,Faible
769720683,Client actuel,50,F,1,Licence,Marié(e),Non connu,Blue,44,2,2,1884,60,0.33,0,0,0,0,0,0,Faible
721092783,Client actuel,46,M,3,Licence,Marié(e),$80K - $120K,Blue,36,3,1,1290,68,0.065,0,0,0,0,1,1,Faible
818502708,Client actuel,51,F,1,Sans diplôme,Célibataire,$40K - $60K,Blue,46,3,2,1674,86,0.733,0,0,0,0,0,0,Faible
712942308,Client actuel,42,M,3,Doctorat,Célibataire,$60K - $80K,Blue,36,1,3,1527,67,0.132,0,0,0,0,1,1,Faible
714262533,Client actuel,28,F,0,Non connu,Marié(e),Non connu,Blue,36,4,2,1306,78,0.371,1,0,0,0,0,1,Faible
714708183,Client actuel,58,M,2,Lycée (équivalent baccalauréat),Célibataire,$60K - $80K,Silver,49,3,3,0,74,0.0,0,0,1,0,1,2,Modéré
718285308,Client actuel,44,F,1,Non connu,Célibataire,Moins de $40K,Blue,31,3,1,0,55,0.0,0,0,1,0,1,2,Modéré
720595083,Client actuel,40,F,3,Non connu,Marié(e),Moins de $40K,Blue,30,2,3,1278,69,0.789,0,0,0,0,0,0,Faible
787501758,Client actuel,51,F,3,Lycée (équivalent baccalauréat),Célibataire,Moins de $40K,Blue,39,2,1,1237,68,0.306,0,0,0,0,0,0,Faible
714990633,Client actuel,56,M,4,Licence,Célibataire,$80K - $120K,Blue,36,3,2,1696,82,0.816,0,0,0,0,0,0,Faible
714652383,Client actuel,51,F,4,Licence,Marié(e),Moins de $40K,Blue,36,3,2,0,74,0.0,0,0,1,0,1,2,Modéré
788776008,Client actuel,43,M,3,Niveau Bac+2,Marié(e),$80K - $120K,Blue,24,3,1,1161,91,0.246,0,0,0,0,0,0,Faible
709176108,Client actuel,56,F,4,Master,Non connu,Moins de $40K,Blue,49,3,3,621,79,0.135,0,0,1,0,1,2,Modéré
719354433,Client actuel,48,M,1,Niveau Bac+2,Célibataire,$80K - $120K,Silver,36,3,3,1629,78,0.047,0,0,0,0,1,1,Faible
709368483,Client actuel,56,M,2,Licence,Marié(e),$40K - $60K,Blue,45,2,1,0,77,0.0,0,0,1,0,1,2,Modéré
717621333,Client actuel,48,F,3,Non connu,Divorcé(e),Moins de $40K,Blue,36,2,1,1871,78,0.698,0,0,0,0,0,0,Faible
803355408,Client actuel,50,M,2,Non connu,Marié(e),$60K - $80K,Blue,44,3,1,1659,77,0.752,0,0,0,0,0,0,Faible
717073308,Client actuel,44,F,3,Niveau Bac+2,Marié(e),Moins de $40K,Blue,31,6,2,727,78,0.271,1,0,0,0,0,1,Faible
789105183,Client actuel,54,M,3,Master,Célibataire,$80K - $120K,Silver,42,1,2,2488,87,0.072,0,0,0,0,1,1,Faible
721305408,Client actuel,48,F,2,Licence,Marié(e),Moins de $40K,Blue,37,2,1,0,81,0.0,0,0,1,0,1,2,Modéré
715739733,Client actuel,34,M,1,Lycée (équivalent baccalauréat),Célibataire,$40K - $60K,Blue,25,1,2,1141,88,0.636,0,0,0,0,0,0,Faible
779217333,Client actuel,59,F,0,Licence,Divorcé(e),Moins de $40K,Blue,49,2,3,1502,75,0.674,0,0,0,0,0,0,Faible
712133508,Client actuel,41,F,3,Niveau Bac+2,Célibataire,$40K - $60K,Blue,22,0,2,1582,75,0.614,0,0,0,0,0,0,Faible
824172258,Client actuel,34,F,2,Non connu,Divorcé(e),Moins de $40K,Blue,30,1,2,1510,77,0.343,0,0,0,0,0,0,Faible
717695058,Client actuel,46,F,5,Lycée (équivalent baccalauréat),Marié(e),Non connu,Blue,35,1,3,0,76,0.0,0,0,1,0,1,2,Modéré
719782458,Client actuel,49,F,1,Licence,Marié(e),$40K - $60K,Blue,39,3,3,1992,76,0.277,0,0,0,0,0,0,Faible
718141983,Client actuel,49,M,0,Lycée (équivalent baccalauréat),Célibataire,$80K - $120K,Blue,43,3,1,1295,89,0.688,0,0,0,0,0,0,Faible
718853358,Client actuel,42,F,3,Licence,Célibataire,Moins de $40K,Blue,36,1,2,2517,85,0.761,0,0,0,0,0,0,Faible
772539558,Client actuel,65,F,0,Niveau Bac+2,Célibataire,Moins de $40K,Blue,55,3,0,0,65,0.0,0,0,1,0,1,2,Modéré
817094283,Client actuel,43,F,5,Licence,Marié(e),Moins de $40K,Blue,23,3,3,903,78,0.105,0,0,0,0,1,1,Faible
716932308,Client actuel,38,F,2,Niveau Bac+2,Marié(e),Non connu,Blue,28,1,3,634,79,0.135,0,0,1,0,1,2,Modéré
714738858,Client actuel,52,F,1,Licence,Non connu,Moins de $40K,Blue,36,1,3,1714,81,0.597,0,0,0,0,0,0,Faible
772409733,Client actuel,39,F,3,Lycée (équivalent baccalauréat),Divorcé(e),$40K - $60K,Blue,28,1,3,2307,90,0.679,0,0,0,0,0,0,Faible
717534108,Client actuel,48,F,3,Lycée (équivalent baccalauréat),Divorcé(e),$40K - $60K,Blue,40,1,3,1410,79,0.586,0,0,0,0,0,0,Faible
790141308,Client actuel,44,M,2,Niveau Bac+2,Marié(e),$80K - $120K,Blue,37,3,1,0,79,0.0,0,0,1,0,1,2,Modéré
710770383,Client actuel,53,F,2,Licence,Marié(e),$40K - $60K,Blue,36,3,1,582,92,0.405,0,0,1,0,0,1,Faible
711351108,Client actuel,44,F,3,Lycée (équivalent baccalauréat),Non connu,Moins de $40K,Blue,36,3,2,1804,61,0.692,0,0,0,0,0,0,Faible
713744058,Client actuel,41,F,3,Lycée (équivalent baccalauréat),Marié(e),Moins de $40K,Blue,36,2,3,1509,78,0.64,0,0,0,0,0,0,Faible
708998583,Client actuel,47,F,4,Master,Marié(e),Moins de $40K,Blue,39,2,2,0,87,0.0,0,0,1,0,1,2,Modéré
714228558,Client actuel,40,M,3,Lycée (équivalent baccalauréat),Célibataire,$80K - $120K,Blue,36,3,3,0,82,0.0,0,0,1,0,1,2,Modéré
797668983,Client actuel,42,F,4,Licence,Marié(e),Moins de $40K,Blue,36,2,1,0,70,0.0,0,0,1,0,1,2,Modéré
713023158,Client actuel,39,F,2,Niveau Bac+2,Marié(e),$40K - $60K,Blue,31,1,2,2143,78,0.739,0,0,0,0,0,0,Faible
709982658,Client actuel,41,F,2,Niveau Bac+2,Marié(e),Moins de $40K,Blue,31,2,3,2038,77,0.209,0,0,0,0,0,0,Faible
715398858,Client actuel,57,F,3,Master,Marié(e),Moins de $40K,Blue,36,3,2,1203,78,0.476,0,0,0,0,0,0,Faible
715615233,Client actuel,60,F,1,Lycée (équivalent baccalauréat),Divorcé(e),Moins de $40K,Blue,48,3,3,1812,86,0.662,0,0,0,0,0,0,Faible
710650608,Client actuel,51,M,2,Licence,Célibataire,$80K - $120K,Blue,36,3,2,1480,85,0.077,0,0,0,0,1,1,Faible
803214108,Client actuel,33,F,0,Lycée (équivalent baccalauréat),Célibataire,Non connu,Blue,27,1,1,1826,68,0.811,0,0,0,0,0,0,Faible
719051733,Client actuel,63,M,0,Niveau Bac+2,Célibataire,$60K - $80K,Blue,51,2,1,889,64,0.329,0,0,0,0,0,0,Faible
789900633,Client actuel,49,F,2,Lycée (équivalent baccalauréat),Marié(e),$40K - $60K,Blue,40,3,2,1522,69,0.466,0,0,0,0,0,0,Faible
709902108,Client actuel,51,M,2,Lycée (équivalent baccalauréat),Marié(e),$80K - $120K,Blue,40,3,2,794,70,0.097,0,0,0,0,1,1,Faible
713666058,Client actuel,46,F,5,Niveau Bac+2,Divorcé(e),$40K - $60K,Blue,38,1,3,1915,76,0.585,0,0,0,0,0,0,Faible
711453783,Client actuel,41,F,3,Non connu,Célibataire,Moins de $40K,Blue,29,2,3,1452,74,0.739,0,0,0,0,0,0,Faible
778936008,Client actuel,46,F,4,Lycée (équivalent baccalauréat),Marié(e),Non connu,Blue,30,1,3,0,83,0.0,0,0,1,0,1,2,Modéré
708085458,Client actuel,34,F,2,Sans diplôme,Célibataire,Moins de $40K,Blue,24,2,2,0,82,0.0,0,0,1,0,1,2,Modéré
749067633,Client actuel,45,F,2,Non connu,Marié(e),Moins de $40K,Blue,38,2,3,0,77,0.0,0,0,1,0,1,2,Modéré
716170308,Client actuel,27,F,0,Licence,Divorcé(e),Non connu,Blue,36,1,0,2003,86,0.149,0,0,0,0,1,1,Faible
819752133,Client actuel,41,M,2,Lycée (équivalent baccalauréat),Divorcé(e),$80K - $120K,Blue,36,2,2,986,73,0.603,0,0,0,0,0,0,Faible
711061908,Client actuel,48,F,1,Licence,Marié(e),Moins de $40K,Blue,38,2,3,749,50,0.517,0,0,0,0,0,0,Faible
744231708,Client actuel,45,F,2,Licence,Marié(e),Moins de $40K,Blue,38,3,3,788,71,0.521,0,0,0,0,0,0,Faible
711780108,Client actuel,46,F,4,Doctorat,Divorcé(e),Moins de $40K,Blue,38,3,2,1578,81,0.383,0,0,0,0,0,0,Faible
715178733,Client actuel,47,F,2,Non connu,Célibataire,Moins de $40K,Blue,41,3,1,1611,77,0.704,0,0,0,0,0,0,Faible
721418133,Client actuel,45,F,3,Licence,Célibataire,Moins de $40K,Blue,33,2,3,972,82,0.482,0,0,0,0,0,0,Faible
809068983,Client actuel,40,F,2,Licence,Marié(e),Moins de $40K,Blue,35,1,3,0,82,0.0,0,0,1,0,1,2,Modéré
711052308,Client actuel,45,M,3,Master,Divorcé(e),$60K - $80K,Blue,37,3,3,2432,75,0.884,0,0,0,0,0,0,Faible
718967433,Client actuel,34,F,2,Lycée (équivalent baccalauréat),Divorcé(e),Moins de $40K,Blue,36,6,3,0,81,0.0,1,0,1,0,1,3,Modéré
709827933,Client actuel,44,M,2,Licence,Célibataire,$80K - $120K,Blue,36,3,2,1196,76,0.098,0,0,0,0,1,1,Faible
787568433,Client actuel,42,M,3,Licence,Célibataire,$60K - $80K,Blue,33,1,3,936,79,0.128,0,0,0,0,1,1,Faible
720256158,Client actuel,47,F,2,Lycée (équivalent baccalauréat),Marié(e),Non connu,Blue,40,1,3,0,75,0.0,0,0,1,0,1,2,Modéré
715435758,Client actuel,42,M,2,Licence,Célibataire,$80K - $120K,Blue,36,1,3,1231,77,0.404,0,0,0,0,0,0,Faible
719505483,Client actuel,51,F,0,Sans diplôme,Marié(e),Non connu,Blue,36,3,2,0,89,0.0,0,0,1,0,1,2,Modéré
721247883,Client actuel,52,M,2,Niveau Bac+2,Célibataire,$80K - $120K,Blue,41,2,3,922,83,0.057,0,0,0,0,1,1,Faible
772220433,Client actuel,44,M,3,Niveau Bac+2,Non connu,$60K - $80K,Blue,33,3,2,1187,81,0.077,0,0,0,0,1,1,Faible
789692283,Client actuel,47,F,5,Niveau Bac+2,Célibataire,Moins de $40K,Blue,34,3,2,0,66,0.0,0,0,1,0,1,2,Modéré
815091333,Client actuel,48,F,3,Non connu,Marié(e),Moins de $40K,Blue,43,1,2,2196,77,0.704,0,0,0,0,0,0,Faible
778732158,Client actuel,50,F,3,Sans diplôme,Non connu,Non connu,Blue,30,1,3,0,83,0.0,0,0,1,0,1,2,Modéré
715129233,Client actuel,51,F,4,Lycée (équivalent baccalauréat),Célibataire,Moins de $40K,Blue,36,3,3,1634,74,0.563,0,0,0,0,0,0,Faible
714083208,Client actuel,47,F,3,Niveau Bac+2,Marié(e),Moins de $40K,Blue,38,2,2,1304,80,0.823,0,0,0,0,0,0,Faible
716559108,Client actuel,47,F,1,Lycée (équivalent baccalauréat),Célibataire,Moins de $40K,Blue,36,2,3,2418,68,0.834,0,0,0,0,0,0,Faible
715102308,Client actuel,50,F,2,Non connu,Marié(e),$40K - $60K,Blue,36,1,2,1277,47,0.556,0,0,0,0,0,0,Faible
768814983,Client actuel,39,F,2,Non connu,Marié(e),Moins de $40K,Blue,33,1,3,1937,85,0.596,0,0,0,0,0,0,Faible
788744058,Client actuel,48,F,2,Lycée (équivalent baccalauréat),Marié(e),Non connu,Blue,27,1,2,1361,80,0.339,0,0,0,0,0,0,Faible
708499608,Client actuel,49,M,5,Master,Célibataire,$40K - $60K,Silver,36,1,2,1299,78,0.084,0,0,0,0,1,1,Faible
794947683,Client actuel,35,F,4,Licence,Célibataire,Moins de $40K,Blue,29,3,0,1189,60,0.561,0,0,0,0,0,0,Faible
716442333,Client actuel,34,F,3,Licence,Marié(e),$40K - $60K,Blue,25,2,2,1468,88,0.645,0,0,0,0,0,0,Faible
772189308,Client actuel,59,F,1,Niveau Bac+2,Célibataire,Moins de $40K,Blue,48,2,0,1888,62,0.726,0,0,0,0,0,0,Faible
721529583,Client actuel,52,M,3,Lycée (équivalent baccalauréat),Célibataire,$80K - $120K,Blue,41,3,3,2413,72,0.52,0,0,0,0,0,0,Faible
713578608,Client actuel,58,M,0,Doctorat,Célibataire,Moins de $40K,Blue,46,4,3,0,82,0.0,1,0,1,0,1,3,Modéré
718976283,Client actuel,51,F,2,Non connu,Célibataire,Moins de $40K,Blue,36,2,2,1071,66,0.576,0,0,0,0,0,0,Faible
711505308,Client actuel,59,F,1,Licence,Célibataire,Moins de $40K,Blue,52,3,3,1619,83,0.614,0,0,0,0,0,0,Faible
711131958,Client actuel,50,F,3,Doctorat,Célibataire,$40K - $60K,Blue,42,3,3,881,71,0.235,0,0,0,0,0,0,Faible
714687858,Client actuel,49,F,1,Licence,Célibataire,Moins de $40K,Blue,41,1,3,0,82,0.0,0,0,1,0,1,2,Modéré
708504783,Client actuel,47,M,3,Sans diplôme,Non connu,$40K - $60K,Blue,36,3,3,1333,62,0.122,0,0,0,0,1,1,Faible
778857108,Client actuel,52,F,3,Master,Marié(e),$40K - $60K,Blue,33,2,0,0,81,0.0,0,0,1,0,1,2,Modéré
756598833,Client actuel,38,M,1,Sans diplôme,Marié(e),Moins de $40K,Blue,31,3,3,1204,84,0.193,0,0,0,0,0,0,Faible
718748133,Client actuel,34,F,3,Licence,Célibataire,Non connu,Blue,23,1,0,0,67,0.0,0,0,1,0,1,2,Modéré
710869008,Client actuel,47,F,3,Licence,Célibataire,Non connu,Blue,36,1,2,0,78,0.0,0,0,1,0,1,2,Modéré
779643858,Client actuel,55,F,1,Licence,Marié(e),Moins de $40K,Blue,38,5,2,1037,82,0.51,1,0,0,0,0,1,Faible
715250583,Client actuel,55,M,2,Non connu,Célibataire,$80K - $120K,Blue,48,2,3,1138,59,0.141,0,0,0,0,1,1,Faible
714396558,Client actuel,57,F,3,Lycée (équivalent baccalauréat),Marié(e),Moins de $40K,Blue,51,2,3,0,87,0.0,0,0,1,0,1,2,Modéré
752766783,Client actuel,43,F,4,Licence,Divorcé(e),Non connu,Blue,36,2,2,2074,81,0.18,0,0,0,0,0,0,Faible
715532208,Client actuel,65,F,1,Lycée (équivalent baccalauréat),Célibataire,Moins de $40K,Blue,55,3,2,1504,61,0.375,0,0,0,0,0,0,Faible
719130558,Client actuel,55,F,2,Sans diplôme,Marié(e),Moins de $40K,Blue,44,2,3,1000,69,0.599,0,0,0,0,0,0,Faible
806232408,Client actuel,54,F,3,Licence,Marié(e),Non connu,Blue,49,1,2,0,65,0.0,0,0,1,0,1,2,Modéré
716303583,Client actuel,55,F,2,Licence,Non connu,Moins de $40K,Blue,36,1,2,1617,73,0.596,0,0,0,0,0,0,Faible
713522058,Client actuel,39,F,0,Niveau Bac+2,Marié(e),Moins de $40K,Blue,30,2,3,871,59,0.44,0,0,0,0,0,0,Faible
719074308,Client actuel,37,F,3,Niveau Bac+2,Marié(e),Moins de $40K,Blue,27,2,0,687,73,0.478,0,0,0,0,0,0,Faible
711881733,Client actuel,55,F,1,Licence,Marié(e),Moins de $40K,Blue,46,3,3,0,76,0.0,0,0,1,0,1,2,Modéré
710310108,Client actuel,46,F,1,Doctorat,Marié(e),Moins de $40K,Blue,29,3,2,1705,89,0.709,0,0,0,0,0,0,Faible
715814433,Client actuel,44,M,4,Non connu,Célibataire,$80K - $120K,Blue,36,2,3,1160,83,0.197,0,0,0,0,0,0,Faible
770874483,Client actuel,54,F,1,Master,Marié(e),Non connu,Blue,40,1,2,1267,74,0.441,0,0,0,0,0,0,Faible
711064008,Client actuel,48,F,2,Non connu,Célibataire,Moins de $40K,Blue,36,3,2,2390,68,0.251,0,0,0,0,0,0,Faible
709022883,Client actuel,44,F,4,Niveau Bac+2,Marié(e),Moins de $40K,Blue,36,3,2,0,89,0.0,0,0,1,0,1,2,Modéré
713653983,Client actuel,39,M,3,Sans diplôme,Célibataire,$60K - $80K,Blue,26,2,1,1136,87,0.382,0,0,0,0,0,0,Faible
789143283,Client actuel,41,F,1,Sans diplôme,Célibataire,Non connu,Blue,30,2,3,1175,76,0.208,0,0,0,0,0,0,Faible
778550583,Client actuel,43,F,1,Lycée (équivalent baccalauréat),Non connu,$40K - $60K,Blue,35,3,2,0,87,0.0,0,0,1,0,1,2,Modéré
711181608,Client actuel,50,F,2,Licence,Non connu,Moins de $40K,Blue,40,2,3,0,68,0.0,0,0,1,0,1,2,Modéré
779791908,Client actuel,47,F,4,Master,Célibataire,$40K - $60K,Blue,36,3,3,0,85,0.0,0,0,1,0,1,2,Modéré
789515283,Client actuel,51,M,3,Licence,Marié(e),$60K - $80K,Blue,43,1,3,1494,69,0.693,0,0,0,0,0,0,Faible
712169883,Client actuel,43,M,1,Niveau Bac+2,Marié(e),$60K - $80K,Blue,36,3,2,1079,74,0.078,0,0,0,0,1,1,Faible
712637283,Client actuel,36,F,2,Non connu,Non connu,Moins de $40K,Blue,28,1,2,1602,78,0.739,0,0,0,0,0,0,Faible
715555833,Client actuel,47,F,3,Non connu,Célibataire,Moins de $40K,Blue,34,3,0,0,86,0.0,0,0,1,0,1,2,Modéré
708712833,Client actuel,45,F,5,Licence,Marié(e),Moins de $40K,Blue,36,1,2,1037,72,0.453,0,0,0,0,0,0,Faible
717841683,Client actuel,49,M,3,Non connu,Marié(e),$60K - $80K,Blue,36,1,3,1085,72,0.048,0,0,0,0,1,1,Faible
708689958,Client actuel,48,F,4,Non connu,Non connu,Moins de $40K,Blue,36,3,2,1744,88,0.725,0,0,0,0,0,0,Faible
721012983,Client actuel,46,M,3,Doctorat,Marié(e),$80K - $120K,Blue,38,1,2,1417,61,0.11,0,0,0,0,1,1,Faible
715725858,Client actuel,43,F,3,Master,Célibataire,Moins de $40K,Blue,26,2,2,1346,76,0.597,0,0,0,0,0,0,Faible
720269283,Client actuel,48,F,3,Non connu,Non connu,$40K - $60K,Blue,33,2,2,1651,86,0.664,0,0,0,0,0,0,Faible
710142258,Client actuel,53,F,2,Non connu,Célibataire,Moins de $40K,Blue,36,2,2,909,67,0.499,0,0,0,0,0,0,Faible
708525108,Client actuel,54,F,2,Licence,Marié(e),Non connu,Blue,47,3,3,1134,77,0.526,0,0,0,0,0,0,Faible
709621008,Client actuel,48,M,5,Master,Célibataire,$60K - $80K,Blue,30,3,2,1482,76,0.254,0,0,0,0,0,0,Faible
717181833,Client actuel,39,F,1,Licence,Célibataire,Moins de $40K,Silver,30,2,2,891,59,0.087,0,0,0,0,1,1,Faible
711288558,Client actuel,45,F,3,Licence,Célibataire,Moins de $40K,Blue,28,2,2,1174,77,0.577,0,0,0,0,0,0,Faible
766628733,Client actuel,56,M,3,Sans diplôme,Célibataire,$60K - $80K,Blue,49,3,3,0,74,0.0,0,0,1,0,1,2,Modéré
719690733,Client actuel,47,F,4,Lycée (équivalent baccalauréat),Marié(e),Moins de $40K,Blue,40,2,2,1989,70,0.443,0,0,0,0,0,0,Faible
770783508,Client actuel,48,M,3,Licence,Divorcé(e),$60K - $80K,Blue,34,3,2,0,72,0.0,0,0,1,0,1,2,Modéré
718026858,Client actuel,52,F,2,Niveau Bac+2,Célibataire,Moins de $40K,Blue,36,2,2,1490,80,0.629,0,0,0,0,0,0,Faible
716028108,Client actuel,35,F,2,Niveau Bac+2,Célibataire,Moins de $40K,Blue,18,2,0,0,83,0.0,0,0,1,0,1,2,Modéré
718436133,Client actuel,44,F,2,Licence,Célibataire,Moins de $40K,Blue,36,2,3,1244,71,0.525,0,0,0,0,0,0,Faible
719313633,Client actuel,53,F,0,Lycée (équivalent baccalauréat),Marié(e),$40K - $60K,Blue,36,2,3,1936,53,0.672,0,0,0,0,0,0,Faible
814586958,Client actuel,43,F,2,Niveau Bac+2,Divorcé(e),Non connu,Blue,38,3,2,2042,75,0.626,0,0,0,0,0,0,Faible
804344733,Client actuel,46,F,3,Non connu,Célibataire,Moins de $40K,Blue,41,2,2,916,89,0.473,0,0,0,0,0,0,Faible
717166383,Client actuel,40,F,4,Non connu,Marié(e),$40K - $60K,Blue,30,2,2,1465,82,0.676,0,0,0,0,0,0,Faible
713060283,Client actuel,43,F,5,Licence,Marié(e),$40K - $60K,Blue,34,1,3,1164,81,0.163,0,0,0,0,0,0,Faible
713070033,Client actuel,56,F,2,Licence,Célibataire,Moins de $40K,Blue,43,3,2,787,79,0.547,0,0,0,0,0,0,Faible
793625583,Client actuel,48,F,3,Lycée (équivalent baccalauréat),Célibataire,$40K - $60K,Blue,42,1,1,2090,67,0.558,0,0,0,0,0,0,Faible
713918358,Client actuel,31,F,0,Sans diplôme,Divorcé(e),Non connu,Blue,36,3,1,1682,81,0.324,0,0,0,0,0,0,Faible
714308283,Client actuel,41,M,2,Doctorat,Marié(e),$40K - $60K,Blue,32,3,3,1171,70,0.193,0,0,0,0,0,0,Faible
714086133,Client actuel,47,F,4,Sans diplôme,Célibataire,Moins de $40K,Blue,36,2,3,1450,83,0.563,0,0,0,0,0,0,Faible
718872858,Client actuel,43,F,2,Lycée (équivalent baccalauréat),Marié(e),Moins de $40K,Blue,36,1,3,2121,79,0.564,0,0,0,0,0,0,Faible
709665783,Client actuel,39,F,1,Non connu,Marié(e),$40K - $60K,Blue,36,1,1,0,70,0.0,0,0,1,0,1,2,Modéré
708483708,Client actuel,51,M,2,Non connu,Marié(e),$120K +,Blue,36,3,2,0,66,0.0,0,0,1,0,1,2,Modéré
715347783,Client actuel,40,M,4,Lycée (équivalent baccalauréat),Marié(e),Moins de $40K,Blue,35,3,1,1524,57,0.346,0,0,0,0,0,0,Faible
709054083,Client actuel,50,F,1,Licence,Non connu,Moins de $40K,Blue,32,1,3,1911,79,0.721,0,0,0,0,0,0,Faible
807915408,Client actuel,41,F,2,Niveau Bac+2,Marié(e),$40K - $60K,Blue,36,2,3,0,82,0.0,0,0,1,0,1,2,Modéré
712569408,Client actuel,56,F,4,Doctorat,Célibataire,$40K - $60K,Blue,44,2,3,1385,82,0.401,0,0,0,0,0,0,Faible
788805108,Client actuel,47,M,3,Lycée (équivalent baccalauréat),Célibataire,$60K - $80K,Blue,30,3,3,1775,80,0.098,0,0,0,0,1,1,Faible
710150208,Client actuel,44,F,4,Master,Divorcé(e),Moins de $40K,Blue,26,1,3,1250,69,0.545,0,0,0,0,0,0,Faible
711825558,Client actuel,38,M,3,Licence,Marié(e),$80K - $120K,Blue,19,2,2,1115,65,0.735,0,0,0,0,0,0,Faible
712891833,Client actuel,45,F,2,Licence,Non connu,Moins de $40K,Blue,36,1,1,1902,84,0.698,0,0,0,0,0,0,Faible
719680908,Client actuel,47,F,0,Niveau Bac+2,Marié(e),Moins de $40K,Blue,27,1,3,691,84,0.389,0,0,0,0,0,0,Faible
801053208,Client actuel,39,F,3,Lycée (équivalent baccalauréat),Marié(e),Moins de $40K,Blue,33,3,1,1270,84,0.645,0,0,0,0,0,0,Faible
758642733,Client actuel,48,F,1,Licence,Célibataire,Moins de $40K,Blue,41,1,1,1054,73,0.567,0,0,0,0,0,0,Faible
771201408,Client actuel,53,F,3,Licence,Divorcé(e),Moins de $40K,Blue,40,2,3,2126,75,0.792,0,0,0,0,0,0,Faible
789523683,Client actuel,51,F,2,Licence,Célibataire,$40K - $60K,Blue,43,1,3,1865,77,0.856,0,0,0,0,0,0,Faible
713732883,Client actuel,38,F,0,Sans diplôme,Célibataire,Moins de $40K,Blue,36,1,2,0,81,0.0,0,0,1,0,1,2,Modéré
718010133,Client actuel,46,F,2,Master,Célibataire,Moins de $40K,Blue,35,2,3,1641,61,0.568,0,0,0,0,0,0,Faible
771518658,Client actuel,58,F,1,Lycée (équivalent baccalauréat),Marié(e),$40K - $60K,Blue,46,3,1,1339,90,0.716,0,0,0,0,0,0,Faible
710508858,Client actuel,44,F,2,Lycée (équivalent baccalauréat),Non connu,Moins de $40K,Blue,34,1,3,2517,81,0.78,0,0,0,0,0,0,Faible
772590408,Client actuel,41,M,5,Non connu,Marié(e),$80K - $120K,Blue,31,3,1,1379,90,0.114,0,0,0,0,1,1,Faible
719334408,Client actuel,42,F,3,Master,Marié(e),Moins de $40K,Blue,36,3,1,1483,71,0.299,0,0,0,0,0,0,Faible
717500133,Client actuel,42,M,4,Sans diplôme,Célibataire,$80K - $120K,Blue,36,2,3,599,63,0.058,0,0,1,0,1,2,Modéré
720988083,Client actuel,45,F,1,Sans diplôme,Marié(e),Moins de $40K,Blue,35,3,2,1080,79,0.751,0,0,0,0,0,0,Faible
719848908,Client actuel,41,F,3,Licence,Marié(e),Non connu,Blue,33,3,3,0,73,0.0,0,0,1,0,1,2,Modéré
717022533,Client actuel,43,F,2,Master,Célibataire,$40K - $60K,Blue,36,1,3,0,66,0.0,0,0,1,0,1,2,Modéré
710853033,Client actuel,36,F,1,Doctorat,Non connu,Moins de $40K,Blue,36,2,2,1204,82,0.244,0,0,0,0,0,0,Faible
780055308,Client actuel,43,F,3,Niveau Bac+2,Célibataire,Moins de $40K,Blue,28,1,3,0,54,0.0,0,0,1,0,1,2,Modéré
714252933,Client actuel,52,F,2,Niveau Bac+2,Divorcé(e),Moins de $40K,Blue,45,2,3,0,80,0.0,0,0,1,0,1,2,Modéré
713119308,Client actuel,50,F,3,Non connu,Célibataire,Moins de $40K,Blue,39,4,3,0,82,0.0,1,0,1,0,1,3,Modéré
710815608,Client actuel,43,M,2,Lycée (équivalent baccalauréat),Marié(e),$60K - $80K,Blue,25,2,3,1530,70,0.747,0,0,0,0,0,0,Faible
803398983,Client actuel,35,F,3,Non connu,Divorcé(e),Moins de $40K,Blue,29,2,3,864,64,0.572,0,0,0,0,0,0,Faible
717568308,Client actuel,39,M,1,Non connu,Célibataire,$80K - $120K,Blue,36,2,1,0,78,0.0,0,0,1,0,1,2,Modéré
711694083,Client actuel,59,F,0,Master,Célibataire,Moins de $40K,Blue,48,2,2,1251,71,0.413,0,0,0,0,0,0,Faible
712258308,Client actuel,58,F,4,Lycée (équivalent baccalauréat),Célibataire,Moins de $40K,Blue,39,1,3,1483,75,0.538,0,0,0,0,0,0,Faible
713884458,Client actuel,51,M,4,Lycée (équivalent baccalauréat),Célibataire,$80K - $120K,Blue,37,2,2,2142,83,0.244,0,0,0,0,0,0,Faible
716160708,Client actuel,64,M,1,Licence,Célibataire,Moins de $40K,Blue,36,3,1,1677,94,0.901,0,0,0,0,0,0,Faible
712117983,Client actuel,49,M,4,Licence,Marié(e),$80K - $120K,Blue,39,3,2,1853,60,0.107,0,0,0,0,1,1,Faible
788694558,Client actuel,53,F,3,Sans diplôme,Célibataire,Moins de $40K,Blue,40,2,3,661,87,0.46,0,0,1,0,0,1,Faible
709275558,Client actuel,54,M,2,Licence,Célibataire,$60K - $80K,Blue,44,3,2,0,55,0.0,0,0,1,0,1,2,Modéré
711216933,Client actuel,42,F,1,Lycée (équivalent baccalauréat),Marié(e),Moins de $40K,Blue,36,3,1,1299,77,0.593,0,0,0,0,0,0,Faible
717069033,Client actuel,43,F,4,Licence,Marié(e),Moins de $40K,Blue,30,1,3,1153,65,0.239,0,0,0,0,0,0,Faible
714992733,Client actuel,46,M,3,Licence,Divorcé(e),$80K - $120K,Blue,36,1,1,2081,62,0.648,0,0,0,0,0,0,Faible
809445858,Client actuel,38,F,0,Licence,Célibataire,Moins de $40K,Blue,32,3,3,750,79,0.427,0,0,0,0,0,0,Faible
708859158,Client actuel,47,F,4,Licence,Célibataire,$40K - $60K,Blue,37,1,1,703,80,0.489,0,0,0,0,0,0,Faible
710040483,Client actuel,37,M,3,Sans diplôme,Non connu,$60K - $80K,Blue,26,2,1,2124,87,0.147,0,0,0,0,1,1,Faible
714667608,Client actuel,47,M,5,Master,Marié(e),$40K - $60K,Blue,36,3,2,0,78,0.0,0,0,1,0,1,2,Modéré
713656308,Client actuel,56,F,0,Lycée (équivalent baccalauréat),Marié(e),Moins de $40K,Blue,48,3,1,0,75,0.0,0,0,1,0,1,2,Modéré
713017758,Client actuel,47,F,1,Sans diplôme,Célibataire,Moins de $40K,Blue,32,2,2,1135,85,0.694,0,0,0,0,0,0,Faible
717893358,Client actuel,43,F,3,Licence,Marié(e),Non connu,Blue,33,1,3,1456,65,0.183,0,0,0,0,0,0,Faible
720219633,Client actuel,52,F,0,Licence,Non connu,$40K - $60K,Blue,42,3,2,1544,70,0.567,0,0,0,0,0,0,Faible
711676008,Client actuel,52,F,1,Licence,Célibataire,Moins de $40K,Blue,44,2,2,991,59,0.491,0,0,0,0,0,0,Faible
714192033,Client actuel,43,F,3,Lycée (équivalent baccalauréat),Célibataire,Non connu,Blue,25,1,2,1870,63,0.181,0,0,0,0,0,0,Faible
713442933,Client actuel,49,M,3,Non connu,Marié(e),$40K - $60K,Blue,32,3,3,2208,86,0.709,0,0,0,0,0,0,Faible
711772983,Client actuel,43,M,2,Lycée (équivalent baccalauréat),Célibataire,$60K - $80K,Blue,35,2,2,1293,71,0.699,0,0,0,0,0,0,Faible
802937058,Client actuel,53,M,1,Licence,Marié(e),$80K - $120K,Blue,47,3,1,1859,80,0.732,0,0,0,0,0,0,Faible
712493058,Client actuel,42,F,5,Lycée (équivalent baccalauréat),Célibataire,Non connu,Blue,31,3,2,0,72,0.0,0,0,1,0,1,2,Modéré
718808883,Client actuel,55,F,2,Licence,Célibataire,Moins de $40K,Silver,47,3,1,0,69,0.0,0,0,1,0,1,2,Modéré
708829758,Client actuel,41,M,2,Lycée (équivalent baccalauréat),Marié(e),$60K - $80K,Blue,36,3,2,761,66,0.126,0,0,0,0,1,1,Faible
710792733,Client actuel,47,F,3,Master,Marié(e),Moins de $40K,Blue,29,2,2,638,75,0.22,0,0,1,0,0,1,Faible
716838633,Client actuel,46,M,4,Lycée (équivalent baccalauréat),Célibataire,$60K - $80K,Blue,36,5,0,1341,84,0.1,1,0,0,0,1,2,Modéré
714041283,Client actuel,50,F,2,Licence,Célibataire,Non connu,Blue,40,2,2,1663,83,0.252,0,0,0,0,0,0,Faible
752944533,Client actuel,45,F,5,Lycée (équivalent baccalauréat),Marié(e),Moins de $40K,Blue,34,1,2,1269,88,0.625,0,0,0,0,0,0,Faible
804045933,Client actuel,36,M,0,Licence,Célibataire,$80K - $120K,Blue,30,3,2,2414,74,0.455,0,0,0,0,0,0,Faible
716662683,Client actuel,55,F,2,Non connu,Célibataire,Moins de $40K,Blue,45,2,3,1820,81,0.571,0,0,0,0,0,0,Faible
713432508,Client actuel,42,F,3,Master,Marié(e),Moins de $40K,Blue,36,3,2,1749,72,0.404,0,0,0,0,0,0,Faible
799475658,Client actuel,51,F,3,Sans diplôme,Marié(e),Moins de $40K,Blue,45,3,3,1300,79,0.581,0,0,0,0,0,0,Faible
719849958,Client actuel,44,F,4,Licence,Célibataire,Moins de $40K,Blue,36,3,3,1884,83,0.709,0,0,0,0,0,0,Faible
715803933,Client actuel,47,M,1,Master,Célibataire,$60K - $80K,Blue,36,2,2,1371,65,0.151,0,0,0,0,1,1,Faible
779486433,Client actuel,46,F,5,Non connu,Célibataire,Moins de $40K,Blue,28,2,3,2169,76,0.895,0,0,0,0,0,0,Faible
708281433,Client actuel,57,F,2,Licence,Marié(e),Moins de $40K,Blue,36,1,3,0,75,0.0,0,0,1,0,1,2,Modéré
721306908,Client actuel,61,F,1,Licence,Célibataire,Non connu,Blue,44,3,2,540,46,0.234,0,0,1,0,0,1,Faible
713964858,Client actuel,51,M,2,Licence,Divorcé(e),$120K +,Blue,41,2,3,887,81,0.318,0,0,0,0,0,0,Faible
717545808,Client actuel,44,F,4,Master,Célibataire,Moins de $40K,Blue,32,1,2,1987,70,0.685,0,0,0,0,0,0,Faible
771232533,Client actuel,46,F,2,Licence,Marié(e),Moins de $40K,Blue,33,3,3,1283,81,0.566,0,0,0,0,0,0,Faible
710883483,Client actuel,52,F,1,Licence,Marié(e),$40K - $60K,Blue,34,3,3,2066,85,0.493,0,0,0,0,0,0,Faible
719594433,Client actuel,35,F,2,Licence,Célibataire,Non connu,Blue,26,1,2,1434,66,0.439,0,0,0,0,0,0,Faible
716310633,Client actuel,59,F,1,Master,Célibataire,Moins de $40K,Blue,36,2,2,2481,84,0.899,0,0,0,0,0,0,Faible
772437633,Client actuel,43,M,3,Licence,Célibataire,$60K - $80K,Blue,33,2,3,0,72,0.0,0,0,1,0,1,2,Modéré
772569033,Client actuel,44,M,0,Lycée (équivalent baccalauréat),Divorcé(e),$80K - $120K,Blue,34,2,2,1236,90,0.234,0,0,0,0,0,0,Faible
714443883,Client actuel,57,F,3,Licence,Marié(e),Moins de $40K,Blue,49,2,1,0,81,0.0,0,0,1,0,1,2,Modéré
710369658,Client actuel,50,M,3,Non connu,Marié(e),$60K - $80K,Blue,36,3,2,2353,92,0.718,0,0,0,0,0,0,Faible
788440083,Client actuel,55,M,2,Sans diplôme,Célibataire,$60K - $80K,Silver,48,3,3,1384,82,0.04,0,0,0,0,1,1,Faible
773332908,Client actuel,48,M,4,Lycée (équivalent baccalauréat),Non connu,$60K - $80K,Blue,30,3,2,1900,83,0.13,0,0,0,0,1,1,Faible
712507758,Client actuel,36,F,2,Niveau Bac+2,Non connu,Non connu,Blue,24,3,3,1903,87,0.552,0,0,0,0,0,0,Faible
718478883,Client actuel,55,F,2,Niveau Bac+2,Célibataire,Moins de $40K,Blue,36,1,3,0,81,0.0,0,0,1,0,1,2,Modéré
788734158,Client actuel,42,M,4,Licence,Marié(e),$40K - $60K,Blue,19,3,2,0,59,0.0,0,0,1,0,1,2,Modéré
794490858,Client actuel,48,F,1,Lycée (équivalent baccalauréat),Marié(e),$40K - $60K,Silver,28,1,2,1387,61,0.088,0,0,0,0,1,1,Faible
718397658,Client actuel,60,F,0,Non connu,Célibataire,$40K - $60K,Blue,36,3,2,1231,61,0.299,0,0,0,0,0,0,Faible
716733933,Client actuel,42,F,2,Lycée (équivalent baccalauréat),Marié(e),Non connu,Blue,30,3,2,725,64,0.382,0,0,0,0,0,0,Faible
809307108,Client actuel,44,F,1,Lycée (équivalent baccalauréat),Célibataire,Non connu,Blue,39,3,2,1182,77,0.585,0,0,0,0,0,0,Faible
778671483,Client actuel,33,F,3,Sans diplôme,Célibataire,Moins de $40K,Blue,13,3,3,1008,67,0.618,0,0,0,0,0,0,Faible
789319458,Client actuel,48,M,5,Sans diplôme,Célibataire,$60K - $80K,Blue,38,2,3,1481,65,0.065,0,0,0,0,1,1,Faible
710382108,Client actuel,39,F,3,Master,Marié(e),Moins de $40K,Blue,19,1,2,2423,63,0.988,0,0,0,0,0,0,Faible
720895533,Client actuel,32,F,4,Non connu,Marié(e),Moins de $40K,Blue,22,3,3,1056,78,0.734,0,0,0,0,0,0,Faible
717136533,Client actuel,37,F,2,Sans diplôme,Célibataire,Moins de $40K,Blue,26,2,2,835,73,0.323,0,0,0,0,0,0,Faible
790164408,Client actuel,59,F,1,Non connu,Marié(e),Moins de $40K,Blue,52,3,3,2094,77,0.907,0,0,0,0,0,0,Faible
795613233,Client actuel,48,F,2,Licence,Marié(e),Non connu,Blue,42,2,0,1494,76,0.142,0,0,0,0,1,1,Faible
709009833,Client actuel,54,M,3,Licence,Marié(e),$40K - $60K,Blue,44,3,3,0,67,0.0,0,0,1,0,1,2,Modéré
720054183,Client actuel,41,F,2,Licence,Célibataire,$40K - $60K,Blue,25,2,2,2228,86,0.805,0,0,0,0,0,0,Faible
713193408,Client actuel,59,F,0,Non connu,Célibataire,Moins de $40K,Blue,52,3,3,2076,75,0.82,0,0,0,0,0,0,Faible
801508383,Client actuel,48,M,2,Licence,Célibataire,$80K - $120K,Blue,42,3,2,1721,85,0.067,0,0,0,0,1,1,Faible
720064158,Client actuel,51,F,3,Master,Marié(e),Moins de $40K,Blue,36,2,3,0,70,0.0,0,0,1,0,1,2,Modéré
715477233,Client actuel,55,F,1,Lycée (équivalent baccalauréat),Non connu,Non connu,Blue,36,2,3,1430,69,0.205,0,0,0,0,0,0,Faible
719524383,Client actuel,35,F,3,Licence,Célibataire,$40K - $60K,Blue,22,1,3,1670,73,0.684,0,0,0,0,0,0,Faible
710359458,Client actuel,50,F,1,Licence,Marié(e),$40K - $60K,Blue,36,1,3,1807,70,0.706,0,0,0,0,0,0,Faible
716311683,Client actuel,43,M,4,Niveau Bac+2,Marié(e),$80K - $120K,Blue,36,1,2,1448,54,0.044,0,0,0,0,1,1,Faible
780076833,Client actuel,44,M,1,Non connu,Non connu,$80K - $120K,Blue,29,1,2,1008,66,0.121,0,0,0,0,1,1,Faible
716019333,Client actuel,65,F,0,Non connu,Célibataire,Moins de $40K,Blue,56,3,3,1789,82,0.785,0,0,0,0,0,0,Faible
820657083,Client actuel,53,M,4,Niveau Bac+2,Célibataire,$80K - $120K,Silver,48,1,2,800,72,0.023,0,0,0,0,1,1,Faible
716901858,Client actuel,49,M,4,Doctorat,Marié(e),$40K - $60K,Blue,39,1,2,0,77,0.0,0,0,1,0,1,2,Modéré
756571983,Client actuel,45,F,3,Lycée (équivalent baccalauréat),Célibataire,Moins de $40K,Blue,36,2,3,1103,85,0.546,0,0,0,0,0,0,Faible
778268508,Client actuel,56,F,2,Sans diplôme,Célibataire,Non connu,Blue,47,2,1,1966,86,0.374,0,0,0,0,0,0,Faible
778984383,Client actuel,43,F,3,Lycée (équivalent baccalauréat),Marié(e),Non connu,Blue,31,3,1,2039,73,0.757,0,0,0,0,0,0,Faible
720771933,Client actuel,49,F,3,Master,Marié(e),$40K - $60K,Blue,36,2,1,0,69,0.0,0,0,1,0,1,2,Modéré
748827033,Client actuel,44,M,3,Licence,Divorcé(e),$60K - $80K,Blue,37,2,3,0,84,0.0,0,0,1,0,1,2,Modéré
712591983,Client actuel,52,F,5,Licence,Célibataire,$40K - $60K,Blue,41,2,3,1960,79,0.646,0,0,0,0,0,0,Faible
712181658,Client actuel,37,F,2,Licence,Célibataire,$40K - $60K,Blue,36,3,1,1552,86,0.645,0,0,0,0,0,0,Faible
772310958,Client actuel,42,F,2,Licence,Marié(e),Moins de $40K,Blue,31,6,3,822,94,0.191,1,0,0,0,0,1,Faible
715343883,Client actuel,42,F,3,Lycée (équivalent baccalauréat),Célibataire,Moins de $40K,Blue,32,3,3,1297,66,0.672,0,0,0,0,0,0,Faible
720470133,Client actuel,59,M,0,Licence,Célibataire,Moins de $40K,Blue,36,3,3,1483,87,0.411,0,0,0,0,0,0,Faible
710420133,Client actuel,47,F,2,Licence,Marié(e),Moins de $40K,Blue,34,2,2,0,68,0.0,0,0,1,0,1,2,Modéré
720933408,Client actuel,56,F,2,Sans diplôme,Non connu,Moins de $40K,Blue,36,1,2,1825,89,0.216,0,0,0,0,0,0,Faible
716304483,Client actuel,46,F,3,Lycée (équivalent baccalauréat),Marié(e),$40K - $60K,Blue,36,2,3,2372,86,0.695,0,0,0,0,0,0,Faible
719534058,Client actuel,26,F,0,Licence,Non connu,Moins de $40K,Blue,14,2,1,1942,57,0.898,0,0,0,0,0,0,Faible
710515308,Client actuel,42,F,1,Licence,Célibataire,Moins de $40K,Blue,36,3,1,1904,84,0.53,0,0,0,0,0,0,Faible
797241108,Client actuel,47,M,1,Licence,Célibataire,$120K +,Blue,41,3,3,1080,83,0.12,0,0,0,0,1,1,Faible
708884658,Client actuel,48,F,2,Licence,Marié(e),Moins de $40K,Blue,31,1,1,1565,90,0.676,0,0,0,0,0,0,Faible
794475483,Client actuel,44,M,4,Sans diplôme,Marié(e),$80K - $120K,Silver,27,3,2,1043,59,0.03,0,0,0,0,1,1,Faible
714315858,Client actuel,56,F,3,Lycée (équivalent baccalauréat),Marié(e),Moins de $40K,Blue,37,1,3,1650,71,0.412,0,0,0,0,0,0,Faible
717217983,Client actuel,43,F,3,Licence,Marié(e),Moins de $40K,Blue,30,2,3,2517,79,0.801,0,0,0,0,0,0,Faible
716753058,Client actuel,38,F,3,Licence,Célibataire,Moins de $40K,Blue,28,2,2,564,78,0.209,0,0,1,0,0,1,Faible
711069483,Client actuel,40,F,2,Licence,Célibataire,Moins de $40K,Blue,36,2,2,0,79,0.0,0,0,1,0,1,2,Modéré
708478233,Client actuel,48,F,3,Licence,Marié(e),$40K - $60K,Blue,36,2,2,1238,90,0.222,0,0,0,0,0,0,Faible
710783358,Client actuel,46,M,3,Lycée (équivalent baccalauréat),Non connu,$80K - $120K,Blue,35,3,2,1764,85,0.686,0,0,0,0,0,0,Faible
713710383,Client actuel,43,M,2,Lycée (équivalent baccalauréat),Non connu,$80K - $120K,Blue,30,2,1,2517,55,0.14,0,0,0,0,1,1,Faible
721338783,Client actuel,49,F,4,Sans diplôme,Marié(e),Non connu,Blue,36,2,3,2517,72,0.187,0,0,0,0,0,0,Faible
714121983,Client actuel,49,F,3,Licence,Célibataire,Non connu,Blue,42,2,3,1400,84,0.322,0,0,0,0,0,0,Faible
715061733,Client actuel,42,M,3,Niveau Bac+2,Célibataire,$60K - $80K,Blue,36,1,3,1060,81,0.091,0,0,0,0,1,1,Faible
806908608,Client actuel,46,F,2,Non connu,Marié(e),Moins de $40K,Blue,41,2,3,0,78,0.0,0,0,1,0,1,2,Modéré
715030308,Client actuel,42,M,4,Licence,Marié(e),$40K - $60K,Blue,27,1,2,929,67,0.618,0,0,0,0,0,0,Faible
708244458,Client actuel,47,F,2,Non connu,Marié(e),Moins de $40K,Blue,35,3,2,1517,72,0.543,0,0,0,0,0,0,Faible
789479058,Client actuel,45,F,4,Niveau Bac+2,Divorcé(e),$40K - $60K,Blue,37,3,3,0,66,0.0,0,0,1,0,1,2,Modéré
784998108,Client actuel,33,M,3,Lycée (équivalent baccalauréat),Marié(e),$80K - $120K,Blue,22,3,2,0,76,0.0,0,0,1,0,1,2,Modéré
711808383,Client actuel,50,M,3,Licence,Divorcé(e),$60K - $80K,Blue,39,1,3,1709,85,0.269,0,0,0,0,0,0,Faible
770839608,Client actuel,60,F,1,Non connu,Célibataire,Moins de $40K,Blue,47,1,1,1427,82,0.596,0,0,0,0,0,0,Faible
713866308,Client actuel,45,M,4,Non connu,Célibataire,$60K - $80K,Blue,36,2,1,2004,76,0.133,0,0,0,0,1,1,Faible
739317558,Client actuel,48,M,5,Licence,Marié(e),$80K - $120K,Blue,35,3,3,2369,84,0.262,0,0,0,0,0,0,Faible
718702908,Client actuel,53,F,2,Non connu,Célibataire,Moins de $40K,Blue,36,2,1,1041,84,0.675,0,0,0,0,0,0,Faible
720644883,Client actuel,53,F,1,Niveau Bac+2,Marié(e),Non connu,Blue,40,2,1,1867,87,0.378,0,0,0,0,0,0,Faible
717182883,Client actuel,33,F,1,Lycée (équivalent baccalauréat),Marié(e),Non connu,Blue,36,2,2,1432,74,0.628,0,0,0,0,0,0,Faible
787301208,Client actuel,52,M,2,Sans diplôme,Divorcé(e),$40K - $60K,Blue,46,1,1,0,74,0.0,0,0,1,0,1,2,Modéré
720924633,Client actuel,40,F,5,Licence,Non connu,Moins de $40K,Blue,27,2,1,0,73,0.0,0,0,1,0,1,2,Modéré
721316358,Client actuel,41,M,3,Lycée (équivalent baccalauréat),Marié(e),$60K - $80K,Blue,28,1,1,632,62,0.066,0,0,1,0,1,2,Modéré
716118633,Client actuel,43,M,2,Master,Divorcé(e),$60K - $80K,Blue,36,1,1,2177,73,0.401,0,0,0,0,0,0,Faible
715510683,Client actuel,40,F,1,Lycée (équivalent baccalauréat),Célibataire,Moins de $40K,Blue,29,2,2,1362,82,0.543,0,0,0,0,0,0,Faible
718689258,Client actuel,39,F,2,Doctorat,Marié(e),$40K - $60K,Blue,29,2,3,1101,87,0.65,0,0,0,0,0,0,Faible
789541458,Client actuel,35,F,1,Lycée (équivalent baccalauréat),Marié(e),Moins de $40K,Blue,28,0,2,977,85,0.679,0,0,0,0,0,0,Faible
719539458,Client actuel,46,F,3,Licence,Célibataire,Moins de $40K,Blue,41,3,3,0,93,0.0,0,0,1,0,1,2,Modéré
713082708,Client actuel,41,F,2,Lycée (équivalent baccalauréat),Marié(e),Moins de $40K,Blue,36,2,2,991,67,0.2,0,0,0,0,0,0,Faible
794665608,Client actuel,48,F,3,Licence,Célibataire,$40K - $60K,Blue,33,2,3,582,59,0.102,0,0,1,0,1,2,Modéré
712827258,Client actuel,37,M,3,Sans diplôme,Marié(e),$40K - $60K,Blue,25,0,3,0,77,0.0,0,0,1,0,1,2,Modéré
714525633,Client actuel,55,F,2,Non connu,Célibataire,Moins de $40K,Blue,36,3,2,1023,81,0.542,0,0,0,0,0,0,Faible
768498258,Client actuel,47,F,1,Lycée (équivalent baccalauréat),Marié(e),Non connu,Blue,41,2,3,1642,83,0.557,0,0,0,0,0,0,Faible
709231683,Client actuel,36,F,2,Licence,Non connu,$40K - $60K,Blue,23,2,3,901,84,0.445,0,0,0,0,0,0,Faible
711461658,Client actuel,47,M,1,Lycée (équivalent baccalauréat),Marié(e),$40K - $60K,Blue,29,3,2,1197,82,0.364,0,0,0,0,0,0,Faible
710074458,Client actuel,41,F,5,Lycée (équivalent baccalauréat),Divorcé(e),Moins de $40K,Blue,34,1,3,996,90,0.466,0,0,0,0,0,0,Faible
719674533,Client actuel,48,M,3,Non connu,Célibataire,$80K - $120K,Blue,44,1,3,1527,76,0.091,0,0,0,0,1,1,Faible
716535408,Client actuel,43,M,3,Non connu,Marié(e),$40K - $60K,Blue,32,1,3,1462,69,0.12,0,0,0,0,1,1,Faible
710319108,Client actuel,54,F,2,Lycée (équivalent baccalauréat),Marié(e),Moins de $40K,Blue,47,2,3,1298,73,0.72,0,0,0,0,0,0,Faible
714777858,Client actuel,60,F,2,Non connu,Marié(e),Moins de $40K,Blue,36,3,2,2066,69,0.882,0,0,0,0,0,0,Faible
769974258,Client actuel,44,M,3,Master,Célibataire,$80K - $120K,Blue,38,2,3,0,82,0.0,0,0,1,0,1,2,Modéré
717819633,Client actuel,49,F,3,Sans diplôme,Marié(e),Moins de $40K,Blue,42,1,2,1463,57,0.37,0,0,0,0,0,0,Faible
721321383,Client actuel,50,F,3,Doctorat,Marié(e),Moins de $40K,Blue,41,3,2,1148,80,0.484,0,0,0,0,0,0,Faible
716973333,Client actuel,40,M,3,Sans diplôme,Marié(e),$120K +,Blue,28,3,2,1676,76,0.361,0,0,0,0,0,0,Faible
709946658,Client actuel,49,F,4,Niveau Bac+2,Célibataire,$40K - $60K,Blue,30,3,3,1211,58,0.438,0,0,0,0,0,0,Faible
709243533,Client actuel,49,F,2,Non connu,Célibataire,Moins de $40K,Blue,41,3,2,1815,75,0.71,0,0,0,0,0,0,Faible
709999308,Client actuel,51,M,3,Sans diplôme,Marié(e),$80K - $120K,Blue,40,2,2,0,78,0.0,0,0,1,0,1,2,Modéré
712389108,Client actuel,43,F,2,Licence,Marié(e),Moins de $40K,Blue,36,3,2,2107,83,0.82,0,0,0,0,0,0,Faible
712305333,Client actuel,59,M,0,Licence,Célibataire,$60K - $80K,Blue,53,2,2,2505,65,0.571,0,0,0,0,0,0,Faible
812785158,Client actuel,42,M,4,Sans diplôme,Marié(e),Moins de $40K,Blue,37,3,2,1797,63,0.745,0,0,0,0,0,0,Faible
711296508,Client actuel,49,F,3,Licence,Célibataire,Moins de $40K,Blue,42,2,3,2455,85,0.941,0,0,0,0,0,0,Faible
795713058,Client actuel,45,M,3,Master,Marié(e),$40K - $60K,Blue,39,1,2,1753,76,0.398,0,0,0,0,0,0,Faible
789487308,Client actuel,48,M,2,Doctorat,Célibataire,$60K - $80K,Blue,39,2,2,0,78,0.0,0,0,1,0,1,2,Modéré
789047208,Client actuel,57,F,2,Lycée (équivalent baccalauréat),Célibataire,Moins de $40K,Blue,45,1,3,1610,79,0.656,0,0,0,0,0,0,Faible
715864983,Client actuel,56,F,2,Lycée (équivalent baccalauréat),Marié(e),Moins de $40K,Blue,43,2,2,0,83,0.0,0,0,1,0,1,2,Modéré
708765933,Client actuel,46,M,2,Master,Marié(e),$60K - $80K,Blue,36,2,2,887,81,0.162,0,0,0,0,0,0,Faible
809320908,Client actuel,42,M,3,Lycée (équivalent baccalauréat),Célibataire,$60K - $80K,Blue,37,3,3,0,84,0.0,0,0,1,0,1,2,Modéré
779324358,Client actuel,49,F,2,Sans diplôme,Célibataire,Moins de $40K,Blue,31,1,3,1603,79,0.673,0,0,0,0,0,0,Faible
713730108,Client actuel,48,M,4,Master,Divorcé(e),$60K - $80K,Blue,38,2,2,1258,67,0.108,0,0,0,0,1,1,Faible
711783483,Client actuel,55,F,3,Master,Célibataire,$40K - $60K,Blue,46,3,2,984,72,0.191,0,0,0,0,0,0,Faible
719294433,Client actuel,63,F,1,Sans diplôme,Célibataire,Non connu,Blue,55,3,1,520,68,0.032,0,0,1,0,1,2,Modéré
721238508,Client actuel,38,F,3,Lycée (équivalent baccalauréat),Célibataire,Moins de $40K,Blue,26,3,3,1484,77,0.765,0,0,0,0,0,0,Faible
709365483,Client actuel,45,F,2,Doctorat,Divorcé(e),$40K - $60K,Blue,36,3,3,1826,67,0.655,0,0,0,0,0,0,Faible
718477983,Client actuel,54,F,3,Lycée (équivalent baccalauréat),Marié(e),Moins de $40K,Blue,42,2,3,1108,90,0.77,0,0,0,0,0,0,Faible
719809533,Client actuel,59,F,0,Non connu,Marié(e),Moins de $40K,Blue,36,1,4,1969,84,0.804,0,1,0,0,0,1,Faible
717239133,Client actuel,52,F,1,Niveau Bac+2,Marié(e),Non connu,Blue,40,3,1,642,60,0.062,0,0,1,0,1,2,Modéré
770956158,Client actuel,43,F,4,Licence,Non connu,Moins de $40K,Blue,30,2,1,2151,68,0.897,0,0,0,0,0,0,Faible
715984908,Client actuel,52,M,2,Licence,Marié(e),$80K - $120K,Blue,36,3,2,1882,84,0.657,0,0,0,0,0,0,Faible
711020358,Client actuel,52,F,3,Sans diplôme,Non connu,$40K - $60K,Blue,36,2,2,1650,79,0.661,0,0,0,0,0,0,Faible
788769783,Client actuel,42,F,4,Niveau Bac+2,Divorcé(e),Moins de $40K,Blue,23,1,3,1024,74,0.545,0,0,0,0,0,0,Faible
715496808,Client actuel,53,F,1,Licence,Marié(e),$40K - $60K,Blue,36,3,3,2487,69,0.917,0,0,0,0,0,0,Faible
818763033,Client actuel,34,F,3,Licence,Marié(e),$40K - $60K,Blue,29,1,1,2517,71,0.408,0,0,0,0,0,0,Faible
711953358,Client actuel,51,M,2,Licence,Marié(e),$80K - $120K,Blue,35,2,2,2264,88,0.365,0,0,0,0,0,0,Faible
716485308,Client actuel,43,F,2,Non connu,Non connu,Moins de $40K,Blue,36,3,3,1541,93,0.866,0,0,0,0,0,0,Faible
716432658,Client actuel,48,F,3,Lycée (équivalent baccalauréat),Marié(e),Moins de $40K,Blue,36,2,1,0,65,0.0,0,0,1,0,1,2,Modéré
716245833,Client actuel,62,M,1,Licence,Non connu,Moins de $40K,Blue,36,3,2,2517,67,0.881,0,0,0,0,0,0,Faible
780052008,Client actuel,37,M,3,Non connu,Célibataire,$80K - $120K,Blue,22,2,2,1414,68,0.047,0,0,0,0,1,1,Faible
709759908,Client actuel,46,M,2,Licence,Marié(e),$60K - $80K,Blue,36,2,2,685,84,0.353,0,0,0,0,0,0,Faible
788667408,Client actuel,50,F,2,Lycée (équivalent baccalauréat),Marié(e),Moins de $40K,Blue,21,1,1,1819,66,0.613,0,0,0,0,0,0,Faible
721449408,Client actuel,40,F,4,Non connu,Célibataire,Moins de $40K,Blue,25,2,1,2029,74,0.722,0,0,0,0,0,0,Faible
714655758,Client actuel,62,M,0,Licence,Divorcé(e),$40K - $60K,Blue,36,3,2,0,73,0.0,0,0,1,0,1,2,Modéré
714673833,Client actuel,59,F,1,Licence,Célibataire,$40K - $60K,Blue,36,3,1,0,77,0.0,0,0,1,0,1,2,Modéré
714658233,Client actuel,46,F,5,Lycée (équivalent baccalauréat),Non connu,Moins de $40K,Blue,37,3,3,725,79,0.504,0,0,0,0,0,0,Faible
716381808,Client actuel,43,M,2,Non connu,Célibataire,$40K - $60K,Blue,36,4,1,0,75,0.0,1,0,1,0,1,3,Modéré
720831783,Client actuel,50,F,0,Lycée (équivalent baccalauréat),Non connu,Moins de $40K,Blue,36,2,1,888,81,0.396,0,0,0,0,0,0,Faible
718178583,Client actuel,42,F,2,Non connu,Marié(e),Moins de $40K,Blue,29,3,1,1604,78,0.341,0,0,0,0,0,0,Faible
708886533,Client actuel,50,M,1,Licence,Célibataire,$120K +,Blue,41,1,3,1701,77,0.131,0,0,0,0,1,1,Faible
716239383,Client actuel,45,F,4,Lycée (équivalent baccalauréat),Marié(e),Moins de $40K,Blue,36,2,2,0,85,0.0,0,0,1,0,1,2,Modéré
714672933,Client actuel,52,F,3,Licence,Marié(e),$40K - $60K,Blue,36,4,2,2268,84,0.722,1,0,0,0,0,1,Faible
809954133,Client actuel,49,M,2,Sans diplôme,Marié(e),$60K - $80K,Blue,44,1,3,0,84,0.0,0,0,1,0,1,2,Modéré
714855108,Client actuel,60,F,0,Lycée (équivalent baccalauréat),Marié(e),Moins de $40K,Blue,50,0,1,973,69,0.281,0,0,0,0,0,0,Faible
718730283,Client actuel,38,F,2,Licence,Marié(e),Moins de $40K,Blue,18,3,3,1206,68,0.715,0,0,0,0,0,0,Faible
804428958,Client actuel,47,M,1,Licence,Marié(e),$40K - $60K,Blue,42,2,1,0,78,0.0,0,0,1,0,1,2,Modéré
720070383,Client actuel,41,F,3,Sans diplôme,Célibataire,Non connu,Blue,29,3,3,1966,84,0.809,0,0,0,0,0,0,Faible
720322008,Client actuel,35,F,2,Non connu,Marié(e),$40K - $60K,Blue,15,2,1,834,82,0.58,0,0,0,0,0,0,Faible
789267633,Client actuel,54,F,2,Niveau Bac+2,Marié(e),Moins de $40K,Blue,43,4,1,1760,93,0.684,1,0,0,0,0,1,Faible
714523383,Client actuel,43,F,3,Licence,Célibataire,$40K - $60K,Blue,33,2,2,2122,59,0.732,0,0,0,0,0,0,Faible
713996283,Client actuel,32,F,2,Master,Célibataire,Moins de $40K,Blue,36,5,1,2176,93,0.925,1,0,0,0,0,1,Faible
714557583,Client actuel,58,F,2,Niveau Bac+2,Célibataire,Moins de $40K,Blue,36,4,0,1902,79,0.86,1,0,0,0,0,1,Faible
779065458,Client actuel,56,M,1,Lycée (équivalent baccalauréat),Marié(e),$120K +,Blue,37,1,3,0,72,0.0,0,0,1,0,1,2,Modéré
719231583,Client actuel,61,M,1,Licence,Non connu,$60K - $80K,Blue,49,2,2,1838,79,0.109,0,0,0,0,1,1,Faible
778801608,Client actuel,50,M,2,Niveau Bac+2,Marié(e),$80K - $120K,Blue,39,4,2,1862,92,0.516,1,0,0,0,0,1,Faible
720728133,Client actuel,44,M,4,Sans diplôme,Célibataire,$40K - $60K,Blue,33,3,3,0,71,0.0,0,0,1,0,1,2,Modéré
718153233,Client actuel,46,M,3,Sans diplôme,Marié(e),$80K - $120K,Blue,36,2,2,1562,60,0.066,0,0,0,0,1,1,Faible
817236708,Client actuel,42,M,3,Sans diplôme,Marié(e),$60K - $80K,Blue,25,2,3,1720,73,0.127,0,0,0,0,1,1,Faible
792795933,Client actuel,39,F,1,Licence,Célibataire,Moins de $40K,Blue,30,6,2,2397,65,0.898,1,0,0,0,0,1,Faible
712326708,Client actuel,42,F,2,Non connu,Marié(e),Moins de $40K,Blue,31,2,3,2220,61,0.87,0,0,0,0,0,0,Faible
721505358,Client actuel,41,F,3,Non connu,Marié(e),Moins de $40K,Blue,34,6,2,2214,81,0.826,1,0,0,0,0,1,Faible
804337233,Client actuel,45,F,4,Lycée (équivalent baccalauréat),Célibataire,Moins de $40K,Blue,35,2,2,0,61,0.0,0,0,1,0,1,2,Modéré
785351133,Client actuel,61,F,1,Licence,Non connu,$40K - $60K,Blue,55,3,3,0,81,0.0,0,0,1,0,1,2,Modéré
714034158,Client actuel,46,F,4,Non connu,Marié(e),Moins de $40K,Blue,38,2,3,1307,69,0.392,0,0,0,0,0,0,Faible
720349983,Client actuel,32,F,1,Non connu,Divorcé(e),Moins de $40K,Blue,19,2,1,0,79,0.0,0,0,1,0,1,2,Modéré
720155583,Client actuel,55,F,2,Non connu,Célibataire,Moins de $40K,Blue,39,2,3,1589,82,0.655,0,0,0,0,0,0,Faible
799031958,Client actuel,49,M,2,Non connu,Non connu,$80K - $120K,Blue,43,2,2,999,70,0.054,0,0,0,0,1,1,Faible
719556558,Client actuel,46,M,2,Doctorat,Marié(e),$120K +,Blue,34,3,1,1759,67,0.503,0,0,0,0,0,0,Faible
771455508,Client actuel,60,F,0,Niveau Bac+2,Célibataire,Moins de $40K,Blue,48,1,3,0,83,0.0,0,0,1,0,1,2,Modéré
712214283,Client actuel,40,M,2,Licence,Marié(e),$120K +,Blue,28,3,3,0,70,0.0,0,0,1,0,1,2,Modéré
712667058,Client actuel,39,F,1,Licence,Célibataire,Moins de $40K,Blue,29,1,3,995,76,0.635,0,0,0,0,0,0,Faible
715393908,Client actuel,57,F,2,Master,Marié(e),Moins de $40K,Blue,36,0,1,1445,79,0.533,0,0,0,0,0,0,Faible
769100508,Client actuel,55,F,5,Lycée (équivalent baccalauréat),Célibataire,Moins de $40K,Blue,49,2,1,1472,77,0.676,0,0,0,0,0,0,Faible
720582558,Client actuel,44,F,2,Sans diplôme,Marié(e),Moins de $40K,Blue,34,3,1,0,87,0.0,0,0,1,0,1,2,Modéré
710773533,Client actuel,43,F,3,Master,Marié(e),Moins de $40K,Blue,35,3,3,1595,88,0.655,0,0,0,0,0,0,Faible
772457583,Client actuel,47,F,2,Doctorat,Célibataire,Moins de $40K,Blue,37,0,1,1204,93,0.283,0,0,0,0,0,0,Faible
712649058,Client actuel,54,F,2,Sans diplôme,Célibataire,Moins de $40K,Blue,36,2,2,0,82,0.0,0,0,1,0,1,2,Modéré
788737083,Client actuel,34,F,2,Lycée (équivalent baccalauréat),Marié(e),Moins de $40K,Blue,13,2,2,833,84,0.463,0,0,0,0,0,0,Faible
714012258,Client actuel,44,F,2,Niveau Bac+2,Célibataire,Moins de $40K,Blue,34,2,1,1687,74,0.695,0,0,0,0,0,0,Faible
757662258,Client actuel,46,F,4,Licence,Divorcé(e),$40K - $60K,Blue,39,1,1,1480,77,0.597,0,0,0,0,0,0,Faible
714388158,Client actuel,36,F,2,Sans diplôme,Divorcé(e),Non connu,Blue,36,2,1,699,73,0.049,0,0,0,0,1,1,Faible
720067083,Client actuel,30,F,0,Lycée (équivalent baccalauréat),Célibataire,Moins de $40K,Blue,36,1,1,801,74,0.521,0,0,0,0,0,0,Faible
814529508,Client actuel,39,F,3,Lycée (équivalent baccalauréat),Non connu,Non connu,Blue,34,3,2,686,71,0.045,0,0,0,0,1,1,Faible
794068308,Client actuel,45,M,4,Non connu,Non connu,$40K - $60K,Gold,39,1,2,1684,73,0.07,0,0,0,0,1,1,Faible
824812983,Client actuel,42,M,3,Non connu,Célibataire,$60K - $80K,Blue,38,1,1,1397,86,0.221,0,0,0,0,0,0,Faible
713396358,Client actuel,32,F,1,Licence,Célibataire,Non connu,Blue,13,1,3,816,71,0.229,0,0,0,0,0,0,Faible
785500533,Client actuel,53,F,4,Non connu,Marié(e),Moins de $40K,Blue,47,2,2,2085,66,0.763,0,0,0,0,0,0,Faible
712138008,Client actuel,52,F,2,Licence,Marié(e),$40K - $60K,Blue,36,3,1,1663,70,0.694,0,0,0,0,0,0,Faible
709279608,Client actuel,45,M,4,Lycée (équivalent baccalauréat),Marié(e),$80K - $120K,Blue,35,2,3,2277,71,0.231,0,0,0,0,0,0,Faible
788771733,Client actuel,49,M,4,Lycée (équivalent baccalauréat),Célibataire,$60K - $80K,Blue,30,3,3,900,70,0.57,0,0,0,0,0,0,Faible
770717883,Client actuel,42,F,2,Niveau Bac+2,Marié(e),$40K - $60K,Blue,28,2,1,0,67,0.0,0,0,1,0,1,2,Modéré
716919633,Client actuel,58,F,1,Sans diplôme,Non connu,$40K - $60K,Blue,39,1,1,0,73,0.0,0,0,1,0,1,2,Modéré
720099708,Client actuel,51,F,4,Non connu,Célibataire,Moins de $40K,Blue,43,3,2,2517,68,0.806,0,0,0,0,0,0,Faible
711004533,Client actuel,44,F,2,Licence,Célibataire,Moins de $40K,Blue,26,3,1,1664,80,0.743,0,0,0,0,0,0,Faible
709482633,Client actuel,43,F,4,Sans diplôme,Marié(e),$40K - $60K,Blue,31,1,3,882,84,0.497,0,0,0,0,0,0,Faible
717381183,Client actuel,27,F,0,Licence,Marié(e),Moins de $40K,Blue,36,2,2,752,57,0.449,0,0,0,0,0,0,Faible
719716983,Client actuel,46,F,4,Licence,Marié(e),Non connu,Blue,39,3,3,0,85,0.0,0,0,1,0,1,2,Modéré
711117108,Client actuel,48,F,3,Lycée (équivalent baccalauréat),Marié(e),Non connu,Silver,36,2,3,1718,61,0.053,0,0,0,0,1,1,Faible
780567408,Client actuel,47,F,3,Licence,Divorcé(e),Moins de $40K,Blue,38,1,2,1671,77,0.552,0,0,0,0,0,0,Faible
778810083,Client actuel,45,F,3,Licence,Célibataire,Moins de $40K,Blue,35,3,3,0,58,0.0,0,0,1,0,1,2,Modéré
778696608,Client actuel,46,M,3,Licence,Divorcé(e),$40K - $60K,Blue,27,2,3,2297,73,0.21,0,0,0,0,0,0,Faible
771469758,Client actuel,55,M,3,Licence,Célibataire,$120K +,Blue,43,1,3,0,66,0.0,0,0,1,0,1,2,Modéré
714172158,Client actuel,51,F,0,Doctorat,Célibataire,$40K - $60K,Blue,36,2,1,1009,83,0.383,0,0,0,0,0,0,Faible
713713983,Client actuel,42,F,4,Licence,Célibataire,Moins de $40K,Blue,33,2,2,1952,94,0.673,0,0,0,0,0,0,Faible
787454133,Client actuel,40,M,2,Non connu,Divorcé(e),$120K +,Blue,26,2,3,0,82,0.0,0,0,1,0,1,2,Modéré
709597983,Client actuel,65,M,0,Doctorat,Divorcé(e),Moins de $40K,Blue,56,1,3,653,77,0.415,0,0,1,0,0,1,Faible
779885358,Client actuel,51,M,0,Niveau Bac+2,Célibataire,$120K +,Silver,35,1,2,2332,82,0.068,0,0,0,0,1,1,Faible
709938708,Client actuel,56,F,3,Sans diplôme,Marié(e),Non connu,Blue,47,1,2,1118,78,0.614,0,0,0,0,0,0,Faible
719620983,Client actuel,41,F,2,Non connu,Célibataire,Moins de $40K,Blue,29,3,0,1839,80,0.681,0,0,0,0,0,0,Faible
798280683,Client actuel,37,M,3,Master,Célibataire,$80K - $120K,Blue,31,3,3,1736,93,0.661,0,0,0,0,0,0,Faible
715265208,Client actuel,48,F,1,Lycée (équivalent baccalauréat),Célibataire,Moins de $40K,Blue,36,3,3,812,80,0.565,0,0,0,0,0,0,Faible
826069983,Client actuel,46,F,4,Licence,Célibataire,Non connu,Blue,42,0,3,1633,63,0.122,0,0,0,0,1,1,Faible
708890958,Client actuel,55,M,3,Licence,Célibataire,$120K +,Blue,42,3,2,2517,68,0.08,0,0,0,0,1,1,Faible
708818508,Client actuel,36,M,1,Non connu,Marié(e),Moins de $40K,Blue,26,2,2,2517,68,0.729,0,0,0,0,0,0,Faible
714965958,Client actuel,47,F,4,Master,Non connu,$40K - $60K,Blue,36,2,3,1800,83,0.812,0,0,0,0,0,0,Faible
716328558,Client actuel,46,M,2,Sans diplôme,Marié(e),$80K - $120K,Blue,38,5,2,0,83,0.0,1,0,1,0,1,3,Modéré
780747033,Client actuel,43,F,5,Licence,Marié(e),Non connu,Blue,34,1,3,808,66,0.257,0,0,0,0,0,0,Faible
713923233,Client actuel,46,M,3,Lycée (équivalent baccalauréat),Marié(e),$80K - $120K,Blue,36,3,3,2185,86,0.783,0,0,0,0,0,0,Faible
710962308,Client actuel,57,F,4,Lycée (équivalent baccalauréat),Célibataire,Non connu,Blue,36,6,3,834,88,0.19,1,0,0,0,0,1,Faible
713254983,Client actuel,62,M,0,Sans diplôme,Célibataire,$60K - $80K,Blue,50,2,2,656,70,0.046,0,0,1,0,1,2,Modéré
715964058,Client actuel,39,F,1,Lycée (équivalent baccalauréat),Célibataire,Moins de $40K,Blue,31,2,1,726,79,0.39,0,0,0,0,0,0,Faible
721461258,Client actuel,53,M,0,Lycée (équivalent baccalauréat),Marié(e),$40K - $60K,Blue,39,2,2,1671,88,0.581,0,0,0,0,0,0,Faible
717325158,Client actuel,46,F,5,Licence,Marié(e),$40K - $60K,Blue,33,1,1,883,63,0.614,0,0,0,0,0,0,Faible
825856083,Client actuel,39,M,1,Master,Célibataire,$40K - $60K,Blue,35,1,1,2121,70,0.809,0,0,0,0,0,0,Faible
713927283,Client actuel,39,F,1,Licence,Célibataire,Non connu,Blue,34,1,1,2517,87,0.873,0,0,0,0,0,0,Faible
711594858,Client actuel,44,F,1,Non connu,Célibataire,Moins de $40K,Blue,36,3,2,1297,70,0.442,0,0,0,0,0,0,Faible
720769533,Client actuel,65,M,0,Licence,Célibataire,$40K - $60K,Blue,36,0,1,682,63,0.474,0,0,0,0,0,0,Faible
715736283,Client actuel,55,F,4,Doctorat,Célibataire,Moins de $40K,Blue,44,1,1,0,98,0.0,0,0,1,0,1,2,Modéré
768949983,Client actuel,31,F,2,Non connu,Célibataire,Non connu,Blue,25,3,1,2495,83,0.759,0,0,0,0,0,0,Faible
798457833,Client actuel,46,F,3,Licence,Marié(e),Non connu,Blue,40,1,3,1087,71,0.302,0,0,0,0,0,0,Faible
789996783,Client actuel,36,F,3,Sans diplôme,Non connu,Non connu,Blue,28,3,2,2509,102,0.465,0,0,0,0,0,0,Faible
712220283,Client actuel,37,M,2,Licence,Non connu,$80K - $120K,Blue,28,2,3,0,63,0.0,0,0,1,0,1,2,Modéré
751150233,Client actuel,43,M,5,Licence,Célibataire,Moins de $40K,Blue,36,2,2,0,65,0.0,0,0,1,0,1,2,Modéré
715815783,Client actuel,46,M,3,Licence,Marié(e),$60K - $80K,Blue,29,2,2,0,85,0.0,0,0,1,0,1,2,Modéré
712599783,Client actuel,39,M,3,Sans diplôme,Célibataire,$80K - $120K,Blue,36,2,1,1585,82,0.126,0,0,0,0,1,1,Faible
719653308,Client actuel,49,F,3,Sans diplôme,Marié(e),Moins de $40K,Blue,40,2,2,796,71,0.132,0,0,0,0,1,1,Faible
708928908,Client actuel,39,F,1,Licence,Célibataire,Moins de $40K,Blue,23,3,3,0,74,0.0,0,0,1,0,1,2,Modéré
709780158,Client actuel,52,F,1,Licence,Célibataire,Non connu,Blue,35,4,2,1379,79,0.572,1,0,0,0,0,1,Faible
768675483,Client actuel,41,M,4,Niveau Bac+2,Divorcé(e),$60K - $80K,Blue,35,3,2,0,82,0.0,0,0,1,0,1,2,Modéré
714243408,Client actuel,46,F,2,Licence,Célibataire,Non connu,Blue,36,6,2,1359,73,0.666,1,0,0,0,0,1,Faible
713499408,Client actuel,49,M,1,Non connu,Marié(e),Moins de $40K,Blue,35,2,2,0,71,0.0,0,0,1,0,1,2,Modéré
719245983,Client actuel,46,F,4,Master,Marié(e),Non connu,Blue,38,3,2,955,73,0.069,0,0,0,0,1,1,Faible
810789708,Client actuel,38,F,1,Master,Célibataire,Moins de $40K,Blue,33,2,1,0,92,0.0,0,0,1,0,1,2,Modéré
710301858,Client actuel,49,F,5,Lycée (équivalent baccalauréat),Marié(e),Non connu,Silver,36,2,2,2019,72,0.058,0,0,0,0,1,1,Faible
718611333,Client actuel,55,M,3,Master,Marié(e),$80K - $120K,Blue,36,1,0,1979,91,0.309,0,0,0,0,0,0,Faible
787557258,Client actuel,52,F,4,Licence,Marié(e),Non connu,Blue,42,3,2,0,78,0.0,0,0,1,0,1,2,Modéré
711533058,Client actuel,42,F,2,Doctorat,Célibataire,$40K - $60K,Blue,29,2,3,2240,85,0.669,0,0,0,0,0,0,Faible
715805133,Client actuel,52,F,1,Lycée (équivalent baccalauréat),Célibataire,Moins de $40K,Blue,43,2,2,1581,81,0.584,0,0,0,0,0,0,Faible
708680583,Client actuel,53,F,1,Licence,Marié(e),$40K - $60K,Blue,36,1,2,1590,68,0.778,0,0,0,0,0,0,Faible
789454683,Client actuel,45,F,3,Lycée (équivalent baccalauréat),Célibataire,$40K - $60K,Blue,36,2,2,1281,79,0.67,0,0,0,0,0,0,Faible
711428733,Client actuel,50,F,3,Master,Divorcé(e),$40K - $60K,Blue,39,2,2,1339,64,0.442,0,0,0,0,0,0,Faible
715842183,Client actuel,42,F,5,Lycée (équivalent baccalauréat),Marié(e),Moins de $40K,Blue,35,4,3,745,69,0.492,1,0,0,0,0,1,Faible
815772333,Client actuel,48,F,2,Non connu,Célibataire,Moins de $40K,Blue,43,3,3,0,89,0.0,0,0,1,0,1,2,Modéré
778255083,Client actuel,52,F,1,Sans diplôme,Marié(e),Moins de $40K,Blue,42,3,3,2517,80,0.811,0,0,0,0,0,0,Faible
715571583,Client actuel,57,F,2,Doctorat,Divorcé(e),Moins de $40K,Blue,47,1,2,1915,86,0.765,0,0,0,0,0,0,Faible
827436483,Client actuel,48,M,1,Licence,Marié(e),$80K - $120K,Blue,44,1,3,0,72,0.0,0,0,1,0,1,2,Modéré
710715783,Client actuel,52,F,1,Sans diplôme,Célibataire,Moins de $40K,Blue,45,2,3,0,75,0.0,0,0,1,0,1,2,Modéré
758367933,Client actuel,56,M,2,Sans diplôme,Célibataire,$80K - $120K,Blue,49,3,2,0,79,0.0,0,0,1,0,1,2,Modéré
721399833,Client actuel,43,F,2,Lycée (équivalent baccalauréat),Marié(e),$40K - $60K,Blue,34,1,3,1008,86,0.496,0,0,0,0,0,0,Faible
708727983,Client actuel,62,M,0,Sans diplôme,Célibataire,$60K - $80K,Blue,36,1,3,0,54,0.0,0,0,1,0,1,2,Modéré
802822833,Client actuel,51,M,3,Sans diplôme,Non connu,$80K - $120K,Blue,45,2,2,0,76,0.0,0,0,1,0,1,2,Modéré
713276733,Client actuel,45,F,4,Licence,Célibataire,Moins de $40K,Blue,36,1,3,2107,90,0.592,0,0,0,0,0,0,Faible
716959833,Client actuel,45,M,3,Licence,Célibataire,$120K +,Blue,31,2,2,0,66,0.0,0,0,1,0,1,2,Modéré
714432108,Client actuel,56,F,3,Sans diplôme,Marié(e),$40K - $60K,Blue,46,3,3,1892,76,0.788,0,0,0,0,0,0,Faible
772580958,Client actuel,57,F,2,Sans diplôme,Marié(e),Non connu,Blue,47,2,2,2138,80,0.682,0,0,0,0,0,0,Faible
715071483,Client actuel,60,F,1,Sans diplôme,Divorcé(e),$40K - $60K,Blue,52,2,3,2517,81,0.898,0,0,0,0,0,0,Faible
712410858,Client actuel,50,F,4,Sans diplôme,Marié(e),Non connu,Blue,40,1,3,1336,65,0.577,0,0,0,0,0,0,Faible
715395933,Client actuel,44,F,3,Niveau Bac+2,Non connu,Non connu,Blue,35,2,2,2336,70,0.208,0,0,0,0,0,0,Faible
781337658,Client actuel,50,F,1,Licence,Marié(e),Moins de $40K,Blue,44,1,2,1612,85,0.62,0,0,0,0,0,0,Faible
715784808,Client actuel,57,F,4,Master,Célibataire,$40K - $60K,Blue,48,2,1,1678,86,0.651,0,0,0,0,0,0,Faible
709375158,Client actuel,29,F,1,Non connu,Non connu,Non connu,Blue,36,3,2,1835,69,0.252,0,0,0,0,0,0,Faible
801977733,Client actuel,40,F,2,Lycée (équivalent baccalauréat),Célibataire,Moins de $40K,Blue,34,2,2,1437,82,0.6,0,0,0,0,0,0,Faible
709175208,Client actuel,50,F,4,Sans diplôme,Célibataire,Moins de $40K,Blue,43,3,2,2292,79,0.808,0,0,0,0,0,0,Faible
788990508,Client actuel,62,F,0,Non connu,Célibataire,$40K - $60K,Blue,49,1,1,796,56,0.517,0,0,0,0,0,0,Faible
720835308,Client actuel,49,F,2,Sans diplôme,Marié(e),Non connu,Blue,34,1,3,0,72,0.0,0,0,1,0,1,2,Modéré
717365958,Client actuel,50,F,1,Licence,Marié(e),Moins de $40K,Blue,36,2,3,0,71,0.0,0,0,1,0,1,2,Modéré
779577108,Client actuel,49,F,1,Doctorat,Célibataire,$40K - $60K,Blue,32,3,2,0,65,0.0,0,0,1,0,1,2,Modéré
801497508,Client actuel,56,F,1,Licence,Marié(e),Moins de $40K,Blue,50,3,2,1311,73,0.828,0,0,0,0,0,0,Faible
716131083,Client actuel,47,M,2,Licence,Célibataire,$40K - $60K,Blue,35,1,3,2157,69,0.806,0,0,0,0,0,0,Faible
784734258,Client actuel,56,F,2,Non connu,Divorcé(e),$40K - $60K,Blue,50,2,2,1683,55,0.331,0,0,0,0,0,0,Faible
779508333,Client actuel,63,M,0,Non connu,Non connu,$60K - $80K,Blue,46,2,2,1494,55,0.062,0,0,0,0,1,1,Faible
717699408,Client actuel,51,F,3,Licence,Marié(e),Non connu,Blue,36,3,3,2517,89,0.872,0,0,0,0,0,0,Faible
720210483,Client actuel,43,F,3,Lycée (équivalent baccalauréat),Non connu,Non connu,Blue,28,2,3,2143,85,0.319,0,0,0,0,0,0,Faible
709329558,Client actuel,49,F,4,Lycée (équivalent baccalauréat),Célibataire,Moins de $40K,Gold,34,3,2,1554,73,0.1,0,0,0,0,1,1,Faible
721222833,Client actuel,51,F,3,Licence,Marié(e),$40K - $60K,Blue,36,3,3,944,73,0.603,0,0,0,0,0,0,Faible
712682583,Client actuel,44,M,5,Lycée (équivalent baccalauréat),Célibataire,$60K - $80K,Blue,35,2,2,995,90,0.167,0,0,0,0,0,0,Faible
710051658,Client actuel,46,M,3,Licence,Marié(e),$60K - $80K,Blue,37,3,3,774,75,0.041,0,0,0,0,1,1,Faible
710862258,Client actuel,41,F,2,Sans diplôme,Marié(e),Moins de $40K,Blue,36,2,2,0,73,0.0,0,0,1,0,1,2,Modéré
720072933,Client actuel,49,F,4,Licence,Marié(e),Moins de $40K,Blue,36,3,3,666,90,0.463,0,0,1,0,0,1,Faible
757527033,Client actuel,53,F,2,Niveau Bac+2,Célibataire,Moins de $40K,Blue,46,5,2,0,69,0.0,1,0,1,0,1,3,Modéré
816078708,Client actuel,45,M,3,Non connu,Célibataire,$40K - $60K,Blue,40,4,3,1952,61,0.345,1,0,0,0,0,1,Faible
713985183,Client actuel,46,F,5,Licence,Célibataire,Moins de $40K,Blue,38,5,2,2412,91,0.862,1,0,0,0,0,1,Faible
789601308,Client actuel,58,M,3,Non connu,Marié(e),$120K +,Blue,52,5,3,0,93,0.0,1,0,1,0,1,3,Modéré
720133908,Client actuel,41,M,2,Master,Célibataire,$40K - $60K,Blue,27,1,3,900,77,0.202,0,0,0,0,0,0,Faible
803197833,Client actuel,49,F,1,Master,Divorcé(e),$40K - $60K,Blue,44,5,2,1871,69,0.72,1,0,0,0,0,1,Faible
812222208,Client actuel,54,F,3,Sans diplôme,Célibataire,Non connu,Blue,49,4,3,863,71,0.089,1,0,0,0,1,2,Modéré
757634583,Client actuel,52,F,2,Licence,Marié(e),Moins de $40K,Blue,45,3,1,1127,68,0.498,0,0,0,0,0,0,Faible
719362458,Client actuel,47,F,3,Lycée (équivalent baccalauréat),Marié(e),Moins de $40K,Blue,36,3,3,0,74,0.0,0,0,1,0,1,2,Modéré
789331908,Client actuel,40,F,3,Lycée (équivalent baccalauréat),Non connu,Moins de $40K,Blue,30,2,2,918,64,0.104,0,0,0,0,1,1,Faible
715616358,Client actuel,53,F,0,Licence,Marié(e),Non connu,Blue,36,4,3,1162,67,0.199,1,0,0,0,0,1,Faible
711784908,Client actuel,46,F,4,Lycée (équivalent baccalauréat),Célibataire,Moins de $40K,Blue,34,5,2,2517,86,0.758,1,0,0,0,0,1,Faible
806900508,Client actuel,53,F,1,Lycée (équivalent baccalauréat),Marié(e),Moins de $40K,Blue,48,3,3,1716,75,0.843,0,0,0,0,0,0,Faible
710098233,Client actuel,28,F,0,Non connu,Célibataire,Moins de $40K,Blue,13,2,2,0,66,0.0,0,0,1,0,1,2,Modéré
713508333,Client actuel,43,F,4,Niveau Bac+2,Non connu,Moins de $40K,Blue,33,4,3,1216,85,0.645,1,0,0,0,0,1,Faible
712176708,Client actuel,51,F,3,Sans diplôme,Célibataire,Moins de $40K,Blue,36,3,3,2268,87,0.605,0,0,0,0,0,0,Faible
719724933,Client actuel,58,F,1,Sans diplôme,Marié(e),Moins de $40K,Blue,51,4,2,1240,78,0.559,1,0,0,0,0,1,Faible
716537433,Client actuel,50,F,2,Niveau Bac+2,Marié(e),$40K - $60K,Blue,36,4,1,2005,68,0.826,1,0,0,0,0,1,Faible
787558683,Client actuel,45,F,4,Master,Célibataire,$40K - $60K,Blue,35,5,2,621,74,0.336,1,0,1,0,0,2,Modéré
718002633,Client actuel,48,F,2,Licence,Marié(e),$40K - $60K,Silver,41,3,1,2076,52,0.13,0,0,0,0,1,1,Faible
713941158,Client actuel,47,F,1,Lycée (équivalent baccalauréat),Non connu,Moins de $40K,Blue,36,5,1,2517,81,0.482,1,0,0,0,0,1,Faible
808950108,Client actuel,39,F,2,Licence,Marié(e),Moins de $40K,Blue,34,5,2,859,72,0.597,1,0,0,0,0,1,Faible
719050458,Client actuel,62,F,0,Non connu,Célibataire,Moins de $40K,Blue,56,3,3,1528,67,0.592,0,0,0,0,0,0,Faible
718021608,Client actuel,45,F,3,Licence,Marié(e),$40K - $60K,Blue,34,5,2,728,83,0.475,1,0,0,0,0,1,Faible
788870283,Client actuel,56,F,3,Licence,Marié(e),Moins de $40K,Blue,41,4,1,0,72,0.0,1,0,1,0,1,3,Modéré
720079758,Client actuel,46,F,3,Sans diplôme,Célibataire,Non connu,Blue,42,4,2,1431,82,0.749,1,0,0,0,0,1,Faible
787457883,Client actuel,51,F,0,Non connu,Marié(e),Moins de $40K,Blue,37,3,2,996,89,0.657,0,0,0,0,0,0,Faible
719884983,Client actuel,52,M,2,Licence,Célibataire,$40K - $60K,Blue,44,4,2,666,64,0.433,1,0,1,0,0,2,Modéré
822056583,Client actuel,44,F,4,Licence,Célibataire,$40K - $60K,Blue,40,5,3,874,80,0.556,1,0,0,0,0,1,Faible
714585033,Client actuel,41,F,4,Sans diplôme,Marié(e),Moins de $40K,Blue,36,5,1,1055,78,0.734,1,0,0,0,0,1,Faible
713981283,Client actuel,52,F,3,Licence,Marié(e),Moins de $40K,Blue,46,5,3,2162,88,0.768,1,0,0,0,0,1,Faible
748194633,Client actuel,60,F,1,Licence,Divorcé(e),Moins de $40K,Blue,53,5,3,1251,76,0.431,1,0,0,0,0,1,Faible
719323683,Client actuel,47,F,3,Sans diplôme,Célibataire,$40K - $60K,Blue,35,5,2,1028,77,0.226,1,0,0,0,0,1,Faible
708611733,Client actuel,42,F,1,Niveau Bac+2,Marié(e),Non connu,Blue,33,4,3,1328,82,0.426,1,0,0,0,0,1,Faible
771219033,Client actuel,42,M,1,Sans diplôme,Non connu,$80K - $120K,Blue,29,3,3,1979,73,0.113,0,0,0,0,1,1,Faible
708086958,Client actuel,49,F,2,Sans diplôme,Marié(e),Non connu,Blue,41,5,2,749,59,0.239,1,0,0,0,0,1,Faible
719350908,Client actuel,43,M,4,Non connu,Non connu,Moins de $40K,Blue,35,3,2,2094,66,0.501,0,0,0,0,0,0,Faible
714124983,Client actuel,57,M,2,Non connu,Célibataire,$80K - $120K,Blue,48,4,3,1044,66,0.078,1,0,0,0,1,2,Modéré
718031508,Client actuel,45,M,4,Niveau Bac+2,Divorcé(e),$80K - $120K,Blue,37,5,1,0,76,0.0,1,0,1,0,1,3,Modéré
709732608,Client actuel,41,F,3,Licence,Marié(e),Moins de $40K,Blue,36,3,3,2366,82,0.739,0,0,0,0,0,0,Faible
716369208,Client actuel,44,F,3,Licence,Marié(e),Moins de $40K,Blue,36,5,3,1223,82,0.505,1,0,0,0,0,1,Faible
781143933,Client actuel,43,F,3,Lycée (équivalent baccalauréat),Célibataire,Moins de $40K,Blue,36,3,3,1325,76,0.573,0,0,0,0,0,0,Faible
711337158,Client actuel,56,M,2,Licence,Marié(e),$40K - $60K,Blue,49,5,3,2387,81,0.78,1,0,0,0,0,1,Faible
714724908,Client actuel,41,F,1,Sans diplôme,Marié(e),$40K - $60K,Blue,36,4,1,1688,79,0.755,1,0,0,0,0,1,Faible
719973033,Client actuel,49,F,1,Non connu,Marié(e),Moins de $40K,Blue,37,5,2,0,86,0.0,1,0,1,0,1,3,Modéré
714196008,Client actuel,43,M,2,Licence,Non connu,$60K - $80K,Blue,25,3,1,0,79,0.0,0,0,1,0,1,2,Modéré
780272208,Client actuel,39,F,1,Licence,Non connu,Moins de $40K,Blue,25,2,3,1197,69,0.597,0,0,0,0,0,0,Faible
717849708,Client actuel,46,M,4,Non connu,Divorcé(e),$60K - $80K,Blue,32,3,3,738,87,0.513,0,0,0,0,0,0,Faible
712437108,Client actuel,49,M,3,Non connu,Marié(e),$80K - $120K,Blue,42,3,1,0,89,0.0,0,0,1,0,1,2,Modéré
767802483,Client actuel,44,M,4,Niveau Bac+2,Célibataire,$60K - $80K,Blue,38,3,3,969,71,0.194,0,0,0,0,0,0,Faible
714343608,Client actuel,56,F,0,Non connu,Célibataire,Moins de $40K,Blue,36,4,2,0,90,0.0,1,0,1,0,1,3,Modéré
709668408,Client actuel,56,F,1,Licence,Non connu,$40K - $60K,Blue,36,4,1,0,82,0.0,1,0,1,0,1,3,Modéré
712753758,Client actuel,57,F,1,Lycée (équivalent baccalauréat),Célibataire,Moins de $40K,Blue,41,4,3,1699,75,0.696,1,0,0,0,0,1,Faible
807722658,Client actuel,51,F,2,Licence,Célibataire,Moins de $40K,Blue,46,3,3,1250,99,0.515,0,0,0,0,0,0,Faible
826808208,Client actuel,60,F,0,Lycée (équivalent baccalauréat),Célibataire,$40K - $60K,Blue,56,5,2,829,84,0.375,1,0,0,0,0,1,Faible
757224108,Client actuel,43,F,4,Licence,Marié(e),Moins de $40K,Blue,32,3,1,1117,67,0.426,0,0,0,0,0,0,Faible
816091608,Client actuel,37,F,1,Niveau Bac+2,Célibataire,$40K - $60K,Blue,32,2,3,0,73,0.0,0,0,1,0,1,2,Modéré
819684183,Client actuel,46,F,3,Licence,Célibataire,$40K - $60K,Blue,41,5,3,1546,53,0.443,1,0,0,0,0,1,Faible
721282908,Client actuel,44,F,4,Licence,Marié(e),$40K - $60K,Blue,29,1,2,0,60,0.0,0,0,1,0,1,2,Modéré
820848408,Client actuel,52,F,4,Sans diplôme,Divorcé(e),Non connu,Blue,48,5,2,771,74,0.536,1,0,0,0,0,1,Faible
710888883,Client actuel,37,F,3,Lycée (équivalent baccalauréat),Non connu,Moins de $40K,Blue,36,4,2,636,83,0.442,1,0,1,0,0,2,Modéré
711338058,Client actuel,45,F,1,Non connu,Marié(e),Moins de $40K,Blue,33,3,2,1201,86,0.835,0,0,0,0,0,0,Faible
721317333,Client actuel,40,F,4,Master,Célibataire,$40K - $60K,Blue,31,2,1,1828,75,0.767,0,0,0,0,0,0,Faible
711350133,Client actuel,51,M,2,Licence,Marié(e),$80K - $120K,Blue,34,4,1,2374,88,0.175,1,0,0,0,0,1,Faible
803606958,Client actuel,57,F,3,Licence,Célibataire,Moins de $40K,Blue,52,5,0,0,73,0.0,1,0,1,0,1,3,Modéré
721039308,Client actuel,40,M,4,Sans diplôme,Célibataire,$80K - $120K,Blue,36,3,2,850,71,0.026,0,0,0,0,1,1,Faible
713440833,Client actuel,61,F,0,Licence,Célibataire,Moins de $40K,Blue,36,3,3,2020,84,0.915,0,0,0,0,0,0,Faible
780814158,Client actuel,57,F,3,Lycée (équivalent baccalauréat),Non connu,Moins de $40K,Blue,39,4,2,992,81,0.357,1,0,0,0,0,1,Faible
714368883,Client actuel,50,F,3,Licence,Célibataire,Moins de $40K,Blue,36,5,2,1156,73,0.152,1,0,0,0,1,2,Modéré
788797983,Client actuel,42,F,3,Sans diplôme,Marié(e),Non connu,Blue,24,1,3,2025,85,0.443,0,0,0,0,0,0,Faible
720642633,Client actuel,43,F,4,Licence,Célibataire,$40K - $60K,Blue,24,1,1,1686,65,0.26,0,0,0,0,0,0,Faible
819351258,Client actuel,42,F,3,Niveau Bac+2,Marié(e),Moins de $40K,Blue,37,4,2,1693,86,0.756,1,0,0,0,0,1,Faible
715212108,Client actuel,41,F,2,Niveau Bac+2,Marié(e),Moins de $40K,Blue,36,5,1,0,84,0.0,1,0,1,0,1,3,Modéré
720046458,Client actuel,50,F,0,Lycée (équivalent baccalauréat),Célibataire,Moins de $40K,Blue,43,4,2,1944,65,0.728,1,0,0,0,0,1,Faible
779942808,Client actuel,42,F,3,Licence,Célibataire,Moins de $40K,Blue,28,2,1,0,74,0.0,0,0,1,0,1,2,Modéré
713709258,Client actuel,43,M,3,Master,Célibataire,$40K - $60K,Blue,32,3,2,1369,88,0.639,0,0,0,0,0,0,Faible
779961408,Client actuel,58,F,1,Sans diplôme,Célibataire,Moins de $40K,Blue,43,4,2,1446,74,0.428,1,0,0,0,0,1,Faible
798699033,Client actuel,52,F,2,Licence,Célibataire,Non connu,Blue,46,3,3,1382,80,0.154,0,0,0,0,1,1,Faible
754968033,Client actuel,40,F,4,Lycée (équivalent baccalauréat),Marié(e),Moins de $40K,Blue,33,5,3,1224,87,0.695,1,0,0,0,0,1,Faible
710163633,Client actuel,41,F,4,Licence,Divorcé(e),$40K - $60K,Blue,36,3,2,867,92,0.452,0,0,0,0,0,0,Faible
781675983,Client actuel,59,F,0,Licence,Marié(e),Moins de $40K,Blue,53,5,1,2517,84,0.824,1,0,0,0,0,1,Faible
720418383,Client actuel,45,F,3,Non connu,Célibataire,Non connu,Blue,27,1,2,0,80,0.0,0,0,1,0,1,2,Modéré
778486008,Client actuel,52,F,3,Lycée (équivalent baccalauréat),Marié(e),Moins de $40K,Blue,40,4,1,2235,62,0.529,1,0,0,0,0,1,Faible
716756133,Client actuel,43,F,2,Licence,Divorcé(e),Moins de $40K,Blue,33,3,2,1237,80,0.511,0,0,0,0,0,0,Faible
711363258,Client actuel,49,F,1,Master,Marié(e),Non connu,Blue,39,3,1,0,77,0.0,0,0,1,0,1,2,Modéré
708551508,Client actuel,51,F,2,Niveau Bac+2,Célibataire,Moins de $40K,Blue,37,4,2,2508,78,0.768,1,0,0,0,0,1,Faible
715019883,Client actuel,52,M,3,Niveau Bac+2,Marié(e),$60K - $80K,Blue,42,3,1,1258,67,0.276,0,0,0,0,0,0,Faible
711125358,Client actuel,45,F,3,Licence,Célibataire,$40K - $60K,Blue,39,4,0,1694,72,0.96,1,0,0,0,0,1,Faible
708453408,Client actuel,40,M,4,Niveau Bac+2,Divorcé(e),$80K - $120K,Blue,31,2,3,0,62,0.0,0,0,1,0,1,2,Modéré
716370258,Client actuel,49,F,3,Licence,Célibataire,Moins de $40K,Blue,36,3,3,1067,66,0.488,0,0,0,0,0,0,Faible
803880108,Client actuel,47,F,3,Lycée (équivalent baccalauréat),Célibataire,$40K - $60K,Blue,41,5,3,1355,58,0.787,1,0,0,0,0,1,Faible
709822008,Client actuel,42,F,3,Non connu,Divorcé(e),Non connu,Blue,31,3,2,1019,66,0.43,0,0,0,0,0,0,Faible
716411358,Client actuel,43,F,3,Sans diplôme,Célibataire,Moins de $40K,Blue,36,5,3,0,78,0.0,1,0,1,0,1,3,Modéré
717524433,Client actuel,52,F,2,Niveau Bac+2,Marié(e),$40K - $60K,Blue,40,3,1,0,92,0.0,0,0,1,0,1,2,Modéré
721011858,Client actuel,63,M,1,Licence,Non connu,Moins de $40K,Blue,52,3,3,0,78,0.0,0,0,1,0,1,2,Modéré
719734533,Client actuel,40,F,4,Licence,Marié(e),Moins de $40K,Blue,28,2,2,689,65,0.479,0,0,0,0,0,0,Faible
712285908,Client actuel,60,F,1,Lycée (équivalent baccalauréat),Célibataire,Moins de $40K,Blue,49,4,1,1925,73,0.776,1,0,0,0,0,1,Faible
713675658,Client actuel,36,F,1,Lycée (équivalent baccalauréat),Célibataire,Non connu,Blue,22,3,2,848,85,0.086,0,0,0,0,1,1,Faible
712869783,Client actuel,56,F,3,Licence,Célibataire,Moins de $40K,Blue,36,5,2,0,79,0.0,1,0,1,0,1,3,Modéré
708545058,Client actuel,45,F,2,Licence,Célibataire,$40K - $60K,Blue,36,4,3,986,81,0.686,1,0,0,0,0,1,Faible
817240833,Client actuel,51,F,2,Licence,Célibataire,Moins de $40K,Blue,36,3,1,1591,78,0.32,0,0,0,0,0,0,Faible
719815383,Client actuel,49,F,4,Doctorat,Marié(e),Non connu,Blue,39,4,1,1414,89,0.606,1,0,0,0,0,1,Faible
806652483,Client actuel,41,F,2,Lycée (équivalent baccalauréat),Célibataire,$40K - $60K,Blue,36,5,3,1169,67,0.749,1,0,0,0,0,1,Faible
717765183,Client actuel,55,F,1,Non connu,Célibataire,Non connu,Blue,42,5,3,0,72,0.0,1,0,1,0,1,3,Modéré
779041983,Client actuel,41,M,5,Lycée (équivalent baccalauréat),Célibataire,$40K - $60K,Blue,22,2,2,0,81,0.0,0,0,1,0,1,2,Modéré
709868433,Client actuel,43,F,4,Non connu,Célibataire,Moins de $40K,Blue,33,3,1,2217,69,0.878,0,0,0,0,0,0,Faible
717395733,Client actuel,42,F,3,Doctorat,Marié(e),$40K - $60K,Blue,36,4,3,688,81,0.166,1,0,0,0,0,1,Faible
801516183,Client actuel,52,F,4,Licence,Célibataire,Moins de $40K,Blue,46,3,3,2215,90,0.686,0,0,0,0,0,0,Faible
716231133,Client actuel,40,F,4,Licence,Marié(e),Moins de $40K,Blue,36,5,1,1286,52,0.815,1,0,0,0,0,1,Faible
779625858,Client actuel,37,F,2,Non connu,Célibataire,Moins de $40K,Blue,27,1,3,2517,89,0.822,0,0,0,0,0,0,Faible
709575858,Client actuel,53,M,4,Licence,Célibataire,$40K - $60K,Blue,36,5,3,0,79,0.0,1,0,1,0,1,3,Modéré
720927183,Client actuel,56,F,4,Licence,Marié(e),Moins de $40K,Blue,36,5,2,0,81,0.0,1,0,1,0,1,3,Modéré
772198983,Client actuel,53,F,2,Licence,Marié(e),$40K - $60K,Blue,42,5,1,1649,89,0.545,1,0,0,0,0,1,Faible
721122258,Client actuel,38,F,3,Sans diplôme,Marié(e),$40K - $60K,Blue,36,5,3,1030,62,0.195,1,0,0,0,0,1,Faible
758875908,Client actuel,40,F,4,Non connu,Célibataire,Moins de $40K,Blue,33,4,3,1811,81,0.922,1,0,0,0,0,1,Faible
716501133,Client actuel,36,F,2,Licence,Célibataire,Moins de $40K,Blue,36,4,0,1154,79,0.563,1,0,0,0,0,1,Faible
719250783,Client actuel,41,F,1,Lycée (équivalent baccalauréat),Célibataire,Moins de $40K,Blue,31,2,1,0,68,0.0,0,0,1,0,1,2,Modéré
789179583,Client actuel,28,F,1,Niveau Bac+2,Divorcé(e),Non connu,Blue,17,3,2,1488,87,0.125,0,0,0,0,1,1,Faible
708254733,Client actuel,41,F,4,Master,Célibataire,Moins de $40K,Blue,36,4,1,1873,85,0.631,1,0,0,0,0,1,Faible
719758758,Client actuel,42,F,3,Licence,Marié(e),Moins de $40K,Blue,23,2,3,1943,66,0.695,0,0,0,0,0,0,Faible
805458933,Client actuel,39,F,2,Licence,Célibataire,$40K - $60K,Blue,34,4,2,632,83,0.045,1,0,1,0,1,3,Modéré
720408708,Client actuel,49,F,2,Sans diplôme,Marié(e),Moins de $40K,Blue,36,4,1,0,61,0.0,1,0,1,0,1,3,Modéré
788911458,Client actuel,40,F,4,Niveau Bac+2,Marié(e),Moins de $40K,Blue,26,1,1,0,69,0.0,0,0,1,0,1,2,Modéré
771862308,Client actuel,50,M,1,Niveau Bac+2,Célibataire,$80K - $120K,Blue,39,3,2,2007,87,0.343,0,0,0,0,0,0,Faible
714616308,Client actuel,44,F,4,Sans diplôme,Divorcé(e),Moins de $40K,Blue,38,4,1,1774,67,0.247,1,0,0,0,0,1,Faible
721221783,Client actuel,62,M,2,Licence,Célibataire,Moins de $40K,Blue,48,3,2,2013,65,0.344,0,0,0,0,0,0,Faible
771918033,Client actuel,54,M,4,Licence,Célibataire,$80K - $120K,Blue,43,4,3,1256,83,0.153,1,0,0,0,1,2,Modéré
711777633,Client actuel,41,M,3,Licence,Divorcé(e),$60K - $80K,Blue,27,2,2,0,80,0.0,0,0,1,0,1,2,Modéré
788519958,Client actuel,57,F,2,Licence,Célibataire,Moins de $40K,Blue,50,5,2,876,62,0.609,1,0,0,0,0,1,Faible
768412608,Client actuel,39,F,1,Licence,Célibataire,$40K - $60K,Blue,33,3,2,1258,79,0.558,0,0,0,0,0,0,Faible
709972908,Client actuel,38,F,2,Licence,Célibataire,Moins de $40K,Blue,25,1,2,1059,70,0.107,0,0,0,0,1,1,Faible
713029683,Client actuel,64,M,0,Licence,Célibataire,Moins de $40K,Blue,36,4,1,468,82,0.25,1,0,1,0,0,2,Modéré
711685758,Client actuel,60,F,1,Licence,Célibataire,$40K - $60K,Blue,42,2,1,1151,101,0.345,0,0,0,0,0,0,Faible
714528258,Client actuel,46,M,2,Licence,Divorcé(e),$60K - $80K,Blue,39,1,1,870,75,0.264,0,0,0,0,0,0,Faible
818930808,Client actuel,36,F,2,Sans diplôme,Marié(e),Moins de $40K,Blue,31,2,1,1798,70,0.653,0,0,0,0,0,0,Faible
713310558,Client actuel,47,F,2,Licence,Marié(e),$40K - $60K,Blue,28,2,2,1620,74,0.796,0,0,0,0,0,0,Faible
719995008,Client actuel,44,F,4,Licence,Marié(e),Non connu,Blue,36,2,2,780,69,0.196,0,0,0,0,0,0,Faible
811713408,Client actuel,58,F,2,Lycée (équivalent baccalauréat),Marié(e),$40K - $60K,Blue,53,2,3,1249,81,0.473,0,0,0,0,0,0,Faible
708822783,Client actuel,53,F,2,Lycée (équivalent baccalauréat),Célibataire,Moins de $40K,Blue,36,3,1,2517,77,0.847,0,0,0,0,0,0,Faible
771869508,Client actuel,51,F,2,Sans diplôme,Marié(e),Moins de $40K,Blue,40,3,3,831,81,0.516,0,0,0,0,0,0,Faible
804413508,Client actuel,41,M,1,Lycée (équivalent baccalauréat),Célibataire,$80K - $120K,Blue,36,2,3,1638,90,0.136,0,0,0,0,1,1,Faible
815756058,Client actuel,54,F,1,Licence,Célibataire,Moins de $40K,Blue,49,2,2,2266,72,0.773,0,0,0,0,0,0,Faible
712278108,Client actuel,46,F,2,Non connu,Marié(e),$40K - $60K,Blue,38,3,1,1112,67,0.566,0,0,0,0,0,0,Faible
784827108,Client actuel,39,F,1,Lycée (équivalent baccalauréat),Célibataire,Moins de $40K,Blue,33,3,2,1839,72,0.802,0,0,0,0,0,0,Faible
717862308,Client actuel,45,F,2,Niveau Bac+2,Divorcé(e),$40K - $60K,Blue,27,3,2,2384,78,0.822,0,0,0,0,0,0,Faible
716726058,Client actuel,48,F,3,Niveau Bac+2,Célibataire,Moins de $40K,Blue,30,1,1,1523,79,0.532,0,0,0,0,0,0,Faible
717405408,Client actuel,31,F,0,Master,Célibataire,Non connu,Blue,18,2,0,1911,82,0.486,0,0,0,0,0,0,Faible
718734408,Client actuel,57,F,2,Non connu,Célibataire,$40K - $60K,Blue,45,4,3,932,62,0.384,1,0,0,0,0,1,Faible
771666783,Client actuel,43,F,5,Niveau Bac+2,Marié(e),$40K - $60K,Blue,31,1,1,1136,68,0.214,0,0,0,0,0,0,Faible
789301458,Client actuel,41,F,4,Lycée (équivalent baccalauréat),Marié(e),Non connu,Blue,30,2,2,1620,78,0.177,0,0,0,0,0,0,Faible
772329183,Client actuel,48,M,5,Non connu,Marié(e),$40K - $60K,Blue,38,4,1,1081,78,0.207,1,0,0,0,0,1,Faible
713792583,Client actuel,52,F,2,Licence,Célibataire,Non connu,Blue,43,2,3,1356,76,0.131,0,0,0,0,1,1,Faible
770878458,Client actuel,27,F,1,Master,Marié(e),Moins de $40K,Blue,13,2,2,990,73,0.688,0,0,0,0,0,0,Faible
798308058,Client actuel,39,M,1,Licence,Célibataire,$40K - $60K,Blue,33,1,2,0,81,0.0,0,0,1,0,1,2,Modéré
709791333,Client actuel,40,F,3,Sans diplôme,Célibataire,Moins de $40K,Blue,36,1,3,1084,80,0.531,0,0,0,0,0,0,Faible
710090958,Client actuel,51,M,3,Niveau Bac+2,Marié(e),$80K - $120K,Blue,40,3,3,1232,71,0.668,0,0,0,0,0,0,Faible
772687983,Client actuel,53,M,3,Licence,Célibataire,$60K - $80K,Blue,43,3,3,1498,56,0.178,0,0,0,0,0,0,Faible
714707133,Client actuel,47,F,3,Sans diplôme,Marié(e),Moins de $40K,Blue,36,1,1,0,86,0.0,0,0,1,0,1,2,Modéré
720126033,Client actuel,42,M,4,Lycée (équivalent baccalauréat),Célibataire,$80K - $120K,Blue,28,3,3,1804,90,0.928,0,0,0,0,0,0,Faible
713995233,Client actuel,38,F,2,Lycée (équivalent baccalauréat),Marié(e),Moins de $40K,Blue,36,4,3,0,88,0.0,1,0,1,0,1,3,Modéré
715009833,Client actuel,51,F,1,Lycée (équivalent baccalauréat),Marié(e),Moins de $40K,Blue,36,4,2,1033,90,0.556,1,0,0,0,0,1,Faible
711497283,Client actuel,54,F,5,Non connu,Marié(e),Moins de $40K,Blue,36,6,1,1616,87,0.597,1,0,0,0,0,1,Faible
803418783,Client actuel,40,M,4,Licence,Marié(e),$60K - $80K,Blue,35,4,1,2185,87,0.219,1,0,0,0,0,1,Faible
814611633,Client actuel,47,F,2,Sans diplôme,Célibataire,Moins de $40K,Blue,42,1,2,2154,69,0.948,0,0,0,0,0,0,Faible
709411383,Client actuel,45,M,2,Sans diplôme,Non connu,$40K - $60K,Blue,37,4,1,1630,78,0.58,1,0,0,0,0,1,Faible
825753258,Client actuel,47,M,4,Sans diplôme,Marié(e),$60K - $80K,Blue,43,3,1,1525,81,0.234,0,0,0,0,0,0,Faible
715941633,Client actuel,50,F,0,Licence,Marié(e),Moins de $40K,Blue,36,3,3,0,69,0.0,0,0,1,0,1,2,Modéré
711583458,Client actuel,48,F,2,Niveau Bac+2,Marié(e),Moins de $40K,Blue,36,3,1,0,82,0.0,0,0,1,0,1,2,Modéré
714418983,Client actuel,43,M,5,Licence,Célibataire,$40K - $60K,Blue,33,2,1,0,80,0.0,0,0,1,0,1,2,Modéré
708699108,Client actuel,39,F,2,Lycée (équivalent baccalauréat),Célibataire,Moins de $40K,Blue,36,3,3,855,53,0.594,0,0,0,0,0,0,Faible
771749733,Client actuel,41,M,2,Licence,Célibataire,$40K - $60K,Silver,30,2,3,1081,81,0.061,0,0,0,0,1,1,Faible
715235808,Client actuel,47,F,3,Sans diplôme,Marié(e),Moins de $40K,Blue,36,3,2,1235,75,0.679,0,0,0,0,0,0,Faible
716666133,Client actuel,51,M,4,Licence,Célibataire,$120K +,Blue,39,4,1,0,70,0.0,1,0,1,0,1,3,Modéré
715356258,Client actuel,42,F,3,Non connu,Marié(e),Moins de $40K,Blue,36,2,1,1548,78,0.679,0,0,0,0,0,0,Faible
720389283,Client actuel,58,F,1,Non connu,Marié(e),Moins de $40K,Blue,46,3,3,1779,83,0.586,0,0,0,0,0,0,Faible
778131333,Client actuel,38,F,2,Licence,Marié(e),Moins de $40K,Blue,31,3,3,0,80,0.0,0,0,1,0,1,2,Modéré
708286683,Client actuel,57,M,2,Sans diplôme,Célibataire,$80K - $120K,Blue,43,3,1,1749,86,0.145,0,0,0,0,1,1,Faible
814195758,Client actuel,42,M,1,Licence,Célibataire,$60K - $80K,Blue,37,1,1,1210,78,0.466,0,0,0,0,0,0,Faible
717121758,Client actuel,58,F,0,Licence,Célibataire,Moins de $40K,Blue,36,3,1,2517,68,0.837,0,0,0,0,0,0,Faible
768720708,Client actuel,41,F,3,Lycée (équivalent baccalauréat),Marié(e),Moins de $40K,Blue,30,4,2,2327,84,0.709,1,0,0,0,0,1,Faible
718032483,Client actuel,33,F,4,Licence,Marié(e),Moins de $40K,Blue,16,3,2,611,89,0.425,0,0,1,0,0,1,Faible
809966058,Client actuel,48,F,2,Non connu,Marié(e),Moins de $40K,Blue,37,4,2,1860,81,0.656,1,0,0,0,0,1,Faible
711553308,Client actuel,60,M,1,Licence,Célibataire,$40K - $60K,Blue,48,1,3,750,88,0.521,0,0,0,0,0,0,Faible
708253458,Client actuel,59,F,1,Non connu,Célibataire,Non connu,Blue,48,2,3,1823,81,0.33,0,0,0,0,0,0,Faible
711276933,Client actuel,56,F,3,Licence,Marié(e),Moins de $40K,Blue,44,4,2,1262,84,0.622,1,0,0,0,0,1,Faible
718165758,Client actuel,41,F,1,Licence,Marié(e),$40K - $60K,Blue,32,3,1,1627,85,0.674,0,0,0,0,0,0,Faible
780089658,Client actuel,36,M,3,Non connu,Célibataire,$60K - $80K,Blue,21,2,3,1608,86,0.218,0,0,0,0,0,0,Faible
778712658,Client actuel,52,F,0,Sans diplôme,Marié(e),Moins de $40K,Blue,34,4,3,960,86,0.48,1,0,0,0,0,1,Faible
712514508,Client actuel,47,M,2,Non connu,Marié(e),$120K +,Blue,37,4,2,0,49,0.0,1,0,1,0,1,3,Modéré
710725383,Client actuel,42,M,3,Doctorat,Divorcé(e),$40K - $60K,Blue,36,2,1,0,66,0.0,0,0,1,0,1,2,Modéré
772601283,Client actuel,39,M,1,Master,Célibataire,$80K - $120K,Blue,29,2,2,1992,32,0.086,0,0,0,1,1,2,Modéré
716371308,Client actuel,40,M,2,Non connu,Célibataire,$40K - $60K,Blue,36,6,1,0,84,0.0,1,0,1,0,1,3,Modéré
718518858,Client actuel,50,F,3,Licence,Marié(e),$40K - $60K,Blue,39,3,3,1388,81,0.753,0,0,0,0,0,0,Faible
712579983,Client actuel,40,F,2,Licence,Célibataire,Non connu,Blue,30,2,3,0,59,0.0,0,0,1,0,1,2,Modéré
716511483,Client actuel,46,M,2,Licence,Marié(e),Moins de $40K,Blue,39,3,3,1400,54,0.295,0,0,0,0,0,0,Faible
716761308,Client actuel,37,F,4,Non connu,Célibataire,Moins de $40K,Blue,36,3,3,0,83,0.0,0,0,1,0,1,2,Modéré
710547783,Client actuel,57,F,2,Master,Célibataire,$40K - $60K,Blue,36,4,2,1629,82,0.341,1,0,0,0,0,1,Faible
772118583,Client actuel,43,F,1,Sans diplôme,Marié(e),Moins de $40K,Blue,32,2,2,1590,85,0.596,0,0,0,0,0,0,Faible
712154883,Client actuel,54,F,2,Niveau Bac+2,Marié(e),Moins de $40K,Blue,48,2,2,1745,72,0.706,0,0,0,0,0,0,Faible
793842558,Client actuel,39,F,3,Doctorat,Marié(e),Moins de $40K,Blue,33,4,2,1430,69,0.715,1,0,0,0,0,1,Faible
792695808,Client actuel,41,M,4,Lycée (équivalent baccalauréat),Marié(e),$120K +,Blue,35,4,2,1140,84,0.063,1,0,0,0,1,2,Modéré
798047583,Client actuel,45,F,4,Sans diplôme,Marié(e),Non connu,Blue,39,3,1,0,71,0.0,0,0,1,0,1,2,Modéré
719453283,Client actuel,45,F,2,Sans diplôme,Marié(e),Moins de $40K,Blue,36,4,3,1597,76,0.547,1,0,0,0,0,1,Faible
717637908,Client actuel,36,F,2,Niveau Bac+2,Non connu,Moins de $40K,Blue,23,3,3,971,96,0.505,0,0,0,0,0,0,Faible
708303108,Client actuel,50,F,2,Licence,Marié(e),Moins de $40K,Blue,42,3,0,1706,94,0.964,0,0,0,0,0,0,Faible
788876208,Client actuel,42,F,2,Licence,Célibataire,Moins de $40K,Blue,27,3,3,0,71,0.0,0,0,1,0,1,2,Modéré
772069683,Client actuel,59,M,0,Lycée (équivalent baccalauréat),Marié(e),$60K - $80K,Blue,48,1,3,1384,79,0.358,0,0,0,0,0,0,Faible
805453908,Client actuel,33,M,1,Lycée (équivalent baccalauréat),Divorcé(e),$40K - $60K,Blue,28,1,3,1592,79,0.635,0,0,0,0,0,0,Faible
780897858,Client actuel,38,F,2,Lycée (équivalent baccalauréat),Célibataire,Moins de $40K,Blue,20,3,3,676,76,0.279,0,0,1,0,0,1,Faible
717346833,Client actuel,44,F,3,Licence,Marié(e),Moins de $40K,Blue,33,2,2,0,76,0.0,0,0,1,0,1,2,Modéré
718555308,Client actuel,59,M,1,Non connu,Célibataire,$40K - $60K,Blue,51,4,3,713,88,0.187,1,0,0,0,0,1,Faible
709208808,Client actuel,50,F,1,Sans diplôme,Marié(e),Moins de $40K,Blue,36,2,1,1731,71,0.795,0,0,0,0,0,0,Faible
818901708,Client actuel,41,F,4,Niveau Bac+2,Divorcé(e),Non connu,Blue,36,1,1,0,90,0.0,0,0,1,0,1,2,Modéré
713247408,Client actuel,51,F,3,Sans diplôme,Non connu,Moins de $40K,Blue,36,1,2,813,68,0.465,0,0,0,0,0,0,Faible
715617333,Client actuel,36,F,2,Licence,Marié(e),Moins de $40K,Blue,26,3,2,0,88,0.0,0,0,1,0,1,2,Modéré
714230808,Client actuel,36,F,4,Niveau Bac+2,Marié(e),Moins de $40K,Blue,36,4,1,1750,76,0.71,1,0,0,0,0,1,Faible
715866033,Client actuel,37,F,2,Lycée (équivalent baccalauréat),Célibataire,Moins de $40K,Blue,36,2,1,1352,72,0.533,0,0,0,0,0,0,Faible
718065333,Client actuel,39,F,4,Licence,Marié(e),$40K - $60K,Blue,29,4,3,1971,81,0.826,1,0,0,0,0,1,Faible
710756133,Client actuel,40,F,3,Non connu,Marié(e),Moins de $40K,Blue,31,6,1,821,73,0.453,1,0,0,0,0,1,Faible
713873658,Client actuel,45,M,4,Lycée (équivalent baccalauréat),Célibataire,$120K +,Blue,37,3,3,1986,76,0.735,0,0,0,0,0,0,Faible
771499233,Client actuel,46,F,4,Lycée (équivalent baccalauréat),Marié(e),Moins de $40K,Blue,34,1,3,1133,76,0.21,0,0,0,0,0,0,Faible
790108908,Client actuel,44,M,2,Master,Marié(e),$80K - $120K,Blue,37,1,1,0,57,0.0,0,0,1,0,1,2,Modéré
797389758,Client actuel,42,F,2,Licence,Marié(e),$40K - $60K,Silver,36,2,1,0,79,0.0,0,0,1,0,1,2,Modéré
827100333,Client actuel,49,F,3,Lycée (équivalent baccalauréat),Marié(e),Moins de $40K,Blue,45,3,2,726,93,0.505,0,0,0,0,0,0,Faible
711647808,Client actuel,55,F,3,Licence,Célibataire,Moins de $40K,Blue,36,1,3,1028,82,0.497,0,0,0,0,0,0,Faible
720553158,Client actuel,39,F,1,Licence,Célibataire,Moins de $40K,Blue,31,2,1,2222,82,0.655,0,0,0,0,0,0,Faible
717924933,Client actuel,48,F,2,Master,Divorcé(e),Non connu,Blue,37,4,2,1291,88,0.345,1,0,0,0,0,1,Faible
802856508,Client actuel,42,M,2,Licence,Célibataire,$80K - $120K,Blue,36,3,1,0,76,0.0,0,0,1,0,1,2,Modéré
712673283,Client actuel,36,F,4,Non connu,Célibataire,Moins de $40K,Blue,26,2,3,0,85,0.0,0,0,1,0,1,2,Modéré
778356408,Client actuel,51,F,3,Niveau Bac+2,Divorcé(e),$40K - $60K,Blue,31,2,2,1329,78,0.48,0,0,0,0,0,0,Faible
716791908,Client actuel,43,M,1,Niveau Bac+2,Marié(e),$80K - $120K,Blue,23,2,1,1045,77,0.072,0,0,0,0,1,1,Faible
757761033,Client actuel,35,F,3,Licence,Célibataire,$40K - $60K,Blue,28,6,2,1560,73,0.48,1,0,0,0,0,1,Faible
758186433,Client actuel,37,F,1,Sans diplôme,Célibataire,Moins de $40K,Blue,30,2,3,1095,84,0.465,0,0,0,0,0,0,Faible
786546783,Client actuel,59,F,0,Niveau Bac+2,Marié(e),$40K - $60K,Blue,53,2,0,0,79,0.0,0,0,1,0,1,2,Modéré
789634983,Client actuel,59,M,1,Licence,Marié(e),$40K - $60K,Blue,53,1,2,2200,86,0.525,0,0,0,0,0,0,Faible
715880283,Client actuel,57,M,1,Lycée (équivalent baccalauréat),Célibataire,$120K +,Blue,47,4,2,982,89,0.106,1,0,0,0,1,2,Modéré
719990358,Client actuel,36,F,3,Lycée (équivalent baccalauréat),Marié(e),Moins de $40K,Blue,28,1,1,0,77,0.0,0,0,1,0,1,2,Modéré
715130808,Client actuel,45,M,3,Licence,Célibataire,$60K - $80K,Silver,34,1,1,1664,80,0.048,0,0,0,0,1,1,Faible
713818158,Client actuel,50,M,1,Doctorat,Célibataire,$80K - $120K,Blue,41,4,2,991,64,0.196,1,0,0,0,0,1,Faible
709728183,Client actuel,46,F,3,Niveau Bac+2,Marié(e),Moins de $40K,Blue,39,2,3,0,79,0.0,0,0,1,0,1,2,Modéré
715797783,Client actuel,55,F,1,Sans diplôme,Divorcé(e),$40K - $60K,Blue,47,2,3,1863,81,0.691,0,0,0,0,0,0,Faible
710879283,Client actuel,51,M,1,Lycée (équivalent baccalauréat),Marié(e),Moins de $40K,Blue,41,4,3,0,81,0.0,1,0,1,0,1,3,Modéré
715995933,Client actuel,46,M,0,Licence,Célibataire,$120K +,Blue,36,2,1,1631,83,0.606,0,0,0,0,0,0,Faible
713567958,Client actuel,54,F,3,Niveau Bac+2,Célibataire,Moins de $40K,Blue,36,4,2,1408,82,0.476,1,0,0,0,0,1,Faible
779118708,Client actuel,50,F,2,Non connu,Célibataire,Moins de $40K,Blue,32,3,1,0,78,0.0,0,0,1,0,1,2,Modéré
721484283,Client actuel,51,F,3,Lycée (équivalent baccalauréat),Marié(e),Moins de $40K,Blue,36,2,1,2517,84,0.837,0,0,0,0,0,0,Faible
708817608,Client actuel,41,F,3,Lycée (équivalent baccalauréat),Marié(e),Non connu,Blue,24,1,1,1419,74,0.414,0,0,0,0,0,0,Faible
789231858,Client actuel,59,M,1,Non connu,Marié(e),$60K - $80K,Blue,48,3,3,642,79,0.446,0,0,1,0,0,1,Faible
788661408,Client actuel,47,F,3,Sans diplôme,Marié(e),Moins de $40K,Blue,33,5,2,890,79,0.298,1,0,0,0,0,1,Faible
789925833,Client actuel,50,F,2,Lycée (équivalent baccalauréat),Marié(e),Non connu,Blue,41,1,1,2277,64,0.279,0,0,0,0,0,0,Faible
709296558,Client actuel,53,M,2,Licence,Célibataire,$120K +,Blue,36,2,2,1434,90,0.077,0,0,0,0,1,1,Faible
780180033,Client actuel,31,F,0,Licence,Marié(e),Moins de $40K,Blue,20,1,1,0,86,0.0,0,0,1,0,1,2,Modéré
771527508,Client actuel,60,M,2,Licence,Célibataire,$60K - $80K,Blue,48,4,1,1145,66,0.105,1,0,0,0,1,2,Modéré
709614333,Client actuel,59,F,0,Lycée (équivalent baccalauréat),Célibataire,Non connu,Blue,36,3,1,2148,74,0.205,0,0,0,0,0,0,Faible
767005683,Client actuel,60,M,0,Non connu,Célibataire,$40K - $60K,Blue,46,2,1,1551,66,0.871,0,0,0,0,0,0,Faible
718686558,Client actuel,50,M,2,Non connu,Marié(e),$120K +,Blue,43,2,1,1156,65,0.033,0,0,0,0,1,1,Faible
715655283,Client actuel,42,F,3,Licence,Marié(e),Moins de $40K,Blue,33,3,3,1495,65,0.633,0,0,0,0,0,0,Faible
819631158,Client actuel,54,F,4,Master,Marié(e),Moins de $40K,Blue,49,3,2,2219,88,0.792,0,0,0,0,0,0,Faible
710866758,Client actuel,42,F,4,Lycée (équivalent baccalauréat),Marié(e),Moins de $40K,Blue,31,1,2,888,73,0.541,0,0,0,0,0,0,Faible
771332283,Client actuel,50,M,4,Licence,Marié(e),$80K - $120K,Blue,38,1,3,2517,80,0.547,0,0,0,0,0,0,Faible
771408483,Client actuel,48,M,5,Non connu,Non connu,$60K - $80K,Blue,36,1,2,1956,61,0.477,0,0,0,0,0,0,Faible
811912608,Client actuel,52,F,3,Licence,Marié(e),$40K - $60K,Blue,47,2,0,1639,87,0.598,0,0,0,0,0,0,Faible
768638208,Client actuel,50,F,2,Sans diplôme,Marié(e),Moins de $40K,Blue,44,1,2,2517,65,0.743,0,0,0,0,0,0,Faible
708869283,Client actuel,50,M,4,Lycée (équivalent baccalauréat),Marié(e),$80K - $120K,Blue,41,3,3,1308,71,0.056,0,0,0,0,1,1,Faible
720892833,Client actuel,50,F,3,Licence,Marié(e),$40K - $60K,Blue,39,3,2,1123,67,0.089,0,0,0,0,1,1,Faible
709762008,Client actuel,48,F,4,Lycée (équivalent baccalauréat),Marié(e),Moins de $40K,Blue,38,1,1,793,78,0.379,0,0,0,0,0,0,Faible
708600033,Client actuel,46,M,2,Licence,Marié(e),$40K - $60K,Blue,39,3,1,0,87,0.0,0,0,1,0,1,2,Modéré
711717258,Client actuel,54,F,3,Licence,Célibataire,$40K - $60K,Blue,39,4,1,1329,82,0.329,1,0,0,0,0,1,Faible
713993208,Client actuel,37,F,3,Doctorat,Marié(e),Moins de $40K,Blue,36,5,2,0,82,0.0,1,0,1,0,1,3,Modéré
717855933,Client actuel,38,F,2,Lycée (équivalent baccalauréat),Marié(e),$40K - $60K,Blue,27,2,3,1586,71,0.893,0,0,0,0,0,0,Faible
713436183,Client actuel,42,F,3,Lycée (équivalent baccalauréat),Marié(e),$40K - $60K,Blue,29,3,2,0,80,0.0,0,0,1,0,1,2,Modéré
778360608,Client actuel,42,F,1,Niveau Bac+2,Divorcé(e),Moins de $40K,Blue,22,3,2,1105,77,0.46,0,0,0,0,0,0,Faible
710914158,Client actuel,45,F,4,Niveau Bac+2,Marié(e),Moins de $40K,Blue,36,1,2,2517,55,0.752,0,0,0,0,0,0,Faible
752648883,Client actuel,49,F,2,Niveau Bac+2,Célibataire,Moins de $40K,Blue,41,3,1,1366,69,0.677,0,0,0,0,0,0,Faible
715771608,Client actuel,41,M,3,Licence,Marié(e),$120K +,Silver,36,3,2,1453,76,0.042,0,0,0,0,1,1,Faible
719061933,Client actuel,44,F,4,Licence,Marié(e),Non connu,Blue,34,4,2,0,67,0.0,1,0,1,0,1,3,Modéré
792345258,Client actuel,46,F,2,Sans diplôme,Divorcé(e),Non connu,Blue,40,2,3,0,70,0.0,0,0,1,0,1,2,Modéré
711765708,Client actuel,39,F,1,Licence,Non connu,Moins de $40K,Blue,36,4,1,1912,60,0.286,1,0,0,0,0,1,Faible
783393633,Client actuel,46,M,3,Licence,Non connu,$80K - $120K,Blue,37,4,3,0,78,0.0,1,0,1,0,1,3,Modéré
779667408,Client actuel,58,M,1,Master,Célibataire,$80K - $120K,Blue,41,2,1,1494,73,0.513,0,0,0,0,0,0,Faible
805461783,Client actuel,47,F,3,Licence,Divorcé(e),Moins de $40K,Blue,42,4,0,0,87,0.0,1,0,1,0,1,3,Modéré
771433608,Client actuel,54,M,4,Sans diplôme,Célibataire,$80K - $120K,Blue,42,2,2,0,70,0.0,0,0,1,0,1,2,Modéré
825811158,Client actuel,51,F,2,Lycée (équivalent baccalauréat),Célibataire,Moins de $40K,Blue,47,2,3,2517,83,0.82,0,0,0,0,0,0,Faible
715252383,Client actuel,58,F,2,Lycée (équivalent baccalauréat),Divorcé(e),Non connu,Gold,36,4,3,1864,52,0.054,1,0,0,0,1,2,Modéré
809092458,Client actuel,36,F,4,Sans diplôme,Marié(e),$40K - $60K,Blue,31,2,3,1336,83,0.531,0,0,0,0,0,0,Faible
713706258,Client actuel,52,F,1,Non connu,Célibataire,Moins de $40K,Blue,43,2,1,773,63,0.537,0,0,0,0,0,0,Faible
714693708,Client actuel,45,F,3,Licence,Marié(e),$40K - $60K,Blue,36,3,1,1992,77,0.899,0,0,0,0,0,0,Faible
721072908,Client actuel,51,M,0,Doctorat,Célibataire,$60K - $80K,Blue,36,2,3,1346,69,0.416,0,0,0,0,0,0,Faible
716675358,Client actuel,54,F,1,Niveau Bac+2,Célibataire,Moins de $40K,Blue,41,2,2,941,83,0.271,0,0,0,0,0,0,Faible
708128733,Client actuel,50,F,3,Master,Célibataire,Non connu,Blue,36,4,3,0,99,0.0,1,0,1,0,1,3,Modéré
711392508,Client actuel,37,F,2,Licence,Marié(e),Moins de $40K,Blue,25,2,1,0,75,0.0,0,0,1,0,1,2,Modéré
771420708,Client actuel,42,F,4,Non connu,Célibataire,Moins de $40K,Blue,30,2,1,621,68,0.429,0,0,1,0,0,1,Faible
721207908,Client actuel,47,F,5,Lycée (équivalent baccalauréat),Célibataire,Moins de $40K,Blue,37,2,3,0,95,0.0,0,0,1,0,1,2,Modéré
715798608,Client actuel,45,F,4,Licence,Marié(e),$40K - $60K,Blue,34,4,2,1066,89,0.251,1,0,0,0,0,1,Faible
716758008,Client actuel,40,M,5,Lycée (équivalent baccalauréat),Célibataire,$40K - $60K,Blue,20,2,1,1879,83,0.63,0,0,0,0,0,0,Faible
714847983,Client actuel,48,M,3,Non connu,Célibataire,$80K - $120K,Blue,36,4,2,2201,79,0.811,1,0,0,0,0,1,Faible
716975583,Client actuel,42,F,2,Non connu,Célibataire,$40K - $60K,Blue,34,4,3,1658,62,0.671,1,0,0,0,0,1,Faible
804434058,Client actuel,47,M,1,Niveau Bac+2,Marié(e),$60K - $80K,Silver,42,4,2,0,79,0.0,1,0,1,0,1,3,Modéré
714293358,Client actuel,54,F,4,Niveau Bac+2,Célibataire,Moins de $40K,Blue,46,2,1,989,70,0.237,0,0,0,0,0,0,Faible
710989008,Client actuel,38,M,1,Licence,Non connu,$40K - $60K,Blue,27,6,0,1436,78,0.11,1,0,0,0,1,2,Modéré
711459483,Client actuel,43,F,3,Lycée (équivalent baccalauréat),Non connu,Moins de $40K,Blue,36,2,3,0,66,0.0,0,0,1,0,1,2,Modéré
719256483,Client actuel,41,F,4,Lycée (équivalent baccalauréat),Célibataire,$40K - $60K,Blue,30,3,3,1335,79,0.301,0,0,0,0,0,0,Faible
717211608,Client actuel,45,F,3,Non connu,Célibataire,Moins de $40K,Blue,34,4,2,1221,68,0.245,1,0,0,0,0,1,Faible
717125958,Client actuel,49,F,3,Non connu,Marié(e),Moins de $40K,Blue,38,5,1,1581,80,0.596,1,0,0,0,0,1,Faible
779261433,Client actuel,54,F,2,Licence,Célibataire,Moins de $40K,Blue,36,1,2,1597,61,0.782,0,0,0,0,0,0,Faible
715593783,Client actuel,52,M,1,Non connu,Marié(e),$80K - $120K,Blue,36,2,2,1594,72,0.107,0,0,0,0,1,1,Faible
770858283,Client actuel,40,F,4,Lycée (équivalent baccalauréat),Marié(e),$40K - $60K,Blue,27,2,2,2182,93,0.773,0,0,0,0,0,0,Faible
718570158,Client actuel,54,F,4,Niveau Bac+2,Célibataire,Moins de $40K,Blue,44,3,2,2517,83,0.868,0,0,0,0,0,0,Faible
711039633,Client actuel,52,F,4,Master,Marié(e),Moins de $40K,Blue,36,3,3,0,65,0.0,0,0,1,0,1,2,Modéré
714074808,Client actuel,58,F,0,Lycée (équivalent baccalauréat),Marié(e),Moins de $40K,Blue,36,3,1,1670,75,0.745,0,0,0,0,0,0,Faible
710439483,Client actuel,51,F,2,Licence,Célibataire,Moins de $40K,Blue,39,4,2,1722,79,0.667,1,0,0,0,0,1,Faible
717516333,Client actuel,40,M,2,Licence,Marié(e),$120K +,Blue,33,4,1,905,82,0.062,1,0,0,0,1,2,Modéré
716414958,Client actuel,39,F,3,Lycée (équivalent baccalauréat),Célibataire,Non connu,Blue,36,3,3,1927,66,0.814,0,0,0,0,0,0,Faible
796326483,Client actuel,42,M,3,Lycée (équivalent baccalauréat),Marié(e),$80K - $120K,Blue,36,4,3,0,82,0.0,1,0,1,0,1,3,Modéré
714146208,Client actuel,40,F,4,Non connu,Célibataire,Moins de $40K,Blue,32,1,1,2159,71,0.832,0,0,0,0,0,0,Faible
779166783,Client actuel,41,F,4,Non connu,Célibataire,$40K - $60K,Blue,31,1,2,1383,81,0.65,0,0,0,0,0,0,Faible
720818658,Client actuel,50,F,1,Sans diplôme,Marié(e),Moins de $40K,Blue,38,3,3,0,86,0.0,0,0,1,0,1,2,Modéré
718657083,Client actuel,46,M,3,Lycée (équivalent baccalauréat),Marié(e),$60K - $80K,Blue,36,3,1,0,62,0.0,0,0,1,0,1,2,Modéré
718187508,Client actuel,53,F,2,Non connu,Marié(e),Non connu,Blue,36,4,3,1364,68,0.526,1,0,0,0,0,1,Faible
802455633,Client actuel,56,F,1,Non connu,Célibataire,Moins de $40K,Blue,50,4,1,0,74,0.0,1,0,1,0,1,3,Modéré
714493983,Client actuel,57,F,2,Licence,Marié(e),$40K - $60K,Blue,47,2,2,1010,83,0.216,0,0,0,0,0,0,Faible
780664758,Client actuel,56,F,2,Sans diplôme,Marié(e),$40K - $60K,Blue,44,1,2,1513,95,0.341,0,0,0,0,0,0,Faible
718466883,Client actuel,34,F,1,Sans diplôme,Célibataire,Moins de $40K,Blue,25,1,2,1618,79,0.602,0,0,0,0,0,0,Faible
771338658,Client actuel,46,M,2,Lycée (équivalent baccalauréat),Marié(e),$80K - $120K,Blue,30,3,1,915,89,0.078,0,0,0,0,1,1,Faible
709052883,Client actuel,47,F,4,Lycée (équivalent baccalauréat),Célibataire,$40K - $60K,Blue,36,1,1,0,81,0.0,0,0,1,0,1,2,Modéré
716157408,Client actuel,53,M,0,Lycée (équivalent baccalauréat),Marié(e),$60K - $80K,Blue,46,4,2,0,73,0.0,1,0,1,0,1,3,Modéré
713305233,Client actuel,55,M,2,Licence,Célibataire,$80K - $120K,Blue,46,5,2,0,81,0.0,1,0,1,0,1,3,Modéré
713000058,Client actuel,51,F,3,Licence,Marié(e),$40K - $60K,Silver,44,2,3,0,75,0.0,0,0,1,0,1,2,Modéré
714909858,Client actuel,52,F,2,Non connu,Marié(e),Moins de $40K,Blue,36,3,1,1733,90,0.707,0,0,0,0,0,0,Faible
804371733,Client actuel,40,M,2,Sans diplôme,Marié(e),$80K - $120K,Blue,29,2,3,1347,84,0.148,0,0,0,0,1,1,Faible
772846383,Client actuel,45,F,1,Non connu,Célibataire,Moins de $40K,Blue,36,4,1,1480,89,0.562,1,0,0,0,0,1,Faible
719887008,Client actuel,38,F,3,Licence,Marié(e),Moins de $40K,Blue,36,4,3,1352,81,0.769,1,0,0,0,0,1,Faible
773342808,Client actuel,46,F,1,Non connu,Célibataire,Moins de $40K,Blue,40,4,3,1793,79,0.661,1,0,0,0,0,1,Faible
708375858,Client actuel,47,F,4,Lycée (équivalent baccalauréat),Divorcé(e),Moins de $40K,Blue,36,4,2,1341,68,0.483,1,0,0,0,0,1,Faible
789417708,Client actuel,44,F,2,Sans diplôme,Marié(e),$40K - $60K,Blue,35,2,1,1091,90,0.759,0,0,0,0,0,0,Faible
718034058,Client actuel,40,M,4,Licence,Célibataire,$60K - $80K,Blue,36,2,2,901,68,0.106,0,0,0,0,1,1,Faible
778919583,Client actuel,49,F,0,Licence,Marié(e),Moins de $40K,Blue,30,2,0,1112,68,0.693,0,0,0,0,0,0,Faible
713850783,Client actuel,56,F,1,Niveau Bac+2,Marié(e),Non connu,Blue,36,2,2,0,70,0.0,0,0,1,0,1,2,Modéré
814785108,Client actuel,45,F,1,Licence,Marié(e),Moins de $40K,Blue,40,3,2,1655,76,0.664,0,0,0,0,0,0,Faible
809378133,Client actuel,43,F,3,Sans diplôme,Célibataire,Moins de $40K,Blue,38,1,2,0,79,0.0,0,0,1,0,1,2,Modéré
779658408,Client actuel,48,M,2,Licence,Célibataire,$40K - $60K,Blue,31,3,3,1730,65,0.531,0,0,0,0,0,0,Faible
717954333,Client actuel,39,F,2,Non connu,Célibataire,Moins de $40K,Blue,25,2,1,935,77,0.525,0,0,0,0,0,0,Faible
737052258,Client actuel,62,F,1,Non connu,Célibataire,Moins de $40K,Blue,55,1,1,2517,63,0.476,0,0,0,0,0,0,Faible
715047333,Client actuel,57,F,1,Lycée (équivalent baccalauréat),Marié(e),Non connu,Blue,36,2,3,980,92,0.565,0,0,0,0,0,0,Faible
714390858,Client actuel,48,F,5,Non connu,Célibataire,Non connu,Blue,36,2,3,931,73,0.122,0,0,0,0,1,1,Faible
717107808,Client actuel,48,F,1,Sans diplôme,Non connu,$40K - $60K,Blue,39,4,2,1218,76,0.847,1,0,0,0,0,1,Faible
713564208,Client actuel,34,F,1,Licence,Non connu,Moins de $40K,Blue,23,1,1,1527,64,0.692,0,0,0,0,0,0,Faible
720357483,Client actuel,46,F,1,Niveau Bac+2,Marié(e),Moins de $40K,Blue,23,2,1,1010,82,0.586,0,0,0,0,0,0,Faible
803339583,Client actuel,49,F,2,Master,Marié(e),Moins de $40K,Blue,44,4,2,0,82,0.0,1,0,1,0,1,3,Modéré
710157108,Client actuel,42,F,3,Licence,Célibataire,$40K - $60K,Blue,33,2,3,1661,75,0.492,0,0,0,0,0,0,Faible
721483158,Client actuel,47,M,3,Licence,Marié(e),$60K - $80K,Blue,29,3,3,0,72,0.0,0,0,1,0,1,2,Modéré
710436108,Client actuel,41,M,4,Lycée (équivalent baccalauréat),Non connu,$40K - $60K,Blue,29,4,2,746,61,0.207,1,0,0,0,0,1,Faible
779870883,Client actuel,45,F,4,Lycée (équivalent baccalauréat),Célibataire,$40K - $60K,Blue,29,2,1,1781,68,0.388,0,0,0,0,0,0,Faible
817188408,Client actuel,57,M,0,Sans diplôme,Divorcé(e),$80K - $120K,Blue,39,4,3,1832,67,0.655,1,0,0,0,0,1,Faible
719723658,Client actuel,49,F,2,Sans diplôme,Célibataire,Moins de $40K,Blue,39,1,3,0,90,0.0,0,0,1,0,1,2,Modéré
806189658,Client actuel,50,F,2,Sans diplôme,Célibataire,Moins de $40K,Blue,45,2,3,893,73,0.502,0,0,0,0,0,0,Faible
789070233,Client actuel,51,F,3,Licence,Divorcé(e),Moins de $40K,Blue,39,4,3,1764,72,0.591,1,0,0,0,0,1,Faible
712013808,Client actuel,44,F,4,Sans diplôme,Célibataire,Non connu,Blue,24,3,2,1720,71,0.633,0,0,0,0,0,0,Faible
708602283,Client actuel,40,F,4,Sans diplôme,Marié(e),Non connu,Blue,36,3,1,0,82,0.0,0,0,1,0,1,2,Modéré
809452383,Client actuel,37,F,2,Licence,Marié(e),Moins de $40K,Blue,32,1,3,0,89,0.0,0,0,1,0,1,2,Modéré
714413283,Client actuel,46,M,3,Non connu,Marié(e),$80K - $120K,Blue,40,1,1,860,69,0.079,0,0,0,0,1,1,Faible
712407783,Client actuel,39,F,1,Licence,Célibataire,Moins de $40K,Blue,28,3,3,1181,83,0.653,0,0,0,0,0,0,Faible
717878883,Client actuel,45,F,3,Non connu,Célibataire,Moins de $40K,Blue,36,4,0,0,71,0.0,1,0,1,0,1,3,Modéré
753208833,Client actuel,43,F,5,Sans diplôme,Marié(e),$40K - $60K,Blue,36,3,2,1320,71,0.571,0,0,0,0,0,0,Faible
721241583,Client actuel,48,F,3,Licence,Marié(e),Moins de $40K,Blue,43,3,2,1205,60,0.571,0,0,0,0,0,0,Faible
713695158,Client actuel,51,F,4,Sans diplôme,Divorcé(e),Moins de $40K,Blue,40,4,3,1057,78,0.677,1,0,0,0,0,1,Faible
823878408,Client actuel,39,M,4,Licence,Marié(e),$80K - $120K,Blue,35,2,1,757,76,0.254,0,0,0,0,0,0,Faible
779533983,Client actuel,47,M,2,Niveau Bac+2,Divorcé(e),$80K - $120K,Blue,31,1,3,723,90,0.137,0,0,0,0,1,1,Faible
714037308,Client actuel,54,M,2,Lycée (équivalent baccalauréat),Marié(e),$60K - $80K,Blue,50,1,3,1002,86,0.453,0,0,0,0,0,0,Faible
715581633,Client actuel,53,F,3,Non connu,Marié(e),$40K - $60K,Blue,45,3,1,0,73,0.0,0,0,1,0,1,2,Modéré
795684783,Client actuel,48,M,4,Lycée (équivalent baccalauréat),Célibataire,$60K - $80K,Blue,42,4,2,1596,59,0.669,1,0,0,0,0,1,Faible
718645308,Client actuel,35,M,4,Niveau Bac+2,Marié(e),Moins de $40K,Blue,36,3,3,1222,89,0.529,0,0,0,0,0,0,Faible
717870108,Client actuel,46,F,4,Non connu,Non connu,$40K - $60K,Blue,37,4,2,1172,81,0.613,1,0,0,0,0,1,Faible
815515158,Client actuel,49,F,2,Non connu,Célibataire,$40K - $60K,Blue,44,1,3,1402,69,0.653,0,0,0,0,0,0,Faible
715058433,Client actuel,43,F,4,Sans diplôme,Marié(e),Moins de $40K,Blue,36,3,3,879,87,0.292,0,0,0,0,0,0,Faible
794771208,Client actuel,52,M,3,Non connu,Célibataire,$80K - $120K,Blue,46,1,2,1942,66,0.71,0,0,0,0,0,0,Faible
720180633,Client actuel,50,M,2,Niveau Bac+2,Marié(e),$120K +,Blue,36,2,3,2385,73,0.704,0,0,0,0,0,0,Faible
778933983,Client actuel,55,F,0,Sans diplôme,Non connu,Non connu,Blue,39,3,3,2012,55,0.179,0,0,0,0,0,0,Faible
717960033,Client actuel,52,F,1,Licence,Célibataire,Moins de $40K,Blue,44,3,1,1495,86,0.602,0,0,0,0,0,0,Faible
825368658,Client actuel,40,F,4,Lycée (équivalent baccalauréat),Célibataire,Moins de $40K,Blue,36,5,3,1664,82,0.568,1,0,0,0,0,1,Faible
721154208,Client actuel,60,F,1,Non connu,Marié(e),Moins de $40K,Blue,36,4,3,2081,103,0.722,1,0,0,0,0,1,Faible
718572408,Client actuel,45,F,5,Master,Non connu,Moins de $40K,Blue,36,2,3,694,92,0.261,0,0,0,0,0,0,Faible
749571633,Client actuel,44,F,2,Niveau Bac+2,Non connu,Non connu,Blue,37,3,3,1336,75,0.239,0,0,0,0,0,0,Faible
713914683,Client actuel,44,F,1,Licence,Célibataire,$40K - $60K,Blue,36,4,2,885,74,0.596,1,0,0,0,0,1,Faible
713301633,Client actuel,57,F,3,Doctorat,Célibataire,Non connu,Blue,36,1,1,1162,87,0.692,0,0,0,0,0,0,Faible
711494208,Client actuel,52,M,2,Non connu,Marié(e),Moins de $40K,Blue,36,3,3,1606,86,0.564,0,0,0,0,0,0,Faible
713906508,Client actuel,42,F,3,Non connu,Célibataire,Moins de $40K,Blue,36,3,3,834,69,0.294,0,0,0,0,0,0,Faible
708768258,Client actuel,51,F,4,Doctorat,Marié(e),Moins de $40K,Blue,43,1,2,1077,91,0.521,0,0,0,0,0,0,Faible
719538183,Client actuel,47,M,1,Lycée (équivalent baccalauréat),Marié(e),$60K - $80K,Blue,36,4,3,0,67,0.0,1,0,1,0,1,3,Modéré
718957083,Client actuel,48,F,1,Licence,Célibataire,Moins de $40K,Blue,35,2,2,0,88,0.0,0,0,1,0,1,2,Modéré
779403558,Client actuel,56,F,0,Non connu,Marié(e),Moins de $40K,Blue,45,1,1,0,73,0.0,0,0,1,0,1,2,Modéré
788994783,Client actuel,48,F,3,Licence,Célibataire,Moins de $40K,Blue,35,4,3,557,76,0.307,1,0,1,0,0,2,Modéré
803380383,Client actuel,46,F,5,Licence,Divorcé(e),Moins de $40K,Blue,40,3,3,925,90,0.581,0,0,0,0,0,0,Faible
716766033,Client actuel,40,F,4,Non connu,Célibataire,Moins de $40K,Blue,31,2,3,1242,65,0.702,0,0,0,0,0,0,Faible
757300008,Client actuel,44,F,2,Licence,Célibataire,Non connu,Blue,37,3,3,2344,80,0.288,0,0,0,0,0,0,Faible
810986883,Client actuel,45,F,0,Lycée (équivalent baccalauréat),Célibataire,Non connu,Blue,40,4,0,1898,83,0.742,1,0,0,0,0,1,Faible
819200133,Client actuel,44,M,3,Licence,Non connu,$60K - $80K,Blue,39,4,3,642,62,0.215,1,0,1,0,0,2,Modéré
714488433,Client actuel,45,M,2,Non connu,Marié(e),$80K - $120K,Blue,36,2,3,2517,77,0.132,0,0,0,0,1,1,Faible
714267858,Client actuel,44,F,2,Lycée (équivalent baccalauréat),Célibataire,Non connu,Blue,37,2,1,1680,76,0.369,0,0,0,0,0,0,Faible
827062158,Client actuel,58,M,2,Lycée (équivalent baccalauréat),Célibataire,$80K - $120K,Blue,54,3,2,1696,66,0.074,0,0,0,0,1,1,Faible
710669733,Client actuel,38,F,1,Licence,Célibataire,$40K - $60K,Blue,36,2,2,1965,80,0.833,0,0,0,0,0,0,Faible
716498883,Client actuel,48,M,4,Licence,Célibataire,$80K - $120K,Blue,36,4,1,685,64,0.031,1,0,0,0,1,2,Modéré
780529908,Client actuel,43,F,3,Niveau Bac+2,Célibataire,Moins de $40K,Blue,30,3,2,1331,79,0.658,0,0,0,0,0,0,Faible
714028083,Client actuel,36,F,1,Non connu,Célibataire,Non connu,Blue,31,1,2,0,65,0.0,0,0,1,0,1,2,Modéré
714572208,Client actuel,59,M,2,Licence,Célibataire,$60K - $80K,Blue,36,3,2,788,65,0.548,0,0,0,0,0,0,Faible
721409358,Client actuel,36,F,1,Sans diplôme,Célibataire,Moins de $40K,Blue,21,2,1,733,73,0.378,0,0,0,0,0,0,Faible
809311758,Client actuel,40,M,3,Non connu,Célibataire,$60K - $80K,Silver,35,3,2,1503,87,0.06,0,0,0,0,1,1,Faible
789087858,Client actuel,60,F,0,Licence,Marié(e),$40K - $60K,Blue,48,2,1,2473,69,0.736,0,0,0,0,0,0,Faible
711264033,Client actuel,47,M,3,Doctorat,Divorcé(e),$40K - $60K,Blue,36,2,3,1516,74,0.317,0,0,0,0,0,0,Faible
770180808,Client actuel,37,F,4,Licence,Célibataire,Non connu,Blue,31,3,2,0,91,0.0,0,0,1,0,1,2,Modéré
789271533,Client actuel,51,F,1,Doctorat,Célibataire,Moins de $40K,Blue,40,3,2,908,74,0.631,0,0,0,0,0,0,Faible
720152058,Client actuel,42,F,1,Doctorat,Célibataire,Moins de $40K,Blue,35,1,3,2444,85,0.897,0,0,0,0,0,0,Faible
826490133,Client actuel,42,F,4,Sans diplôme,Divorcé(e),Non connu,Blue,38,3,2,1600,76,0.159,0,0,0,0,1,1,Faible
717966933,Client actuel,45,F,5,Sans diplôme,Marié(e),Non connu,Blue,37,1,1,1446,81,0.586,0,0,0,0,0,0,Faible
808669083,Client actuel,52,F,1,Licence,Marié(e),Moins de $40K,Blue,47,1,3,0,68,0.0,0,0,1,0,1,2,Modéré
717570258,Client actuel,46,M,5,Licence,Marié(e),Moins de $40K,Blue,35,2,2,1722,67,0.781,0,0,0,0,0,0,Faible
789508758,Client actuel,54,F,2,Non connu,Célibataire,Moins de $40K,Blue,46,2,3,641,67,0.154,0,0,1,0,1,2,Modéré
780653208,Client actuel,47,F,3,Niveau Bac+2,Marié(e),Moins de $40K,Blue,36,4,2,2517,55,0.763,1,0,0,0,0,1,Faible
709077933,Client actuel,26,F,0,Lycée (équivalent baccalauréat),Marié(e),Moins de $40K,Blue,18,3,2,682,62,0.126,0,0,0,0,1,1,Faible
715200783,Client actuel,56,F,2,Licence,Marié(e),Non connu,Blue,36,2,3,807,76,0.4,0,0,0,0,0,0,Faible
710526633,Client actuel,47,M,2,Non connu,Célibataire,$60K - $80K,Blue,34,3,2,1599,88,0.781,0,0,0,0,0,0,Faible
714186108,Client actuel,37,F,2,Non connu,Célibataire,Moins de $40K,Blue,19,5,2,1682,71,0.782,1,0,0,0,0,1,Faible
708894183,Client actuel,53,M,3,Niveau Bac+2,Célibataire,$120K +,Silver,44,4,2,1073,86,0.031,1,0,0,0,1,2,Modéré
778937583,Client actuel,46,F,3,Sans diplôme,Marié(e),Moins de $40K,Blue,29,1,1,1449,83,0.65,0,0,0,0,0,0,Faible
751607058,Client actuel,45,M,2,Doctorat,Marié(e),$120K +,Blue,38,3,3,0,77,0.0,0,0,1,0,1,2,Modéré
718194858,Client actuel,48,F,5,Licence,Célibataire,Non connu,Blue,35,2,3,1488,88,0.766,0,0,0,0,0,0,Faible
827123883,Client actuel,53,M,4,Lycée (équivalent baccalauréat),Célibataire,$60K - $80K,Blue,49,1,2,0,92,0.0,0,0,1,0,1,2,Modéré
711473058,Client actuel,44,M,4,Licence,Divorcé(e),$60K - $80K,Blue,32,3,2,1368,64,0.117,0,0,0,0,1,1,Faible
715197633,Client actuel,43,M,3,Sans diplôme,Non connu,$40K - $60K,Blue,38,4,2,1914,93,0.203,1,0,0,0,0,1,Faible
790023408,Client actuel,47,F,3,Non connu,Célibataire,Moins de $40K,Blue,39,2,1,2422,83,0.831,0,0,0,0,0,0,Faible
720403008,Client actuel,50,F,3,Sans diplôme,Marié(e),Non connu,Blue,38,4,1,0,79,0.0,1,0,1,0,1,3,Modéré
708784083,Client actuel,47,F,3,Sans diplôme,Célibataire,Moins de $40K,Blue,36,2,1,1588,83,0.583,0,0,0,0,0,0,Faible
712838358,Client actuel,40,F,4,Sans diplôme,Marié(e),Moins de $40K,Blue,31,2,3,0,84,0.0,0,0,1,0,1,2,Modéré
716581983,Client actuel,56,F,0,Niveau Bac+2,Marié(e),$40K - $60K,Blue,36,2,3,929,91,0.212,0,0,0,0,0,0,Faible
716930133,Client actuel,43,F,3,Lycée (équivalent baccalauréat),Non connu,Moins de $40K,Blue,36,3,2,0,86,0.0,0,0,1,0,1,2,Modéré
808981608,Client actuel,50,F,2,Sans diplôme,Marié(e),Moins de $40K,Blue,45,1,0,540,66,0.099,0,0,1,0,1,2,Modéré
811942983,Client actuel,55,M,2,Lycée (équivalent baccalauréat),Marié(e),$120K +,Blue,50,2,3,1756,74,0.1,0,0,0,0,1,1,Faible
715565058,Client actuel,27,F,1,Sans diplôme,Non connu,Moins de $40K,Blue,16,1,2,0,70,0.0,0,0,1,0,1,2,Modéré
719153433,Client actuel,49,F,4,Sans diplôme,Marié(e),Non connu,Blue,38,2,1,850,79,0.334,0,0,0,0,0,0,Faible
809127858,Client actuel,51,F,1,Master,Célibataire,$40K - $60K,Blue,46,1,3,1219,72,0.536,0,0,0,0,0,0,Faible
713935533,Client actuel,44,M,3,Licence,Célibataire,$40K - $60K,Silver,29,1,3,870,78,0.045,0,0,0,0,1,1,Faible
710243208,Client actuel,56,F,4,Non connu,Marié(e),Moins de $40K,Blue,44,3,2,0,80,0.0,0,0,1,0,1,2,Modéré
708870408,Client actuel,53,M,4,Non connu,Célibataire,Moins de $40K,Blue,43,3,1,2079,56,0.541,0,0,0,0,0,0,Faible
795844983,Client actuel,45,F,3,Lycée (équivalent baccalauréat),Marié(e),$40K - $60K,Blue,39,4,1,0,64,0.0,1,0,1,0,1,3,Modéré
713531808,Client actuel,38,F,1,Doctorat,Marié(e),Moins de $40K,Blue,28,1,1,0,74,0.0,0,0,1,0,1,2,Modéré
715778358,Client actuel,45,M,5,Licence,Marié(e),$120K +,Blue,26,3,2,797,59,0.023,0,0,0,0,1,1,Faible
710637183,Client actuel,48,F,4,Licence,Célibataire,Non connu,Blue,40,3,3,1906,71,0.829,0,0,0,0,0,0,Faible
712781883,Client actuel,36,F,1,Sans diplôme,Marié(e),Moins de $40K,Blue,36,1,3,537,83,0.206,0,0,1,0,0,1,Faible
709664658,Client actuel,40,M,4,Non connu,Non connu,$80K - $120K,Blue,27,3,2,927,69,0.041,0,0,0,0,1,1,Faible
717574683,Client actuel,53,F,3,Non connu,Marié(e),$40K - $60K,Blue,46,3,1,1146,85,0.523,0,0,0,0,0,0,Faible
771497283,Client actuel,40,F,2,Lycée (équivalent baccalauréat),Divorcé(e),Moins de $40K,Blue,28,6,3,1310,79,0.449,1,0,0,0,0,1,Faible
714991608,Client actuel,41,F,3,Lycée (équivalent baccalauréat),Célibataire,$40K - $60K,Blue,31,3,2,913,68,0.635,0,0,0,0,0,0,Faible
715495308,Client actuel,43,F,4,Licence,Célibataire,Moins de $40K,Blue,36,4,1,2231,73,0.25,1,0,0,0,0,1,Faible
712431183,Client actuel,52,F,2,Sans diplôme,Célibataire,Moins de $40K,Blue,37,3,1,0,80,0.0,0,0,1,0,1,2,Modéré
714895608,Client actuel,48,F,2,Non connu,Célibataire,Non connu,Blue,38,4,3,1375,62,0.492,1,0,0,0,0,1,Faible
718324983,Client actuel,60,F,0,Niveau Bac+2,Marié(e),Moins de $40K,Blue,49,3,3,1155,83,0.707,0,0,0,0,0,0,Faible
713541033,Client actuel,39,F,1,Niveau Bac+2,Célibataire,Moins de $40K,Blue,32,2,3,1557,85,0.726,0,0,0,0,0,0,Faible
771989733,Client actuel,37,M,2,Non connu,Célibataire,$40K - $60K,Blue,26,1,2,1449,65,0.395,0,0,0,0,0,0,Faible
789698733,Client actuel,40,F,4,Sans diplôme,Marié(e),Moins de $40K,Blue,27,3,1,1088,78,0.227,0,0,0,0,0,0,Faible
787514433,Client actuel,34,F,3,Niveau Bac+2,Marié(e),Moins de $40K,Blue,23,3,3,1176,71,0.543,0,0,0,0,0,0,Faible
811081083,Client actuel,48,F,3,Sans diplôme,Célibataire,Moins de $40K,Blue,43,4,2,1183,78,0.772,1,0,0,0,0,1,Faible
715579233,Client actuel,44,F,3,Doctorat,Célibataire,$40K - $60K,Blue,40,1,3,1356,74,0.371,0,0,0,0,0,0,Faible
781930233,Client actuel,47,F,2,Lycée (équivalent baccalauréat),Marié(e),Moins de $40K,Blue,37,1,1,2338,70,0.794,0,0,0,0,0,0,Faible
716825808,Client actuel,45,F,3,Sans diplôme,Divorcé(e),Moins de $40K,Blue,36,1,0,2216,75,0.822,0,0,0,0,0,0,Faible
757053408,Client actuel,47,F,1,Licence,Célibataire,Non connu,Blue,40,1,3,1970,76,0.517,0,0,0,0,0,0,Faible
788418933,Client actuel,35,F,2,Licence,Marié(e),$40K - $60K,Blue,27,2,3,1085,85,0.673,0,0,0,0,0,0,Faible
788898933,Client actuel,42,F,4,Niveau Bac+2,Marié(e),Moins de $40K,Blue,27,2,1,0,77,0.0,0,0,1,0,1,2,Modéré
717343833,Client actuel,47,F,5,Sans diplôme,Non connu,Non connu,Blue,34,1,3,2094,86,0.67,0,0,0,0,0,0,Faible
820868508,Client actuel,47,M,2,Niveau Bac+2,Marié(e),$40K - $60K,Blue,43,4,1,736,75,0.104,1,0,0,0,1,2,Modéré
789240258,Client actuel,50,F,2,Sans diplôme,Célibataire,$40K - $60K,Blue,35,3,1,2458,81,0.883,0,0,0,0,0,0,Faible
716951658,Client actuel,51,F,3,Lycée (équivalent baccalauréat),Célibataire,$40K - $60K,Blue,38,3,1,0,82,0.0,0,0,1,0,1,2,Modéré
718932633,Client actuel,45,F,3,Niveau Bac+2,Marié(e),Moins de $40K,Blue,35,2,2,1156,64,0.673,0,0,0,0,0,0,Faible
712771233,Client actuel,52,M,3,Non connu,Célibataire,$80K - $120K,Blue,36,4,1,1268,80,0.504,1,0,0,0,0,1,Faible
717247383,Client actuel,48,M,4,Licence,Célibataire,$40K - $60K,Blue,36,2,3,0,69,0.0,0,0,1,0,1,2,Modéré
714842208,Client actuel,52,F,2,Licence,Marié(e),$40K - $60K,Blue,36,4,2,1782,69,0.636,1,0,0,0,0,1,Faible
713592408,Client actuel,43,F,3,Lycée (équivalent baccalauréat),Marié(e),Moins de $40K,Blue,28,3,2,0,66,0.0,0,0,1,0,1,2,Modéré
709314408,Client actuel,39,F,2,Niveau Bac+2,Célibataire,$40K - $60K,Blue,29,3,1,1593,82,0.323,0,0,0,0,0,0,Faible
715957233,Client actuel,53,M,3,Niveau Bac+2,Célibataire,$60K - $80K,Blue,36,1,1,2018,75,0.101,0,0,0,0,1,1,Faible
719414658,Client actuel,52,F,0,Licence,Célibataire,Non connu,Blue,36,4,1,0,76,0.0,1,0,1,0,1,3,Modéré
719632683,Client actuel,40,M,3,Licence,Célibataire,$40K - $60K,Blue,30,3,3,2235,83,0.865,0,0,0,0,0,0,Faible
708136908,Client actuel,62,F,0,Licence,Célibataire,Moins de $40K,Blue,53,2,2,801,68,0.306,0,0,0,0,0,0,Faible
721393083,Client actuel,52,F,3,Non connu,Célibataire,$40K - $60K,Blue,45,3,1,577,64,0.095,0,0,1,0,1,2,Modéré
709455108,Client actuel,49,F,4,Non connu,Marié(e),Moins de $40K,Blue,33,2,1,1667,79,0.697,0,0,0,0,0,0,Faible
767058183,Client actuel,53,F,1,Licence,Divorcé(e),Moins de $40K,Blue,46,4,3,1333,61,0.389,1,0,0,0,0,1,Faible
770800683,Client actuel,48,F,3,Master,Marié(e),Moins de $40K,Blue,35,3,3,2133,72,0.808,0,0,0,0,0,0,Faible
779651058,Client actuel,59,F,0,Non connu,Célibataire,$40K - $60K,Blue,42,2,2,1409,65,0.73,0,0,0,0,0,0,Faible
710443833,Client actuel,50,M,2,Non connu,Célibataire,$120K +,Blue,38,4,2,995,78,0.469,1,0,0,0,0,1,Faible
720600858,Client actuel,41,M,4,Licence,Marié(e),$60K - $80K,Blue,26,2,2,1395,75,0.248,0,0,0,0,0,0,Faible
717797658,Client actuel,57,F,2,Licence,Marié(e),Moins de $40K,Blue,45,2,2,740,87,0.514,0,0,0,0,0,0,Faible
779458383,Client actuel,50,F,3,Lycée (équivalent baccalauréat),Marié(e),Moins de $40K,Blue,32,2,3,2087,73,0.806,0,0,0,0,0,0,Faible
788767983,Client actuel,43,M,5,Non connu,Célibataire,$60K - $80K,Blue,24,1,3,0,82,0.0,0,0,1,0,1,2,Modéré
711994458,Client actuel,47,F,4,Lycée (équivalent baccalauréat),Marié(e),Non connu,Blue,39,4,0,0,75,0.0,1,0,1,0,1,3,Modéré
713948808,Client actuel,55,M,3,Lycée (équivalent baccalauréat),Célibataire,$60K - $80K,Blue,47,2,2,962,97,0.6,0,0,0,0,0,0,Faible
710456658,Client actuel,50,F,4,Licence,Marié(e),Moins de $40K,Blue,31,2,1,1799,82,0.865,0,0,0,0,0,0,Faible
771531708,Client actuel,46,F,2,Non connu,Célibataire,Non connu,Blue,34,3,1,887,87,0.117,0,0,0,0,1,1,Faible
713546883,Client actuel,47,M,2,Licence,Divorcé(e),$60K - $80K,Blue,29,2,3,1553,76,0.324,0,0,0,0,0,0,Faible
711447783,Client actuel,53,F,2,Licence,Célibataire,Moins de $40K,Blue,38,2,3,1353,76,0.57,0,0,0,0,0,0,Faible
713746608,Client actuel,48,F,2,Lycée (équivalent baccalauréat),Marié(e),Non connu,Blue,37,2,2,908,67,0.108,0,0,0,0,1,1,Faible
718020408,Client actuel,60,F,1,Licence,Marié(e),Moins de $40K,Blue,36,4,3,545,72,0.276,1,0,1,0,0,2,Modéré
719475633,Client actuel,42,M,3,Master,Marié(e),$80K - $120K,Blue,30,2,3,0,81,0.0,0,0,1,0,1,2,Modéré
719654283,Client actuel,52,F,2,Licence,Marié(e),$40K - $60K,Silver,42,3,2,0,81,0.0,0,0,1,0,1,2,Modéré
720114633,Client actuel,44,F,5,Lycée (équivalent baccalauréat),Célibataire,Moins de $40K,Blue,30,3,1,1726,89,0.637,0,0,0,0,0,0,Faible
816315558,Client actuel,38,M,1,Lycée (équivalent baccalauréat),Célibataire,$60K - $80K,Blue,33,4,1,879,77,0.585,1,0,0,0,0,1,Faible
712567083,Client actuel,51,M,1,Lycée (équivalent baccalauréat),Marié(e),$80K - $120K,Blue,36,2,2,0,88,0.0,0,0,1,0,1,2,Modéré
711302883,Client actuel,50,F,0,Licence,Célibataire,Moins de $40K,Blue,46,2,2,1392,72,0.643,0,0,0,0,0,0,Faible
719775408,Client actuel,41,F,4,Lycée (équivalent baccalauréat),Célibataire,Non connu,Blue,36,2,3,0,85,0.0,0,0,1,0,1,2,Modéré
712070208,Client actuel,61,F,1,Niveau Bac+2,Célibataire,Non connu,Blue,50,4,1,2458,82,0.368,1,0,0,0,0,1,Faible
718641483,Client actuel,53,F,3,Licence,Marié(e),Moins de $40K,Blue,42,1,1,1109,72,0.461,0,0,0,0,0,0,Faible
718441308,Client actuel,41,M,2,Licence,Célibataire,$60K - $80K,Blue,31,1,3,1935,68,0.235,0,0,0,0,0,0,Faible
772243833,Client actuel,54,F,0,Doctorat,Célibataire,Moins de $40K,Blue,43,1,3,968,75,0.304,0,0,0,0,0,0,Faible
711992133,Client actuel,53,F,1,Sans diplôme,Marié(e),Moins de $40K,Blue,41,2,2,868,72,0.334,0,0,0,0,0,0,Faible
713179083,Client actuel,32,F,2,Sans diplôme,Célibataire,Non connu,Blue,25,2,1,1533,75,0.48,0,0,0,0,0,0,Faible
709836258,Client actuel,45,F,4,Licence,Marié(e),Moins de $40K,Blue,41,1,2,1337,81,0.694,0,0,0,0,0,0,Faible
798281808,Client actuel,48,M,4,Lycée (équivalent baccalauréat),Marié(e),$60K - $80K,Blue,42,4,3,1214,79,0.313,1,0,0,0,0,1,Faible
720414558,Client actuel,56,F,2,Non connu,Marié(e),Moins de $40K,Blue,36,2,1,922,84,0.468,0,0,0,0,0,0,Faible
713509908,Client actuel,48,F,2,Licence,Marié(e),Non connu,Blue,35,1,1,1058,90,0.603,0,0,0,0,0,0,Faible
709993158,Client actuel,46,F,2,Licence,Marié(e),Moins de $40K,Blue,31,2,0,1584,71,0.68,0,0,0,0,0,0,Faible
767815233,Client actuel,46,F,3,Niveau Bac+2,Marié(e),Moins de $40K,Blue,40,4,2,0,88,0.0,1,0,1,0,1,3,Modéré
720015183,Client actuel,60,M,1,Licence,Marié(e),$120K +,Blue,46,3,1,2048,88,0.399,0,0,0,0,0,0,Faible
778236858,Client actuel,54,F,2,Licence,Marié(e),Non connu,Blue,42,1,1,1018,87,0.086,0,0,0,0,1,1,Faible
717836733,Client actuel,49,F,1,Licence,Marié(e),Moins de $40K,Blue,36,2,1,1378,81,0.267,0,0,0,0,0,0,Faible
712619808,Client actuel,47,F,3,Niveau Bac+2,Célibataire,Moins de $40K,Blue,36,2,1,1169,87,0.468,0,0,0,0,0,0,Faible
712221408,Client actuel,42,M,4,Licence,Célibataire,$40K - $60K,Blue,33,3,2,1489,82,0.561,0,0,0,0,0,0,Faible
720289533,Client actuel,47,F,4,Non connu,Marié(e),Non connu,Blue,42,2,3,1143,85,0.607,0,0,0,0,0,0,Faible
709469658,Client actuel,47,M,3,Non connu,Célibataire,$80K - $120K,Blue,36,1,2,0,75,0.0,0,0,1,0,1,2,Modéré
772323033,Client actuel,44,F,4,Licence,Célibataire,Moins de $40K,Blue,33,2,2,1556,78,0.338,0,0,0,0,0,0,Faible
742572558,Client actuel,32,F,0,Lycée (équivalent baccalauréat),Divorcé(e),Non connu,Blue,25,3,1,1165,82,0.095,0,0,0,0,1,1,Faible
718848183,Client actuel,50,M,2,Master,Marié(e),$80K - $120K,Blue,42,1,1,1276,82,0.129,0,0,0,0,1,1,Faible
719034183,Client actuel,46,F,3,Licence,Célibataire,Moins de $40K,Blue,38,1,3,1366,86,0.878,0,0,0,0,0,0,Faible
771872733,Client actuel,38,M,0,Non connu,Marié(e),$60K - $80K,Blue,26,2,1,1521,69,0.399,0,0,0,0,0,0,Faible
718816158,Client actuel,44,F,3,Lycée (équivalent baccalauréat),Célibataire,Moins de $40K,Blue,33,3,3,1984,87,0.37,0,0,0,0,0,0,Faible
720003558,Client actuel,43,F,1,Licence,Non connu,Moins de $40K,Blue,32,4,3,1416,79,0.772,1,0,0,0,0,1,Faible
818993508,Client actuel,52,F,3,Licence,Marié(e),Moins de $40K,Blue,47,4,2,879,75,0.341,1,0,0,0,0,1,Faible
715672458,Client actuel,47,M,5,Licence,Célibataire,$60K - $80K,Blue,36,3,2,1264,71,0.465,0,0,0,0,0,0,Faible
789820308,Client actuel,50,F,3,Licence,Marié(e),Moins de $40K,Blue,40,2,2,2065,47,0.706,0,0,0,0,0,0,Faible
712837233,Client actuel,46,M,2,Lycée (équivalent baccalauréat),Célibataire,$120K +,Blue,36,1,3,1482,55,0.114,0,0,0,0,1,1,Faible
716891583,Client actuel,41,F,3,Lycée (équivalent baccalauréat),Non connu,Moins de $40K,Blue,36,2,0,970,60,0.52,0,0,0,0,0,0,Faible
708125733,Client actuel,46,F,2,Niveau Bac+2,Divorcé(e),Moins de $40K,Blue,36,3,1,0,77,0.0,0,0,1,0,1,2,Modéré
716484333,Client actuel,46,F,2,Licence,Marié(e),Moins de $40K,Blue,40,1,2,1177,84,0.694,0,0,0,0,0,0,Faible
717087858,Client actuel,51,F,1,Licence,Célibataire,$40K - $60K,Blue,36,3,1,967,74,0.451,0,0,0,0,0,0,Faible
714882258,Client actuel,38,F,2,Niveau Bac+2,Marié(e),Non connu,Blue,36,1,2,730,67,0.508,0,0,0,0,0,0,Faible
792300858,Client actuel,44,F,3,Licence,Divorcé(e),$40K - $60K,Blue,38,2,2,1852,75,0.434,0,0,0,0,0,0,Faible
766550808,Client actuel,45,F,3,Licence,Marié(e),$40K - $60K,Blue,38,6,1,2440,72,0.582,1,0,0,0,0,1,Faible
718941183,Client actuel,48,F,1,Niveau Bac+2,Marié(e),Moins de $40K,Blue,38,2,2,748,87,0.408,0,0,0,0,0,0,Faible
708516558,Client actuel,37,F,2,Lycée (équivalent baccalauréat),Marié(e),Moins de $40K,Blue,36,2,1,1782,83,0.689,0,0,0,0,0,0,Faible
709350783,Client actuel,63,F,0,Non connu,Célibataire,Moins de $40K,Blue,36,1,1,1856,76,0.383,0,0,0,0,0,0,Faible
771230508,Client actuel,46,F,4,Niveau Bac+2,Marié(e),$40K - $60K,Blue,33,1,1,429,80,0.177,0,0,1,0,0,1,Faible
710978058,Client actuel,50,F,0,Sans diplôme,Célibataire,$40K - $60K,Blue,41,2,3,1697,71,0.226,0,0,0,0,0,0,Faible
713405133,Client actuel,51,M,2,Niveau Bac+2,Marié(e),$120K +,Blue,43,2,3,1923,93,0.368,0,0,0,0,0,0,Faible
710723958,Client actuel,43,F,3,Sans diplôme,Célibataire,Non connu,Blue,32,1,1,491,86,0.341,0,0,1,0,0,1,Faible
823840458,Client actuel,47,F,1,Lycée (équivalent baccalauréat),Marié(e),Non connu,Blue,43,2,2,1517,82,0.83,0,0,0,0,0,0,Faible
791754258,Client actuel,49,F,5,Licence,Marié(e),Non connu,Blue,43,3,2,2351,73,0.919,0,0,0,0,0,0,Faible
789472833,Client actuel,42,F,2,Niveau Bac+2,Divorcé(e),Moins de $40K,Blue,33,3,1,1690,64,0.74,0,0,0,0,0,0,Faible
711099408,Client actuel,35,F,4,Lycée (équivalent baccalauréat),Célibataire,Moins de $40K,Blue,25,2,3,1658,76,0.618,0,0,0,0,0,0,Faible
745853283,Client actuel,38,F,1,Licence,Marié(e),Non connu,Blue,31,1,3,0,75,0.0,0,0,1,0,1,2,Modéré
717790233,Client actuel,37,F,2,Niveau Bac+2,Célibataire,$40K - $60K,Blue,26,2,3,743,80,0.517,0,0,0,0,0,0,Faible
818791833,Client actuel,42,F,3,Licence,Marié(e),Moins de $40K,Blue,37,2,1,1303,76,0.477,0,0,0,0,0,0,Faible
714981483,Client actuel,50,F,3,Lycée (équivalent baccalauréat),Marié(e),Non connu,Blue,38,2,1,1720,81,0.613,0,0,0,0,0,0,Faible
719373558,Client actuel,42,F,3,Non connu,Célibataire,Moins de $40K,Blue,36,1,1,0,75,0.0,0,0,1,0,1,2,Modéré
823609383,Client actuel,43,F,4,Niveau Bac+2,Non connu,$40K - $60K,Blue,39,1,3,0,83,0.0,0,0,1,0,1,2,Modéré
713661933,Client actuel,44,F,1,Niveau Bac+2,Marié(e),Moins de $40K,Blue,33,1,3,0,70,0.0,0,0,1,0,1,2,Modéré
716218908,Client actuel,48,F,4,Doctorat,Célibataire,Non connu,Blue,39,1,1,919,43,0.323,0,0,0,1,0,1,Faible
818710233,Client actuel,41,F,2,Licence,Marié(e),$40K - $60K,Blue,36,2,3,1271,70,0.546,0,0,0,0,0,0,Faible
719463708,Client actuel,47,F,1,Sans diplôme,Célibataire,$40K - $60K,Blue,34,1,3,1164,80,0.555,0,0,0,0,0,0,Faible
817958733,Client actuel,42,F,2,Sans diplôme,Marié(e),Non connu,Blue,37,1,1,958,73,0.188,0,0,0,0,0,0,Faible
708397008,Client actuel,54,F,4,Licence,Marié(e),Non connu,Blue,43,2,3,821,67,0.216,0,0,0,0,0,0,Faible
720547533,Client actuel,47,F,2,Lycée (équivalent baccalauréat),Marié(e),Non connu,Blue,32,2,1,0,90,0.0,0,0,1,0,1,2,Modéré
708780783,Client actuel,43,F,3,Licence,Célibataire,$40K - $60K,Blue,33,3,3,1169,76,0.48,0,0,0,0,0,0,Faible
758178558,Client actuel,44,F,3,Licence,Célibataire,Non connu,Blue,37,2,1,1555,89,0.331,0,0,0,0,0,0,Faible
716237508,Client actuel,44,F,5,Lycée (équivalent baccalauréat),Marié(e),Non connu,Blue,36,3,2,2507,64,0.477,0,0,0,0,0,0,Faible
714735033,Client actuel,45,F,5,Doctorat,Marié(e),Moins de $40K,Blue,34,2,2,491,84,0.341,0,0,1,0,0,1,Faible
709726158,Client actuel,40,F,4,Licence,Célibataire,Moins de $40K,Blue,26,3,0,1110,92,0.503,0,0,0,0,0,0,Faible
770909433,Client actuel,50,F,2,Niveau Bac+2,Marié(e),$40K - $60K,Blue,37,2,1,1904,75,0.529,0,0,0,0,0,0,Faible
822121608,Client actuel,46,M,2,Lycée (équivalent baccalauréat),Non connu,$60K - $80K,Blue,42,3,2,693,81,0.097,0,0,0,0,1,1,Faible
717278808,Client actuel,37,F,3,Niveau Bac+2,Marié(e),Moins de $40K,Blue,28,2,1,0,56,0.0,0,0,1,0,1,2,Modéré
712640583,Client actuel,60,F,0,Doctorat,Marié(e),Non connu,Blue,51,1,3,2148,70,0.286,0,0,0,0,0,0,Faible
788772708,Client actuel,50,F,2,Licence,Marié(e),Non connu,Blue,31,1,3,0,61,0.0,0,0,1,0,1,2,Modéré
718892283,Client actuel,43,M,2,Licence,Marié(e),$40K - $60K,Blue,34,2,1,0,78,0.0,0,0,1,0,1,2,Modéré
720294258,Client actuel,40,F,4,Licence,Célibataire,Moins de $40K,Blue,30,2,2,0,82,0.0,0,0,1,0,1,2,Modéré
721181883,Client actuel,30,F,0,Niveau Bac+2,Célibataire,Non connu,Blue,18,2,3,0,75,0.0,0,0,1,0,1,2,Modéré
712098033,Client actuel,38,F,1,Sans diplôme,Marié(e),Non connu,Blue,36,3,1,912,78,0.072,0,0,0,0,1,1,Faible
711343233,Client actuel,53,F,3,Sans diplôme,Marié(e),Moins de $40K,Blue,36,1,3,1183,65,0.822,0,0,0,0,0,0,Faible
712394283,Client actuel,44,F,4,Licence,Divorcé(e),Moins de $40K,Blue,30,3,2,1314,79,0.734,0,0,0,0,0,0,Faible
790021233,Client actuel,52,F,3,Sans diplôme,Célibataire,Moins de $40K,Blue,44,3,2,1598,84,0.695,0,0,0,0,0,0,Faible
711890808,Client actuel,42,F,3,Licence,Marié(e),Moins de $40K,Blue,36,2,2,2048,72,0.811,0,0,0,0,0,0,Faible
825850383,Client actuel,53,F,2,Licence,Célibataire,Non connu,Blue,49,2,3,0,77,0.0,0,0,1,0,1,2,Modéré
789533133,Client actuel,45,M,3,Lycée (équivalent baccalauréat),Marié(e),$60K - $80K,Blue,37,1,2,1766,82,0.354,0,0,0,0,0,0,Faible
779523258,Client actuel,34,M,2,Licence,Marié(e),$40K - $60K,Blue,17,2,1,1062,78,0.32,0,0,0,0,0,0,Faible
719617758,Client actuel,56,F,1,Licence,Marié(e),Moins de $40K,Blue,48,1,3,1794,76,0.728,0,0,0,0,0,0,Faible
779858058,Client actuel,34,F,2,Licence,Non connu,Moins de $40K,Blue,18,1,3,0,72,0.0,0,0,1,0,1,2,Modéré
710423358,Client actuel,35,F,1,Niveau Bac+2,Non connu,Non connu,Blue,29,3,3,966,81,0.672,0,0,0,0,0,0,Faible
711851583,Client actuel,50,M,2,Licence,Marié(e),$120K +,Blue,42,2,1,1015,77,0.123,0,0,0,0,1,1,Faible
779405133,Client actuel,40,F,3,Niveau Bac+2,Célibataire,Moins de $40K,Blue,29,3,1,623,79,0.109,0,0,1,0,1,2,Modéré
719410083,Client actuel,49,F,2,Non connu,Célibataire,Moins de $40K,Blue,36,3,0,1220,56,0.746,0,0,0,0,0,0,Faible
796196733,Client actuel,52,F,2,Non connu,Célibataire,$40K - $60K,Blue,46,2,3,0,80,0.0,0,0,1,0,1,2,Modéré
719911458,Client actuel,49,F,5,Lycée (équivalent baccalauréat),Marié(e),Moins de $40K,Blue,36,2,3,1848,78,0.711,0,0,0,0,0,0,Faible
787506558,Client actuel,50,M,3,Licence,Célibataire,$60K - $80K,Blue,38,1,1,703,71,0.065,0,0,0,0,1,1,Faible
719046558,Client actuel,39,M,2,Licence,Marié(e),$60K - $80K,Blue,36,3,3,1751,62,0.883,0,0,0,0,0,0,Faible
708291633,Client actuel,33,F,2,Doctorat,Non connu,Non connu,Blue,21,3,3,2499,79,0.537,0,0,0,0,0,0,Faible
745124658,Client actuel,42,F,3,Lycée (équivalent baccalauréat),Célibataire,Moins de $40K,Blue,35,2,1,1579,70,0.616,0,0,0,0,0,0,Faible
716466483,Client actuel,44,F,3,Sans diplôme,Célibataire,$40K - $60K,Blue,34,3,3,1342,87,0.598,0,0,0,0,0,0,Faible
756736008,Client actuel,45,F,2,Master,Marié(e),Moins de $40K,Blue,38,2,3,1471,62,0.505,0,0,0,0,0,0,Faible
772857558,Client actuel,47,M,4,Licence,Marié(e),$60K - $80K,Blue,30,2,3,896,94,0.397,0,0,0,0,0,0,Faible
709246683,Client actuel,62,M,1,Non connu,Célibataire,Non connu,Blue,36,1,1,2248,69,0.122,0,0,0,0,1,1,Faible
778405458,Client actuel,52,F,2,Lycée (équivalent baccalauréat),Célibataire,Non connu,Blue,32,1,3,0,80,0.0,0,0,1,0,1,2,Modéré
715128408,Client actuel,49,F,2,Non connu,Marié(e),Moins de $40K,Blue,36,3,3,863,67,0.6,0,0,0,0,0,0,Faible
717856983,Client actuel,42,F,5,Sans diplôme,Marié(e),Non connu,Blue,29,2,3,1267,76,0.689,0,0,0,0,0,0,Faible
778231983,Client actuel,49,F,4,Non connu,Célibataire,$40K - $60K,Blue,39,2,3,1326,65,0.18,0,0,0,0,0,0,Faible
823908858,Client actuel,51,M,4,Non connu,Marié(e),$80K - $120K,Blue,47,3,2,622,81,0.161,0,0,1,0,1,2,Modéré
798011733,Client actuel,53,F,3,Licence,Marié(e),Moins de $40K,Blue,47,1,2,751,81,0.481,0,0,0,0,0,0,Faible
717945108,Client actuel,49,F,3,Licence,Non connu,$40K - $60K,Blue,36,1,2,1477,77,0.478,0,0,0,0,0,0,Faible
712560558,Client actuel,55,F,3,Niveau Bac+2,Célibataire,Moins de $40K,Blue,42,2,1,0,87,0.0,0,0,1,0,1,2,Modéré
711391308,Client actuel,46,F,4,Sans diplôme,Marié(e),$40K - $60K,Blue,34,3,3,1704,92,0.786,0,0,0,0,0,0,Faible
717688233,Client actuel,34,F,4,Lycée (équivalent baccalauréat),Marié(e),$40K - $60K,Blue,28,1,0,851,69,0.35,0,0,0,0,0,0,Faible
721093608,Client actuel,44,M,2,Lycée (équivalent baccalauréat),Célibataire,$40K - $60K,Blue,31,1,1,0,64,0.0,0,0,1,0,1,2,Modéré
712669983,Client actuel,39,M,3,Licence,Célibataire,$80K - $120K,Blue,30,3,3,1604,75,0.16,0,0,0,0,1,1,Faible
790017858,Client actuel,47,F,3,Master,Non connu,$40K - $60K,Blue,36,1,2,1319,67,0.331,0,0,0,0,0,0,Faible
712012758,Client actuel,49,F,2,Sans diplôme,Marié(e),Moins de $40K,Blue,41,1,3,1860,81,0.85,0,0,0,0,0,0,Faible
720249183,Client actuel,46,F,2,Licence,Célibataire,Non connu,Blue,31,2,3,927,90,0.112,0,0,0,0,1,1,Faible
821813058,Client actuel,42,M,1,Lycée (équivalent baccalauréat),Divorcé(e),$80K - $120K,Blue,38,2,1,1172,77,0.098,0,0,0,0,1,1,Faible
778152108,Client actuel,31,F,0,Lycée (équivalent baccalauréat),Célibataire,Moins de $40K,Blue,23,2,3,1256,83,0.561,0,0,0,0,0,0,Faible
720563958,Client actuel,48,F,3,Master,Marié(e),Non connu,Blue,38,1,3,0,92,0.0,0,0,1,0,1,2,Modéré
719633508,Client actuel,52,F,1,Doctorat,Marié(e),Moins de $40K,Blue,39,1,1,0,86,0.0,0,0,1,0,1,2,Modéré
716689383,Client actuel,39,F,2,Licence,Marié(e),$40K - $60K,Blue,26,1,1,929,77,0.255,0,0,0,0,0,0,Faible
711420258,Client actuel,43,F,4,Non connu,Célibataire,Moins de $40K,Blue,36,3,2,0,71,0.0,0,0,1,0,1,2,Modéré
713177808,Client actuel,57,F,3,Niveau Bac+2,Célibataire,Moins de $40K,Blue,51,1,0,0,87,0.0,0,0,1,0,1,2,Modéré
708897408,Client actuel,46,M,3,Niveau Bac+2,Célibataire,$60K - $80K,Blue,36,2,3,787,73,0.486,0,0,0,0,0,0,Faible
710855508,Client actuel,45,F,3,Sans diplôme,Marié(e),Moins de $40K,Blue,33,3,1,1786,70,0.652,0,0,0,0,0,0,Faible
710115108,Client actuel,45,F,2,Licence,Non connu,$40K - $60K,Blue,37,2,3,1556,76,0.28,0,0,0,0,0,0,Faible
715303608,Client actuel,46,F,4,Lycée (équivalent baccalauréat),Marié(e),Moins de $40K,Blue,36,2,1,1332,81,0.561,0,0,0,0,0,0,Faible
710897133,Client actuel,51,F,3,Non connu,Non connu,Moins de $40K,Blue,36,2,2,1357,85,0.599,0,0,0,0,0,0,Faible
772813458,Client actuel,48,F,3,Licence,Marié(e),Non connu,Blue,39,1,2,1741,63,0.284,0,0,0,0,0,0,Faible
717947508,Client actuel,47,M,3,Sans diplôme,Divorcé(e),$80K - $120K,Blue,34,1,3,1013,83,0.623,0,0,0,0,0,0,Faible
719279208,Client actuel,35,F,1,Non connu,Marié(e),Moins de $40K,Blue,36,1,2,1299,73,0.602,0,0,0,0,0,0,Faible
711365133,Client actuel,43,M,1,Non connu,Célibataire,$60K - $80K,Blue,31,3,1,1470,76,0.644,0,0,0,0,0,0,Faible
720328008,Client actuel,57,F,1,Lycée (équivalent baccalauréat),Non connu,$40K - $60K,Blue,42,1,1,1884,88,0.741,0,0,0,0,0,0,Faible
718183833,Client actuel,30,F,1,Licence,Célibataire,Moins de $40K,Blue,18,2,1,0,68,0.0,0,0,1,0,1,2,Modéré
717985158,Client actuel,47,M,2,Licence,Non connu,$40K - $60K,Blue,37,3,1,1373,81,0.588,0,0,0,0,0,0,Faible
771928608,Client actuel,34,M,1,Sans diplôme,Célibataire,$60K - $80K,Blue,23,1,1,1832,74,0.901,0,0,0,0,0,0,Faible
713355708,Client actuel,41,F,3,Lycée (équivalent baccalauréat),Marié(e),Non connu,Blue,31,6,3,1878,84,0.396,1,0,0,0,0,1,Faible
816761433,Client actuel,36,M,2,Niveau Bac+2,Célibataire,$80K - $120K,Blue,31,2,3,764,96,0.131,0,0,0,0,1,1,Faible
714245358,Client actuel,47,F,3,Licence,Divorcé(e),Moins de $40K,Blue,36,3,2,1566,77,0.718,0,0,0,0,0,0,Faible
716313858,Client actuel,53,F,3,Licence,Marié(e),Moins de $40K,Blue,36,4,0,913,84,0.275,1,0,0,0,0,1,Faible
714868608,Client actuel,52,F,4,Licence,Marié(e),Moins de $40K,Blue,36,3,1,1530,76,0.506,0,0,0,0,0,0,Faible
717273333,Client actuel,49,M,5,Niveau Bac+2,Marié(e),$80K - $120K,Blue,37,2,2,0,84,0.0,0,0,1,0,1,2,Modéré
711631158,Client actuel,52,F,2,Lycée (équivalent baccalauréat),Célibataire,Moins de $40K,Blue,42,2,2,869,77,0.604,0,0,0,0,0,0,Faible
790204983,Client actuel,46,F,2,Licence,Marié(e),Non connu,Blue,40,5,3,0,93,0.0,1,0,1,0,1,3,Modéré
822051858,Client actuel,26,F,0,Licence,Célibataire,Moins de $40K,Blue,22,1,3,0,82,0.0,0,0,1,0,1,2,Modéré
715144383,Client actuel,40,F,3,Lycée (équivalent baccalauréat),Célibataire,Non connu,Blue,36,3,2,2034,83,0.319,0,0,0,0,0,0,Faible
717971208,Client actuel,39,F,5,Licence,Célibataire,Moins de $40K,Blue,28,3,2,0,69,0.0,0,0,1,0,1,2,Modéré
718829358,Client actuel,40,F,3,Sans diplôme,Divorcé(e),$40K - $60K,Blue,32,1,2,958,76,0.49,0,0,0,0,0,0,Faible
714144258,Client actuel,43,F,3,Licence,Marié(e),Moins de $40K,Blue,34,2,1,2517,66,0.924,0,0,0,0,0,0,Faible
797666358,Client actuel,46,F,4,Sans diplôme,Non connu,$40K - $60K,Blue,40,3,1,843,65,0.572,0,0,0,0,0,0,Faible
709965858,Client actuel,46,M,1,Lycée (équivalent baccalauréat),Marié(e),$120K +,Blue,28,3,3,1792,80,0.181,0,0,0,0,0,0,Faible
779980758,Client actuel,58,M,2,Lycée (équivalent baccalauréat),Divorcé(e),$60K - $80K,Blue,46,2,0,1176,73,0.477,0,0,0,0,0,0,Faible
811775883,Client actuel,46,M,4,Licence,Divorcé(e),$60K - $80K,Blue,41,2,1,2336,96,0.433,0,0,0,0,0,0,Faible
799720158,Client actuel,50,M,1,Licence,Célibataire,$80K - $120K,Blue,44,3,2,1133,86,0.336,0,0,0,0,0,0,Faible
713503983,Client actuel,55,F,3,Niveau Bac+2,Marié(e),$40K - $60K,Blue,36,1,3,1231,71,0.55,0,0,0,0,0,0,Faible
712137033,Client actuel,52,F,2,Niveau Bac+2,Marié(e),Non connu,Blue,45,1,2,1719,63,0.628,0,0,0,0,0,0,Faible
715910883,Client actuel,48,F,1,Lycée (équivalent baccalauréat),Marié(e),Moins de $40K,Blue,40,4,3,1384,94,0.332,1,0,0,0,0,1,Faible
718142958,Client actuel,46,M,4,Licence,Célibataire,$60K - $80K,Blue,27,3,2,960,94,0.044,0,0,0,0,1,1,Faible
719359458,Client actuel,49,F,2,Sans diplôme,Célibataire,Moins de $40K,Blue,42,3,2,0,66,0.0,0,0,1,0,1,2,Modéré
714869958,Client actuel,55,M,2,Sans diplôme,Célibataire,$120K +,Blue,36,2,3,2364,71,0.079,0,0,0,0,1,1,Faible
771163533,Client actuel,52,F,1,Non connu,Marié(e),$40K - $60K,Blue,39,2,1,635,79,0.441,0,0,1,0,0,1,Faible
709028208,Client actuel,44,F,2,Licence,Marié(e),Non connu,Blue,37,3,2,1274,63,0.053,0,0,0,0,1,1,Faible
719834208,Client actuel,42,M,2,Licence,Marié(e),$60K - $80K,Blue,35,1,2,1288,81,0.604,0,0,0,0,0,0,Faible
779305008,Client actuel,41,F,4,Lycée (équivalent baccalauréat),Célibataire,Moins de $40K,Blue,23,2,2,2053,76,0.737,0,0,0,0,0,0,Faible
714506583,Client actuel,48,F,4,Licence,Non connu,Moins de $40K,Blue,38,3,1,0,78,0.0,0,0,1,0,1,2,Modéré
708450033,Client actuel,43,F,3,Lycée (équivalent baccalauréat),Non connu,Moins de $40K,Blue,13,2,1,2269,79,0.871,0,0,0,0,0,0,Faible
719606133,Client actuel,42,M,2,Licence,Célibataire,$60K - $80K,Blue,31,2,1,2296,88,0.444,0,0,0,0,0,0,Faible
789772983,Client actuel,49,M,3,Niveau Bac+2,Non connu,$80K - $120K,Blue,38,3,3,0,56,0.0,0,0,1,0,1,2,Modéré
720656883,Client actuel,50,F,3,Licence,Célibataire,Moins de $40K,Blue,40,3,1,501,69,0.271,0,0,1,0,0,1,Faible
718108758,Client actuel,43,M,2,Non connu,Célibataire,$60K - $80K,Blue,36,1,2,1759,86,0.291,0,0,0,0,0,0,Faible
709408983,Client actuel,54,M,2,Lycée (équivalent baccalauréat),Marié(e),$120K +,Blue,42,2,3,889,91,0.169,0,0,0,0,0,0,Faible
771592458,Client actuel,48,F,1,Licence,Non connu,Moins de $40K,Blue,36,2,3,1059,79,0.62,0,0,0,0,0,0,Faible
778932633,Client actuel,57,F,2,Licence,Marié(e),Moins de $40K,Blue,40,3,2,1185,83,0.727,0,0,0,0,0,0,Faible
708669408,Client actuel,54,M,5,Niveau Bac+2,Célibataire,$60K - $80K,Blue,45,1,3,0,75,0.0,0,0,1,0,1,2,Modéré
779947908,Client actuel,56,M,2,Licence,Divorcé(e),$120K +,Blue,45,3,1,1435,66,0.435,0,0,0,0,0,0,Faible
716007708,Client actuel,48,M,2,Licence,Marié(e),$120K +,Blue,37,1,2,1279,73,0.143,0,0,0,0,1,1,Faible
767574108,Client actuel,49,F,1,Niveau Bac+2,Marié(e),Moins de $40K,Blue,43,3,2,786,64,0.546,0,0,0,0,0,0,Faible
720777558,Client actuel,46,F,4,Licence,Célibataire,Moins de $40K,Blue,38,2,2,1713,79,0.641,0,0,0,0,0,0,Faible
816841083,Client actuel,58,F,3,Niveau Bac+2,Marié(e),Moins de $40K,Blue,53,3,1,1566,90,0.628,0,0,0,0,0,0,Faible
778849908,Client actuel,59,F,1,Doctorat,Marié(e),Moins de $40K,Blue,40,3,1,2452,81,0.913,0,0,0,0,0,0,Faible
708745983,Client actuel,37,F,2,Non connu,Marié(e),$40K - $60K,Blue,36,2,2,1559,81,0.706,0,0,0,0,0,0,Faible
779404383,Client actuel,47,F,5,Sans diplôme,Divorcé(e),Non connu,Blue,36,2,3,1235,76,0.098,0,0,0,0,1,1,Faible
718607883,Client actuel,41,M,3,Master,Célibataire,$80K - $120K,Blue,30,2,2,2517,81,0.141,0,0,0,0,1,1,Faible
710542983,Client actuel,48,F,4,Licence,Marié(e),Moins de $40K,Blue,21,6,0,0,87,0.0,1,0,1,0,1,3,Modéré
709769283,Client actuel,36,F,4,Non connu,Divorcé(e),Non connu,Blue,16,3,3,0,70,0.0,0,0,1,0,1,2,Modéré
721253508,Client actuel,40,M,3,Lycée (équivalent baccalauréat),Marié(e),$80K - $120K,Blue,36,3,1,2356,84,0.245,0,0,0,0,0,0,Faible
801037833,Client actuel,38,M,2,Sans diplôme,Célibataire,$80K - $120K,Blue,32,2,3,2517,87,0.789,0,0,0,0,0,0,Faible
711452583,Client actuel,43,F,4,Licence,Non connu,Non connu,Blue,36,5,1,2517,60,0.906,1,0,0,0,0,1,Faible
708176208,Client actuel,48,F,1,Licence,Marié(e),$40K - $60K,Blue,36,4,1,0,80,0.0,1,0,1,0,1,3,Modéré
716474358,Client actuel,43,F,3,Non connu,Marié(e),Moins de $40K,Blue,35,3,2,729,74,0.424,0,0,0,0,0,0,Faible
713121408,Client actuel,38,M,3,Niveau Bac+2,Marié(e),$80K - $120K,Blue,30,3,2,1667,69,0.419,0,0,0,0,0,0,Faible
794567133,Client actuel,52,F,2,Lycée (équivalent baccalauréat),Célibataire,Moins de $40K,Blue,35,2,3,808,70,0.414,0,0,0,0,0,0,Faible
717609633,Client actuel,44,M,3,Non connu,Marié(e),$120K +,Blue,32,2,2,1759,58,0.138,0,0,0,0,1,1,Faible
708899283,Client actuel,40,F,3,Sans diplôme,Célibataire,Non connu,Blue,28,3,3,1935,81,0.719,0,0,0,0,0,0,Faible
772415808,Client actuel,48,F,5,Master,Marié(e),$40K - $60K,Blue,38,3,1,716,78,0.245,0,0,0,0,0,0,Faible
716176683,Client actuel,46,M,4,Licence,Célibataire,$80K - $120K,Blue,33,1,1,1748,78,0.737,0,0,0,0,0,0,Faible
709245783,Client actuel,44,F,3,Licence,Marié(e),Non connu,Blue,27,1,1,1965,90,0.254,0,0,0,0,0,0,Faible
711900033,Client actuel,57,F,0,Doctorat,Marié(e),Non connu,Blue,46,2,1,1734,81,0.372,0,0,0,0,0,0,Faible
712566258,Client actuel,40,F,2,Master,Divorcé(e),Non connu,Blue,27,3,1,2023,77,0.238,0,0,0,0,0,0,Faible
712732908,Client actuel,36,M,4,Licence,Marié(e),$80K - $120K,Blue,36,3,1,1450,84,0.641,0,0,0,0,0,0,Faible
717908208,Client actuel,43,F,3,Licence,Divorcé(e),Moins de $40K,Blue,36,1,2,1595,82,0.632,0,0,0,0,0,0,Faible
826136283,Client actuel,38,F,3,Lycée (équivalent baccalauréat),Marié(e),Moins de $40K,Blue,34,3,2,1981,66,0.809,0,0,0,0,0,0,Faible
778714833,Client actuel,36,F,4,Niveau Bac+2,Marié(e),Non connu,Blue,18,3,2,1760,92,0.448,0,0,0,0,0,0,Faible
778659108,Client actuel,51,F,2,Lycée (équivalent baccalauréat),Célibataire,Non connu,Blue,31,2,1,2203,81,0.46,0,0,0,0,0,0,Faible
720374808,Client actuel,41,F,2,Non connu,Non connu,Moins de $40K,Blue,34,3,3,1928,78,0.673,0,0,0,0,0,0,Faible
719592483,Client actuel,43,F,5,Licence,Célibataire,Non connu,Blue,34,6,3,2440,77,0.53,1,0,0,0,0,1,Faible
714702033,Client actuel,43,F,4,Licence,Non connu,Moins de $40K,Blue,34,3,3,979,75,0.497,0,0,0,0,0,0,Faible
779122908,Client actuel,55,F,3,Licence,Célibataire,$40K - $60K,Blue,37,1,2,1437,82,0.451,0,0,0,0,0,0,Faible
710676483,Client actuel,38,F,2,Non connu,Marié(e),Moins de $40K,Blue,36,2,2,0,77,0.0,0,0,1,0,1,2,Modéré
827712108,Client actuel,42,F,5,Licence,Marié(e),Moins de $40K,Blue,38,1,2,1373,72,0.585,0,0,0,0,0,0,Faible
769200858,Client actuel,34,F,4,Licence,Célibataire,Moins de $40K,Blue,28,2,3,0,86,0.0,0,0,1,0,1,2,Modéré
779114283,Client actuel,40,F,5,Lycée (équivalent baccalauréat),Célibataire,Moins de $40K,Blue,22,1,2,944,65,0.517,0,0,0,0,0,0,Faible
716201133,Client actuel,35,F,2,Lycée (équivalent baccalauréat),Marié(e),Moins de $40K,Blue,36,3,1,0,76,0.0,0,0,1,0,1,2,Modéré
817968783,Client actuel,51,F,3,Licence,Célibataire,Moins de $40K,Blue,46,3,1,1499,70,0.512,0,0,0,0,0,0,Faible
826480308,Client actuel,53,M,3,Licence,Non connu,$80K - $120K,Blue,49,2,1,1869,74,0.391,0,0,0,0,0,0,Faible
720307683,Client actuel,43,F,4,Licence,Divorcé(e),Moins de $40K,Blue,36,2,2,743,78,0.517,0,0,0,0,0,0,Faible
709618308,Client actuel,46,F,3,Lycée (équivalent baccalauréat),Célibataire,$40K - $60K,Silver,40,3,1,1487,48,0.092,0,0,0,0,1,1,Faible
710119233,Client actuel,37,M,1,Lycée (équivalent baccalauréat),Marié(e),$120K +,Blue,26,2,1,1925,63,0.164,0,0,0,0,0,0,Faible
789419658,Client actuel,47,F,4,Niveau Bac+2,Marié(e),Non connu,Blue,38,2,1,0,89,0.0,0,0,1,0,1,2,Modéré
789800358,Client actuel,45,F,3,Lycée (équivalent baccalauréat),Marié(e),Moins de $40K,Blue,34,1,3,1288,78,0.487,0,0,0,0,0,0,Faible
715466133,Client actuel,50,F,1,Doctorat,Marié(e),Non connu,Blue,40,3,1,1410,75,0.566,0,0,0,0,0,0,Faible
717659883,Client actuel,46,F,2,Licence,Célibataire,Non connu,Blue,36,3,3,1106,64,0.457,0,0,0,0,0,0,Faible
781942983,Client actuel,50,M,1,Non connu,Célibataire,$120K +,Blue,44,3,1,0,88,0.0,0,0,1,0,1,2,Modéré
712755783,Client actuel,49,F,1,Licence,Divorcé(e),$40K - $60K,Blue,40,2,3,0,77,0.0,0,0,1,0,1,2,Modéré
779551533,Client actuel,54,F,3,Doctorat,Célibataire,Moins de $40K,Blue,39,3,3,0,92,0.0,0,0,1,0,1,2,Modéré
714405183,Client actuel,47,F,3,Licence,Marié(e),Moins de $40K,Blue,36,2,2,1519,60,0.855,0,0,0,0,0,0,Faible
801783108,Client actuel,46,M,3,Niveau Bac+2,Marié(e),$120K +,Blue,40,3,3,0,69,0.0,0,0,1,0,1,2,Modéré
779839758,Client actuel,47,F,2,Master,Célibataire,Non connu,Blue,31,2,3,0,92,0.0,0,0,1,0,1,2,Modéré
820648608,Client actuel,46,F,2,Master,Marié(e),Moins de $40K,Blue,41,1,3,1879,79,0.736,0,0,0,0,0,0,Faible
787587033,Client actuel,42,F,4,Licence,Célibataire,Moins de $40K,Blue,32,1,2,1992,87,0.665,0,0,0,0,0,0,Faible
813967983,Client actuel,44,F,2,Niveau Bac+2,Marié(e),$40K - $60K,Blue,39,1,2,775,71,0.456,0,0,0,0,0,0,Faible
718067658,Client actuel,53,F,3,Non connu,Célibataire,Non connu,Blue,40,3,1,0,79,0.0,0,0,1,0,1,2,Modéré
709952658,Client actuel,46,F,3,Licence,Non connu,Moins de $40K,Blue,33,3,2,2491,62,0.823,0,0,0,0,0,0,Faible
789631908,Client actuel,51,M,4,Lycée (équivalent baccalauréat),Célibataire,$60K - $80K,Blue,45,1,2,1787,85,0.59,0,0,0,0,0,0,Faible
789089958,Client actuel,57,M,2,Lycée (équivalent baccalauréat),Célibataire,$60K - $80K,Silver,45,2,3,0,81,0.0,0,0,1,0,1,2,Modéré
721256808,Client actuel,35,F,2,Non connu,Célibataire,Moins de $40K,Blue,20,1,2,1935,86,0.719,0,0,0,0,0,0,Faible
721269108,Client actuel,45,F,5,Licence,Célibataire,Moins de $40K,Blue,33,3,3,1249,87,0.546,0,0,0,0,0,0,Faible
767958933,Client actuel,40,M,4,Niveau Bac+2,Marié(e),$40K - $60K,Silver,34,2,1,1291,77,0.083,0,0,0,0,1,1,Faible
779866458,Client actuel,40,F,5,Sans diplôme,Marié(e),Moins de $40K,Blue,24,1,1,793,67,0.389,0,0,0,0,0,0,Faible
721246833,Client actuel,47,F,3,Non connu,Non connu,Moins de $40K,Blue,36,2,3,1089,70,0.558,0,0,0,0,0,0,Faible
709813008,Client actuel,44,F,3,Lycée (équivalent baccalauréat),Non connu,Moins de $40K,Blue,35,3,0,2415,93,0.711,0,0,0,0,0,0,Faible
710219658,Client actuel,48,F,3,Doctorat,Marié(e),Non connu,Blue,44,3,3,1186,74,0.587,0,0,0,0,0,0,Faible
789121233,Client actuel,53,F,2,Non connu,Célibataire,Moins de $40K,Blue,41,1,3,2290,76,0.983,0,0,0,0,0,0,Faible
720205608,Client actuel,52,F,1,Sans diplôme,Marié(e),Non connu,Blue,36,1,1,0,77,0.0,0,0,1,0,1,2,Modéré
718186233,Client actuel,34,F,3,Sans diplôme,Célibataire,Moins de $40K,Blue,26,2,3,971,71,0.3,0,0,0,0,0,0,Faible
710466633,Client actuel,55,F,3,Lycée (équivalent baccalauréat),Marié(e),Moins de $40K,Blue,44,1,1,0,76,0.0,0,0,1,0,1,2,Modéré
711153783,Client actuel,44,F,3,Sans diplôme,Célibataire,Moins de $40K,Blue,36,3,1,541,70,0.376,0,0,1,0,0,1,Faible
788885133,Client actuel,57,F,3,Niveau Bac+2,Non connu,Moins de $40K,Silver,42,1,1,2422,63,0.191,0,0,0,0,0,0,Faible
719532108,Client actuel,40,F,5,Lycée (équivalent baccalauréat),Marié(e),Moins de $40K,Blue,31,2,2,2208,68,0.785,0,0,0,0,0,0,Faible
757643733,Client actuel,42,F,2,Master,Célibataire,Moins de $40K,Blue,35,3,2,0,79,0.0,0,0,1,0,1,2,Modéré
715122858,Client actuel,55,F,2,Licence,Marié(e),$40K - $60K,Blue,36,3,3,0,81,0.0,0,0,1,0,1,2,Modéré
708273858,Client actuel,40,M,3,Licence,Divorcé(e),$120K +,Blue,30,2,1,0,80,0.0,0,0,1,0,1,2,Modéré
803952408,Client actuel,52,F,3,Sans diplôme,Marié(e),Moins de $40K,Blue,47,3,2,1486,77,0.591,0,0,0,0,0,0,Faible
778394358,Client actuel,46,F,2,Lycée (équivalent baccalauréat),Divorcé(e),Moins de $40K,Blue,26,3,1,1785,88,0.955,0,0,0,0,0,0,Faible
713180433,Client actuel,56,F,2,Licence,Célibataire,Non connu,Blue,48,3,2,2517,87,0.64,0,0,0,0,0,0,Faible
787458783,Client actuel,49,F,4,Lycée (équivalent baccalauréat),Marié(e),Moins de $40K,Blue,35,3,2,2133,83,0.702,0,0,0,0,0,0,Faible
720315933,Client actuel,53,F,1,Sans diplôme,Célibataire,Moins de $40K,Blue,39,2,3,1276,76,0.644,0,0,0,0,0,0,Faible
739828308,Client actuel,55,M,3,Sans diplôme,Célibataire,$120K +,Blue,48,2,2,1743,68,0.564,0,0,0,0,0,0,Faible
720959058,Client actuel,44,F,3,Non connu,Célibataire,Non connu,Blue,33,3,1,2417,67,0.3,0,0,0,0,0,0,Faible
789939558,Client actuel,54,F,2,Niveau Bac+2,Marié(e),Non connu,Blue,45,3,2,1841,87,0.407,0,0,0,0,0,0,Faible
714169908,Client actuel,53,F,0,Licence,Célibataire,Moins de $40K,Blue,34,2,1,1140,82,0.586,0,0,0,0,0,0,Faible
796145133,Client actuel,46,F,2,Sans diplôme,Marié(e),Non connu,Blue,40,2,2,1716,86,0.282,0,0,0,0,0,0,Faible
789233808,Client actuel,38,F,3,Licence,Marié(e),Non connu,Blue,27,2,2,1396,74,0.576,0,0,0,0,0,0,Faible
709071408,Client actuel,56,F,5,Licence,Célibataire,$40K - $60K,Blue,37,2,1,1702,74,0.653,0,0,0,0,0,0,Faible
815830083,Client actuel,53,F,3,Sans diplôme,Célibataire,Moins de $40K,Blue,48,2,1,1215,72,0.622,0,0,0,0,0,0,Faible
715932708,Client actuel,41,M,3,Non connu,Non connu,$60K - $80K,Blue,36,3,1,1614,75,0.278,0,0,0,0,0,0,Faible
715281933,Client actuel,43,F,3,Lycée (équivalent baccalauréat),Célibataire,Moins de $40K,Blue,36,3,2,0,73,0.0,0,0,1,0,1,2,Modéré
717446208,Client actuel,62,F,0,Lycée (équivalent baccalauréat),Célibataire,Moins de $40K,Blue,36,2,1,1980,69,0.528,0,0,0,0,0,0,Faible
715236783,Client actuel,42,F,4,Niveau Bac+2,Divorcé(e),$40K - $60K,Blue,36,3,2,2517,87,0.674,0,0,0,0,0,0,Faible
804583833,Client actuel,56,F,2,Lycée (équivalent baccalauréat),Marié(e),Non connu,Blue,51,1,3,1243,87,0.692,0,0,0,0,0,0,Faible
715321983,Client actuel,33,F,2,Doctorat,Marié(e),$40K - $60K,Blue,36,2,1,1867,75,0.679,0,0,0,0,0,0,Faible
717773433,Client actuel,57,F,0,Licence,Marié(e),Moins de $40K,Blue,45,1,2,0,98,0.0,0,0,1,0,1,2,Modéré
778632933,Client actuel,49,F,3,Niveau Bac+2,Marié(e),Moins de $40K,Blue,29,1,2,1998,79,0.784,0,0,0,0,0,0,Faible
808527183,Client actuel,46,F,3,Niveau Bac+2,Marié(e),Moins de $40K,Blue,41,1,1,949,94,0.637,0,0,0,0,0,0,Faible
797218233,Client actuel,51,F,2,Non connu,Célibataire,Moins de $40K,Blue,45,1,0,0,82,0.0,0,0,1,0,1,2,Modéré
710612583,Client actuel,52,M,4,Lycée (équivalent baccalauréat),Non connu,$60K - $80K,Blue,36,3,2,1740,80,0.67,0,0,0,0,0,0,Faible
712613808,Client actuel,45,F,5,Niveau Bac+2,Célibataire,Non connu,Blue,32,3,3,658,69,0.11,0,0,1,0,1,2,Modéré
807173358,Client actuel,56,F,0,Master,Marié(e),Moins de $40K,Blue,51,2,3,878,76,0.243,0,0,0,0,0,0,Faible
778349883,Client actuel,56,F,0,Sans diplôme,Célibataire,Moins de $40K,Blue,36,3,1,2114,75,0.657,0,0,0,0,0,0,Faible
714668433,Client actuel,51,F,4,Licence,Célibataire,Moins de $40K,Blue,36,3,1,1898,67,0.753,0,0,0,0,0,0,Faible
720967233,Client actuel,43,F,2,Non connu,Marié(e),Moins de $40K,Blue,29,1,1,2517,88,0.757,0,0,0,0,0,0,Faible
718629858,Client actuel,42,F,2,Sans diplôme,Marié(e),Non connu,Blue,32,5,3,0,89,0.0,1,0,1,0,1,3,Modéré
737962608,Client actuel,48,F,4,Niveau Bac+2,Divorcé(e),Moins de $40K,Blue,41,3,2,2517,78,0.672,0,0,0,0,0,0,Faible
714142158,Client actuel,59,F,0,Licence,Marié(e),Moins de $40K,Blue,48,2,1,1411,92,0.666,0,0,0,0,0,0,Faible
715390608,Client actuel,45,F,5,Licence,Marié(e),Moins de $40K,Blue,39,3,2,1209,81,0.422,0,0,0,0,0,0,Faible
715243458,Client actuel,45,F,2,Licence,Célibataire,$40K - $60K,Blue,36,3,1,1304,94,0.569,0,0,0,0,0,0,Faible
715418508,Client actuel,51,M,1,Sans diplôme,Célibataire,$120K +,Blue,36,1,3,590,72,0.068,0,0,1,0,1,2,Modéré
711164508,Client actuel,49,F,1,Licence,Divorcé(e),Non connu,Silver,43,3,1,1163,71,0.034,0,0,0,0,1,1,Faible
713239308,Client actuel,43,F,2,Lycée (équivalent baccalauréat),Marié(e),Non connu,Blue,36,3,3,1694,85,0.632,0,0,0,0,0,0,Faible
712323183,Client actuel,38,M,3,Non connu,Marié(e),$80K - $120K,Blue,22,2,1,0,63,0.0,0,0,1,0,1,2,Modéré
797410983,Client actuel,45,F,3,Lycée (équivalent baccalauréat),Marié(e),Non connu,Blue,39,2,2,745,83,0.518,0,0,0,0,0,0,Faible
721167783,Client actuel,54,M,4,Lycée (équivalent baccalauréat),Célibataire,$80K - $120K,Blue,39,3,3,2465,69,0.317,0,0,0,0,0,0,Faible
714060408,Client actuel,57,F,3,Lycée (équivalent baccalauréat),Célibataire,Non connu,Blue,37,1,2,1603,82,0.525,0,0,0,0,0,0,Faible
715515333,Client actuel,51,M,3,Licence,Marié(e),$120K +,Blue,42,1,3,2140,92,0.27,0,0,0,0,0,0,Faible
806970033,Client actuel,48,M,3,Lycée (équivalent baccalauréat),Non connu,$40K - $60K,Blue,43,2,3,1434,77,0.818,0,0,0,0,0,0,Faible
817337958,Client actuel,48,F,5,Doctorat,Marié(e),Moins de $40K,Blue,33,1,3,1176,74,0.202,0,0,0,0,0,0,Faible
788132208,Client actuel,53,F,2,Licence,Marié(e),$40K - $60K,Blue,38,2,1,1003,70,0.504,0,0,0,0,0,0,Faible
812653383,Client actuel,55,F,1,Niveau Bac+2,Célibataire,$40K - $60K,Blue,50,3,3,1520,92,0.825,0,0,0,0,0,0,Faible
709762908,Client actuel,52,F,1,Sans diplôme,Marié(e),Non connu,Blue,40,2,1,1228,78,0.854,0,0,0,0,0,0,Faible
717114708,Client actuel,34,F,0,Licence,Marié(e),$40K - $60K,Blue,26,3,2,1830,77,0.612,0,0,0,0,0,0,Faible
767388783,Client actuel,43,M,3,Lycée (équivalent baccalauréat),Marié(e),$60K - $80K,Blue,36,3,1,0,66,0.0,0,0,1,0,1,2,Modéré
773275083,Client actuel,49,F,3,Niveau Bac+2,Marié(e),Non connu,Blue,37,3,0,966,79,0.313,0,0,0,0,0,0,Faible
719971458,Client actuel,49,M,5,Licence,Marié(e),$80K - $120K,Blue,41,3,2,1490,74,0.282,0,0,0,0,0,0,Faible
721001883,Client actuel,41,M,3,Sans diplôme,Marié(e),$60K - $80K,Blue,30,1,2,1618,47,0.83,0,0,0,0,0,0,Faible
778245633,Client actuel,43,F,3,Licence,Célibataire,Non connu,Blue,33,3,1,1818,70,0.777,0,0,0,0,0,0,Faible
718535733,Client actuel,40,F,1,Sans diplôme,Divorcé(e),Moins de $40K,Blue,25,3,1,2047,79,0.545,0,0,0,0,0,0,Faible
711909933,Client actuel,54,M,4,Non connu,Marié(e),$80K - $120K,Blue,42,3,1,618,83,0.381,0,0,1,0,0,1,Faible
709253433,Client actuel,50,F,2,Sans diplôme,Marié(e),$40K - $60K,Blue,41,1,2,1912,58,0.175,0,0,0,0,0,0,Faible
719797758,Client actuel,56,F,1,Lycée (équivalent baccalauréat),Célibataire,Moins de $40K,Blue,36,1,1,2517,84,0.736,0,0,0,0,0,0,Faible
789420933,Client actuel,39,F,2,Sans diplôme,Marié(e),Moins de $40K,Blue,30,1,3,778,87,0.25,0,0,0,0,0,0,Faible
715335558,Client actuel,43,F,5,Sans diplôme,Célibataire,Moins de $40K,Blue,36,1,2,907,81,0.489,0,0,0,0,0,0,Faible
711516783,Client actuel,47,F,4,Sans diplôme,Marié(e),$40K - $60K,Blue,36,1,1,1119,91,0.519,0,0,0,0,0,0,Faible
798917883,Client actuel,42,F,4,Niveau Bac+2,Célibataire,Moins de $40K,Blue,36,3,2,2517,76,0.607,0,0,0,0,0,0,Faible
721525758,Client actuel,45,M,5,Doctorat,Marié(e),$80K - $120K,Blue,35,2,2,1229,77,0.552,0,0,0,0,0,0,Faible
716249508,Client actuel,48,F,5,Lycée (équivalent baccalauréat),Marié(e),$40K - $60K,Blue,36,2,1,0,85,0.0,0,0,1,0,1,2,Modéré
716953083,Client actuel,53,F,2,Licence,Marié(e),Non connu,Blue,41,2,2,1260,81,0.616,0,0,0,0,0,0,Faible
711766758,Client actuel,42,F,4,Non connu,Marié(e),Moins de $40K,Blue,30,2,1,987,67,0.645,0,0,0,0,0,0,Faible
709432833,Client actuel,53,F,1,Non connu,Marié(e),Moins de $40K,Blue,36,2,3,1196,73,0.812,0,0,0,0,0,0,Faible
719964933,Client actuel,50,F,5,Licence,Célibataire,Moins de $40K,Blue,41,2,2,0,78,0.0,0,0,1,0,1,2,Modéré
719857008,Client actuel,37,F,1,Licence,Célibataire,$40K - $60K,Blue,36,3,1,2198,81,0.762,0,0,0,0,0,0,Faible
758340108,Client actuel,39,F,2,Licence,Célibataire,Moins de $40K,Silver,29,3,2,913,78,0.091,0,0,0,0,1,1,Faible
716481408,Client actuel,38,F,2,Licence,Célibataire,Moins de $40K,Blue,36,1,1,0,76,0.0,0,0,1,0,1,2,Modéré
789347133,Client actuel,38,F,2,Master,Marié(e),$40K - $60K,Blue,28,1,1,2395,79,0.536,0,0,0,0,0,0,Faible
719112258,Client actuel,42,M,4,Niveau Bac+2,Non connu,$60K - $80K,Blue,35,3,3,1360,79,0.541,0,0,0,0,0,0,Faible
710740008,Client actuel,57,M,1,Licence,Non connu,$80K - $120K,Blue,39,1,1,641,82,0.446,0,0,1,0,0,1,Faible
719372583,Client actuel,57,M,3,Licence,Célibataire,$120K +,Blue,36,2,1,1197,90,0.069,0,0,0,0,1,1,Faible
751350558,Client actuel,57,F,1,Lycée (équivalent baccalauréat),Marié(e),Moins de $40K,Blue,50,2,2,0,85,0.0,0,0,1,0,1,2,Modéré
715123983,Client actuel,43,F,1,Niveau Bac+2,Célibataire,Moins de $40K,Blue,36,2,2,2517,81,0.753,0,0,0,0,0,0,Faible
709250508,Client actuel,63,M,1,Sans diplôme,Célibataire,Moins de $40K,Blue,56,1,2,2517,88,0.361,0,0,0,0,0,0,Faible
719025333,Client actuel,48,M,2,Master,Marié(e),$40K - $60K,Blue,42,2,0,0,59,0.0,0,0,1,0,1,2,Modéré
718566858,Client actuel,46,F,2,Niveau Bac+2,Célibataire,Moins de $40K,Blue,36,2,2,0,79,0.0,0,0,1,0,1,2,Modéré
710675508,Client actuel,40,F,3,Niveau Bac+2,Non connu,Non connu,Blue,28,3,1,1190,98,0.513,0,0,0,0,0,0,Faible
818729208,Client actuel,52,M,3,Licence,Marié(e),$60K - $80K,Blue,47,3,3,941,77,0.115,0,0,0,0,1,1,Faible
709068183,Client actuel,53,M,4,Niveau Bac+2,Célibataire,$60K - $80K,Blue,42,3,3,0,87,0.0,0,0,1,0,1,2,Modéré
715358283,Client actuel,57,F,2,Sans diplôme,Marié(e),Moins de $40K,Blue,46,3,2,1139,73,0.535,0,0,0,0,0,0,Faible
710966433,Client actuel,50,F,3,Sans diplôme,Marié(e),Moins de $40K,Blue,36,2,2,1404,67,0.537,0,0,0,0,0,0,Faible
714087258,Client actuel,49,F,1,Sans diplôme,Divorcé(e),Moins de $40K,Blue,36,3,2,0,72,0.0,0,0,1,0,1,2,Modéré
756383283,Client actuel,38,F,3,Niveau Bac+2,Marié(e),Moins de $40K,Blue,31,1,3,2517,80,0.456,0,0,0,0,0,0,Faible
718133733,Client actuel,44,F,4,Master,Non connu,Moins de $40K,Blue,36,1,1,1540,76,0.21,0,0,0,0,0,0,Faible
720823458,Client actuel,59,F,2,Non connu,Marié(e),Moins de $40K,Blue,46,6,2,1907,85,0.365,1,0,0,0,0,1,Faible
720027258,Client actuel,53,F,2,Lycée (équivalent baccalauréat),Célibataire,Moins de $40K,Blue,40,1,3,0,73,0.0,0,0,1,0,1,2,Modéré
807604233,Client actuel,54,M,3,Licence,Marié(e),$80K - $120K,Blue,49,3,3,2482,81,0.223,0,0,0,0,0,0,Faible
801786483,Client actuel,51,M,0,Lycée (équivalent baccalauréat),Célibataire,$80K - $120K,Blue,45,2,3,2517,89,0.236,0,0,0,0,0,0,Faible
789138258,Client actuel,45,F,3,Lycée (équivalent baccalauréat),Célibataire,Moins de $40K,Blue,34,3,2,2372,83,0.797,0,0,0,0,0,0,Faible
779642733,Client actuel,42,F,5,Non connu,Marié(e),Moins de $40K,Blue,25,1,1,2238,77,0.796,0,0,0,0,0,0,Faible
771735933,Client actuel,48,M,2,Lycée (équivalent baccalauréat),Marié(e),$80K - $120K,Blue,36,1,1,1722,82,0.16,0,0,0,0,1,1,Faible
789917208,Client actuel,40,F,4,Lycée (équivalent baccalauréat),Marié(e),Moins de $40K,Blue,31,3,3,1781,69,0.905,0,0,0,0,0,0,Faible
779608083,Client actuel,55,M,2,Doctorat,Célibataire,Moins de $40K,Blue,44,2,2,1247,62,0.32,0,0,0,0,0,0,Faible
711287733,Client actuel,45,M,4,Non connu,Marié(e),$40K - $60K,Blue,36,2,1,1289,74,0.273,0,0,0,0,0,0,Faible
774675933,Client actuel,40,M,3,Niveau Bac+2,Divorcé(e),$80K - $120K,Silver,34,1,3,2052,62,0.059,0,0,0,0,1,1,Faible
716741508,Client actuel,33,F,3,Lycée (équivalent baccalauréat),Marié(e),Moins de $40K,Blue,21,1,3,1167,65,0.412,0,0,0,0,0,0,Faible
721106133,Client actuel,57,F,3,Sans diplôme,Divorcé(e),Non connu,Blue,36,4,1,1789,82,0.774,1,0,0,0,0,1,Faible
716698608,Client actuel,51,M,2,Non connu,Célibataire,$80K - $120K,Blue,39,1,1,0,87,0.0,0,0,1,0,1,2,Modéré
718116933,Client actuel,53,F,3,Licence,Célibataire,Moins de $40K,Blue,36,3,1,630,79,0.438,0,0,1,0,0,1,Faible
720513333,Client actuel,46,M,3,Lycée (équivalent baccalauréat),Célibataire,$80K - $120K,Blue,39,1,3,1724,78,0.081,0,0,0,0,1,1,Faible
720482583,Client actuel,52,F,1,Niveau Bac+2,Marié(e),Non connu,Blue,43,3,1,2163,69,0.207,0,0,0,0,0,0,Faible
719584608,Client actuel,40,M,4,Lycée (équivalent baccalauréat),Non connu,$40K - $60K,Blue,32,1,1,0,79,0.0,0,0,1,0,1,2,Modéré
709477233,Client actuel,37,F,2,Lycée (équivalent baccalauréat),Célibataire,Non connu,Blue,36,2,1,1621,79,0.691,0,0,0,0,0,0,Faible
779397183,Client actuel,42,F,2,Licence,Célibataire,Moins de $40K,Blue,31,1,1,0,61,0.0,0,0,1,0,1,2,Modéré
714671658,Client actuel,38,F,5,Licence,Marié(e),Moins de $40K,Blue,31,5,2,1392,85,0.647,1,0,0,0,0,1,Faible
779218233,Client actuel,47,F,5,Master,Célibataire,Moins de $40K,Blue,37,3,3,0,75,0.0,0,0,1,0,1,2,Modéré
713456583,Client actuel,45,M,2,Lycée (équivalent baccalauréat),Marié(e),$80K - $120K,Silver,37,2,2,1495,70,0.043,0,0,0,0,1,1,Faible
790221633,Client actuel,44,F,4,Licence,Célibataire,$40K - $60K,Blue,38,3,3,2296,77,0.589,0,0,0,0,0,0,Faible
721299483,Client actuel,47,M,3,Licence,Célibataire,$80K - $120K,Blue,32,1,1,1304,71,0.112,0,0,0,0,1,1,Faible
711701958,Client actuel,48,M,1,Non connu,Célibataire,$60K - $80K,Blue,38,3,3,1999,63,0.176,0,0,0,0,0,0,Faible
783573408,Client actuel,42,F,4,Niveau Bac+2,Célibataire,$40K - $60K,Blue,36,1,2,2136,83,0.83,0,0,0,0,0,0,Faible
709641933,Client actuel,42,F,3,Licence,Marié(e),$40K - $60K,Blue,36,1,2,1869,84,0.544,0,0,0,0,0,0,Faible
718755483,Client actuel,44,M,2,Lycée (équivalent baccalauréat),Marié(e),$60K - $80K,Blue,36,2,1,959,86,0.131,0,0,0,0,1,1,Faible
720914358,Client actuel,46,F,3,Licence,Marié(e),Moins de $40K,Blue,36,2,3,1333,84,0.302,0,0,0,0,0,0,Faible
714811533,Client actuel,39,M,2,Lycée (équivalent baccalauréat),Non connu,$60K - $80K,Blue,32,2,2,0,91,0.0,0,0,1,0,1,2,Modéré
719898108,Client actuel,57,F,2,Doctorat,Marié(e),$40K - $60K,Blue,41,3,3,809,79,0.221,0,0,0,0,0,0,Faible
780338733,Client actuel,50,F,2,Licence,Marié(e),Moins de $40K,Blue,37,1,2,491,83,0.341,0,0,1,0,0,1,Faible
709810458,Client actuel,56,F,0,Non connu,Célibataire,Moins de $40K,Blue,44,2,0,768,72,0.486,0,0,0,0,0,0,Faible
821356083,Client actuel,54,F,3,Sans diplôme,Marié(e),$40K - $60K,Blue,49,1,3,0,87,0.0,0,0,1,0,1,2,Modéré
793428408,Client actuel,50,F,3,Sans diplôme,Marié(e),Moins de $40K,Blue,44,2,1,1185,76,0.742,0,0,0,0,0,0,Faible
746453583,Client actuel,56,F,1,Non connu,Marié(e),$40K - $60K,Blue,49,2,2,1395,85,0.536,0,0,0,0,0,0,Faible
771799008,Client actuel,61,F,1,Licence,Marié(e),Non connu,Blue,50,3,1,1405,79,0.418,0,0,0,0,0,0,Faible
719075883,Client actuel,38,F,3,Lycée (équivalent baccalauréat),Marié(e),$40K - $60K,Blue,27,3,3,2033,66,0.86,0,0,0,0,0,0,Faible
714986583,Client actuel,55,F,4,Sans diplôme,Célibataire,Moins de $40K,Blue,46,2,2,923,62,0.185,0,0,0,0,0,0,Faible
753233733,Client actuel,38,M,1,Licence,Célibataire,$80K - $120K,Blue,29,3,3,1290,61,0.599,0,0,0,0,0,0,Faible
789191358,Client actuel,55,M,4,Licence,Célibataire,$80K - $120K,Blue,44,3,2,794,80,0.428,0,0,0,0,0,0,Faible
772111083,Client actuel,50,M,1,Lycée (équivalent baccalauréat),Célibataire,$80K - $120K,Blue,39,3,2,1396,75,0.259,0,0,0,0,0,0,Faible
714961383,Client actuel,48,F,3,Sans diplôme,Célibataire,Moins de $40K,Blue,36,3,3,965,81,0.671,0,0,0,0,0,0,Faible
817288458,Client actuel,33,F,2,Licence,Célibataire,Moins de $40K,Blue,19,2,3,1737,82,0.338,0,0,0,0,0,0,Faible
719163108,Client actuel,44,M,3,Licence,Marié(e),$120K +,Blue,31,2,3,1325,62,0.333,0,0,0,0,0,0,Faible
713922183,Client actuel,52,M,2,Sans diplôme,Célibataire,$120K +,Blue,36,2,1,1259,73,0.502,0,0,0,0,0,0,Faible
716443608,Client actuel,46,F,3,Non connu,Non connu,Moins de $40K,Blue,36,3,1,1235,78,0.172,0,0,0,0,0,0,Faible
827953683,Client actuel,41,M,2,Licence,Marié(e),$60K - $80K,Blue,37,2,1,1171,75,0.309,0,0,0,0,0,0,Faible
789678483,Client actuel,50,F,2,Lycée (équivalent baccalauréat),Marié(e),Moins de $40K,Silver,37,3,2,0,77,0.0,0,0,1,0,1,2,Modéré
756306183,Client actuel,42,F,1,Niveau Bac+2,Marié(e),Moins de $40K,Blue,35,1,3,2517,71,0.876,0,0,0,0,0,0,Faible
736893108,Client actuel,33,F,2,Doctorat,Célibataire,Moins de $40K,Blue,26,3,2,0,87,0.0,0,0,1,0,1,2,Modéré
798045708,Client actuel,42,F,5,Licence,Marié(e),$40K - $60K,Blue,36,1,1,0,76,0.0,0,0,1,0,1,2,Modéré
715657833,Client actuel,52,F,3,Non connu,Célibataire,Moins de $40K,Blue,41,3,2,787,89,0.547,0,0,0,0,0,0,Faible
712111608,Client actuel,59,F,2,Master,Célibataire,Moins de $40K,Blue,54,1,3,0,72,0.0,0,0,1,0,1,2,Modéré
711792783,Client actuel,45,F,3,Non connu,Divorcé(e),$40K - $60K,Blue,26,1,2,1195,80,0.588,0,0,0,0,0,0,Faible
716067333,Client actuel,61,M,0,Licence,Marié(e),Non connu,Blue,36,3,3,945,84,0.136,0,0,0,0,1,1,Faible
714418158,Client actuel,63,F,0,Sans diplôme,Célibataire,Moins de $40K,Blue,56,2,2,851,69,0.117,0,0,0,0,1,1,Faible
713634108,Client actuel,45,F,3,Licence,Célibataire,Non connu,Blue,36,2,2,1830,66,0.421,0,0,0,0,0,0,Faible
717231558,Client actuel,49,F,4,Licence,Marié(e),Moins de $40K,Blue,43,2,2,1446,74,0.482,0,0,0,0,0,0,Faible
711589758,Client actuel,42,M,5,Lycée (équivalent baccalauréat),Marié(e),$60K - $80K,Blue,32,2,2,1641,75,0.394,0,0,0,0,0,0,Faible
787481208,Client actuel,46,F,1,Non connu,Non connu,Moins de $40K,Blue,34,3,1,1793,78,0.649,0,0,0,0,0,0,Faible
714998508,Client actuel,53,M,3,Sans diplôme,Marié(e),$120K +,Blue,36,2,0,1454,62,0.389,0,0,0,0,0,0,Faible
713328108,Client actuel,60,F,1,Niveau Bac+2,Marié(e),Moins de $40K,Blue,36,2,2,1047,79,0.627,0,0,0,0,0,0,Faible
716229108,Client actuel,55,F,3,Niveau Bac+2,Divorcé(e),Moins de $40K,Blue,46,3,3,2262,84,0.689,0,0,0,0,0,0,Faible
820925433,Client actuel,50,F,2,Master,Célibataire,Moins de $40K,Blue,45,3,2,710,81,0.464,0,0,0,0,0,0,Faible
816129258,Client actuel,34,F,2,Master,Célibataire,Moins de $40K,Blue,29,3,3,1897,74,0.756,0,0,0,0,0,0,Faible
713809833,Client actuel,42,F,3,Licence,Non connu,Non connu,Blue,32,3,2,859,86,0.088,0,0,0,0,1,1,Faible
713542008,Client actuel,48,F,3,Lycée (équivalent baccalauréat),Non connu,Moins de $40K,Blue,37,2,3,0,83,0.0,0,0,1,0,1,2,Modéré
717385083,Client actuel,46,M,3,Lycée (équivalent baccalauréat),Marié(e),$120K +,Blue,35,2,3,1122,87,0.228,0,0,0,0,0,0,Faible
708652908,Client actuel,47,F,5,Sans diplôme,Marié(e),Moins de $40K,Blue,36,6,1,1419,81,0.619,1,0,0,0,0,1,Faible
715644633,Client actuel,42,F,3,Licence,Célibataire,$40K - $60K,Blue,34,2,1,820,88,0.537,0,0,0,0,0,0,Faible
708761733,Client actuel,52,F,3,Lycée (équivalent baccalauréat),Marié(e),Non connu,Blue,36,2,2,1582,63,0.191,0,0,0,0,0,0,Faible
714600258,Client actuel,45,M,2,Master,Marié(e),$60K - $80K,Blue,36,2,2,2015,70,0.339,0,0,0,0,0,0,Faible
823566408,Client actuel,44,F,3,Licence,Marié(e),Moins de $40K,Blue,40,2,1,0,93,0.0,0,0,1,0,1,2,Modéré
708307533,Client actuel,42,M,2,Sans diplôme,Marié(e),$60K - $80K,Blue,30,2,3,0,81,0.0,0,0,1,0,1,2,Modéré
820085808,Client actuel,54,F,3,Licence,Marié(e),Moins de $40K,Blue,49,1,2,1343,86,0.517,0,0,0,0,0,0,Faible
716685033,Client actuel,38,F,1,Lycée (équivalent baccalauréat),Marié(e),$40K - $60K,Blue,19,1,2,1600,82,0.288,0,0,0,0,0,0,Faible
713063958,Client actuel,51,M,1,Licence,Célibataire,$80K - $120K,Blue,39,1,3,1080,85,0.143,0,0,0,0,1,1,Faible
708371733,Client actuel,41,F,3,Lycée (équivalent baccalauréat),Marié(e),Moins de $40K,Blue,15,1,2,0,81,0.0,0,0,1,0,1,2,Modéré
780277458,Client actuel,52,F,2,Licence,Célibataire,Moins de $40K,Blue,38,2,3,2517,89,0.867,0,0,0,0,0,0,Faible
797232183,Client actuel,42,F,4,Non connu,Marié(e),Moins de $40K,Blue,36,1,1,1962,75,0.733,0,0,0,0,0,0,Faible
720789933,Client actuel,46,F,4,Licence,Marié(e),Non connu,Blue,32,1,1,680,82,0.117,0,0,0,0,1,1,Faible
808281483,Client actuel,46,F,2,Non connu,Célibataire,Moins de $40K,Blue,41,3,3,2157,76,0.809,0,0,0,0,0,0,Faible
712968708,Client actuel,55,F,1,Lycée (équivalent baccalauréat),Célibataire,$40K - $60K,Blue,47,3,1,1780,78,0.76,0,0,0,0,0,0,Faible
711263058,Client actuel,29,F,1,Non connu,Célibataire,Moins de $40K,Blue,36,1,2,1879,80,0.68,0,0,0,0,0,0,Faible
788813658,Client actuel,62,F,0,Licence,Célibataire,Non connu,Blue,45,2,3,0,88,0.0,0,0,1,0,1,2,Modéré
721444758,Client actuel,47,F,2,Niveau Bac+2,Marié(e),Moins de $40K,Blue,36,3,3,2216,78,0.797,0,0,0,0,0,0,Faible
718370733,Client actuel,48,F,2,Sans diplôme,Marié(e),Non connu,Blue,35,3,3,0,90,0.0,0,0,1,0,1,2,Modéré
794160408,Client actuel,46,F,3,Licence,Marié(e),Non connu,Blue,40,1,1,1973,73,0.648,0,0,0,0,0,0,Faible
716009883,Client actuel,41,F,1,Licence,Célibataire,$40K - $60K,Blue,28,3,1,585,74,0.069,0,0,1,0,1,2,Modéré
716273133,Client actuel,41,F,3,Licence,Marié(e),Moins de $40K,Blue,36,2,3,0,78,0.0,0,0,1,0,1,2,Modéré
709927458,Client actuel,38,M,3,Licence,Célibataire,$40K - $60K,Blue,20,3,3,1544,77,0.147,0,0,0,0,1,1,Faible
719862258,Client actuel,38,F,2,Sans diplôme,Célibataire,Non connu,Blue,28,3,3,1393,90,0.246,0,0,0,0,0,0,Faible
788719533,Client actuel,53,M,4,Master,Marié(e),$80K - $120K,Blue,34,2,3,0,61,0.0,0,0,1,0,1,2,Modéré
715566408,Client actuel,45,F,3,Doctorat,Marié(e),Moins de $40K,Blue,36,2,2,1479,77,0.69,0,0,0,0,0,0,Faible
717359208,Client actuel,57,F,0,Niveau Bac+2,Marié(e),Moins de $40K,Blue,47,3,1,1779,72,0.36,0,0,0,0,0,0,Faible
721410858,Client actuel,54,F,4,Lycée (équivalent baccalauréat),Célibataire,Moins de $40K,Blue,36,3,0,1334,90,0.694,0,0,0,0,0,0,Faible
779420583,Client actuel,45,F,4,Licence,Célibataire,Moins de $40K,Blue,33,1,3,2055,70,0.685,0,0,0,0,0,0,Faible
714222183,Client actuel,38,F,3,Licence,Célibataire,$40K - $60K,Blue,36,1,1,1084,78,0.508,0,0,0,0,0,0,Faible
713782608,Client actuel,46,F,4,Licence,Célibataire,$40K - $60K,Blue,36,3,1,2386,83,0.9,0,0,0,0,0,0,Faible
720236433,Client actuel,41,M,4,Niveau Bac+2,Marié(e),$80K - $120K,Blue,22,2,3,1670,67,0.332,0,0,0,0,0,0,Faible
785106933,Client actuel,51,F,1,Non connu,Célibataire,Non connu,Blue,45,2,3,2178,71,0.334,0,0,0,0,0,0,Faible
716673258,Client actuel,60,F,1,Non connu,Célibataire,Moins de $40K,Blue,36,1,3,1488,83,0.634,0,0,0,0,0,0,Faible
708341958,Client actuel,31,F,1,Niveau Bac+2,Divorcé(e),Moins de $40K,Blue,21,2,3,1904,86,0.924,0,0,0,0,0,0,Faible
718279983,Client actuel,49,F,1,Niveau Bac+2,Marié(e),Non connu,Blue,36,3,2,2489,74,0.494,0,0,0,0,0,0,Faible
718548558,Client actuel,53,F,3,Non connu,Célibataire,Moins de $40K,Blue,42,1,3,2041,70,0.7,0,0,0,0,0,0,Faible
780360558,Client actuel,33,F,1,Licence,Marié(e),Moins de $40K,Blue,20,2,2,0,87,0.0,0,0,1,0,1,2,Modéré
715012833,Client actuel,46,F,1,Lycée (équivalent baccalauréat),Marié(e),Moins de $40K,Blue,36,3,3,2517,77,0.819,0,0,0,0,0,0,Faible
772388508,Client actuel,43,F,3,Licence,Marié(e),Non connu,Blue,32,3,3,1349,80,0.162,0,0,0,0,0,0,Faible
788199858,Client actuel,42,F,3,Lycée (équivalent baccalauréat),Non connu,Non connu,Blue,34,3,1,1049,87,0.375,0,0,0,0,0,0,Faible
769578108,Client actuel,40,M,4,Non connu,Célibataire,$60K - $80K,Blue,26,2,3,1652,76,0.079,0,0,0,0,1,1,Faible
719843958,Client actuel,46,M,2,Licence,Marié(e),$120K +,Blue,34,3,3,894,79,0.51,0,0,0,0,0,0,Faible
767197983,Client actuel,52,F,2,Lycée (équivalent baccalauréat),Célibataire,Moins de $40K,Blue,45,1,1,0,83,0.0,0,0,1,0,1,2,Modéré
711874833,Client actuel,45,M,3,Niveau Bac+2,Divorcé(e),$40K - $60K,Blue,37,3,2,0,88,0.0,0,0,1,0,1,2,Modéré
720989133,Client actuel,41,F,2,Niveau Bac+2,Marié(e),Moins de $40K,Blue,36,1,2,1093,82,0.661,0,0,0,0,0,0,Faible
720893958,Client actuel,49,F,4,Sans diplôme,Célibataire,Moins de $40K,Blue,36,3,3,999,53,0.647,0,0,0,0,0,0,Faible
769709058,Client actuel,60,M,1,Sans diplôme,Célibataire,$60K - $80K,Blue,54,2,1,972,63,0.269,0,0,0,0,0,0,Faible
711005583,Client actuel,37,M,3,Lycée (équivalent baccalauréat),Célibataire,$80K - $120K,Blue,24,2,3,1064,76,0.31,0,0,0,0,0,0,Faible
826548708,Client actuel,50,M,2,Licence,Célibataire,$80K - $120K,Blue,46,3,2,622,91,0.104,0,0,1,0,1,2,Modéré
711093408,Client actuel,46,F,2,Doctorat,Marié(e),Moins de $40K,Blue,33,3,1,1517,83,0.574,0,0,0,0,0,0,Faible
712831908,Client actuel,59,F,1,Niveau Bac+2,Marié(e),$40K - $60K,Blue,49,2,1,603,81,0.173,0,0,1,0,0,1,Faible
780222408,Client actuel,49,F,5,Licence,Non connu,Moins de $40K,Blue,36,3,2,2085,83,0.637,0,0,0,0,0,0,Faible
714181008,Client actuel,35,F,0,Licence,Marié(e),Moins de $40K,Blue,36,2,2,1462,71,0.484,0,0,0,0,0,0,Faible
772346358,Client actuel,52,F,3,Sans diplôme,Célibataire,Moins de $40K,Blue,41,1,2,0,79,0.0,0,0,1,0,1,2,Modéré
710969433,Client actuel,41,F,1,Sans diplôme,Marié(e),Moins de $40K,Blue,31,2,2,1201,68,0.413,0,0,0,0,0,0,Faible
715807383,Client actuel,45,F,4,Master,Célibataire,$40K - $60K,Blue,36,3,3,0,89,0.0,0,0,1,0,1,2,Modéré
711807333,Client actuel,37,F,2,Niveau Bac+2,Célibataire,Moins de $40K,Blue,26,1,2,0,84,0.0,0,0,1,0,1,2,Modéré
816086508,Client actuel,47,F,2,Non connu,Marié(e),Moins de $40K,Blue,42,3,3,0,73,0.0,0,0,1,0,1,2,Modéré
779536233,Client actuel,47,F,4,Licence,Divorcé(e),$40K - $60K,Blue,30,1,1,601,83,0.418,0,0,1,0,0,1,Faible
710794983,Client actuel,41,F,3,Lycée (équivalent baccalauréat),Célibataire,Non connu,Blue,32,1,1,1157,78,0.244,0,0,0,0,0,0,Faible
779890833,Client actuel,51,F,2,Lycée (équivalent baccalauréat),Divorcé(e),Moins de $40K,Blue,36,1,1,0,65,0.0,0,0,1,0,1,2,Modéré
779837808,Client actuel,53,F,2,Lycée (équivalent baccalauréat),Marié(e),$40K - $60K,Blue,37,4,3,2500,85,0.482,1,0,0,0,0,1,Faible
709123908,Client actuel,43,F,2,Licence,Marié(e),$40K - $60K,Blue,36,3,2,0,82,0.0,0,0,1,0,1,2,Modéré
743800833,Client actuel,53,F,3,Niveau Bac+2,Marié(e),$40K - $60K,Blue,46,1,1,1144,85,0.497,0,0,0,0,0,0,Faible
806415183,Client actuel,51,F,0,Doctorat,Marié(e),Non connu,Blue,46,3,3,1432,83,0.105,0,0,0,0,1,1,Faible
794054058,Client actuel,50,F,2,Licence,Célibataire,Moins de $40K,Blue,44,1,1,0,59,0.0,0,0,1,0,1,2,Modéré
771907158,Client actuel,54,M,5,Non connu,Marié(e),$120K +,Blue,42,1,3,1903,88,0.51,0,0,0,0,0,0,Faible
815789883,Client actuel,46,F,3,Niveau Bac+2,Célibataire,Moins de $40K,Blue,41,3,2,861,81,0.346,0,0,0,0,0,0,Faible
712177908,Client actuel,50,F,4,Niveau Bac+2,Célibataire,Moins de $40K,Blue,36,3,1,1763,75,0.721,0,0,0,0,0,0,Faible
793379058,Client actuel,48,F,3,Licence,Célibataire,Moins de $40K,Blue,42,2,1,1025,82,0.463,0,0,0,0,0,0,Faible
720480183,Client actuel,45,F,3,Non connu,Divorcé(e),Moins de $40K,Blue,34,2,1,787,80,0.435,0,0,0,0,0,0,Faible
712974558,Client actuel,56,F,2,Niveau Bac+2,Célibataire,Moins de $40K,Blue,43,3,1,0,89,0.0,0,0,1,0,1,2,Modéré
712200033,Client actuel,44,F,4,Lycée (équivalent baccalauréat),Célibataire,Moins de $40K,Blue,36,3,3,0,78,0.0,0,0,1,0,1,2,Modéré
713563383,Client actuel,50,F,3,Non connu,Célibataire,Moins de $40K,Blue,36,3,3,952,80,0.493,0,0,0,0,0,0,Faible
802795608,Client actuel,54,F,2,Lycée (équivalent baccalauréat),Célibataire,Moins de $40K,Blue,48,3,2,556,82,0.367,0,0,1,0,0,1,Faible
819690933,Client actuel,56,M,1,Licence,Célibataire,$80K - $120K,Blue,51,3,1,897,80,0.053,0,0,0,0,1,1,Faible
717722958,Client actuel,43,M,3,Sans diplôme,Marié(e),$80K - $120K,Blue,36,3,2,1349,71,0.29,0,0,0,0,0,0,Faible
716606733,Client actuel,33,F,1,Licence,Célibataire,$40K - $60K,Blue,18,2,3,2054,85,0.675,0,0,0,0,0,0,Faible
716060358,Client actuel,53,F,2,Licence,Marié(e),$40K - $60K,Blue,45,2,2,913,82,0.198,0,0,0,0,0,0,Faible
709158333,Client actuel,44,M,4,Licence,Célibataire,$60K - $80K,Blue,28,2,1,461,96,0.167,0,0,1,0,0,1,Faible
721113333,Client actuel,54,F,0,Licence,Marié(e),Moins de $40K,Blue,36,2,3,0,93,0.0,0,0,1,0,1,2,Modéré
712620858,Client actuel,34,F,4,Doctorat,Marié(e),Non connu,Blue,36,2,2,1804,60,0.233,0,0,0,0,0,0,Faible
712855683,Client actuel,50,F,2,Master,Marié(e),Moins de $40K,Blue,36,2,2,1335,89,0.399,0,0,0,0,0,0,Faible
715463133,Client actuel,40,M,5,Lycée (équivalent baccalauréat),Célibataire,$120K +,Blue,31,1,3,1427,64,0.041,0,0,0,0,1,1,Faible
716551533,Client actuel,47,F,1,Lycée (équivalent baccalauréat),Célibataire,Non connu,Blue,36,1,3,2201,86,0.766,0,0,0,0,0,0,Faible
771220758,Client actuel,40,F,3,Doctorat,Célibataire,Non connu,Blue,27,1,2,2100,83,0.725,0,0,0,0,0,0,Faible
709920258,Client actuel,41,F,3,Licence,Divorcé(e),$40K - $60K,Blue,28,1,3,1764,73,0.19,0,0,0,0,0,0,Faible
708959583,Client actuel,47,M,2,Lycée (équivalent baccalauréat),Marié(e),$60K - $80K,Blue,39,2,2,727,84,0.077,0,0,0,0,1,1,Faible
712510833,Client actuel,44,M,3,Niveau Bac+2,Marié(e),$40K - $60K,Blue,30,3,3,847,81,0.091,0,0,0,0,1,1,Faible
710840433,Client actuel,34,M,1,Niveau Bac+2,Non connu,$40K - $60K,Blue,20,1,3,1656,51,0.222,0,0,0,0,0,0,Faible
788502858,Client actuel,58,M,3,Lycée (équivalent baccalauréat),Célibataire,$80K - $120K,Blue,51,2,1,1952,68,0.195,0,0,0,0,0,0,Faible
721139808,Client actuel,42,F,3,Licence,Célibataire,Moins de $40K,Blue,36,2,1,1081,80,0.461,0,0,0,0,0,0,Faible
711375558,Client actuel,48,F,2,Sans diplôme,Célibataire,$40K - $60K,Blue,34,3,1,1734,78,0.564,0,0,0,0,0,0,Faible
713798958,Client actuel,38,F,3,Non connu,Célibataire,Moins de $40K,Blue,36,3,1,1430,87,0.735,0,0,0,0,0,0,Faible
717651333,Client actuel,55,F,2,Licence,Célibataire,Moins de $40K,Blue,43,3,1,1168,67,0.669,0,0,0,0,0,0,Faible
798489258,Client actuel,59,F,1,Sans diplôme,Divorcé(e),Non connu,Blue,53,3,1,1197,82,0.323,0,0,0,0,0,0,Faible
710742408,Client actuel,53,F,2,Niveau Bac+2,Marié(e),Moins de $40K,Blue,43,1,3,2057,93,0.952,0,0,0,0,0,0,Faible
812089383,Client actuel,41,M,5,Non connu,Marié(e),$80K - $120K,Blue,36,2,3,892,88,0.62,0,0,0,0,0,0,Faible
711968358,Client actuel,55,F,4,Licence,Célibataire,Moins de $40K,Blue,44,2,1,1423,77,0.539,0,0,0,0,0,0,Faible
794227308,Client actuel,56,M,2,Niveau Bac+2,Marié(e),$80K - $120K,Blue,50,1,3,1433,79,0.14,0,0,0,0,1,1,Faible
719845908,Client actuel,52,F,3,Sans diplôme,Célibataire,Moins de $40K,Blue,36,1,3,0,83,0.0,0,0,1,0,1,2,Modéré
716851908,Client actuel,58,F,5,Non connu,Marié(e),$40K - $60K,Blue,47,3,3,1099,70,0.539,0,0,0,0,0,0,Faible
720599658,Client actuel,49,M,1,Non connu,Marié(e),$40K - $60K,Blue,36,2,1,0,75,0.0,0,0,1,0,1,2,Modéré
827442858,Client actuel,56,M,3,Lycée (équivalent baccalauréat),Divorcé(e),$80K - $120K,Blue,52,3,1,2051,69,0.253,0,0,0,0,0,0,Faible
779034708,Client actuel,60,F,0,Doctorat,Marié(e),Non connu,Blue,41,3,1,970,71,0.09,0,0,0,0,1,1,Faible
769662033,Client actuel,45,F,2,Niveau Bac+2,Non connu,Moins de $40K,Blue,29,2,3,0,85,0.0,0,0,1,0,1,2,Modéré
721020858,Client actuel,34,F,1,Niveau Bac+2,Célibataire,Non connu,Blue,20,2,2,1959,66,0.614,0,0,0,0,0,0,Faible
710838108,Client actuel,45,M,2,Licence,Marié(e),$80K - $120K,Blue,36,4,1,2517,72,0.817,1,0,0,0,0,1,Faible
713160258,Client actuel,54,F,2,Licence,Marié(e),Moins de $40K,Blue,44,2,3,2033,90,0.67,0,0,0,0,0,0,Faible
778163508,Client actuel,37,F,2,Lycée (équivalent baccalauréat),Marié(e),Non connu,Blue,27,1,2,1044,70,0.199,0,0,0,0,0,0,Faible
713785608,Client actuel,49,F,1,Doctorat,Célibataire,Moins de $40K,Blue,40,2,3,0,63,0.0,0,0,1,0,1,2,Modéré
789491058,Client actuel,43,F,4,Licence,Marié(e),Moins de $40K,Blue,34,3,1,0,82,0.0,0,0,1,0,1,2,Modéré
793736958,Client actuel,49,M,3,Lycée (équivalent baccalauréat),Célibataire,$120K +,Blue,43,2,1,1587,86,0.073,0,0,0,0,1,1,Faible
721479108,Client actuel,52,M,1,Sans diplôme,Célibataire,$120K +,Blue,41,1,3,0,64,0.0,0,0,1,0,1,2,Modéré
715549158,Client actuel,29,F,1,Licence,Marié(e),Moins de $40K,Blue,36,2,0,0,84,0.0,0,0,1,0,1,2,Modéré
710308983,Client actuel,50,F,3,Licence,Non connu,Moins de $40K,Blue,39,1,3,2517,83,0.766,0,0,0,0,0,0,Faible
710981583,Client actuel,44,F,5,Non connu,Célibataire,$40K - $60K,Blue,36,1,2,1015,86,0.261,0,0,0,0,0,0,Faible
716165508,Client actuel,51,M,2,Sans diplôme,Marié(e),$60K - $80K,Blue,40,1,1,0,94,0.0,0,0,1,0,1,2,Modéré
710630583,Client actuel,47,M,3,Lycée (équivalent baccalauréat),Célibataire,$60K - $80K,Blue,39,1,1,1752,77,0.616,0,0,0,0,0,0,Faible
709571958,Client actuel,58,F,2,Licence,Célibataire,Moins de $40K,Blue,47,1,2,0,65,0.0,0,0,1,0,1,2,Modéré
790115358,Client actuel,39,F,2,Non connu,Célibataire,Moins de $40K,Blue,32,1,2,2418,77,0.559,0,0,0,0,0,0,Faible
709078908,Client actuel,48,F,3,Lycée (équivalent baccalauréat),Célibataire,Moins de $40K,Blue,32,2,3,1539,89,0.581,0,0,0,0,0,0,Faible
717541308,Client actuel,61,F,2,Licence,Célibataire,Moins de $40K,Blue,45,2,3,1441,85,0.554,0,0,0,0,0,0,Faible
779916408,Client actuel,39,F,4,Licence,Célibataire,Non connu,Blue,23,3,2,0,70,0.0,0,0,1,0,1,2,Modéré
714979383,Client actuel,56,M,3,Licence,Célibataire,$60K - $80K,Blue,46,2,2,1134,77,0.6,0,0,0,0,0,0,Faible
788930358,Client actuel,42,F,4,Niveau Bac+2,Célibataire,$40K - $60K,Blue,28,2,2,1896,81,0.671,0,0,0,0,0,0,Faible
716351208,Client actuel,48,F,3,Sans diplôme,Marié(e),Moins de $40K,Blue,38,3,2,2517,77,0.615,0,0,0,0,0,0,Faible
718858683,Client actuel,42,F,1,Licence,Marié(e),Moins de $40K,Blue,36,3,2,0,76,0.0,0,0,1,0,1,2,Modéré
771617883,Client actuel,54,F,2,Lycée (équivalent baccalauréat),Célibataire,$40K - $60K,Blue,42,2,2,1313,82,0.595,0,0,0,0,0,0,Faible
718001508,Client actuel,41,F,3,Licence,Marié(e),Moins de $40K,Blue,29,1,2,2150,84,0.744,0,0,0,0,0,0,Faible
708995283,Client actuel,50,F,1,Licence,Non connu,Non connu,Blue,36,1,3,2290,75,0.22,0,0,0,0,0,0,Faible
721173183,Client actuel,57,F,2,Sans diplôme,Marié(e),Non connu,Blue,43,1,2,1876,85,0.794,0,0,0,0,0,0,Faible
787466808,Client actuel,35,F,0,Non connu,Marié(e),Moins de $40K,Blue,22,2,3,2517,82,0.836,0,0,0,0,0,0,Faible
716116383,Client actuel,45,F,1,Non connu,Marié(e),Moins de $40K,Blue,36,2,1,2517,77,0.495,0,0,0,0,0,0,Faible
713257083,Client actuel,46,F,4,Non connu,Marié(e),$40K - $60K,Blue,36,3,1,1202,66,0.624,0,0,0,0,0,0,Faible
772661808,Client actuel,56,M,3,Licence,Marié(e),$120K +,Blue,46,1,2,2055,83,0.284,0,0,0,0,0,0,Faible
713382558,Client actuel,57,F,3,Niveau Bac+2,Célibataire,Moins de $40K,Blue,42,1,2,953,81,0.462,0,0,0,0,0,0,Faible
717596883,Client actuel,58,F,0,Licence,Célibataire,$40K - $60K,Blue,39,3,2,1233,78,0.223,0,0,0,0,0,0,Faible
712993008,Client actuel,58,F,1,Non connu,Célibataire,Moins de $40K,Blue,48,3,1,1882,68,0.493,0,0,0,0,0,0,Faible
824763783,Client actuel,59,F,0,Niveau Bac+2,Célibataire,Moins de $40K,Blue,55,2,3,1127,76,0.426,0,0,0,0,0,0,Faible
771730758,Client actuel,51,F,1,Lycée (équivalent baccalauréat),Célibataire,Non connu,Blue,39,3,2,0,75,0.0,0,0,1,0,1,2,Modéré
780265458,Client actuel,56,F,2,Sans diplôme,Célibataire,Moins de $40K,Blue,42,2,2,1427,85,0.408,0,0,0,0,0,0,Faible
714256758,Client actuel,50,M,2,Non connu,Célibataire,$60K - $80K,Blue,36,1,1,0,66,0.0,0,0,1,0,1,2,Modéré
712171158,Client actuel,42,F,2,Lycée (équivalent baccalauréat),Marié(e),Moins de $40K,Blue,30,1,1,0,79,0.0,0,0,1,0,1,2,Modéré
788782008,Client actuel,49,F,3,Non connu,Marié(e),Moins de $40K,Gold,30,3,2,0,69,0.0,0,0,1,0,1,2,Modéré
714987633,Client actuel,42,M,3,Licence,Marié(e),$60K - $80K,Blue,36,2,3,2039,53,0.412,0,0,0,0,0,0,Faible
717684858,Client actuel,50,M,3,Sans diplôme,Célibataire,$120K +,Blue,38,3,3,1333,60,0.06,0,0,0,0,1,1,Faible
767376483,Client actuel,27,F,1,Niveau Bac+2,Marié(e),Moins de $40K,Blue,20,3,3,0,91,0.0,0,0,1,0,1,2,Modéré
709901058,Client actuel,38,M,1,Lycée (équivalent baccalauréat),Célibataire,$40K - $60K,Blue,30,2,1,1163,80,0.521,0,0,0,0,0,0,Faible
823149483,Client actuel,52,F,1,Master,Célibataire,$40K - $60K,Blue,48,5,3,0,76,0.0,1,0,1,0,1,3,Modéré
780073158,Client actuel,59,M,0,Lycée (équivalent baccalauréat),Célibataire,Moins de $40K,Blue,44,1,1,1149,85,0.303,0,0,0,0,0,0,Faible
779998083,Client actuel,33,M,3,Lycée (équivalent baccalauréat),Marié(e),$40K - $60K,Blue,23,2,3,1429,66,0.224,0,0,0,0,0,0,Faible
816613158,Client actuel,48,F,1,Doctorat,Marié(e),Moins de $40K,Blue,43,3,1,1514,69,0.592,0,0,0,0,0,0,Faible
770774133,Client actuel,53,M,3,Licence,Célibataire,$80K - $120K,Silver,39,2,3,1198,70,0.035,0,0,0,0,1,1,Faible
712300683,Client actuel,41,F,1,Licence,Célibataire,Moins de $40K,Blue,32,2,1,0,96,0.0,0,0,1,0,1,2,Modéré
714536208,Client actuel,50,F,3,Sans diplôme,Marié(e),Moins de $40K,Blue,36,2,3,1675,73,0.677,0,0,0,0,0,0,Faible
784880958,Client actuel,34,F,4,Licence,Célibataire,$40K - $60K,Blue,28,3,1,1680,84,0.418,0,0,0,0,0,0,Faible
713784558,Client actuel,59,F,1,Licence,Célibataire,$40K - $60K,Blue,36,2,3,941,77,0.268,0,0,0,0,0,0,Faible
781183233,Client actuel,44,F,3,Lycée (équivalent baccalauréat),Célibataire,Moins de $40K,Blue,25,1,1,1528,79,0.733,0,0,0,0,0,0,Faible
718825908,Client actuel,60,F,1,Doctorat,Célibataire,Non connu,Blue,47,1,1,1448,78,0.381,0,0,0,0,0,0,Faible
714924483,Client actuel,60,F,1,Non connu,Célibataire,Moins de $40K,Blue,46,3,2,2327,92,0.503,0,0,0,0,0,0,Faible
779922183,Client actuel,52,F,1,Lycée (équivalent baccalauréat),Marié(e),Moins de $40K,Blue,36,2,2,1981,81,0.879,0,0,0,0,0,0,Faible
712559058,Client actuel,54,M,0,Lycée (équivalent baccalauréat),Célibataire,$80K - $120K,Blue,45,3,2,1525,76,0.073,0,0,0,0,1,1,Faible
717853233,Client actuel,41,M,2,Niveau Bac+2,Marié(e),$80K - $120K,Blue,31,1,3,706,76,0.214,0,0,0,0,0,0,Faible
790069233,Client actuel,45,F,3,Lycée (équivalent baccalauréat),Divorcé(e),Moins de $40K,Blue,37,1,2,0,72,0.0,0,0,1,0,1,2,Modéré
794576058,Client actuel,42,M,3,Licence,Marié(e),$80K - $120K,Blue,26,2,3,1339,76,0.158,0,0,0,0,1,1,Faible
779877858,Client actuel,53,F,2,Niveau Bac+2,Non connu,Moins de $40K,Blue,37,3,2,1342,80,0.645,0,0,0,0,0,0,Faible
772334133,Client actuel,53,F,1,Licence,Marié(e),Non connu,Blue,42,1,3,0,86,0.0,0,0,1,0,1,2,Modéré
714139308,Client actuel,53,M,3,Sans diplôme,Marié(e),$60K - $80K,Blue,42,5,1,0,81,0.0,1,0,1,0,1,3,Modéré
806634783,Client actuel,38,F,2,Niveau Bac+2,Marié(e),Moins de $40K,Blue,33,3,2,1405,75,0.411,0,0,0,0,0,0,Faible
720101658,Client actuel,26,F,0,Licence,Célibataire,Moins de $40K,Blue,19,1,2,1109,70,0.325,0,0,0,0,0,0,Faible
719925483,Client actuel,46,M,4,Licence,Marié(e),$80K - $120K,Blue,36,1,1,1043,88,0.48,0,0,0,0,0,0,Faible
719572833,Client actuel,57,F,3,Licence,Non connu,$40K - $60K,Blue,46,2,2,1550,83,0.555,0,0,0,0,0,0,Faible
720729108,Client actuel,32,F,0,Non connu,Célibataire,Moins de $40K,Blue,17,2,1,1080,87,0.243,0,0,0,0,0,0,Faible
819214233,Client actuel,43,F,3,Licence,Marié(e),Moins de $40K,Blue,38,2,2,0,84,0.0,0,0,1,0,1,2,Modéré
718896108,Client actuel,48,F,3,Lycée (équivalent baccalauréat),Non connu,Moins de $40K,Blue,36,1,1,0,84,0.0,0,0,1,0,1,2,Modéré
713723433,Client actuel,52,F,4,Lycée (équivalent baccalauréat),Célibataire,Moins de $40K,Blue,44,1,3,0,79,0.0,0,0,1,0,1,2,Modéré
708514383,Client actuel,38,F,2,Niveau Bac+2,Marié(e),Non connu,Blue,29,1,0,1172,81,0.308,0,0,0,0,0,0,Faible
716961033,Client actuel,48,F,3,Lycée (équivalent baccalauréat),Célibataire,Moins de $40K,Blue,40,3,3,2149,78,0.611,0,0,0,0,0,0,Faible
814181433,Client actuel,46,M,5,Niveau Bac+2,Marié(e),$40K - $60K,Blue,41,3,2,1683,64,0.43,0,0,0,0,0,0,Faible
711984633,Client actuel,36,F,3,Licence,Marié(e),Moins de $40K,Blue,27,2,3,1953,89,0.839,0,0,0,0,0,0,Faible
710662158,Client actuel,41,M,4,Non connu,Marié(e),$120K +,Blue,34,3,3,2517,41,0.073,0,0,0,1,1,2,Modéré
711356733,Client actuel,45,F,5,Non connu,Célibataire,Moins de $40K,Blue,36,2,3,847,90,0.218,0,0,0,0,0,0,Faible
780727833,Client actuel,51,F,3,Lycée (équivalent baccalauréat),Célibataire,Moins de $40K,Blue,41,4,3,2517,95,0.779,1,0,0,0,0,1,Faible
771471708,Client actuel,44,F,2,Licence,Non connu,Moins de $40K,Blue,32,1,3,1776,77,0.577,0,0,0,0,0,0,Faible
714320358,Client actuel,38,F,2,Niveau Bac+2,Célibataire,Moins de $40K,Blue,33,1,2,1288,56,0.501,0,0,0,0,0,0,Faible
720700008,Client actuel,50,F,1,Lycée (équivalent baccalauréat),Célibataire,Moins de $40K,Blue,36,1,3,2238,81,0.495,0,0,0,0,0,0,Faible
778228458,Client actuel,52,F,3,Sans diplôme,Célibataire,Moins de $40K,Blue,42,3,3,1928,70,0.768,0,0,0,0,0,0,Faible
720537633,Client actuel,44,F,3,Doctorat,Marié(e),Moins de $40K,Blue,36,3,1,2139,85,0.702,0,0,0,0,0,0,Faible
763681908,Client actuel,34,F,3,Non connu,Marié(e),Moins de $40K,Blue,27,2,1,924,78,0.159,0,0,0,0,1,1,Faible
721164483,Client actuel,46,F,2,Niveau Bac+2,Marié(e),$40K - $60K,Blue,34,1,3,642,84,0.446,0,0,1,0,0,1,Faible
715447008,Client actuel,50,F,3,Licence,Marié(e),Moins de $40K,Blue,36,3,2,1817,83,0.606,0,0,0,0,0,0,Faible
769676358,Client actuel,38,M,2,Lycée (équivalent baccalauréat),Célibataire,$60K - $80K,Blue,32,1,2,1309,76,0.91,0,0,0,0,0,0,Faible
710487033,Client actuel,44,F,2,Lycée (équivalent baccalauréat),Marié(e),$40K - $60K,Blue,28,3,3,0,78,0.0,0,0,1,0,1,2,Modéré
718488783,Client actuel,40,M,3,Niveau Bac+2,Non connu,$40K - $60K,Blue,30,2,2,1701,66,0.354,0,0,0,0,0,0,Faible
715663458,Client actuel,51,F,4,Non connu,Marié(e),Moins de $40K,Blue,39,3,1,651,88,0.287,0,0,1,0,0,1,Faible
717865008,Client actuel,51,F,1,Non connu,Marié(e),$40K - $60K,Blue,36,1,1,468,81,0.325,0,0,1,0,0,1,Faible
771400608,Client actuel,56,F,2,Licence,Marié(e),Non connu,Blue,44,1,2,1375,76,0.168,0,0,0,0,0,0,Faible
708148158,Client actuel,39,F,4,Non connu,Marié(e),Non connu,Blue,21,3,2,0,86,0.0,0,0,1,0,1,2,Modéré
720589008,Client actuel,47,F,3,Doctorat,Non connu,Non connu,Blue,38,3,2,1594,83,0.391,0,0,0,0,0,0,Faible
784795083,Client actuel,31,F,1,Lycée (équivalent baccalauréat),Divorcé(e),Moins de $40K,Blue,25,1,3,0,73,0.0,0,0,1,0,1,2,Modéré
809844108,Client actuel,48,M,2,Doctorat,Célibataire,$60K - $80K,Blue,43,1,1,0,78,0.0,0,0,1,0,1,2,Modéré
711521958,Client actuel,51,F,2,Non connu,Célibataire,Moins de $40K,Blue,36,2,2,1506,68,0.948,0,0,0,0,0,0,Faible
711833508,Client actuel,47,M,2,Lycée (équivalent baccalauréat),Célibataire,$40K - $60K,Blue,27,3,2,0,89,0.0,0,0,1,0,1,2,Modéré
713146683,Client actuel,35,F,1,Lycée (équivalent baccalauréat),Non connu,Non connu,Blue,36,3,2,0,79,0.0,0,0,1,0,1,2,Modéré
716968683,Client actuel,46,F,5,Lycée (équivalent baccalauréat),Célibataire,Non connu,Blue,38,2,3,1513,72,0.134,0,0,0,0,1,1,Faible
771336783,Client actuel,51,F,3,Lycée (équivalent baccalauréat),Célibataire,Moins de $40K,Blue,38,3,2,1345,81,0.765,0,0,0,0,0,0,Faible
714843483,Client actuel,57,F,3,Sans diplôme,Célibataire,Non connu,Blue,48,1,2,1493,83,0.208,0,0,0,0,0,0,Faible
712190358,Client actuel,48,F,4,Sans diplôme,Marié(e),Moins de $40K,Blue,29,3,2,1802,73,0.978,0,0,0,0,0,0,Faible
788805858,Client actuel,49,M,3,Niveau Bac+2,Divorcé(e),$40K - $60K,Blue,31,3,1,1218,89,0.558,0,0,0,0,0,0,Faible
712533708,Client actuel,43,M,0,Lycée (équivalent baccalauréat),Célibataire,$80K - $120K,Blue,36,2,2,0,85,0.0,0,0,1,0,1,2,Modéré
720326733,Client actuel,55,M,2,Licence,Célibataire,$120K +,Blue,47,3,1,865,58,0.053,0,0,0,0,1,1,Faible
713605908,Client actuel,49,M,3,Licence,Marié(e),$120K +,Blue,37,1,1,1316,69,0.038,0,0,0,0,1,1,Faible
711598533,Client actuel,43,M,1,Lycée (équivalent baccalauréat),Marié(e),$60K - $80K,Blue,36,2,3,1729,75,0.406,0,0,0,0,0,0,Faible
795855258,Client actuel,48,F,4,Niveau Bac+2,Célibataire,Moins de $40K,Blue,42,3,2,0,82,0.0,0,0,1,0,1,2,Modéré
826783233,Client actuel,57,F,3,Lycée (équivalent baccalauréat),Célibataire,Moins de $40K,Blue,53,3,2,2214,89,0.731,0,0,0,0,0,0,Faible
789228108,Client actuel,56,F,4,Licence,Célibataire,Non connu,Blue,45,2,3,1306,86,0.144,0,0,0,0,1,1,Faible
785230083,Client actuel,50,M,2,Sans diplôme,Célibataire,$60K - $80K,Blue,44,2,1,2349,80,0.708,0,0,0,0,0,0,Faible
711011508,Client actuel,43,F,3,Licence,Célibataire,Moins de $40K,Blue,35,3,2,771,91,0.476,0,0,0,0,0,0,Faible
718632933,Client actuel,58,F,1,Niveau Bac+2,Célibataire,Moins de $40K,Blue,46,5,1,0,71,0.0,1,0,1,0,1,3,Modéré
717284133,Client actuel,53,F,1,Lycée (équivalent baccalauréat),Marié(e),Moins de $40K,Blue,41,2,3,2517,84,0.725,0,0,0,0,0,0,Faible
711701058,Client actuel,48,F,4,Licence,Marié(e),Moins de $40K,Silver,36,2,3,1466,94,0.134,0,0,0,0,1,1,Faible
712228458,Client actuel,50,M,2,Non connu,Non connu,$120K +,Blue,32,3,1,1083,63,0.042,0,0,0,0,1,1,Faible
719028783,Client actuel,42,F,1,Licence,Marié(e),Moins de $40K,Blue,29,3,3,0,74,0.0,0,0,1,0,1,2,Modéré
713274183,Client actuel,45,F,1,Licence,Célibataire,Moins de $40K,Blue,35,1,3,1411,85,0.284,0,0,0,0,0,0,Faible
789218433,Client actuel,33,F,3,Non connu,Marié(e),$40K - $60K,Blue,22,3,2,0,86,0.0,0,0,1,0,1,2,Modéré
790139583,Client actuel,39,F,0,Licence,Divorcé(e),Moins de $40K,Blue,32,2,1,801,64,0.557,0,0,0,0,0,0,Faible
720218658,Client actuel,40,F,1,Non connu,Marié(e),Non connu,Blue,26,3,1,756,96,0.224,0,0,0,0,0,0,Faible
747074058,Client actuel,47,F,3,Non connu,Célibataire,Non connu,Blue,40,3,0,1637,81,0.23,0,0,0,0,0,0,Faible
719170683,Client actuel,38,M,1,Non connu,Célibataire,$80K - $120K,Blue,29,2,3,0,73,0.0,0,0,1,0,1,2,Modéré
708753633,Client actuel,45,F,3,Doctorat,Marié(e),$40K - $60K,Blue,32,1,1,0,77,0.0,0,0,1,0,1,2,Modéré
710780883,Client actuel,48,F,5,Sans diplôme,Célibataire,$40K - $60K,Blue,38,2,3,1461,78,0.597,0,0,0,0,0,0,Faible
711333933,Client actuel,56,F,3,Master,Célibataire,$40K - $60K,Blue,36,1,1,1660,72,0.552,0,0,0,0,0,0,Faible
710797833,Client actuel,50,F,5,Licence,Marié(e),Moins de $40K,Blue,30,3,2,841,95,0.414,0,0,0,0,0,0,Faible
720154533,Client actuel,53,F,4,Licence,Non connu,Moins de $40K,Blue,39,3,2,1643,78,0.68,0,0,0,0,0,0,Faible
780942633,Client actuel,49,M,4,Lycée (équivalent baccalauréat),Marié(e),Non connu,Blue,32,1,3,1336,68,0.38,0,0,0,0,0,0,Faible
720034983,Client actuel,26,M,0,Non connu,Non connu,Moins de $40K,Silver,13,1,1,0,68,0.0,0,0,1,0,1,2,Modéré
717307158,Client actuel,48,F,3,Non connu,Célibataire,Moins de $40K,Blue,36,1,3,1314,79,0.709,0,0,0,0,0,0,Faible
708876183,Client actuel,51,M,1,Lycée (équivalent baccalauréat),Célibataire,$60K - $80K,Silver,43,3,2,0,69,0.0,0,0,1,0,1,2,Modéré
715958583,Client actuel,56,F,2,Lycée (équivalent baccalauréat),Marié(e),Moins de $40K,Blue,43,2,2,1158,63,0.567,0,0,0,0,0,0,Faible
771546708,Client actuel,46,F,2,Licence,Célibataire,Moins de $40K,Blue,34,2,1,0,81,0.0,0,0,1,0,1,2,Modéré
711252258,Client actuel,54,F,1,Lycée (équivalent baccalauréat),Célibataire,Moins de $40K,Blue,36,3,2,985,54,0.627,0,0,0,0,0,0,Faible
772585008,Client actuel,48,F,4,Lycée (équivalent baccalauréat),Marié(e),Non connu,Blue,38,3,1,1937,90,0.608,0,0,0,0,0,0,Faible
751143858,Client actuel,59,F,1,Lycée (équivalent baccalauréat),Célibataire,Non connu,Blue,52,1,1,2421,91,0.326,0,0,0,0,0,0,Faible
708824958,Client actuel,50,F,4,Lycée (équivalent baccalauréat),Célibataire,Moins de $40K,Blue,42,1,2,0,63,0.0,0,0,1,0,1,2,Modéré
819612933,Client actuel,52,M,3,Licence,Célibataire,$80K - $120K,Blue,47,3,3,0,70,0.0,0,0,1,0,1,2,Modéré
712804383,Client actuel,56,F,0,Niveau Bac+2,Marié(e),Moins de $40K,Blue,38,1,2,1194,82,0.557,0,0,0,0,0,0,Faible
790149483,Client actuel,42,M,3,Sans diplôme,Célibataire,$40K - $60K,Blue,35,3,3,1484,89,0.173,0,0,0,0,0,0,Faible
712121508,Client actuel,43,M,3,Sans diplôme,Célibataire,$60K - $80K,Blue,30,2,0,0,89,0.0,0,0,1,0,1,2,Modéré
778853358,Client actuel,59,F,0,Niveau Bac+2,Célibataire,Moins de $40K,Blue,40,3,3,0,91,0.0,0,0,1,0,1,2,Modéré
716512383,Client actuel,39,F,2,Lycée (équivalent baccalauréat),Marié(e),Moins de $40K,Blue,36,3,1,2517,87,0.894,0,0,0,0,0,0,Faible
713081583,Client actuel,51,F,4,Non connu,Marié(e),Moins de $40K,Blue,32,2,3,1272,86,0.541,0,0,0,0,0,0,Faible
721060083,Client actuel,42,F,3,Niveau Bac+2,Marié(e),Non connu,Blue,27,1,1,1889,71,0.261,0,0,0,0,0,0,Faible
713759583,Client actuel,54,F,3,Lycée (équivalent baccalauréat),Marié(e),Moins de $40K,Blue,36,1,1,1822,71,0.574,0,0,0,0,0,0,Faible
717547383,Client actuel,43,F,2,Licence,Marié(e),Moins de $40K,Blue,32,3,1,1392,77,0.482,0,0,0,0,0,0,Faible
710044308,Client actuel,40,F,4,Licence,Célibataire,$40K - $60K,Blue,27,2,2,1594,47,0.607,0,0,0,0,0,0,Faible
713101383,Client actuel,44,F,2,Non connu,Marié(e),$40K - $60K,Blue,36,1,1,0,87,0.0,0,0,1,0,1,2,Modéré
757685733,Client actuel,43,F,2,Licence,Célibataire,Moins de $40K,Blue,36,2,2,2145,75,0.665,0,0,0,0,0,0,Faible
717823383,Client actuel,56,M,4,Non connu,Marié(e),$60K - $80K,Blue,47,1,3,1841,81,0.537,0,0,0,0,0,0,Faible
796029483,Client actuel,49,F,3,Licence,Marié(e),Moins de $40K,Blue,43,3,2,785,78,0.361,0,0,0,0,0,0,Faible
710099358,Client actuel,60,F,1,Non connu,Célibataire,$40K - $60K,Blue,36,3,1,0,92,0.0,0,0,1,0,1,2,Modéré
713872008,Client actuel,49,F,1,Lycée (équivalent baccalauréat),Marié(e),Moins de $40K,Blue,42,3,1,1347,72,0.608,0,0,0,0,0,0,Faible
788802483,Client actuel,47,F,3,Sans diplôme,Non connu,Moins de $40K,Blue,29,2,3,1595,87,0.567,0,0,0,0,0,0,Faible
817988433,Client actuel,56,M,3,Non connu,Célibataire,$60K - $80K,Blue,51,2,2,1013,78,0.146,0,0,0,0,1,1,Faible
823554783,Client actuel,44,F,3,Niveau Bac+2,Célibataire,Non connu,Blue,40,1,3,0,85,0.0,0,0,1,0,1,2,Modéré
710643183,Client actuel,42,F,2,Lycée (équivalent baccalauréat),Célibataire,Moins de $40K,Blue,23,2,3,1160,83,0.366,0,0,0,0,0,0,Faible
798238008,Client actuel,36,F,2,Sans diplôme,Marié(e),Moins de $40K,Blue,30,1,2,0,85,0.0,0,0,1,0,1,2,Modéré
811974483,Client actuel,56,M,2,Licence,Célibataire,$40K - $60K,Blue,51,3,1,723,86,0.493,0,0,0,0,0,0,Faible
778471758,Client actuel,52,F,2,Licence,Marié(e),Moins de $40K,Blue,37,3,3,2362,85,0.973,0,0,0,0,0,0,Faible
718513233,Client actuel,59,M,2,Licence,Célibataire,$120K +,Blue,48,3,3,1861,78,0.103,0,0,0,0,1,1,Faible
718147233,Client actuel,44,F,1,Lycée (équivalent baccalauréat),Marié(e),$40K - $60K,Blue,31,2,3,1538,95,0.338,0,0,0,0,0,0,Faible
713700258,Client actuel,55,F,1,Master,Marié(e),Non connu,Blue,42,3,3,1896,79,0.642,0,0,0,0,0,0,Faible
711438033,Client actuel,57,F,1,Licence,Marié(e),Moins de $40K,Blue,45,3,2,0,73,0.0,0,0,1,0,1,2,Modéré
712253058,Client actuel,48,F,3,Lycée (équivalent baccalauréat),Marié(e),Moins de $40K,Blue,40,2,1,1255,83,0.598,0,0,0,0,0,0,Faible
713519508,Client actuel,47,M,4,Lycée (équivalent baccalauréat),Divorcé(e),$60K - $80K,Blue,36,1,1,989,80,0.499,0,0,0,0,0,0,Faible
789992733,Client actuel,50,F,1,Non connu,Non connu,Moins de $40K,Blue,42,1,2,1539,75,0.696,0,0,0,0,0,0,Faible
710110683,Client actuel,52,M,2,Niveau Bac+2,Marié(e),$60K - $80K,Blue,36,1,3,1007,83,0.128,0,0,0,0,1,1,Faible
720260433,Client actuel,46,F,3,Lycée (équivalent baccalauréat),Marié(e),$40K - $60K,Blue,34,3,2,1687,95,0.506,0,0,0,0,0,0,Faible
714148758,Client actuel,34,F,2,Master,Marié(e),Moins de $40K,Blue,27,3,3,1398,68,0.81,0,0,0,0,0,0,Faible
715522233,Client actuel,45,F,3,Doctorat,Célibataire,Moins de $40K,Blue,27,6,3,1523,92,0.522,1,0,0,0,0,1,Faible
714943233,Client actuel,49,M,2,Doctorat,Marié(e),$40K - $60K,Blue,31,2,2,1545,80,0.807,0,0,0,0,0,0,Faible
789579033,Client actuel,43,M,3,Licence,Non connu,$40K - $60K,Blue,36,3,3,2098,84,0.43,0,0,0,0,0,0,Faible
708952758,Client actuel,41,F,3,Niveau Bac+2,Marié(e),Moins de $40K,Blue,35,1,2,1542,76,0.746,0,0,0,0,0,0,Faible
721374033,Client actuel,53,F,1,Lycée (équivalent baccalauréat),Marié(e),$40K - $60K,Blue,39,3,3,1115,69,0.515,0,0,0,0,0,0,Faible
808891983,Client actuel,42,F,5,Licence,Non connu,Moins de $40K,Blue,37,3,2,1835,60,0.294,0,0,0,0,0,0,Faible
794516508,Client actuel,43,F,3,Lycée (équivalent baccalauréat),Marié(e),Moins de $40K,Blue,24,2,1,0,81,0.0,0,0,1,0,1,2,Modéré
714032883,Client actuel,45,M,2,Niveau Bac+2,Non connu,$40K - $60K,Blue,36,1,1,1591,80,0.337,0,0,0,0,0,0,Faible
778722033,Client actuel,44,F,2,Sans diplôme,Marié(e),Moins de $40K,Blue,28,2,0,1265,77,0.556,0,0,0,0,0,0,Faible
823578483,Client actuel,44,F,4,Lycée (équivalent baccalauréat),Célibataire,Moins de $40K,Blue,40,1,2,1169,78,0.813,0,0,0,0,0,0,Faible
715148658,Client actuel,51,F,2,Licence,Marié(e),Moins de $40K,Blue,43,3,3,1039,86,0.282,0,0,0,0,0,0,Faible
709669533,Client actuel,38,F,1,Lycée (équivalent baccalauréat),Divorcé(e),Moins de $40K,Blue,30,3,2,1303,88,0.479,0,0,0,0,0,0,Faible
787467858,Client actuel,43,M,1,Lycée (équivalent baccalauréat),Célibataire,$80K - $120K,Silver,30,1,3,2045,54,0.059,0,0,0,0,1,1,Faible
708671733,Client actuel,48,M,4,Licence,Marié(e),$60K - $80K,Blue,36,3,3,1499,71,0.723,0,0,0,0,0,0,Faible
709790058,Client actuel,53,M,4,Licence,Marié(e),$120K +,Blue,40,1,3,1512,87,0.237,0,0,0,0,0,0,Faible
712714008,Client actuel,39,F,4,Non connu,Marié(e),$40K - $60K,Blue,28,3,2,2302,81,0.845,0,0,0,0,0,0,Faible
715191258,Client actuel,47,F,5,Non connu,Marié(e),Non connu,Blue,41,2,3,1999,64,0.747,0,0,0,0,0,0,Faible
757722708,Client actuel,42,M,3,Niveau Bac+2,Marié(e),$60K - $80K,Blue,35,3,1,0,83,0.0,0,0,1,0,1,2,Modéré
718086783,Client actuel,50,M,5,Sans diplôme,Marié(e),$120K +,Blue,36,2,1,0,56,0.0,0,0,1,0,1,2,Modéré
815253708,Client actuel,46,F,2,Lycée (équivalent baccalauréat),Divorcé(e),Moins de $40K,Blue,41,2,2,1807,73,0.636,0,0,0,0,0,0,Faible
715083633,Client actuel,33,F,1,Sans diplôme,Marié(e),Moins de $40K,Blue,23,2,3,1777,76,0.971,0,0,0,0,0,0,Faible
792098883,Client actuel,37,M,2,Doctorat,Célibataire,$120K +,Blue,31,1,3,1204,82,0.51,0,0,0,0,0,0,Faible
711873858,Client actuel,43,M,3,Lycée (équivalent baccalauréat),Marié(e),$60K - $80K,Blue,35,3,2,1882,91,0.506,0,0,0,0,0,0,Faible
787591008,Client actuel,42,M,3,Sans diplôme,Divorcé(e),$60K - $80K,Blue,34,1,1,1195,83,0.522,0,0,0,0,0,0,Faible
801518958,Client actuel,56,F,1,Licence,Marié(e),Non connu,Blue,50,3,3,0,69,0.0,0,0,1,0,1,2,Modéré
713068833,Client actuel,44,F,3,Sans diplôme,Célibataire,Moins de $40K,Blue,32,2,1,894,85,0.622,0,0,0,0,0,0,Faible
710566533,Client actuel,40,M,1,Non connu,Marié(e),$60K - $80K,Blue,27,3,3,1372,67,0.603,0,0,0,0,0,0,Faible
789151983,Client actuel,43,F,4,Licence,Non connu,$40K - $60K,Blue,31,3,3,1108,87,0.271,0,0,0,0,0,0,Faible
766673433,Client actuel,45,M,4,Non connu,Marié(e),$80K - $120K,Blue,38,3,3,1570,80,0.413,0,0,0,0,0,0,Faible
807589908,Client actuel,47,F,5,Non connu,Marié(e),Moins de $40K,Blue,42,2,1,822,80,0.462,0,0,0,0,0,0,Faible
710090133,Client actuel,62,F,1,Niveau Bac+2,Divorcé(e),Moins de $40K,Blue,51,3,3,1685,80,0.416,0,0,0,0,0,0,Faible
799242033,Client actuel,45,M,4,Doctorat,Marié(e),$80K - $120K,Blue,39,3,2,1162,86,0.808,0,0,0,0,0,0,Faible
719377383,Client actuel,40,M,2,Niveau Bac+2,Célibataire,$60K - $80K,Blue,28,2,3,2025,90,0.186,0,0,0,0,0,0,Faible
710371683,Client actuel,51,M,4,Doctorat,Marié(e),$60K - $80K,Blue,36,1,2,2006,67,0.581,0,0,0,0,0,0,Faible
719926683,Client actuel,41,M,3,Lycée (équivalent baccalauréat),Divorcé(e),$60K - $80K,Blue,33,2,2,2171,77,0.105,0,0,0,0,1,1,Faible
793597833,Client actuel,49,F,0,Master,Célibataire,Moins de $40K,Blue,43,3,1,1568,69,0.632,0,0,0,0,0,0,Faible
713739708,Client actuel,61,M,0,Lycée (équivalent baccalauréat),Célibataire,$60K - $80K,Blue,53,3,3,2050,71,0.849,0,0,0,0,0,0,Faible
709389558,Client actuel,33,F,4,Niveau Bac+2,Célibataire,Moins de $40K,Blue,36,3,0,0,85,0.0,0,0,1,0,1,2,Modéré
811907583,Client actuel,45,F,4,Sans diplôme,Célibataire,Non connu,Blue,40,2,2,1574,67,0.207,0,0,0,0,0,0,Faible
709087983,Client actuel,35,F,3,Doctorat,Célibataire,Moins de $40K,Blue,27,2,3,0,94,0.0,0,0,1,0,1,2,Modéré
712774908,Client actuel,41,F,4,Lycée (équivalent baccalauréat),Marié(e),Moins de $40K,Blue,29,2,2,1861,83,0.715,0,0,0,0,0,0,Faible
820639908,Client actuel,48,F,4,Lycée (équivalent baccalauréat),Marié(e),Non connu,Blue,44,2,1,2517,81,0.959,0,0,0,0,0,0,Faible
713497983,Client actuel,49,M,5,Lycée (équivalent baccalauréat),Célibataire,$60K - $80K,Blue,36,2,2,0,53,0.0,0,0,1,0,1,2,Modéré
713489358,Client actuel,52,F,2,Licence,Marié(e),Moins de $40K,Blue,40,3,2,0,82,0.0,0,0,1,0,1,2,Modéré
711381183,Client actuel,51,F,2,Non connu,Marié(e),$40K - $60K,Blue,36,3,2,1141,85,0.793,0,0,0,0,0,0,Faible
814989933,Client actuel,45,F,4,Niveau Bac+2,Non connu,Moins de $40K,Blue,40,2,1,1058,73,0.589,0,0,0,0,0,0,Faible
711847833,Client actuel,42,F,2,Licence,Célibataire,Moins de $40K,Blue,32,2,2,1127,71,0.583,0,0,0,0,0,0,Faible
772837083,Client actuel,41,M,3,Licence,Marié(e),$120K +,Blue,32,3,1,0,87,0.0,0,0,1,0,1,2,Modéré
713652783,Client actuel,30,F,0,Non connu,Célibataire,Moins de $40K,Blue,36,1,1,1220,90,0.515,0,0,0,0,0,0,Faible
719202708,Client actuel,54,F,3,Lycée (équivalent baccalauréat),Marié(e),Moins de $40K,Blue,36,2,1,541,84,0.096,0,0,1,0,1,2,Modéré
714566133,Client actuel,60,F,2,Licence,Marié(e),Moins de $40K,Blue,36,2,2,2356,91,0.727,0,0,0,0,0,0,Faible
717553683,Client actuel,52,F,1,Non connu,Marié(e),Moins de $40K,Blue,36,1,3,2517,61,0.828,0,0,0,0,0,0,Faible
814987983,Client actuel,37,F,2,Niveau Bac+2,Célibataire,$40K - $60K,Blue,32,1,3,683,77,0.186,0,0,0,0,0,0,Faible
789588933,Client actuel,44,M,2,Licence,Marié(e),$60K - $80K,Blue,37,1,1,0,79,0.0,0,0,1,0,1,2,Modéré
714317058,Client actuel,52,M,2,Licence,Marié(e),$60K - $80K,Blue,36,3,1,2437,63,0.513,0,0,0,0,0,0,Faible
716366208,Client actuel,45,F,2,Sans diplôme,Marié(e),Non connu,Blue,36,1,3,0,82,0.0,0,0,1,0,1,2,Modéré
710971908,Client actuel,43,M,1,Lycée (équivalent baccalauréat),Marié(e),$60K - $80K,Blue,31,3,3,1780,80,0.473,0,0,0,0,0,0,Faible
720593583,Client actuel,39,F,2,Doctorat,Divorcé(e),Moins de $40K,Blue,32,2,2,747,90,0.21,0,0,0,0,0,0,Faible
720165258,Client actuel,44,F,2,Lycée (équivalent baccalauréat),Non connu,Moins de $40K,Blue,29,3,1,2330,91,0.735,0,0,0,0,0,0,Faible
716147658,Client actuel,49,F,2,Sans diplôme,Célibataire,Non connu,Blue,40,3,1,1601,86,0.65,0,0,0,0,0,0,Faible
778436283,Client actuel,41,M,4,Lycée (équivalent baccalauréat),Célibataire,Moins de $40K,Blue,21,3,1,1504,76,0.439,0,0,0,0,0,0,Faible
711492258,Client actuel,50,M,2,Licence,Marié(e),$60K - $80K,Blue,45,1,0,1578,71,0.781,0,0,0,0,0,0,Faible
771106458,Client actuel,54,F,4,Niveau Bac+2,Marié(e),Moins de $40K,Blue,41,5,2,1313,61,0.537,1,0,0,0,0,1,Faible
713183508,Client actuel,39,F,1,Lycée (équivalent baccalauréat),Marié(e),Non connu,Blue,36,3,2,1158,82,0.421,0,0,0,0,0,0,Faible
710832108,Client actuel,52,F,2,Non connu,Célibataire,$40K - $60K,Blue,44,3,3,2359,81,0.262,0,0,0,0,0,0,Faible
719940483,Client actuel,51,F,1,Licence,Marié(e),$40K - $60K,Blue,43,2,2,1663,88,0.789,0,0,0,0,0,0,Faible
715207458,Client actuel,46,F,1,Non connu,Célibataire,Moins de $40K,Blue,39,2,1,1074,90,0.529,0,0,0,0,0,0,Faible
716839983,Client actuel,48,M,3,Niveau Bac+2,Marié(e),$120K +,Blue,36,3,2,0,75,0.0,0,0,1,0,1,2,Modéré
781073733,Client actuel,50,M,2,Licence,Marié(e),$120K +,Blue,41,3,3,0,88,0.0,0,0,1,0,1,2,Modéré
757594083,Client actuel,52,F,1,Non connu,Marié(e),Non connu,Blue,45,4,0,0,74,0.0,1,0,1,0,1,3,Modéré
764496708,Client actuel,54,F,2,Lycée (équivalent baccalauréat),Marié(e),Non connu,Blue,47,3,3,0,82,0.0,0,0,1,0,1,2,Modéré
714080433,Client actuel,40,F,5,Niveau Bac+2,Marié(e),$40K - $60K,Blue,36,3,2,1787,67,0.568,0,0,0,0,0,0,Faible
757675158,Client actuel,47,F,4,Master,Divorcé(e),$40K - $60K,Blue,40,2,3,1851,85,0.679,0,0,0,0,0,0,Faible
715361433,Client actuel,53,F,2,Lycée (équivalent baccalauréat),Célibataire,Moins de $40K,Blue,36,2,3,994,78,0.53,0,0,0,0,0,0,Faible
718792758,Client actuel,35,F,4,Sans diplôme,Marié(e),Non connu,Blue,25,3,2,587,80,0.174,0,0,1,0,0,1,Faible
709738008,Client actuel,48,F,3,Non connu,Marié(e),$40K - $60K,Blue,36,6,2,1057,81,0.377,1,0,0,0,0,1,Faible
799020258,Client actuel,44,M,2,Sans diplôme,Divorcé(e),$60K - $80K,Blue,38,1,2,0,82,0.0,0,0,1,0,1,2,Modéré
716324583,Client actuel,42,F,4,Sans diplôme,Célibataire,Non connu,Blue,36,4,1,1892,81,0.658,1,0,0,0,0,1,Faible
720887058,Client actuel,51,F,1,Non connu,Marié(e),Non connu,Blue,35,2,3,0,87,0.0,0,0,1,0,1,2,Modéré
714825408,Client actuel,45,F,3,Lycée (équivalent baccalauréat),Célibataire,$40K - $60K,Blue,36,3,3,2517,65,0.882,0,0,0,0,0,0,Faible
788620083,Client actuel,50,F,3,Licence,Célibataire,Moins de $40K,Blue,41,2,2,1419,89,0.596,0,0,0,0,0,0,Faible
719490108,Client actuel,54,F,3,Licence,Célibataire,Moins de $40K,Blue,36,3,1,1779,74,0.629,0,0,0,0,0,0,Faible
709044183,Client actuel,47,F,3,Non connu,Marié(e),Non connu,Blue,27,3,3,824,64,0.033,0,0,0,0,1,1,Faible
756944133,Client actuel,52,F,4,Licence,Marié(e),Moins de $40K,Blue,45,1,3,2168,89,0.585,0,0,0,0,0,0,Faible
779770683,Client actuel,47,F,3,Sans diplôme,Divorcé(e),$40K - $60K,Blue,36,3,3,0,79,0.0,0,0,1,0,1,2,Modéré
718510983,Client actuel,54,F,3,Non connu,Célibataire,$40K - $60K,Blue,41,3,2,0,89,0.0,0,0,1,0,1,2,Modéré
710322033,Client actuel,52,F,1,Lycée (équivalent baccalauréat),Marié(e),Moins de $40K,Blue,44,1,1,1765,77,0.689,0,0,0,0,0,0,Faible
710560008,Client actuel,46,F,4,Lycée (équivalent baccalauréat),Marié(e),Moins de $40K,Blue,33,3,0,1738,75,0.917,0,0,0,0,0,0,Faible
789164283,Client actuel,55,F,0,Sans diplôme,Marié(e),Moins de $40K,Blue,44,1,3,1929,87,0.743,0,0,0,0,0,0,Faible
779158533,Client actuel,43,F,3,Sans diplôme,Célibataire,Moins de $40K,Blue,25,3,3,966,74,0.598,0,0,0,0,0,0,Faible
720463833,Client actuel,42,M,5,Sans diplôme,Célibataire,$60K - $80K,Blue,36,1,2,1738,76,0.263,0,0,0,0,0,0,Faible
771067308,Client actuel,38,F,3,Lycée (équivalent baccalauréat),Célibataire,$40K - $60K,Blue,25,1,2,1908,73,0.628,0,0,0,0,0,0,Faible
716171358,Client actuel,51,M,4,Niveau Bac+2,Marié(e),$40K - $60K,Blue,36,3,1,2222,85,0.501,0,0,0,0,0,0,Faible
794637333,Client actuel,44,F,2,Licence,Divorcé(e),Moins de $40K,Silver,25,2,2,0,77,0.0,0,0,1,0,1,2,Modéré
718492908,Client actuel,38,F,3,Niveau Bac+2,Marié(e),Moins de $40K,Blue,36,2,3,1554,86,0.471,0,0,0,0,0,0,Faible
716033508,Client actuel,46,M,2,Licence,Célibataire,$60K - $80K,Blue,34,3,2,1434,66,0.229,0,0,0,0,0,0,Faible
717603858,Client actuel,54,M,3,Niveau Bac+2,Célibataire,$40K - $60K,Blue,42,2,1,1775,77,0.317,0,0,0,0,0,0,Faible
714741933,Client actuel,42,M,4,Non connu,Marié(e),$60K - $80K,Blue,32,1,2,1759,76,0.178,0,0,0,0,0,0,Faible
716558283,Client actuel,30,F,0,Licence,Marié(e),Moins de $40K,Blue,36,2,2,1046,84,0.645,0,0,0,0,0,0,Faible
719022558,Client actuel,49,F,4,Sans diplôme,Marié(e),Moins de $40K,Blue,38,3,3,1173,74,0.509,0,0,0,0,0,0,Faible
717334233,Client actuel,54,F,1,Sans diplôme,Célibataire,$40K - $60K,Blue,43,3,2,2517,79,0.264,0,0,0,0,0,0,Faible
719192808,Client actuel,51,M,4,Licence,Célibataire,$120K +,Blue,36,1,1,2147,71,0.678,0,0,0,0,0,0,Faible
719281533,Client actuel,37,F,3,Niveau Bac+2,Marié(e),Moins de $40K,Blue,27,1,3,1388,84,0.472,0,0,0,0,0,0,Faible
710877108,Client actuel,44,F,1,Lycée (équivalent baccalauréat),Divorcé(e),Moins de $40K,Blue,32,1,2,1288,75,0.473,0,0,0,0,0,0,Faible
714155283,Client actuel,46,F,2,Non connu,Marié(e),Non connu,Blue,36,3,0,876,77,0.125,0,0,0,0,1,1,Faible
771214083,Client actuel,45,M,2,Lycée (équivalent baccalauréat),Non connu,$60K - $80K,Blue,32,2,3,0,65,0.0,0,0,1,0,1,2,Modéré
770581983,Client actuel,55,F,4,Licence,Marié(e),$40K - $60K,Blue,41,1,3,0,88,0.0,0,0,1,0,1,2,Modéré
710257683,Client actuel,50,M,3,Licence,Célibataire,$120K +,Blue,33,2,2,1134,73,0.033,0,0,0,0,1,1,Faible
719922558,Client actuel,45,F,5,Non connu,Divorcé(e),$40K - $60K,Blue,33,2,3,0,84,0.0,0,0,1,0,1,2,Modéré
715072533,Client actuel,41,F,3,Non connu,Non connu,$40K - $60K,Blue,36,6,2,0,75,0.0,1,0,1,0,1,3,Modéré
716214108,Client actuel,44,M,4,Sans diplôme,Célibataire,$60K - $80K,Blue,36,2,1,0,80,0.0,0,0,1,0,1,2,Modéré
772216833,Client actuel,47,F,5,Licence,Célibataire,Moins de $40K,Blue,36,2,1,1950,88,0.706,0,0,0,0,0,0,Faible
708553008,Client actuel,38,F,1,Lycée (équivalent baccalauréat),Célibataire,$40K - $60K,Blue,36,2,3,1103,64,0.514,0,0,0,0,0,0,Faible
778880358,Client actuel,49,F,4,Licence,Divorcé(e),$40K - $60K,Blue,30,3,3,1648,71,0.663,0,0,0,0,0,0,Faible
720258183,Client actuel,39,F,4,Licence,Célibataire,$40K - $60K,Blue,25,3,3,2517,75,0.742,0,0,0,0,0,0,Faible
720689583,Client actuel,50,F,3,Lycée (équivalent baccalauréat),Marié(e),$40K - $60K,Blue,40,3,3,1747,91,0.519,0,0,0,0,0,0,Faible
758168133,Client actuel,50,F,0,Lycée (équivalent baccalauréat),Marié(e),$40K - $60K,Blue,43,3,1,1060,86,0.255,0,0,0,0,0,0,Faible
716322783,Client actuel,47,F,3,Non connu,Marié(e),Moins de $40K,Blue,37,2,2,1628,74,0.756,0,0,0,0,0,0,Faible
711118083,Client actuel,54,F,4,Licence,Divorcé(e),Moins de $40K,Blue,43,2,1,1784,80,0.712,0,0,0,0,0,0,Faible
709591533,Client actuel,46,F,3,Niveau Bac+2,Divorcé(e),Moins de $40K,Blue,38,1,3,1115,60,0.629,0,0,0,0,0,0,Faible
794556333,Client actuel,43,F,2,Non connu,Célibataire,Non connu,Blue,27,3,3,1697,77,0.516,0,0,0,0,0,0,Faible
771630783,Client actuel,42,F,3,Lycée (équivalent baccalauréat),Marié(e),Non connu,Blue,30,1,2,935,87,0.513,0,0,0,0,0,0,Faible
708672708,Client actuel,49,M,4,Lycée (équivalent baccalauréat),Non connu,$80K - $120K,Blue,31,3,3,2517,65,0.073,0,0,0,0,1,1,Faible
715590258,Client actuel,45,F,4,Sans diplôme,Célibataire,$40K - $60K,Blue,36,1,3,2070,69,0.528,0,0,0,0,0,0,Faible
714241083,Client actuel,49,F,1,Licence,Marié(e),Non connu,Blue,39,1,3,2091,58,0.383,0,0,0,0,0,0,Faible
709061658,Client actuel,44,F,1,Licence,Célibataire,Moins de $40K,Blue,31,2,3,716,87,0.462,0,0,0,0,0,0,Faible
717384183,Client actuel,58,F,3,Licence,Célibataire,Moins de $40K,Blue,53,3,1,2048,79,0.767,0,0,0,0,0,0,Faible
778921908,Client actuel,42,M,4,Niveau Bac+2,Célibataire,$60K - $80K,Blue,23,3,1,841,80,0.254,0,0,0,0,0,0,Faible
714745608,Client actuel,51,F,4,Lycée (équivalent baccalauréat),Célibataire,Moins de $40K,Blue,33,4,3,2071,71,0.675,1,0,0,0,0,1,Faible
709200633,Client actuel,55,F,1,Licence,Célibataire,Non connu,Blue,49,4,3,0,73,0.0,1,0,1,0,1,3,Modéré
714714558,Client actuel,37,F,2,Sans diplôme,Célibataire,$40K - $60K,Blue,27,3,2,2517,75,0.825,0,0,0,0,0,0,Faible
801363633,Client actuel,60,F,2,Licence,Marié(e),Non connu,Blue,54,2,2,1664,81,0.496,0,0,0,0,0,0,Faible
778847808,Client actuel,42,F,4,Licence,Marié(e),$40K - $60K,Blue,23,2,3,1245,82,0.47,0,0,0,0,0,0,Faible
713015433,Client actuel,50,F,4,Non connu,Marié(e),Moins de $40K,Blue,36,4,3,1102,71,0.458,1,0,0,0,0,1,Faible
809631483,Client actuel,42,M,3,Master,Non connu,$80K - $120K,Blue,37,1,3,0,83,0.0,0,0,1,0,1,2,Modéré
808967883,Client actuel,48,F,4,Non connu,Marié(e),Moins de $40K,Blue,43,1,0,1262,76,0.604,0,0,0,0,0,0,Faible
710532258,Client actuel,48,F,3,Lycée (équivalent baccalauréat),Divorcé(e),Moins de $40K,Blue,36,1,1,1495,83,0.684,0,0,0,0,0,0,Faible
812235108,Client actuel,44,F,2,Licence,Non connu,Moins de $40K,Blue,39,3,3,755,58,0.186,0,0,0,0,0,0,Faible
817293258,Client actuel,44,F,4,Niveau Bac+2,Marié(e),$40K - $60K,Blue,27,1,2,2517,63,0.791,0,0,0,0,0,0,Faible
714695883,Client actuel,45,F,5,Sans diplôme,Non connu,Moins de $40K,Blue,36,2,3,1583,75,0.587,0,0,0,0,0,0,Faible
738062658,Client actuel,57,M,3,Licence,Célibataire,$80K - $120K,Blue,50,3,3,1762,62,0.103,0,0,0,0,1,1,Faible
709518858,Client actuel,50,F,2,Licence,Marié(e),Moins de $40K,Blue,38,1,1,0,87,0.0,0,0,1,0,1,2,Modéré
711272058,Client actuel,40,F,4,Licence,Marié(e),Non connu,Blue,28,3,3,972,71,0.599,0,0,0,0,0,0,Faible
716262708,Client actuel,51,F,2,Niveau Bac+2,Célibataire,Moins de $40K,Blue,36,3,2,718,71,0.499,0,0,0,0,0,0,Faible
708928008,Client actuel,34,F,2,Lycée (équivalent baccalauréat),Célibataire,$40K - $60K,Blue,36,3,1,0,87,0.0,0,0,1,0,1,2,Modéré
765755283,Client actuel,48,F,2,Licence,Marié(e),Non connu,Blue,41,1,3,745,74,0.094,0,0,0,0,1,1,Faible
711922158,Client actuel,57,F,2,Licence,Marié(e),Moins de $40K,Blue,45,3,3,0,62,0.0,0,0,1,0,1,2,Modéré
773177358,Client actuel,48,F,3,Licence,Marié(e),Non connu,Blue,41,2,2,2426,93,0.3,0,0,0,0,0,0,Faible
779638983,Client actuel,47,F,4,Licence,Marié(e),Moins de $40K,Blue,30,3,3,1573,83,0.741,0,0,0,0,0,0,Faible
708723858,Client actuel,48,F,4,Licence,Célibataire,Moins de $40K,Blue,37,1,3,1715,67,0.502,0,0,0,0,0,0,Faible
712184133,Client actuel,41,F,5,Licence,Marié(e),Moins de $40K,Blue,24,3,3,1408,80,0.646,0,0,0,0,0,0,Faible
709948233,Client actuel,47,F,3,Sans diplôme,Célibataire,Non connu,Blue,35,4,3,1899,87,0.776,1,0,0,0,0,1,Faible
709415583,Client actuel,37,F,2,Non connu,Célibataire,Moins de $40K,Blue,21,1,1,1476,66,0.372,0,0,0,0,0,0,Faible
714005508,Client actuel,45,F,4,Licence,Marié(e),Non connu,Blue,36,2,2,2027,64,0.489,0,0,0,0,0,0,Faible
712407033,Client actuel,26,F,0,Sans diplôme,Non connu,Non connu,Silver,13,2,3,2403,59,0.07,0,0,0,0,1,1,Faible
716333283,Client actuel,58,F,0,Non connu,Non connu,Moins de $40K,Blue,52,2,2,1255,80,0.671,0,0,0,0,0,0,Faible
715534083,Client actuel,46,F,2,Niveau Bac+2,Célibataire,Non connu,Blue,33,3,1,1334,73,0.615,0,0,0,0,0,0,Faible
789492558,Client actuel,49,F,2,Niveau Bac+2,Marié(e),Moins de $40K,Blue,40,2,1,1276,82,0.609,0,0,0,0,0,0,Faible
770929383,Client actuel,41,M,2,Licence,Célibataire,$60K - $80K,Blue,28,1,1,993,82,0.136,0,0,0,0,1,1,Faible
708890133,Client actuel,46,F,4,Niveau Bac+2,Marié(e),Non connu,Blue,35,2,2,0,74,0.0,0,0,1,0,1,2,Modéré
788595183,Client actuel,42,M,2,Licence,Célibataire,$40K - $60K,Blue,36,1,3,686,80,0.477,0,0,0,0,0,0,Faible
713167383,Client actuel,57,F,3,Lycée (équivalent baccalauréat),Célibataire,Moins de $40K,Blue,46,2,2,1540,81,0.67,0,0,0,0,0,0,Faible
717704433,Client actuel,48,F,4,Non connu,Célibataire,Non connu,Blue,37,2,1,836,85,0.218,0,0,0,0,0,0,Faible
718590183,Client actuel,58,F,3,Doctorat,Marié(e),Moins de $40K,Blue,47,3,3,920,69,0.606,0,0,0,0,0,0,Faible
719019483,Client actuel,46,F,2,Niveau Bac+2,Non connu,Moins de $40K,Silver,36,3,1,1507,63,0.112,0,0,0,0,1,1,Faible
710401458,Client actuel,53,M,3,Non connu,Marié(e),$80K - $120K,Blue,40,2,3,0,76,0.0,0,0,1,0,1,2,Modéré
720783558,Client actuel,58,F,1,Licence,Marié(e),Non connu,Blue,48,3,1,2216,73,0.223,0,0,0,0,0,0,Faible
772364358,Client actuel,54,F,2,Lycée (équivalent baccalauréat),Non connu,Moins de $40K,Blue,44,1,1,811,80,0.301,0,0,0,0,0,0,Faible
709388058,Client actuel,43,F,4,Licence,Célibataire,Moins de $40K,Blue,34,3,2,1263,80,0.63,0,0,0,0,0,0,Faible
717004533,Client actuel,35,F,3,Lycée (équivalent baccalauréat),Marié(e),Moins de $40K,Blue,36,3,0,1189,81,0.248,0,0,0,0,0,0,Faible
714969183,Client actuel,46,F,2,Non connu,Marié(e),Moins de $40K,Blue,36,3,1,1639,76,0.525,0,0,0,0,0,0,Faible
720837708,Client actuel,42,F,3,Niveau Bac+2,Non connu,Moins de $40K,Blue,28,2,3,2517,94,0.46,0,0,0,0,0,0,Faible
759947433,Client actuel,53,M,3,Licence,Marié(e),$120K +,Blue,46,2,2,0,81,0.0,0,0,1,0,1,2,Modéré
781926633,Client actuel,48,M,2,Sans diplôme,Marié(e),$40K - $60K,Blue,42,3,3,2517,88,0.786,0,0,0,0,0,0,Faible
720518283,Client actuel,50,M,2,Master,Célibataire,$60K - $80K,Blue,36,3,2,1371,77,0.597,0,0,0,0,0,0,Faible
715380483,Client actuel,54,F,5,Non connu,Célibataire,Moins de $40K,Blue,49,3,2,0,75,0.0,0,0,1,0,1,2,Modéré
789296133,Client actuel,35,F,3,Doctorat,Célibataire,Non connu,Blue,24,1,3,770,65,0.063,0,0,0,0,1,1,Faible
711029358,Client actuel,41,F,4,Non connu,Célibataire,Moins de $40K,Blue,36,3,2,1566,61,0.634,0,0,0,0,0,0,Faible
712615008,Client actuel,46,M,2,Licence,Non connu,$120K +,Blue,34,3,2,892,66,0.037,0,0,0,0,1,1,Faible
816826008,Client actuel,41,M,4,Non connu,Marié(e),Moins de $40K,Blue,36,1,2,998,84,0.512,0,0,0,0,0,0,Faible
715488483,Client actuel,49,F,4,Licence,Marié(e),Moins de $40K,Blue,36,3,1,0,75,0.0,0,0,1,0,1,2,Modéré
717759783,Client actuel,47,F,4,Non connu,Célibataire,Non connu,Blue,34,3,2,860,72,0.149,0,0,0,0,1,1,Faible
709925733,Client actuel,32,F,0,Non connu,Célibataire,Moins de $40K,Blue,22,3,2,713,80,0.496,0,0,0,0,0,0,Faible
715309083,Client actuel,50,F,2,Licence,Marié(e),Moins de $40K,Blue,36,3,2,0,87,0.0,0,0,1,0,1,2,Modéré
715891533,Client actuel,45,F,4,Licence,Non connu,Moins de $40K,Blue,33,2,1,1305,84,0.659,0,0,0,0,0,0,Faible
788848458,Client actuel,40,F,5,Non connu,Marié(e),$40K - $60K,Blue,24,1,2,1747,71,0.623,0,0,0,0,0,0,Faible
708399858,Client actuel,45,F,3,Lycée (équivalent baccalauréat),Marié(e),Moins de $40K,Blue,35,2,1,2250,77,0.883,0,0,0,0,0,0,Faible
711944733,Client actuel,45,F,2,Lycée (équivalent baccalauréat),Marié(e),Moins de $40K,Blue,36,2,2,828,93,0.568,0,0,0,0,0,0,Faible
785487783,Client actuel,59,F,1,Licence,Célibataire,$40K - $60K,Blue,53,2,0,1409,96,0.712,0,0,0,0,0,0,Faible
718951683,Client actuel,48,F,2,Licence,Marié(e),Moins de $40K,Blue,35,3,1,1262,83,0.569,0,0,0,0,0,0,Faible
718329183,Client actuel,57,F,3,Licence,Divorcé(e),$40K - $60K,Blue,47,3,2,2517,75,0.591,0,0,0,0,0,0,Faible
788960658,Client actuel,42,F,2,Sans diplôme,Marié(e),Moins de $40K,Blue,28,2,3,1742,88,0.677,0,0,0,0,0,0,Faible
713120433,Client actuel,55,F,2,Lycée (équivalent baccalauréat),Marié(e),$40K - $60K,Blue,42,2,3,2007,82,0.37,0,0,0,0,0,0,Faible
720980958,Client actuel,43,F,5,Sans diplôme,Marié(e),Moins de $40K,Blue,30,3,2,909,87,0.294,0,0,0,0,0,0,Faible
709606158,Client actuel,37,F,2,Licence,Marié(e),Moins de $40K,Blue,31,3,3,0,86,0.0,0,0,1,0,1,2,Modéré
714168183,Client actuel,48,F,2,Sans diplôme,Marié(e),Non connu,Blue,38,3,3,1017,77,0.465,0,0,0,0,0,0,Faible
712524858,Client actuel,34,M,1,Licence,Célibataire,Moins de $40K,Blue,28,6,3,1649,74,0.618,1,0,0,0,0,1,Faible
815072283,Client actuel,50,F,3,Licence,Marié(e),Moins de $40K,Blue,45,3,1,1156,75,0.646,0,0,0,0,0,0,Faible
715980258,Client actuel,36,F,1,Doctorat,Célibataire,Moins de $40K,Blue,25,2,3,2511,77,0.886,0,0,0,0,0,0,Faible
788715483,Client actuel,44,F,5,Licence,Célibataire,Moins de $40K,Blue,28,2,2,879,86,0.564,0,0,0,0,0,0,Faible
809276808,Client actuel,47,M,4,Licence,Célibataire,$80K - $120K,Blue,42,1,3,0,83,0.0,0,0,1,0,1,2,Modéré
789373683,Client actuel,45,F,3,Licence,Marié(e),Moins de $40K,Blue,35,2,2,834,70,0.58,0,0,0,0,0,0,Faible
714216858,Client actuel,35,F,2,Non connu,Célibataire,Non connu,Blue,36,1,2,0,85,0.0,0,0,1,0,1,2,Modéré
712302783,Client actuel,38,F,2,Sans diplôme,Célibataire,Moins de $40K,Blue,25,3,1,872,76,0.353,0,0,0,0,0,0,Faible
799717458,Client actuel,42,F,3,Non connu,Marié(e),Moins de $40K,Blue,36,3,3,1453,74,0.578,0,0,0,0,0,0,Faible
719601708,Client actuel,45,M,3,Niveau Bac+2,Célibataire,$60K - $80K,Blue,35,1,2,1099,61,0.103,0,0,0,0,1,1,Faible
824915208,Client actuel,44,F,3,Doctorat,Marié(e),Non connu,Blue,40,1,1,1008,82,0.14,0,0,0,0,1,1,Faible
798777708,Client actuel,54,F,4,Lycée (équivalent baccalauréat),Célibataire,$40K - $60K,Blue,48,4,1,1177,75,0.381,1,0,0,0,0,1,Faible
805229133,Client actuel,46,M,3,Non connu,Non connu,$80K - $120K,Blue,41,2,2,0,70,0.0,0,0,1,0,1,2,Modéré
716365233,Client actuel,53,F,1,Niveau Bac+2,Marié(e),Moins de $40K,Blue,36,3,3,964,75,0.579,0,0,0,0,0,0,Faible
796544133,Client actuel,54,M,1,Niveau Bac+2,Célibataire,$120K +,Blue,48,3,1,1654,84,0.673,0,0,0,0,0,0,Faible
778143183,Client actuel,47,M,1,Licence,Marié(e),$60K - $80K,Blue,40,2,3,0,58,0.0,0,0,1,0,1,2,Modéré
717011958,Client actuel,43,F,4,Licence,Célibataire,$40K - $60K,Blue,23,1,1,0,82,0.0,0,0,1,0,1,2,Modéré
778264008,Client actuel,41,F,3,Niveau Bac+2,Célibataire,$40K - $60K,Blue,32,1,2,1954,77,0.63,0,0,0,0,0,0,Faible
789507408,Client actuel,48,F,3,Niveau Bac+2,Non connu,Non connu,Blue,40,6,1,0,90,0.0,1,0,1,0,1,3,Modéré
788842008,Client actuel,50,F,3,Sans diplôme,Marié(e),Moins de $40K,Blue,34,2,2,2336,87,0.575,0,0,0,0,0,0,Faible
714742758,Client actuel,42,F,4,Sans diplôme,Célibataire,Moins de $40K,Blue,24,2,2,2209,87,0.644,0,0,0,0,0,0,Faible
717742908,Client actuel,44,M,3,Non connu,Marié(e),$40K - $60K,Blue,36,1,1,2517,74,0.194,0,0,0,0,0,0,Faible
712874433,Client actuel,45,M,3,Non connu,Célibataire,Moins de $40K,Blue,36,1,0,642,90,0.276,0,0,1,0,0,1,Faible
720299283,Client actuel,46,M,3,Sans diplôme,Marié(e),$60K - $80K,Blue,33,2,1,0,80,0.0,0,0,1,0,1,2,Modéré
719237058,Client actuel,39,M,2,Doctorat,Célibataire,$60K - $80K,Blue,36,2,1,891,96,0.498,0,0,0,0,0,0,Faible
719671383,Client actuel,40,F,3,Sans diplôme,Non connu,Moins de $40K,Blue,30,3,2,0,70,0.0,0,0,1,0,1,2,Modéré
788290383,Client actuel,43,M,3,Doctorat,Célibataire,$40K - $60K,Blue,35,6,3,1588,83,0.32,1,0,0,0,0,1,Faible
779701983,Client actuel,49,F,3,Licence,Célibataire,$40K - $60K,Blue,32,3,3,1426,80,0.264,0,0,0,0,0,0,Faible
767093133,Client actuel,52,F,2,Non connu,Marié(e),Non connu,Blue,45,2,1,0,80,0.0,0,0,1,0,1,2,Modéré
717979008,Client actuel,48,F,3,Non connu,Célibataire,Moins de $40K,Blue,37,2,1,1072,81,0.509,0,0,0,0,0,0,Faible
712132383,Client actuel,44,M,4,Niveau Bac+2,Célibataire,$80K - $120K,Blue,34,2,3,861,82,0.459,0,0,0,0,0,0,Faible
714469008,Client actuel,40,F,2,Non connu,Célibataire,$40K - $60K,Blue,29,3,3,1337,84,0.569,0,0,0,0,0,0,Faible
812446158,Client actuel,54,F,3,Sans diplôme,Célibataire,Moins de $40K,Blue,49,2,2,0,65,0.0,0,0,1,0,1,2,Modéré
779401233,Client actuel,47,F,4,Sans diplôme,Célibataire,$40K - $60K,Blue,36,1,0,0,78,0.0,0,0,1,0,1,2,Modéré
784994883,Client actuel,26,F,0,Non connu,Marié(e),Moins de $40K,Blue,20,2,2,2378,75,0.945,0,0,0,0,0,0,Faible
721080183,Client actuel,33,F,1,Licence,Célibataire,$40K - $60K,Blue,20,2,3,0,82,0.0,0,0,1,0,1,2,Modéré
712572858,Client actuel,38,M,3,Lycée (équivalent baccalauréat),Célibataire,$80K - $120K,Blue,29,1,3,1801,45,0.528,0,0,0,1,0,1,Faible
780371433,Client actuel,35,F,2,Licence,Marié(e),Non connu,Blue,25,3,3,2014,83,0.603,0,0,0,0,0,0,Faible
708224133,Client actuel,61,M,0,Sans diplôme,Célibataire,$40K - $60K,Blue,49,2,3,1480,71,0.664,0,0,0,0,0,0,Faible
780633483,Client actuel,58,F,0,Licence,Marié(e),$40K - $60K,Blue,47,2,1,1302,81,0.593,0,0,0,0,0,0,Faible
771356508,Client actuel,41,F,5,Licence,Marié(e),Moins de $40K,Blue,28,3,1,1936,71,0.726,0,0,0,0,0,0,Faible
823629333,Client actuel,42,M,4,Sans diplôme,Marié(e),$40K - $60K,Blue,38,4,1,0,50,0.0,1,0,1,0,1,3,Modéré
712961658,Client actuel,45,F,4,Sans diplôme,Marié(e),Moins de $40K,Blue,32,1,1,2238,78,0.671,0,0,0,0,0,0,Faible
710464683,Client actuel,45,F,3,Master,Marié(e),Moins de $40K,Blue,32,3,2,2127,89,0.78,0,0,0,0,0,0,Faible
789082758,Client actuel,40,F,2,Lycée (équivalent baccalauréat),Marié(e),Moins de $40K,Blue,28,3,3,1661,90,0.608,0,0,0,0,0,0,Faible
709140858,Client actuel,57,F,2,Niveau Bac+2,Célibataire,Moins de $40K,Blue,47,3,1,996,82,0.577,0,0,0,0,0,0,Faible
822127008,Client actuel,50,F,1,Master,Marié(e),Non connu,Blue,46,2,1,615,79,0.032,0,0,1,0,1,2,Modéré
720496158,Client actuel,53,M,0,Non connu,Célibataire,$60K - $80K,Blue,42,2,0,1168,82,0.087,0,0,0,0,1,1,Faible
774588633,Client actuel,45,F,3,Licence,Célibataire,Moins de $40K,Blue,39,2,3,0,84,0.0,0,0,1,0,1,2,Modéré
788465583,Client actuel,42,F,3,Niveau Bac+2,Célibataire,$40K - $60K,Blue,35,3,3,1573,52,0.248,0,0,0,0,0,0,Faible
709935708,Client actuel,55,F,1,Non connu,Marié(e),$40K - $60K,Blue,43,1,2,1696,77,0.5,0,0,0,0,0,0,Faible
721112508,Client actuel,48,F,3,Licence,Marié(e),Moins de $40K,Blue,40,3,1,0,80,0.0,0,0,1,0,1,2,Modéré
720734583,Client actuel,44,F,2,Master,Marié(e),Moins de $40K,Blue,32,3,3,1561,82,0.615,0,0,0,0,0,0,Faible
807149058,Client actuel,48,F,5,Non connu,Marié(e),Moins de $40K,Blue,43,1,3,1628,80,0.566,0,0,0,0,0,0,Faible
711733308,Client actuel,45,F,2,Sans diplôme,Célibataire,Moins de $40K,Blue,36,2,2,0,91,0.0,0,0,1,0,1,2,Modéré
710518308,Client actuel,54,F,2,Doctorat,Marié(e),Moins de $40K,Blue,35,4,2,0,85,0.0,1,0,1,0,1,3,Modéré
716586408,Client actuel,48,F,3,Licence,Non connu,Moins de $40K,Blue,36,1,3,1022,86,0.211,0,0,0,0,0,0,Faible
713152383,Client actuel,40,F,3,Sans diplôme,Marié(e),Moins de $40K,Blue,27,1,1,2517,82,0.886,0,0,0,0,0,0,Faible
771935283,Client actuel,47,F,4,Licence,Célibataire,$40K - $60K,Blue,36,2,1,1927,88,0.647,0,0,0,0,0,0,Faible
825838908,Client actuel,39,F,1,Sans diplôme,Célibataire,Moins de $40K,Blue,35,5,1,0,92,0.0,1,0,1,0,1,3,Modéré
709082808,Client actuel,53,F,2,Lycée (équivalent baccalauréat),Marié(e),Moins de $40K,Blue,36,3,2,1198,95,0.556,0,0,0,0,0,0,Faible
710937783,Client actuel,53,F,0,Sans diplôme,Marié(e),$40K - $60K,Blue,40,3,3,2414,68,0.871,0,0,0,0,0,0,Faible
789540108,Client actuel,29,F,1,Sans diplôme,Marié(e),Moins de $40K,Blue,21,1,3,1819,75,0.642,0,0,0,0,0,0,Faible
709824633,Client actuel,44,F,4,Lycée (équivalent baccalauréat),Célibataire,Moins de $40K,Blue,35,5,3,1375,80,0.886,1,0,0,0,0,1,Faible
712571883,Client actuel,40,M,3,Licence,Divorcé(e),Moins de $40K,Silver,36,3,2,1658,58,0.145,0,0,0,0,1,1,Faible
716926758,Client actuel,40,F,2,Sans diplôme,Célibataire,Moins de $40K,Blue,27,6,2,0,91,0.0,1,0,1,0,1,3,Modéré
716181858,Client actuel,42,F,2,Sans diplôme,Marié(e),$40K - $60K,Blue,29,2,2,0,67,0.0,0,0,1,0,1,2,Modéré
779613933,Client actuel,38,F,4,Sans diplôme,Marié(e),Moins de $40K,Blue,27,3,1,1319,86,0.76,0,0,0,0,0,0,Faible
709678608,Client actuel,49,M,4,Lycée (équivalent baccalauréat),Marié(e),$80K - $120K,Blue,36,3,3,1076,69,0.044,0,0,0,0,1,1,Faible
719953383,Client actuel,38,F,4,Niveau Bac+2,Célibataire,Moins de $40K,Blue,27,3,3,0,79,0.0,0,0,1,0,1,2,Modéré
718795083,Client actuel,44,F,2,Licence,Marié(e),Non connu,Blue,26,1,3,1030,85,0.513,0,0,0,0,0,0,Faible
720503508,Client actuel,44,F,1,Sans diplôme,Divorcé(e),Moins de $40K,Blue,37,2,3,1235,75,0.221,0,0,0,0,0,0,Faible
770762133,Client actuel,52,F,3,Lycée (équivalent baccalauréat),Marié(e),Non connu,Blue,38,1,2,2517,79,0.718,0,0,0,0,0,0,Faible
780322908,Client actuel,52,F,3,Non connu,Marié(e),Moins de $40K,Blue,38,2,3,911,67,0.278,0,0,0,0,0,0,Faible
708207783,Client actuel,50,F,3,Lycée (équivalent baccalauréat),Célibataire,Moins de $40K,Blue,42,3,2,0,80,0.0,0,0,1,0,1,2,Modéré
778679883,Client actuel,39,M,2,Licence,Célibataire,$60K - $80K,Blue,19,2,1,0,76,0.0,0,0,1,0,1,2,Modéré
780230208,Client actuel,53,M,2,Niveau Bac+2,Marié(e),$40K - $60K,Blue,40,3,0,1604,75,0.6,0,0,0,0,0,0,Faible
827703258,Client actuel,42,M,4,Lycée (équivalent baccalauréat),Marié(e),$60K - $80K,Blue,38,2,2,0,66,0.0,0,0,1,0,1,2,Modéré
711178383,Client actuel,47,M,2,Master,Marié(e),$80K - $120K,Blue,35,3,1,1166,64,0.038,0,0,0,0,1,1,Faible
712203333,Client actuel,51,M,3,Licence,Marié(e),$80K - $120K,Blue,39,2,1,1750,76,0.247,0,0,0,0,0,0,Faible
709261383,Client actuel,56,F,3,Licence,Marié(e),$40K - $60K,Blue,36,3,2,661,81,0.353,0,0,1,0,0,1,Faible
715829358,Client actuel,33,F,4,Niveau Bac+2,Marié(e),$40K - $60K,Blue,26,2,3,2517,88,0.876,0,0,0,0,0,0,Faible
713213133,Client actuel,36,M,2,Licence,Célibataire,$40K - $60K,Blue,36,2,1,1660,76,0.245,0,0,0,0,0,0,Faible
779442783,Client actuel,39,F,1,Licence,Célibataire,Moins de $40K,Blue,21,2,1,1365,89,0.476,0,0,0,0,0,0,Faible
788791383,Client actuel,39,F,3,Lycée (équivalent baccalauréat),Marié(e),$40K - $60K,Blue,21,2,1,0,70,0.0,0,0,1,0,1,2,Modéré
709459608,Client actuel,47,F,2,Non connu,Non connu,$40K - $60K,Blue,36,3,3,0,87,0.0,0,0,1,0,1,2,Modéré
711560058,Client actuel,49,M,1,Lycée (équivalent baccalauréat),Marié(e),$60K - $80K,Blue,36,3,2,1334,83,0.541,0,0,0,0,0,0,Faible
717657333,Client actuel,43,F,3,Licence,Célibataire,Moins de $40K,Blue,36,3,3,1834,65,0.242,0,0,0,0,0,0,Faible
779141658,Client actuel,48,M,4,Licence,Marié(e),$80K - $120K,Blue,33,3,2,2115,78,0.426,0,0,0,0,0,0,Faible
789613083,Client actuel,47,M,3,Sans diplôme,Divorcé(e),$60K - $80K,Blue,41,3,3,0,81,0.0,0,0,1,0,1,2,Modéré
794540883,Client actuel,56,F,1,Master,Marié(e),$40K - $60K,Blue,38,2,1,1465,87,0.42,0,0,0,0,0,0,Faible
811889808,Client actuel,43,M,3,Licence,Marié(e),$80K - $120K,Blue,38,5,1,2305,83,0.098,1,0,0,0,1,2,Modéré
720509433,Client actuel,51,F,2,Niveau Bac+2,Célibataire,Moins de $40K,Blue,31,1,3,1627,70,0.706,0,0,0,0,0,0,Faible
715091208,Client actuel,42,M,3,Lycée (équivalent baccalauréat),Marié(e),$80K - $120K,Blue,36,3,3,841,94,0.046,0,0,0,0,1,1,Faible
719269308,Client actuel,49,F,2,Licence,Non connu,Moins de $40K,Blue,36,1,3,2517,90,0.774,0,0,0,0,0,0,Faible
718200333,Client actuel,47,F,3,Sans diplôme,Célibataire,Moins de $40K,Blue,41,3,0,2117,87,0.732,0,0,0,0,0,0,Faible
713487633,Client actuel,44,M,3,Master,Marié(e),$80K - $120K,Blue,32,4,2,1807,91,0.052,1,0,0,0,1,2,Modéré
789363408,Client actuel,44,M,3,Lycée (équivalent baccalauréat),Marié(e),$120K +,Silver,34,1,2,2517,83,0.073,0,0,0,0,1,1,Faible
713916708,Client actuel,53,M,3,Licence,Célibataire,$120K +,Gold,43,1,3,2435,98,0.071,0,0,0,0,1,1,Faible
823833483,Client actuel,41,M,3,Licence,Célibataire,$40K - $60K,Blue,37,3,2,1544,83,0.197,0,0,0,0,0,0,Faible
717756258,Client actuel,49,M,2,Non connu,Marié(e),$120K +,Blue,38,6,3,1158,84,0.07,1,0,0,0,1,2,Modéré
712879158,Client actuel,49,M,1,Lycée (équivalent baccalauréat),Marié(e),$60K - $80K,Gold,36,2,3,2201,70,0.354,0,0,0,0,0,0,Faible
709474683,Client actuel,42,F,3,Niveau Bac+2,Marié(e),Moins de $40K,Blue,13,2,3,1478,95,0.243,0,0,0,0,0,0,Faible
772313358,Client actuel,50,M,3,Lycée (équivalent baccalauréat),Célibataire,$80K - $120K,Blue,39,3,2,2216,91,0.104,0,0,0,0,1,1,Faible
711856683,Client actuel,51,M,3,Master,Marié(e),$40K - $60K,Blue,36,3,3,1273,80,0.801,0,0,0,0,0,0,Faible
718530258,Client actuel,52,F,3,Sans diplôme,Divorcé(e),Moins de $40K,Blue,36,1,2,1411,86,0.71,0,0,0,0,0,0,Faible
716288208,Client actuel,48,M,3,Licence,Célibataire,$60K - $80K,Blue,36,1,1,0,77,0.0,0,0,1,0,1,2,Modéré
718712583,Client actuel,44,M,2,Sans diplôme,Marié(e),$80K - $120K,Blue,33,1,1,1665,80,0.048,0,0,0,0,1,1,Faible
806432433,Client actuel,40,F,2,Lycée (équivalent baccalauréat),Célibataire,$40K - $60K,Blue,35,1,2,1713,88,0.673,0,0,0,0,0,0,Faible
720074583,Client actuel,42,M,1,Licence,Non connu,$80K - $120K,Blue,36,1,2,1516,76,0.318,0,0,0,0,0,0,Faible
768848658,Client actuel,43,F,3,Non connu,Célibataire,Non connu,Blue,37,3,1,1797,87,0.108,0,0,0,0,1,1,Faible
709895508,Client actuel,42,M,3,Licence,Marié(e),Moins de $40K,Blue,36,2,1,974,92,0.158,0,0,0,0,1,1,Faible
711542358,Client actuel,42,F,4,Lycée (équivalent baccalauréat),Marié(e),Moins de $40K,Gold,36,3,2,1187,88,0.074,0,0,0,0,1,1,Faible
718773333,Client actuel,51,F,4,Non connu,Célibataire,Moins de $40K,Blue,40,2,2,1799,89,0.35,0,0,0,0,0,0,Faible
816832383,Client actuel,61,F,1,Lycée (équivalent baccalauréat),Célibataire,Moins de $40K,Blue,56,2,2,2266,75,0.662,0,0,0,0,0,0,Faible
714042108,Client actuel,59,M,0,Sans diplôme,Célibataire,$40K - $60K,Blue,36,2,2,1013,86,0.092,0,0,0,0,1,1,Faible
714664683,Client actuel,46,F,4,Sans diplôme,Marié(e),Moins de $40K,Blue,37,3,3,0,91,0.0,0,0,1,0,1,2,Modéré
713894358,Client actuel,51,M,2,Master,Non connu,$80K - $120K,Gold,46,3,2,814,98,0.024,0,0,0,0,1,1,Faible
715436883,Client actuel,48,F,3,Master,Marié(e),Moins de $40K,Blue,36,2,1,1582,86,0.635,0,0,0,0,0,0,Faible
715260558,Client actuel,44,F,4,Lycée (équivalent baccalauréat),Célibataire,$40K - $60K,Blue,36,2,2,0,80,0.0,0,0,1,0,1,2,Modéré
713664258,Client actuel,56,M,2,Non connu,Célibataire,$40K - $60K,Blue,48,2,1,2014,85,0.14,0,0,0,0,1,1,Faible
713364783,Client actuel,42,F,1,Master,Célibataire,Moins de $40K,Blue,28,3,0,1010,85,0.292,0,0,0,0,0,0,Faible
718078008,Client actuel,40,M,2,Niveau Bac+2,Divorcé(e),$60K - $80K,Blue,36,2,1,0,85,0.0,0,0,1,0,1,2,Modéré
798546408,Client actuel,61,F,1,Niveau Bac+2,Célibataire,Moins de $40K,Blue,55,3,2,1444,104,0.174,0,0,0,0,0,0,Faible
779018508,Client actuel,45,M,4,Sans diplôme,Célibataire,$80K - $120K,Blue,35,2,2,2082,93,0.184,0,0,0,0,0,0,Faible
718320933,Client actuel,47,M,3,Sans diplôme,Marié(e),$60K - $80K,Blue,36,3,1,2347,96,0.197,0,0,0,0,0,0,Faible
789016983,Client actuel,45,F,3,Lycée (équivalent baccalauréat),Marié(e),Moins de $40K,Blue,32,5,1,968,86,0.328,1,0,0,0,0,1,Faible
713907633,Client actuel,43,M,3,Niveau Bac+2,Non connu,$60K - $80K,Blue,36,1,2,1265,84,0.234,0,0,0,0,0,0,Faible
708474333,Client actuel,42,M,3,Licence,Marié(e),$60K - $80K,Blue,29,3,1,2517,87,0.205,0,0,0,0,0,0,Faible
778894233,Client actuel,42,M,5,Lycée (équivalent baccalauréat),Non connu,$80K - $120K,Blue,23,2,3,0,83,0.0,0,0,1,0,1,2,Modéré
717244683,Client actuel,43,F,3,Niveau Bac+2,Marié(e),Non connu,Blue,36,3,3,1467,89,0.067,0,0,0,0,1,1,Faible
711410958,Client actuel,40,M,3,Lycée (équivalent baccalauréat),Marié(e),$60K - $80K,Blue,28,2,3,2517,69,0.187,0,0,0,0,0,0,Faible
799711833,Client actuel,50,F,3,Niveau Bac+2,Marié(e),Non connu,Blue,44,1,3,2296,95,0.093,0,0,0,0,1,1,Faible
714047733,Client actuel,53,F,3,Licence,Célibataire,$40K - $60K,Blue,45,2,1,2119,85,0.429,0,0,0,0,0,0,Faible
711082908,Client actuel,44,M,4,Sans diplôme,Célibataire,$80K - $120K,Blue,31,2,3,1303,97,0.066,0,0,0,0,1,1,Faible
721190358,Client actuel,49,M,4,Non connu,Non connu,$80K - $120K,Blue,29,2,2,2517,86,0.085,0,0,0,0,1,1,Faible
712760208,Client actuel,42,F,4,Licence,Marié(e),Non connu,Blue,31,2,1,1192,93,0.177,0,0,0,0,0,0,Faible
751563933,Client actuel,43,F,3,Lycée (équivalent baccalauréat),Marié(e),Moins de $40K,Blue,36,3,2,2451,95,0.258,0,0,0,0,0,0,Faible
815498733,Client actuel,51,F,3,Non connu,Célibataire,Moins de $40K,Blue,46,2,2,1848,85,0.426,0,0,0,0,0,0,Faible
718433508,Client actuel,40,F,3,Sans diplôme,Non connu,Moins de $40K,Blue,30,5,2,2119,88,0.854,1,0,0,0,0,1,Faible
720935658,Client actuel,57,F,4,Master,Célibataire,Moins de $40K,Blue,45,2,3,1744,89,0.57,0,0,0,0,0,0,Faible
714713508,Client actuel,49,M,2,Doctorat,Divorcé(e),$80K - $120K,Blue,36,3,1,1803,87,0.072,0,0,0,0,1,1,Faible
715038033,Client actuel,61,M,1,Licence,Célibataire,Moins de $40K,Blue,54,3,1,629,80,0.088,0,0,1,0,1,2,Modéré
809169858,Client actuel,62,M,2,Licence,Célibataire,$60K - $80K,Blue,56,3,2,1383,93,0.076,0,0,0,0,1,1,Faible
718379358,Client actuel,39,M,1,Non connu,Célibataire,$80K - $120K,Silver,28,1,3,2017,90,0.058,0,0,0,0,1,1,Faible
779456508,Client actuel,52,M,2,Licence,Divorcé(e),$60K - $80K,Blue,34,1,1,0,91,0.0,0,0,1,0,1,2,Modéré
708907833,Client actuel,38,F,1,Lycée (équivalent baccalauréat),Célibataire,Non connu,Blue,27,2,2,2517,84,0.101,0,0,0,0,1,1,Faible
708693558,Client actuel,50,F,3,Lycée (équivalent baccalauréat),Célibataire,Moins de $40K,Silver,38,2,2,2167,95,0.172,0,0,0,0,0,0,Faible
718665933,Client actuel,43,M,3,Non connu,Divorcé(e),$120K +,Blue,30,1,2,2517,86,0.073,0,0,0,0,1,1,Faible
816073983,Client actuel,53,F,2,Niveau Bac+2,Célibataire,Moins de $40K,Blue,48,2,2,1182,88,0.143,0,0,0,0,1,1,Faible
715851333,Client actuel,42,M,4,Lycée (équivalent baccalauréat),Marié(e),$60K - $80K,Blue,27,3,2,1903,97,0.138,0,0,0,0,1,1,Faible
712884408,Client actuel,43,F,1,Lycée (équivalent baccalauréat),Célibataire,Non connu,Blue,30,2,0,1904,95,0.334,0,0,0,0,0,0,Faible
715404783,Client actuel,43,F,4,Licence,Marié(e),Moins de $40K,Blue,35,3,0,1464,88,0.227,0,0,0,0,0,0,Faible
773356008,Client actuel,57,M,2,Master,Divorcé(e),$60K - $80K,Blue,51,3,3,1200,86,0.219,0,0,0,0,0,0,Faible
789525408,Client actuel,50,F,0,Sans diplôme,Marié(e),Moins de $40K,Blue,42,4,2,1594,89,0.425,1,0,0,0,0,1,Faible
721212258,Client actuel,48,M,4,Lycée (équivalent baccalauréat),Célibataire,$120K +,Blue,40,3,3,1946,88,0.064,0,0,0,0,1,1,Faible
719625933,Client actuel,41,M,3,Licence,Marié(e),$120K +,Blue,36,2,1,1143,96,0.197,0,0,0,0,0,0,Faible
714304458,Client actuel,44,M,3,Lycée (équivalent baccalauréat),Marié(e),$60K - $80K,Blue,36,2,1,0,78,0.0,0,0,1,0,1,2,Modéré
819975183,Client actuel,44,F,4,Niveau Bac+2,Célibataire,$40K - $60K,Silver,39,1,3,2179,75,0.128,0,0,0,0,1,1,Faible
785515533,Client actuel,43,F,2,Niveau Bac+2,Marié(e),Moins de $40K,Blue,37,3,1,1337,93,0.249,0,0,0,0,0,0,Faible
720712533,Client actuel,51,M,3,Licence,Marié(e),$80K - $120K,Gold,36,1,3,761,88,0.022,0,0,0,0,1,1,Faible
709861008,Client actuel,47,M,4,Master,Marié(e),$80K - $120K,Blue,30,3,1,2414,89,0.087,0,0,0,0,1,1,Faible
713911233,Client actuel,47,F,3,Doctorat,Célibataire,$40K - $60K,Silver,39,2,1,1060,85,0.058,0,0,0,0,1,1,Faible
712580958,Client actuel,38,M,1,Lycée (équivalent baccalauréat),Célibataire,$120K +,Blue,30,1,1,2130,91,0.077,0,0,0,0,1,1,Faible
719473458,Client actuel,46,M,3,Lycée (équivalent baccalauréat),Célibataire,$40K - $60K,Blue,42,2,1,1359,84,0.164,0,0,0,0,0,0,Faible
711764733,Client actuel,41,F,4,Sans diplôme,Non connu,$40K - $60K,Silver,36,2,3,0,81,0.0,0,0,1,0,1,2,Modéré
794124708,Client actuel,47,M,2,Licence,Non connu,$80K - $120K,Blue,41,2,2,2197,69,0.103,0,0,0,0,1,1,Faible
780707733,Client actuel,41,M,1,Licence,Célibataire,$80K - $120K,Blue,30,3,2,2109,87,0.061,0,0,0,0,1,1,Faible
780620883,Client actuel,49,F,2,Sans diplôme,Célibataire,$40K - $60K,Blue,37,1,3,1293,98,0.184,0,0,0,0,0,0,Faible
720849708,Client actuel,44,M,4,Licence,Célibataire,$80K - $120K,Blue,37,3,1,2517,85,0.175,0,0,0,0,0,0,Faible
778742358,Client actuel,44,M,4,Licence,Marié(e),$60K - $80K,Blue,24,2,2,0,76,0.0,0,0,1,0,1,2,Modéré
719658858,Client actuel,50,F,4,Doctorat,Marié(e),Non connu,Silver,36,2,1,2096,73,0.061,0,0,0,0,1,1,Faible
712029783,Client actuel,42,M,4,Sans diplôme,Célibataire,$80K - $120K,Silver,36,2,1,2253,93,0.065,0,0,0,0,1,1,Faible
718893333,Client actuel,52,M,3,Licence,Marié(e),$60K - $80K,Blue,36,3,2,2077,84,0.113,0,0,0,0,1,1,Faible
711203658,Client actuel,46,M,3,Licence,Non connu,$40K - $60K,Blue,34,6,1,1346,88,0.596,1,0,0,0,0,1,Faible
718567758,Client actuel,41,M,1,Niveau Bac+2,Marié(e),$40K - $60K,Blue,32,4,2,1334,92,0.125,1,0,0,0,1,2,Modéré
771719283,Client actuel,39,F,4,Doctorat,Marié(e),Moins de $40K,Blue,27,1,1,1324,92,0.154,0,0,0,0,1,1,Faible
717926358,Client actuel,46,F,2,Licence,Célibataire,Moins de $40K,Blue,30,1,0,2142,78,0.39,0,0,0,0,0,0,Faible
779751258,Client actuel,45,F,2,Licence,Marié(e),Moins de $40K,Blue,31,1,2,1183,82,0.608,0,0,0,0,0,0,Faible
774491958,Client actuel,53,M,3,Lycée (équivalent baccalauréat),Célibataire,$60K - $80K,Blue,47,1,3,1738,77,0.279,0,0,0,0,0,0,Faible
713428833,Client actuel,42,M,3,Non connu,Marié(e),$80K - $120K,Blue,32,1,3,1239,90,0.164,0,0,0,0,0,0,Faible
714166833,Client actuel,44,F,3,Licence,Célibataire,Moins de $40K,Silver,34,3,2,1432,77,0.105,0,0,0,0,1,1,Faible
789681708,Client actuel,46,M,3,Sans diplôme,Marié(e),$60K - $80K,Gold,33,1,3,713,82,0.021,0,0,0,0,1,1,Faible
713102733,Client actuel,38,F,3,Licence,Célibataire,Moins de $40K,Gold,31,3,2,1766,94,0.11,0,0,0,0,1,1,Faible
715195383,Client actuel,46,F,3,Licence,Divorcé(e),Moins de $40K,Blue,36,2,2,1625,101,0.68,0,0,0,0,0,0,Faible
812408058,Client actuel,39,M,2,Non connu,Non connu,$120K +,Blue,34,2,2,1082,92,0.031,0,0,0,0,1,1,Faible
787226508,Client actuel,47,M,2,Niveau Bac+2,Célibataire,$60K - $80K,Blue,41,3,3,1302,82,0.063,0,0,0,0,1,1,Faible
713537733,Client actuel,46,M,4,Doctorat,Non connu,$60K - $80K,Gold,36,2,3,1426,95,0.041,0,0,0,0,1,1,Faible
715170183,Client actuel,45,M,2,Licence,Marié(e),$40K - $60K,Blue,36,1,3,2113,82,0.566,0,0,0,0,0,0,Faible
717109983,Client actuel,50,F,2,Lycée (équivalent baccalauréat),Marié(e),$40K - $60K,Blue,39,2,2,2138,83,0.94,0,0,0,0,0,0,Faible
713208033,Client actuel,43,F,3,Lycée (équivalent baccalauréat),Marié(e),Moins de $40K,Blue,36,3,0,1360,64,0.185,0,0,0,0,0,0,Faible
712788258,Client actuel,48,M,3,Niveau Bac+2,Marié(e),$40K - $60K,Blue,34,2,1,1405,80,0.734,0,0,0,0,0,0,Faible
758382183,Client actuel,50,F,3,Licence,Non connu,Moins de $40K,Blue,43,3,3,789,93,0.186,0,0,0,0,0,0,Faible
715469583,Client actuel,40,F,2,Licence,Non connu,$40K - $60K,Blue,36,1,2,1250,88,0.585,0,0,0,0,0,0,Faible
709235058,Client actuel,46,M,4,Niveau Bac+2,Marié(e),$40K - $60K,Silver,36,2,2,1694,88,0.089,0,0,0,0,1,1,Faible
714786483,Client actuel,45,M,4,Niveau Bac+2,Célibataire,$60K - $80K,Blue,35,2,3,1186,82,0.088,0,0,0,0,1,1,Faible
713299758,Client actuel,53,M,1,Lycée (équivalent baccalauréat),Célibataire,Moins de $40K,Blue,36,3,3,1289,87,0.144,0,0,0,0,1,1,Faible
771912408,Client actuel,49,F,2,Licence,Marié(e),Moins de $40K,Blue,38,3,1,1402,92,0.21,0,0,0,0,0,0,Faible
721445658,Client actuel,52,F,2,Master,Célibataire,Moins de $40K,Blue,34,3,3,1677,89,0.268,0,0,0,0,0,0,Faible
719787633,Client actuel,47,M,0,Licence,Célibataire,$80K - $120K,Silver,36,2,1,1913,92,0.055,0,0,0,0,1,1,Faible
713697933,Client actuel,47,M,2,Sans diplôme,Célibataire,$80K - $120K,Blue,36,2,2,1264,77,0.037,0,0,0,0,1,1,Faible
712208658,Client actuel,43,M,2,Lycée (équivalent baccalauréat),Célibataire,$60K - $80K,Blue,33,2,1,1255,95,0.095,0,0,0,0,1,1,Faible
708219108,Client actuel,49,M,3,Niveau Bac+2,Divorcé(e),$80K - $120K,Blue,38,3,3,1143,77,0.115,0,0,0,0,1,1,Faible
709065483,Client actuel,40,F,3,Niveau Bac+2,Divorcé(e),$40K - $60K,Blue,28,2,3,2019,82,0.218,0,0,0,0,0,0,Faible
715237683,Client actuel,53,F,4,Licence,Célibataire,Moins de $40K,Blue,44,1,3,1649,88,0.348,0,0,0,0,0,0,Faible
788931558,Client actuel,46,M,2,Lycée (équivalent baccalauréat),Célibataire,$40K - $60K,Blue,32,2,2,1739,85,0.87,0,0,0,0,0,0,Faible
717521508,Client actuel,41,M,3,Lycée (équivalent baccalauréat),Célibataire,$80K - $120K,Gold,28,2,0,2098,87,0.061,0,0,0,0,1,1,Faible
713688933,Client actuel,42,F,0,Non connu,Marié(e),Moins de $40K,Blue,28,1,1,1509,74,0.172,0,0,0,0,0,0,Faible
712405908,Client actuel,50,M,2,Lycée (équivalent baccalauréat),Non connu,$120K +,Blue,40,2,3,1623,76,0.066,0,0,0,0,1,1,Faible
789298833,Client actuel,51,M,2,Sans diplôme,Divorcé(e),$80K - $120K,Blue,40,2,3,0,96,0.0,0,0,1,0,1,2,Modéré
715729683,Client actuel,44,M,3,Lycée (équivalent baccalauréat),Célibataire,$120K +,Silver,36,2,2,1106,76,0.032,0,0,0,0,1,1,Faible
717682233,Client actuel,49,M,4,Sans diplôme,Marié(e),$60K - $80K,Blue,36,2,2,1585,80,0.258,0,0,0,0,0,0,Faible
712266633,Client actuel,51,F,2,Non connu,Marié(e),$40K - $60K,Blue,36,2,1,1020,94,0.069,0,0,0,0,1,1,Faible
719272458,Client actuel,53,F,5,Licence,Célibataire,$40K - $60K,Blue,41,1,3,1699,89,0.173,0,0,0,0,0,0,Faible
780769308,Client actuel,49,F,4,Non connu,Célibataire,Moins de $40K,Blue,29,3,2,2278,85,0.581,0,0,0,0,0,0,Faible
721468533,Client actuel,59,M,1,Licence,Célibataire,Non connu,Blue,36,5,2,1412,82,0.115,1,0,0,0,1,2,Modéré
816615633,Client actuel,47,F,2,Doctorat,Marié(e),$40K - $60K,Blue,42,3,1,2035,89,0.625,0,0,0,0,0,0,Faible
720167508,Client actuel,50,M,3,Sans diplôme,Célibataire,$80K - $120K,Blue,35,2,1,2389,74,0.126,0,0,0,0,1,1,Faible
711152658,Client actuel,44,M,4,Licence,Célibataire,$120K +,Silver,36,2,1,1635,86,0.047,0,0,0,0,1,1,Faible
771772083,Client actuel,48,M,4,Licence,Marié(e),$60K - $80K,Blue,37,1,1,0,84,0.0,0,0,1,0,1,2,Modéré
709372608,Client actuel,43,M,4,Sans diplôme,Marié(e),$60K - $80K,Blue,31,1,2,2517,96,0.107,0,0,0,0,1,1,Faible
788907033,Client actuel,40,M,2,Lycée (équivalent baccalauréat),Non connu,$80K - $120K,Blue,26,3,1,2077,73,0.397,0,0,0,0,0,0,Faible
711136008,Client actuel,41,M,4,Licence,Célibataire,$80K - $120K,Blue,33,1,3,1298,93,0.041,0,0,0,0,1,1,Faible
716691783,Client actuel,46,F,3,Lycée (équivalent baccalauréat),Célibataire,Moins de $40K,Blue,36,2,3,2517,84,0.405,0,0,0,0,0,0,Faible
812618883,Client actuel,47,M,2,Lycée (équivalent baccalauréat),Divorcé(e),Non connu,Silver,42,2,2,2019,95,0.058,0,0,0,0,1,1,Faible
715908558,Client actuel,44,M,0,Licence,Non connu,$60K - $80K,Silver,36,1,1,1584,88,0.054,0,0,0,0,1,1,Faible
718024908,Client actuel,52,F,2,Licence,Non connu,Moins de $40K,Blue,40,1,3,1705,97,0.622,0,0,0,0,0,0,Faible
709558608,Client actuel,39,M,3,Sans diplôme,Célibataire,$80K - $120K,Blue,31,2,3,2065,73,0.726,0,0,0,0,0,0,Faible
824177733,Client actuel,53,F,2,Lycée (équivalent baccalauréat),Célibataire,Moins de $40K,Blue,49,2,3,1710,90,0.177,0,0,0,0,0,0,Faible
719784708,Client actuel,49,M,0,Non connu,Célibataire,$80K - $120K,Blue,36,2,1,1673,89,0.062,0,0,0,0,1,1,Faible
717535083,Client actuel,52,F,2,Master,Marié(e),Moins de $40K,Blue,40,2,1,1121,84,0.215,0,0,0,0,0,0,Faible
712453308,Client actuel,46,M,4,Lycée (équivalent baccalauréat),Divorcé(e),$40K - $60K,Silver,36,2,3,1356,84,0.09,0,0,0,0,1,1,Faible
721008933,Client actuel,44,F,2,Licence,Divorcé(e),$40K - $60K,Blue,36,1,2,1995,87,0.642,0,0,0,0,0,0,Faible
720859533,Client actuel,52,F,2,Lycée (équivalent baccalauréat),Célibataire,$40K - $60K,Blue,39,1,1,2379,105,0.195,0,0,0,0,0,0,Faible
789556533,Client actuel,52,M,4,Licence,Marié(e),$80K - $120K,Blue,45,2,3,1701,81,0.074,0,0,0,0,1,1,Faible
717656433,Client actuel,50,F,2,Licence,Célibataire,Moins de $40K,Blue,40,2,2,988,83,0.456,0,0,0,0,0,0,Faible
792524358,Client actuel,55,M,3,Lycée (équivalent baccalauréat),Célibataire,$80K - $120K,Gold,49,1,3,810,95,0.023,0,0,0,0,1,1,Faible
758211483,Client actuel,45,M,5,Non connu,Marié(e),$60K - $80K,Blue,38,2,3,2314,85,0.336,0,0,0,0,0,0,Faible
716871633,Client actuel,49,M,1,Sans diplôme,Célibataire,$120K +,Blue,38,2,3,1858,93,0.154,0,0,0,0,1,1,Faible
718491708,Client actuel,53,F,2,Niveau Bac+2,Célibataire,Non connu,Blue,38,3,3,1435,89,0.086,0,0,0,0,1,1,Faible
787502883,Client actuel,60,F,1,Doctorat,Célibataire,Non connu,Silver,48,2,1,1542,98,0.045,0,0,0,0,1,1,Faible
715183308,Client actuel,47,M,3,Master,Non connu,Non connu,Silver,38,1,2,855,93,0.026,0,0,0,0,1,1,Faible
713872833,Client actuel,54,F,2,Licence,Célibataire,$40K - $60K,Blue,41,1,3,1845,80,0.172,0,0,0,0,0,0,Faible
708535158,Client actuel,39,M,2,Master,Non connu,$80K - $120K,Blue,29,1,3,1501,86,0.151,0,0,0,0,1,1,Faible
711658758,Client actuel,46,F,3,Sans diplôme,Marié(e),Moins de $40K,Blue,35,5,1,1101,82,0.532,1,0,0,0,0,1,Faible
717248583,Client actuel,43,F,3,Niveau Bac+2,Marié(e),Moins de $40K,Silver,34,2,2,1871,88,0.165,0,0,0,0,0,0,Faible
713087958,Client actuel,53,M,4,Lycée (équivalent baccalauréat),Divorcé(e),$120K +,Blue,36,3,2,1337,85,0.039,0,0,0,0,1,1,Faible
721495458,Client actuel,44,M,3,Licence,Marié(e),$60K - $80K,Blue,32,1,1,0,96,0.0,0,0,1,0,1,2,Modéré
786097158,Client actuel,48,M,2,Lycée (équivalent baccalauréat),Marié(e),$40K - $60K,Blue,42,3,2,1559,92,0.177,0,0,0,0,0,0,Faible
712219083,Client actuel,41,M,3,Sans diplôme,Célibataire,$80K - $120K,Blue,28,3,3,1917,83,0.268,0,0,0,0,0,0,Faible
715624533,Client actuel,41,F,3,Non connu,Non connu,$40K - $60K,Blue,30,2,3,1272,97,0.237,0,0,0,0,0,0,Faible
715599633,Client actuel,51,M,1,Niveau Bac+2,Célibataire,$80K - $120K,Silver,38,3,2,0,89,0.0,0,0,1,0,1,2,Modéré
717397983,Client actuel,39,M,2,Sans diplôme,Célibataire,$60K - $80K,Blue,29,2,3,958,98,0.041,0,0,0,0,1,1,Faible
715037133,Client actuel,40,M,3,Doctorat,Non connu,Moins de $40K,Blue,36,1,3,1771,83,0.386,0,0,0,0,0,0,Faible
818767458,Client actuel,41,M,3,Licence,Marié(e),$120K +,Blue,36,3,2,1130,97,0.172,0,0,0,0,0,0,Faible
711963183,Client actuel,50,M,3,Sans diplôme,Marié(e),Moins de $40K,Blue,36,3,3,0,98,0.0,0,0,1,0,1,2,Modéré
772404633,Client actuel,49,M,2,Licence,Marié(e),$80K - $120K,Silver,39,1,2,1118,74,0.032,0,0,0,0,1,1,Faible
713302758,Client actuel,49,M,2,Licence,Marié(e),$120K +,Blue,40,4,1,1448,92,0.099,1,0,0,0,1,2,Modéré
717859233,Client actuel,41,M,5,Licence,Marié(e),$80K - $120K,Blue,37,3,2,2517,82,0.2,0,0,0,0,0,0,Faible
712955433,Client actuel,36,F,4,Sans diplôme,Non connu,$40K - $60K,Blue,16,2,2,1222,90,0.28,0,0,0,0,0,0,Faible
718292283,Client actuel,52,F,1,Lycée (équivalent baccalauréat),Célibataire,$40K - $60K,Blue,42,3,1,1970,75,0.577,0,0,0,0,0,0,Faible
713197308,Client actuel,42,M,4,Licence,Marié(e),$60K - $80K,Silver,33,2,1,0,82,0.0,0,0,1,0,1,2,Modéré
789175683,Client actuel,49,F,2,Niveau Bac+2,Marié(e),Moins de $40K,Silver,38,3,2,2517,71,0.234,0,0,0,0,0,0,Faible
818476383,Client actuel,50,M,1,Non connu,Non connu,$120K +,Silver,45,2,0,1514,72,0.044,0,0,0,0,1,1,Faible
710357208,Client actuel,49,M,4,Sans diplôme,Marié(e),$80K - $120K,Blue,39,3,2,915,79,0.107,0,0,0,0,1,1,Faible
721486908,Client actuel,51,F,5,Lycée (équivalent baccalauréat),Célibataire,Moins de $40K,Blue,36,1,1,2076,75,0.272,0,0,0,0,0,0,Faible
711210633,Client actuel,51,M,3,Sans diplôme,Célibataire,$60K - $80K,Blue,42,4,1,1124,76,0.585,1,0,0,0,0,1,Faible
712570458,Client actuel,51,F,2,Lycée (équivalent baccalauréat),Marié(e),Moins de $40K,Blue,33,1,3,1640,75,0.292,0,0,0,0,0,0,Faible
712058133,Client actuel,54,F,2,Niveau Bac+2,Célibataire,Moins de $40K,Blue,36,3,3,708,74,0.311,0,0,0,0,0,0,Faible
708153558,Client actuel,46,M,5,Doctorat,Divorcé(e),$120K +,Blue,31,2,2,1802,101,0.052,0,0,0,0,1,1,Faible
709225758,Client actuel,48,F,3,Master,Marié(e),Non connu,Blue,37,1,3,2474,86,0.331,0,0,0,0,0,0,Faible
709984083,Client actuel,43,F,3,Non connu,Célibataire,Moins de $40K,Blue,36,2,2,1281,90,0.333,0,0,0,0,0,0,Faible
822125283,Client actuel,49,M,3,Sans diplôme,Marié(e),$80K - $120K,Blue,45,1,1,1351,74,0.283,0,0,0,0,0,0,Faible
717340608,Client actuel,51,F,3,Lycée (équivalent baccalauréat),Célibataire,Non connu,Gold,39,1,2,1873,104,0.054,0,0,0,0,1,1,Faible
711084183,Client actuel,47,F,5,Sans diplôme,Non connu,$40K - $60K,Blue,42,2,3,2265,80,0.438,0,0,0,0,0,0,Faible
719607183,Client actuel,55,F,2,Licence,Célibataire,Non connu,Blue,42,3,2,1631,95,0.077,0,0,0,0,1,1,Faible
715839708,Client actuel,51,M,1,Licence,Marié(e),$120K +,Blue,39,3,2,2452,82,0.071,0,0,0,0,1,1,Faible
717008358,Client actuel,40,F,1,Non connu,Marié(e),Moins de $40K,Blue,36,2,2,0,88,0.0,0,0,1,0,1,2,Modéré
788240358,Client actuel,40,F,5,Licence,Marié(e),Non connu,Silver,24,1,2,686,83,0.021,0,0,0,0,1,1,Faible
716098683,Client actuel,46,F,5,Licence,Non connu,Non connu,Blue,36,3,1,1816,93,0.33,0,0,0,0,0,0,Faible
802675983,Client actuel,42,F,3,Licence,Marié(e),Moins de $40K,Blue,33,3,1,1544,80,0.407,0,0,0,0,0,0,Faible
712716108,Client actuel,46,F,2,Licence,Célibataire,Moins de $40K,Blue,36,1,1,2130,86,0.368,0,0,0,0,0,0,Faible
709238358,Client actuel,51,F,0,Sans diplôme,Marié(e),Non connu,Blue,39,3,2,810,87,0.042,0,0,0,0,1,1,Faible
708682908,Client actuel,43,F,4,Non connu,Célibataire,Non connu,Blue,28,2,1,1934,87,0.681,0,0,0,0,0,0,Faible
812794983,Client actuel,41,F,3,Niveau Bac+2,Marié(e),Moins de $40K,Blue,31,2,2,1974,87,0.483,0,0,0,0,0,0,Faible
708968733,Client actuel,47,M,3,Sans diplôme,Marié(e),$80K - $120K,Blue,38,3,2,0,83,0.0,0,0,1,0,1,2,Modéré
740065833,Client actuel,47,F,3,Licence,Célibataire,Moins de $40K,Silver,40,2,2,2517,93,0.226,0,0,0,0,0,0,Faible
721063533,Client actuel,51,M,2,Licence,Célibataire,$40K - $60K,Blue,41,3,3,2058,75,0.672,0,0,0,0,0,0,Faible
718189908,Client actuel,44,F,4,Non connu,Non connu,$40K - $60K,Gold,31,2,3,2135,86,0.089,0,0,0,0,1,1,Faible
780064983,Client actuel,44,M,1,Licence,Marié(e),$80K - $120K,Gold,29,1,3,942,86,0.027,0,0,0,0,1,1,Faible
770920908,Client actuel,39,F,0,Non connu,Célibataire,$40K - $60K,Silver,26,1,1,1146,82,0.052,0,0,0,0,1,1,Faible
718046433,Client actuel,53,F,2,Licence,Non connu,Moins de $40K,Blue,35,2,3,693,86,0.315,0,0,0,0,0,0,Faible
711842508,Client actuel,45,M,3,Sans diplôme,Non connu,$80K - $120K,Blue,33,3,3,1580,87,0.17,0,0,0,0,0,0,Faible
772869033,Client actuel,47,M,3,Non connu,Célibataire,$120K +,Gold,38,4,3,1342,89,0.039,1,0,0,0,1,2,Modéré
715298808,Client actuel,40,M,2,Lycée (équivalent baccalauréat),Divorcé(e),$40K - $60K,Blue,32,3,2,1618,88,0.214,0,0,0,0,0,0,Faible
708877458,Client actuel,50,F,3,Sans diplôme,Marié(e),Non connu,Blue,34,3,3,0,94,0.0,0,0,1,0,1,2,Modéré
787496733,Client actuel,47,F,2,Sans diplôme,Marié(e),Non connu,Blue,35,1,1,1287,79,0.085,0,0,0,0,1,1,Faible
789469083,Client actuel,55,M,2,Non connu,Célibataire,$80K - $120K,Blue,46,1,1,0,81,0.0,0,0,1,0,1,2,Modéré
709497108,Client actuel,44,F,2,Lycée (équivalent baccalauréat),Marié(e),Moins de $40K,Blue,36,1,0,1322,106,0.199,0,0,0,0,0,0,Faible
784819758,Client actuel,54,F,1,Licence,Célibataire,Non connu,Blue,48,1,2,2128,94,0.248,0,0,0,0,0,0,Faible
720412308,Client actuel,40,M,4,Non connu,Marié(e),$80K - $120K,Blue,36,1,1,2330,75,0.068,0,0,0,0,1,1,Faible
719178183,Client actuel,50,M,2,Licence,Marié(e),$80K - $120K,Silver,42,3,3,2517,85,0.073,0,0,0,0,1,1,Faible
712931733,Client actuel,49,F,4,Licence,Célibataire,Moins de $40K,Blue,36,1,3,1257,82,0.477,0,0,0,0,0,0,Faible
714417183,Client actuel,39,F,1,Sans diplôme,Non connu,Moins de $40K,Blue,31,3,1,2220,95,0.233,0,0,0,0,0,0,Faible
713824983,Client actuel,43,F,0,Lycée (équivalent baccalauréat),Marié(e),Moins de $40K,Blue,35,1,0,1085,98,0.129,0,0,0,0,1,1,Faible
715360458,Client actuel,45,F,3,Licence,Divorcé(e),Non connu,Blue,36,3,2,1980,90,0.16,0,0,0,0,1,1,Faible
714821433,Client actuel,45,F,4,Niveau Bac+2,Marié(e),Moins de $40K,Blue,36,1,1,0,80,0.0,0,0,1,0,1,2,Modéré
779263533,Client actuel,34,F,2,Licence,Non connu,Non connu,Silver,16,2,1,1731,76,0.054,0,0,0,0,1,1,Faible
773988708,Client actuel,52,M,2,Sans diplôme,Marié(e),$120K +,Silver,43,2,2,1588,81,0.046,0,0,0,0,1,1,Faible
719623083,Client actuel,33,F,1,Doctorat,Non connu,Moins de $40K,Gold,24,3,2,1992,81,0.125,0,0,0,0,1,1,Faible
720198183,Client actuel,42,M,5,Niveau Bac+2,Marié(e),$40K - $60K,Blue,27,3,1,1718,77,0.705,0,0,0,0,0,0,Faible
780545133,Client actuel,49,M,3,Licence,Célibataire,$80K - $120K,Blue,36,3,1,985,91,0.216,0,0,0,0,0,0,Faible
711128433,Client actuel,55,M,3,Sans diplôme,Célibataire,$40K - $60K,Blue,36,3,3,829,91,0.076,0,0,0,0,1,1,Faible
789960783,Client actuel,39,F,1,Licence,Non connu,Moins de $40K,Silver,30,2,3,1630,81,0.157,0,0,0,0,1,1,Faible
709556208,Client actuel,40,F,3,Niveau Bac+2,Célibataire,$40K - $60K,Silver,28,1,2,1873,94,0.084,0,0,0,0,1,1,Faible
712053033,Client actuel,46,M,2,Non connu,Célibataire,$80K - $120K,Blue,34,3,2,1411,81,0.367,0,0,0,0,0,0,Faible
794482158,Client actuel,46,M,3,Niveau Bac+2,Célibataire,$80K - $120K,Silver,32,1,3,1954,69,0.057,0,0,0,0,1,1,Faible
710016708,Client actuel,44,F,3,Licence,Marié(e),Moins de $40K,Silver,26,3,1,1802,90,0.166,0,0,0,0,0,0,Faible
709434408,Client actuel,42,M,3,Non connu,Marié(e),$40K - $60K,Blue,26,1,2,1481,95,0.253,0,0,0,0,0,0,Faible
778716783,Client actuel,50,M,2,Non connu,Marié(e),$60K - $80K,Blue,32,2,1,1970,96,0.171,0,0,0,0,0,0,Faible
712447758,Client actuel,46,M,2,Licence,Marié(e),$80K - $120K,Blue,39,2,3,2517,82,0.211,0,0,0,0,0,0,Faible
779435883,Client actuel,37,M,3,Lycée (équivalent baccalauréat),Non connu,$80K - $120K,Blue,19,2,2,0,79,0.0,0,0,1,0,1,2,Modéré
719918358,Client actuel,57,F,3,Licence,Non connu,Moins de $40K,Blue,36,2,1,2507,89,0.813,0,0,0,0,0,0,Faible
720474408,Client actuel,52,M,2,Licence,Célibataire,$40K - $60K,Blue,41,2,2,1898,87,0.204,0,0,0,0,0,0,Faible
719401158,Client actuel,62,F,0,Master,Célibataire,$40K - $60K,Blue,53,2,3,0,97,0.0,0,0,1,0,1,2,Modéré
778430733,Client actuel,45,M,5,Lycée (équivalent baccalauréat),Non connu,$60K - $80K,Blue,25,5,1,1461,82,0.118,1,0,0,0,1,2,Modéré
717583908,Client actuel,57,M,1,Lycée (équivalent baccalauréat),Célibataire,$80K - $120K,Blue,45,6,1,1395,81,0.093,1,0,0,0,1,2,Modéré
823519458,Client actuel,44,F,3,Licence,Marié(e),Moins de $40K,Blue,40,1,3,2151,94,0.334,0,0,0,0,0,0,Faible
712381683,Client actuel,42,F,4,Non connu,Marié(e),Non connu,Blue,36,4,2,837,80,0.112,1,0,0,0,1,2,Modéré
716045508,Client actuel,40,F,2,Non connu,Célibataire,Moins de $40K,Blue,36,2,3,1054,85,0.295,0,0,0,0,0,0,Faible
820936533,Client actuel,47,M,3,Licence,Non connu,Moins de $40K,Blue,43,3,3,1950,93,0.701,0,0,0,0,0,0,Faible
721227258,Client actuel,51,M,1,Master,Marié(e),$120K +,Silver,31,5,2,1991,79,0.058,1,0,0,0,1,2,Modéré
771304383,Client actuel,45,F,3,Lycée (équivalent baccalauréat),Marié(e),Moins de $40K,Blue,33,2,3,2507,86,0.601,0,0,0,0,0,0,Faible
717600483,Client actuel,50,M,2,Non connu,Marié(e),$60K - $80K,Blue,43,2,1,628,87,0.027,0,0,1,0,1,2,Modéré
778865583,Client actuel,46,M,3,Licence,Marié(e),Moins de $40K,Blue,27,2,2,1502,89,0.216,0,0,0,0,0,0,Faible
709871658,Client actuel,47,F,1,Non connu,Célibataire,Moins de $40K,Blue,36,3,3,2345,86,0.329,0,0,0,0,0,0,Faible
818280108,Client actuel,43,F,4,Lycée (équivalent baccalauréat),Célibataire,Moins de $40K,Blue,38,1,1,0,91,0.0,0,0,1,0,1,2,Modéré
716350008,Client actuel,52,M,1,Sans diplôme,Marié(e),$40K - $60K,Blue,36,2,3,1633,102,0.556,0,0,0,0,0,0,Faible
778172583,Client actuel,46,F,3,Lycée (équivalent baccalauréat),Célibataire,Moins de $40K,Blue,36,3,2,2399,86,0.362,0,0,0,0,0,0,Faible
719121708,Client actuel,41,M,2,Licence,Marié(e),$60K - $80K,Silver,31,3,3,2192,92,0.07,0,0,0,0,1,1,Faible
788811558,Client actuel,52,F,1,Lycée (équivalent baccalauréat),Marié(e),Moins de $40K,Blue,35,3,3,1022,65,0.522,0,0,0,0,0,0,Faible
719258433,Client actuel,49,M,5,Licence,Célibataire,$60K - $80K,Blue,42,1,3,2018,91,0.259,0,0,0,0,0,0,Faible
717895833,Client actuel,55,M,3,Niveau Bac+2,Célibataire,$120K +,Blue,44,2,3,1837,99,0.285,0,0,0,0,0,0,Faible
711550983,Client actuel,46,M,1,Licence,Divorcé(e),$40K - $60K,Blue,37,2,2,1175,107,0.104,0,0,0,0,1,1,Faible
716725008,Client actuel,49,M,4,Lycée (équivalent baccalauréat),Marié(e),$80K - $120K,Blue,40,3,2,2191,94,0.286,0,0,0,0,0,0,Faible
788824083,Client actuel,41,M,2,Sans diplôme,Célibataire,$120K +,Blue,24,2,1,1022,88,0.03,0,0,0,0,1,1,Faible
716335983,Client actuel,37,M,2,Lycée (équivalent baccalauréat),Célibataire,$80K - $120K,Blue,36,2,3,1590,85,0.237,0,0,0,0,0,0,Faible
719157933,Client actuel,51,M,2,Sans diplôme,Marié(e),$120K +,Blue,40,3,1,1429,85,0.13,0,0,0,0,1,1,Faible
716704158,Client actuel,50,M,1,Doctorat,Marié(e),$120K +,Blue,39,3,2,2517,86,0.073,0,0,0,0,1,1,Faible
716258358,Client actuel,57,M,2,Sans diplôme,Célibataire,$60K - $80K,Blue,36,1,3,1534,82,0.067,0,0,0,0,1,1,Faible
827904183,Client actuel,40,M,4,Sans diplôme,Marié(e),$120K +,Blue,36,2,2,1377,83,0.078,0,0,0,0,1,1,Faible
820394733,Client actuel,52,M,0,Niveau Bac+2,Marié(e),$120K +,Gold,47,1,1,1464,87,0.042,0,0,0,0,1,1,Faible
716574033,Client actuel,45,F,3,Lycée (équivalent baccalauréat),Divorcé(e),$40K - $60K,Silver,36,2,2,1829,86,0.102,0,0,0,0,1,1,Faible
736786908,Client actuel,48,F,2,Niveau Bac+2,Marié(e),Moins de $40K,Blue,41,2,2,2517,85,0.454,0,0,0,0,0,0,Faible
774099708,Client actuel,39,F,3,Lycée (équivalent baccalauréat),Célibataire,Moins de $40K,Blue,33,1,2,0,86,0.0,0,0,1,0,1,2,Modéré
714282333,Client actuel,49,F,4,Niveau Bac+2,Marié(e),Moins de $40K,Blue,36,1,2,0,97,0.0,0,0,1,0,1,2,Modéré
717471933,Client actuel,45,M,2,Non connu,Marié(e),$40K - $60K,Blue,27,2,3,1434,89,0.247,0,0,0,0,0,0,Faible
818316108,Client actuel,43,F,1,Licence,Marié(e),Moins de $40K,Blue,38,2,1,1421,72,0.557,0,0,0,0,0,0,Faible
709838508,Client actuel,45,M,3,Licence,Divorcé(e),$60K - $80K,Silver,31,1,3,1509,91,0.044,0,0,0,0,1,1,Faible
711370458,Client actuel,49,F,5,Licence,Marié(e),Moins de $40K,Gold,38,2,2,2016,84,0.134,0,0,0,0,1,1,Faible
788528958,Client actuel,45,M,4,Licence,Célibataire,$120K +,Blue,38,1,3,0,79,0.0,0,0,1,0,1,2,Modéré
716745408,Client actuel,54,M,1,Lycée (équivalent baccalauréat),Célibataire,$80K - $120K,Blue,36,2,3,1998,81,0.156,0,0,0,0,1,1,Faible
771752508,Client actuel,40,F,3,Doctorat,Marié(e),Moins de $40K,Blue,29,1,1,1844,84,0.396,0,0,0,0,0,0,Faible
788916933,Client actuel,49,M,5,Niveau Bac+2,Marié(e),$60K - $80K,Gold,35,2,2,1064,81,0.031,0,0,0,0,1,1,Faible
761818758,Client actuel,43,M,1,Licence,Célibataire,Non connu,Blue,36,1,2,1079,86,0.096,0,0,0,0,1,1,Faible
714422058,Client actuel,42,M,3,Licence,Célibataire,$120K +,Blue,36,2,3,2446,86,0.077,0,0,0,0,1,1,Faible
712191783,Client actuel,49,M,4,Lycée (équivalent baccalauréat),Marié(e),$120K +,Gold,36,1,1,1634,94,0.047,0,0,0,0,1,1,Faible
716319258,Client actuel,43,M,4,Sans diplôme,Célibataire,$120K +,Blue,36,1,3,1742,82,0.05,0,0,0,0,1,1,Faible
719813058,Client actuel,44,F,5,Non connu,Marié(e),Moins de $40K,Blue,34,1,3,1235,88,0.496,0,0,0,0,0,0,Faible
712351908,Client actuel,45,M,3,Lycée (équivalent baccalauréat),Non connu,$80K - $120K,Blue,34,2,3,1655,81,0.063,0,0,0,0,1,1,Faible
716742483,Client actuel,38,F,1,Licence,Célibataire,Moins de $40K,Blue,29,3,3,1134,100,0.151,0,0,0,0,1,1,Faible
708160008,Client actuel,44,M,1,Sans diplôme,Marié(e),$120K +,Blue,33,2,3,1058,84,0.031,0,0,0,0,1,1,Faible
779098308,Client actuel,51,F,2,Niveau Bac+2,Marié(e),Non connu,Blue,32,3,2,2517,96,0.167,0,0,0,0,0,0,Faible
717257658,Client actuel,41,M,3,Licence,Célibataire,$80K - $120K,Blue,29,2,1,1942,84,0.208,0,0,0,0,0,0,Faible
775112958,Client actuel,51,M,1,Non connu,Marié(e),$60K - $80K,Blue,45,3,3,0,72,0.0,0,0,1,0,1,2,Modéré
788812608,Client actuel,56,F,2,Sans diplôme,Célibataire,Moins de $40K,Blue,39,2,3,1684,79,0.192,0,0,0,0,0,0,Faible
711002058,Client actuel,42,M,4,Non connu,Célibataire,$40K - $60K,Blue,33,3,1,2410,94,0.454,0,0,0,0,0,0,Faible
718100808,Client actuel,49,F,1,Sans diplôme,Marié(e),Moins de $40K,Gold,37,3,1,2065,100,0.129,0,0,0,0,1,1,Faible
772430733,Client actuel,42,M,2,Licence,Marié(e),$120K +,Blue,32,1,1,1440,88,0.042,0,0,0,0,1,1,Faible
713460258,Client actuel,45,F,0,Doctorat,Marié(e),$40K - $60K,Silver,36,1,3,933,89,0.049,0,0,0,0,1,1,Faible
820036533,Client actuel,50,M,4,Non connu,Marié(e),$80K - $120K,Blue,45,1,3,1466,87,0.042,0,0,0,0,1,1,Faible
719785683,Client actuel,41,M,4,Master,Marié(e),$80K - $120K,Blue,36,2,2,1573,102,0.072,0,0,0,0,1,1,Faible
711830433,Client actuel,44,F,3,Niveau Bac+2,Célibataire,Moins de $40K,Blue,32,2,1,1051,87,0.133,0,0,0,0,1,1,Faible
718306308,Client actuel,48,M,4,Licence,Marié(e),$80K - $120K,Blue,36,2,3,1793,81,0.064,0,0,0,0,1,1,Faible
772725408,Client actuel,40,M,3,Sans diplôme,Divorcé(e),$60K - $80K,Blue,30,3,2,2517,84,0.103,0,0,0,0,1,1,Faible
711183558,Client actuel,49,M,0,Lycée (équivalent baccalauréat),Célibataire,$80K - $120K,Blue,39,1,3,1291,98,0.581,0,0,0,0,0,0,Faible
720317658,Client actuel,43,M,2,Licence,Célibataire,$80K - $120K,Blue,35,2,2,961,82,0.164,0,0,0,0,0,0,Faible
710596983,Client actuel,51,M,1,Sans diplôme,Célibataire,$80K - $120K,Blue,37,3,2,2416,96,0.088,0,0,0,0,1,1,Faible
716986458,Client actuel,44,F,3,Lycée (équivalent baccalauréat),Célibataire,Non connu,Blue,36,3,2,1575,101,0.161,0,0,0,0,1,1,Faible
717382608,Client actuel,59,M,1,Licence,Célibataire,$60K - $80K,Silver,36,2,2,2517,86,0.094,0,0,0,0,1,1,Faible
825767658,Client actuel,49,M,2,Licence,Célibataire,$60K - $80K,Gold,45,3,1,913,80,0.026,0,0,0,0,1,1,Faible
717513933,Client actuel,38,M,3,Niveau Bac+2,Célibataire,$120K +,Blue,26,2,1,0,90,0.0,0,0,1,0,1,2,Modéré
789186858,Client actuel,52,M,2,Licence,Marié(e),$80K - $120K,Blue,41,5,1,928,97,0.028,1,0,0,0,1,2,Modéré
717658758,Client actuel,49,M,4,Licence,Célibataire,$120K +,Silver,36,2,2,0,99,0.0,0,0,1,0,1,2,Modéré
715575258,Client actuel,47,M,2,Licence,Célibataire,$40K - $60K,Blue,35,6,3,1957,93,0.338,1,0,0,0,0,1,Faible
714975633,Client actuel,51,F,2,Lycée (équivalent baccalauréat),Célibataire,Non connu,Blue,36,1,2,1347,85,0.581,0,0,0,0,0,0,Faible
715396983,Client actuel,46,M,1,Sans diplôme,Marié(e),$80K - $120K,Blue,36,3,2,1769,95,0.1,0,0,0,0,1,1,Faible
712624383,Client actuel,52,M,4,Niveau Bac+2,Célibataire,$80K - $120K,Silver,41,1,2,1701,99,0.049,0,0,0,0,1,1,Faible
721335558,Client actuel,57,F,2,Licence,Célibataire,Moins de $40K,Blue,36,2,3,1686,101,0.26,0,0,0,0,0,0,Faible
713761608,Client actuel,44,M,3,Licence,Divorcé(e),$60K - $80K,Silver,34,3,3,1652,90,0.048,0,0,0,0,1,1,Faible
713367858,Client actuel,47,M,3,Non connu,Célibataire,$40K - $60K,Blue,36,2,2,1748,85,0.705,0,0,0,0,0,0,Faible
710489583,Client actuel,41,F,3,Licence,Non connu,Moins de $40K,Blue,36,1,1,1040,91,0.21,0,0,0,0,0,0,Faible
720422358,Client actuel,42,M,1,Master,Célibataire,$60K - $80K,Gold,36,1,2,2276,90,0.066,0,0,0,0,1,1,Faible
772098858,Client actuel,44,F,4,Sans diplôme,Marié(e),Non connu,Blue,33,2,1,1333,84,0.162,0,0,0,0,0,0,Faible
789304983,Client actuel,44,M,0,Non connu,Marié(e),$40K - $60K,Silver,34,1,2,1864,97,0.084,0,0,0,0,1,1,Faible
779257233,Client actuel,47,M,2,Sans diplôme,Célibataire,$120K +,Blue,29,3,2,1974,90,0.068,0,0,0,0,1,1,Faible
709418508,Client actuel,45,M,2,Licence,Marié(e),$60K - $80K,Blue,35,2,3,1693,93,0.221,0,0,0,0,0,0,Faible
778439883,Client actuel,50,M,1,Lycée (équivalent baccalauréat),Non connu,$80K - $120K,Blue,31,2,2,769,93,0.029,0,0,0,0,1,1,Faible
716063583,Client actuel,41,M,3,Lycée (équivalent baccalauréat),Divorcé(e),$60K - $80K,Blue,32,2,1,2109,85,0.464,0,0,0,0,0,0,Faible
721053633,Client actuel,45,M,2,Niveau Bac+2,Célibataire,$40K - $60K,Blue,31,2,1,1425,101,0.218,0,0,0,0,0,0,Faible
711559008,Client actuel,40,F,4,Master,Célibataire,$40K - $60K,Blue,28,1,2,1501,92,0.129,0,0,0,0,1,1,Faible
718698558,Client actuel,43,M,3,Niveau Bac+2,Célibataire,$80K - $120K,Blue,34,2,2,1324,106,0.246,0,0,0,0,0,0,Faible
770190258,Client actuel,49,F,3,Licence,Marié(e),Moins de $40K,Blue,43,1,1,0,93,0.0,0,0,1,0,1,2,Modéré
709008708,Client actuel,47,M,3,Niveau Bac+2,Marié(e),Moins de $40K,Blue,34,1,2,0,92,0.0,0,0,1,0,1,2,Modéré
823922208,Client actuel,49,M,3,Non connu,Célibataire,$60K - $80K,Blue,45,1,1,1101,103,0.519,0,0,0,0,0,0,Faible
718457058,Client actuel,43,M,4,Lycée (équivalent baccalauréat),Marié(e),$40K - $60K,Blue,35,1,1,2517,74,0.731,0,0,0,0,0,0,Faible
708472008,Client actuel,44,F,3,Sans diplôme,Marié(e),Moins de $40K,Blue,36,3,3,1839,95,0.275,0,0,0,0,0,0,Faible
710395233,Client actuel,42,F,2,Licence,Célibataire,Non connu,Silver,36,2,3,1066,98,0.031,0,0,0,0,1,1,Faible
716732958,Client actuel,44,F,2,Lycée (équivalent baccalauréat),Marié(e),$40K - $60K,Blue,32,2,3,2031,90,0.28,0,0,0,0,0,0,Faible
780108408,Client actuel,52,M,2,Licence,Marié(e),$80K - $120K,Blue,37,3,1,1369,82,0.04,0,0,0,0,1,1,Faible
714019083,Client actuel,40,F,1,Licence,Marié(e),Moins de $40K,Blue,30,1,3,803,102,0.398,0,0,0,0,0,0,Faible
721225083,Client actuel,54,F,2,Non connu,Divorcé(e),Moins de $40K,Blue,36,2,1,1511,89,0.173,0,0,0,0,0,0,Faible
819109308,Client actuel,62,M,0,Licence,Divorcé(e),$60K - $80K,Blue,56,3,3,2517,92,0.412,0,0,0,0,0,0,Faible
721029858,Client actuel,52,F,3,Licence,Célibataire,Moins de $40K,Blue,36,1,2,1458,109,0.673,0,0,0,0,0,0,Faible
716762733,Client actuel,50,F,2,Doctorat,Célibataire,Moins de $40K,Blue,40,1,1,1634,94,0.474,0,0,0,0,0,0,Faible
710260983,Client actuel,51,F,4,Licence,Divorcé(e),Moins de $40K,Blue,36,3,2,2512,91,0.842,0,0,0,0,0,0,Faible
719677758,Client actuel,39,F,1,Non connu,Marié(e),$40K - $60K,Blue,36,1,3,2184,88,0.202,0,0,0,0,0,0,Faible
794191008,Client actuel,46,M,2,Niveau Bac+2,Marié(e),$120K +,Blue,40,2,2,1649,87,0.048,0,0,0,0,1,1,Faible
708905733,Client actuel,45,M,5,Sans diplôme,Célibataire,$60K - $80K,Blue,32,2,1,1989,91,0.096,0,0,0,0,1,1,Faible
788327358,Client actuel,61,M,1,Licence,Célibataire,Non connu,Blue,54,1,3,2097,102,0.231,0,0,0,0,0,0,Faible
751974258,Client actuel,51,M,3,Non connu,Non connu,$120K +,Blue,44,2,3,0,93,0.0,0,0,1,0,1,2,Modéré
805516608,Client actuel,50,M,1,Licence,Marié(e),$80K - $120K,Silver,45,1,3,925,84,0.027,0,0,0,0,1,1,Faible
780114558,Client actuel,50,M,1,Lycée (équivalent baccalauréat),Marié(e),Moins de $40K,Blue,35,1,3,2264,118,0.571,0,0,0,0,0,0,Faible
713090658,Client actuel,58,F,2,Sans diplôme,Célibataire,Non connu,Blue,44,2,2,1407,98,0.541,0,0,0,0,0,0,Faible
718889508,Client actuel,46,M,2,Niveau Bac+2,Divorcé(e),$60K - $80K,Blue,37,3,1,1223,99,0.121,0,0,0,0,1,1,Faible
824799108,Client actuel,46,F,3,Lycée (équivalent baccalauréat),Marié(e),$40K - $60K,Blue,42,2,1,1874,90,0.172,0,0,0,0,0,0,Faible
788618208,Client actuel,42,F,5,Non connu,Célibataire,Moins de $40K,Blue,30,3,3,0,90,0.0,0,0,1,0,1,2,Modéré
713133258,Client actuel,38,M,3,Non connu,Célibataire,$80K - $120K,Silver,36,2,3,2008,86,0.058,0,0,0,0,1,1,Faible
717370533,Client actuel,40,M,3,Master,Célibataire,$120K +,Blue,26,2,1,2088,89,0.06,0,0,0,0,1,1,Faible
720425508,Client actuel,43,M,5,Licence,Célibataire,$80K - $120K,Blue,36,1,3,696,93,0.097,0,0,0,0,1,1,Faible
712948383,Client actuel,48,M,4,Licence,Marié(e),$60K - $80K,Gold,36,6,1,0,100,0.0,1,0,1,0,1,3,Modéré
712839633,Client actuel,38,M,2,Sans diplôme,Célibataire,$80K - $120K,Blue,22,1,3,1595,97,0.046,0,0,0,0,1,1,Faible
820330008,Client actuel,46,M,5,Lycée (équivalent baccalauréat),Marié(e),$120K +,Blue,42,1,3,1540,98,0.047,0,0,0,0,1,1,Faible
826150608,Client actuel,44,M,4,Sans diplôme,Non connu,$40K - $60K,Silver,40,1,2,1378,98,0.076,0,0,0,0,1,1,Faible
779187783,Client actuel,50,M,2,Non connu,Célibataire,$80K - $120K,Blue,38,3,1,1813,77,0.074,0,0,0,0,1,1,Faible
720809358,Client actuel,39,M,1,Niveau Bac+2,Non connu,$40K - $60K,Blue,32,1,3,2317,98,0.475,0,0,0,0,0,0,Faible
714054408,Client actuel,50,M,3,Niveau Bac+2,Non connu,$60K - $80K,Blue,42,2,3,1822,79,0.141,0,0,0,0,1,1,Faible
789827208,Client actuel,41,F,5,Licence,Marié(e),Moins de $40K,Blue,31,3,1,1692,92,0.225,0,0,0,0,0,0,Faible
718308558,Client actuel,49,F,4,Licence,Divorcé(e),Moins de $40K,Blue,37,6,1,1155,93,0.628,1,0,0,0,0,1,Faible
801064833,Client actuel,42,M,3,Licence,Marié(e),$80K - $120K,Blue,36,1,2,2129,91,0.071,0,0,0,0,1,1,Faible
719838558,Client actuel,46,M,2,Sans diplôme,Célibataire,$60K - $80K,Blue,35,1,1,1484,92,0.289,0,0,0,0,0,0,Faible
714510483,Client actuel,44,M,3,Licence,Célibataire,$80K - $120K,Gold,36,3,3,2517,87,0.073,0,0,0,0,1,1,Faible
718246458,Client actuel,53,M,3,Licence,Célibataire,$80K - $120K,Blue,45,1,2,1984,105,0.082,0,0,0,0,1,1,Faible
710822808,Client actuel,51,M,0,Niveau Bac+2,Célibataire,$80K - $120K,Blue,33,3,1,1228,89,0.036,0,0,0,0,1,1,Faible
709722858,Client actuel,50,M,1,Licence,Marié(e),$60K - $80K,Blue,37,2,2,1357,88,0.066,0,0,0,0,1,1,Faible
714999483,Client actuel,38,M,4,Sans diplôme,Non connu,$80K - $120K,Silver,36,1,2,1132,106,0.033,0,0,0,0,1,1,Faible
711388458,Client actuel,45,M,3,Lycée (équivalent baccalauréat),Marié(e),$60K - $80K,Blue,36,5,1,1519,99,0.089,1,0,0,0,1,2,Modéré
796174983,Client actuel,52,M,2,Lycée (équivalent baccalauréat),Célibataire,$80K - $120K,Blue,46,3,3,1168,94,0.045,0,0,0,0,1,1,Faible
712918083,Client actuel,44,F,1,Non connu,Célibataire,Moins de $40K,Blue,33,3,1,768,88,0.347,0,0,0,0,0,0,Faible
715459158,Client actuel,35,F,4,Lycée (équivalent baccalauréat),Non connu,Non connu,Blue,26,1,2,0,97,0.0,0,0,1,0,1,2,Modéré
712687083,Client actuel,44,M,3,Licence,Marié(e),$60K - $80K,Blue,24,1,3,0,83,0.0,0,0,1,0,1,2,Modéré
812443458,Client actuel,57,M,4,Licence,Célibataire,$120K +,Blue,52,3,2,0,94,0.0,0,0,1,0,1,2,Modéré
712984983,Client actuel,43,F,2,Non connu,Marié(e),Moins de $40K,Blue,30,3,2,1853,101,0.824,0,0,0,0,0,0,Faible
708826158,Client actuel,45,F,4,Sans diplôme,Divorcé(e),$40K - $60K,Blue,27,2,1,1684,100,0.459,0,0,0,0,0,0,Faible
788725608,Client actuel,44,F,3,Licence,Célibataire,Moins de $40K,Blue,17,2,3,1149,102,0.13,0,0,0,0,1,1,Faible
717559533,Client actuel,47,M,3,Licence,Marié(e),$120K +,Silver,42,3,1,1161,100,0.034,0,0,0,0,1,1,Faible
720443358,Client actuel,50,M,2,Non connu,Marié(e),$60K - $80K,Blue,36,3,1,1250,84,0.156,0,0,0,0,1,1,Faible
806694333,Client actuel,44,F,4,Non connu,Marié(e),Moins de $40K,Blue,39,1,1,1779,73,0.642,0,0,0,0,0,0,Faible
709770408,Client actuel,51,M,2,Licence,Marié(e),$120K +,Silver,36,1,2,1702,98,0.049,0,0,0,0,1,1,Faible
770705208,Client actuel,44,F,2,Non connu,Célibataire,Moins de $40K,Gold,30,3,3,630,91,0.041,0,0,1,0,1,2,Modéré
797898858,Client actuel,40,F,2,Sans diplôme,Célibataire,Moins de $40K,Blue,34,2,1,2085,88,0.439,0,0,0,0,0,0,Faible
779548008,Client actuel,50,M,2,Licence,Célibataire,$80K - $120K,Silver,35,2,3,0,83,0.0,0,0,1,0,1,2,Modéré
718388733,Client actuel,38,F,1,Niveau Bac+2,Non connu,Moins de $40K,Blue,32,3,3,1259,96,0.483,0,0,0,0,0,0,Faible
757863258,Client actuel,45,F,4,Licence,Non connu,Moins de $40K,Blue,38,2,1,887,84,0.37,0,0,0,0,0,0,Faible
711947358,Client actuel,49,M,4,Sans diplôme,Marié(e),$120K +,Blue,38,3,1,1208,83,0.064,0,0,0,0,1,1,Faible
814760358,Client actuel,53,M,3,Licence,Non connu,$40K - $60K,Blue,48,2,2,1997,82,0.137,0,0,0,0,1,1,Faible
710192283,Client actuel,46,M,4,Master,Marié(e),$40K - $60K,Blue,36,2,2,1180,91,0.532,0,0,0,0,0,0,Faible
718977483,Client actuel,56,M,4,Licence,Célibataire,$80K - $120K,Blue,46,3,1,1388,91,0.054,0,0,0,0,1,1,Faible
712129158,Client actuel,63,M,0,Sans diplôme,Célibataire,$60K - $80K,Blue,36,3,1,1096,104,0.137,0,0,0,0,1,1,Faible
714880533,Client actuel,40,M,5,Licence,Célibataire,$40K - $60K,Blue,36,2,3,1741,99,0.611,0,0,0,0,0,0,Faible
808287408,Client actuel,45,M,5,Licence,Marié(e),$80K - $120K,Blue,40,2,0,1151,100,0.039,0,0,0,0,1,1,Faible
709619433,Client actuel,52,M,2,Doctorat,Marié(e),$120K +,Blue,44,2,2,1382,108,0.04,0,0,0,0,1,1,Faible
708881583,Client actuel,50,M,2,Sans diplôme,Marié(e),$40K - $60K,Blue,43,3,1,1332,95,0.107,0,0,0,0,1,1,Faible
820587258,Client actuel,45,F,4,Licence,Marié(e),Moins de $40K,Silver,40,5,2,0,94,0.0,1,0,1,0,1,3,Modéré
768733533,Client actuel,53,M,5,Sans diplôme,Non connu,$80K - $120K,Blue,47,3,2,1612,88,0.689,0,0,0,0,0,0,Faible
779779083,Client actuel,38,F,3,Lycée (équivalent baccalauréat),Célibataire,$40K - $60K,Gold,26,2,1,0,103,0.0,0,0,1,0,1,2,Modéré
720735408,Client actuel,44,F,4,Doctorat,Marié(e),$40K - $60K,Blue,30,3,1,1643,109,0.26,0,0,0,0,0,0,Faible
819160158,Client actuel,42,M,3,Sans diplôme,Marié(e),$40K - $60K,Blue,37,3,3,1724,88,0.348,0,0,0,0,0,0,Faible
804601833,Client actuel,44,M,2,Lycée (équivalent baccalauréat),Non connu,$60K - $80K,Silver,39,2,3,1601,86,0.046,0,0,0,0,1,1,Faible
714823308,Client actuel,55,F,3,Niveau Bac+2,Célibataire,Moins de $40K,Gold,35,3,3,1973,98,0.123,0,0,0,0,1,1,Faible
711577458,Client actuel,52,F,1,Sans diplôme,Célibataire,Moins de $40K,Blue,36,2,1,1855,95,0.572,0,0,0,0,0,0,Faible
787539333,Client actuel,48,M,4,Licence,Marié(e),$60K - $80K,Blue,37,2,3,2517,88,0.345,0,0,0,0,0,0,Faible
716806383,Client actuel,48,M,4,Licence,Marié(e),$80K - $120K,Blue,40,1,3,1506,122,0.053,0,0,0,0,1,1,Faible
812230308,Client actuel,47,M,2,Licence,Marié(e),$40K - $60K,Blue,42,3,3,1657,100,0.682,0,0,0,0,0,0,Faible
778420383,Client actuel,49,M,1,Licence,Marié(e),$120K +,Blue,29,3,2,2045,109,0.267,0,0,0,0,0,0,Faible
774012933,Client actuel,47,F,3,Niveau Bac+2,Divorcé(e),$40K - $60K,Blue,41,2,1,2073,92,0.322,0,0,0,0,0,0,Faible
718756533,Client actuel,47,M,2,Sans diplôme,Marié(e),$80K - $120K,Blue,41,2,1,1497,105,0.112,0,0,0,0,1,1,Faible
812224983,Client actuel,56,M,2,Licence,Célibataire,$120K +,Blue,51,1,2,1340,100,0.287,0,0,0,0,0,0,Faible
714284358,Client actuel,61,M,1,Sans diplôme,Célibataire,$40K - $60K,Blue,52,1,1,1329,82,0.61,0,0,0,0,0,0,Faible
709530408,Client actuel,45,M,4,Doctorat,Célibataire,$120K +,Gold,36,3,1,1411,96,0.041,0,0,0,0,1,1,Faible
750690258,Client actuel,49,F,2,Licence,Marié(e),Moins de $40K,Blue,39,3,3,1995,103,0.707,0,0,0,0,0,0,Faible
716283108,Client actuel,44,F,4,Sans diplôme,Marié(e),Moins de $40K,Blue,36,2,3,1133,88,0.167,0,0,0,0,0,0,Faible
718528833,Client actuel,51,M,1,Lycée (équivalent baccalauréat),Célibataire,$120K +,Blue,43,3,2,1825,101,0.06,0,0,0,0,1,1,Faible
718006608,Client actuel,44,F,5,Sans diplôme,Célibataire,Moins de $40K,Blue,36,3,1,1163,100,0.15,0,0,0,0,1,1,Faible
710569233,Client actuel,46,M,3,Non connu,Célibataire,$80K - $120K,Blue,35,1,1,1440,100,0.122,0,0,0,0,1,1,Faible
718694658,Client actuel,41,M,4,Non connu,Marié(e),$80K - $120K,Blue,32,1,3,1607,90,0.056,0,0,0,0,1,1,Faible
779293308,Client actuel,51,M,4,Licence,Marié(e),$60K - $80K,Silver,33,3,3,2059,103,0.08,0,0,0,0,1,1,Faible
718276758,Client actuel,52,F,1,Licence,Célibataire,$40K - $60K,Blue,40,1,2,890,97,0.189,0,0,0,0,0,0,Faible
712654233,Client actuel,39,M,3,Lycée (équivalent baccalauréat),Marié(e),$80K - $120K,Blue,27,3,1,1093,85,0.057,0,0,0,0,1,1,Faible
719296383,Client actuel,38,M,2,Lycée (équivalent baccalauréat),Célibataire,$60K - $80K,Gold,18,2,3,1494,85,0.043,0,0,0,0,1,1,Faible
808279158,Client actuel,51,M,3,Licence,Marié(e),$80K - $120K,Blue,46,3,1,1429,99,0.121,0,0,0,0,1,1,Faible
780497958,Client actuel,41,M,3,Lycée (équivalent baccalauréat),Divorcé(e),$80K - $120K,Blue,28,3,3,2118,99,0.127,0,0,0,0,1,1,Faible
715519983,Client actuel,43,M,2,Master,Marié(e),$60K - $80K,Blue,34,1,3,1448,94,0.107,0,0,0,0,1,1,Faible
708568983,Client actuel,40,M,3,Lycée (équivalent baccalauréat),Marié(e),$60K - $80K,Blue,28,3,1,2365,113,0.206,0,0,0,0,0,0,Faible
823648983,Client actuel,58,M,1,Sans diplôme,Célibataire,$80K - $120K,Blue,54,3,1,1459,112,0.282,0,0,0,0,0,0,Faible
716837508,Client actuel,48,M,4,Licence,Marié(e),$60K - $80K,Blue,37,2,1,0,95,0.0,0,0,1,0,1,2,Modéré
712009083,Client actuel,48,M,3,Non connu,Non connu,$60K - $80K,Blue,36,1,2,1030,93,0.124,0,0,0,0,1,1,Faible
720522633,Client actuel,44,M,3,Niveau Bac+2,Marié(e),$40K - $60K,Silver,36,1,2,1533,106,0.095,0,0,0,0,1,1,Faible
713071383,Client actuel,54,F,1,Non connu,Célibataire,Non connu,Blue,36,3,3,1728,99,0.464,0,0,0,0,0,0,Faible
712938258,Client actuel,45,M,2,Licence,Célibataire,Moins de $40K,Silver,32,1,3,1613,94,0.127,0,0,0,0,1,1,Faible
709046958,Client actuel,46,M,2,Non connu,Marié(e),$60K - $80K,Silver,39,1,1,2175,100,0.072,0,0,0,0,1,1,Faible
708748833,Client actuel,37,F,3,Licence,Célibataire,$40K - $60K,Blue,25,2,3,1239,105,0.125,0,0,0,0,1,1,Faible
711364233,Client actuel,41,M,4,Non connu,Marié(e),$60K - $80K,Platinum,26,1,2,1559,104,0.045,0,0,0,0,1,1,Faible
712645908,Client actuel,43,M,2,Lycée (équivalent baccalauréat),Marié(e),$60K - $80K,Blue,37,3,3,2047,111,0.787,0,0,0,0,0,0,Faible
708428958,Client actuel,39,M,2,Non connu,Célibataire,$80K - $120K,Gold,33,3,2,0,113,0.0,0,0,1,0,1,2,Modéré
720874983,Client actuel,51,M,3,Sans diplôme,Marié(e),$80K - $120K,Silver,37,2,1,0,97,0.0,0,0,1,0,1,2,Modéré
719180958,Client actuel,48,F,2,Sans diplôme,Divorcé(e),$40K - $60K,Silver,39,2,2,0,104,0.0,0,0,1,0,1,2,Modéré
710360583,Client actuel,46,M,2,Sans diplôme,Célibataire,$60K - $80K,Blue,35,1,0,604,101,0.072,0,0,1,0,1,2,Modéré
823848183,Client actuel,39,F,1,Non connu,Célibataire,Moins de $40K,Platinum,35,2,3,1494,92,0.093,0,0,0,0,1,1,Faible
783121008,Client actuel,55,F,0,Licence,Célibataire,Moins de $40K,Silver,49,2,3,1870,106,0.155,0,0,0,0,1,1,Faible
789529158,Client actuel,44,M,4,Lycée (équivalent baccalauréat),Célibataire,$60K - $80K,Blue,36,1,3,743,88,0.252,0,0,0,0,0,0,Faible
708500883,Client actuel,48,M,2,Sans diplôme,Célibataire,$40K - $60K,Silver,40,3,2,0,106,0.0,0,0,1,0,1,2,Modéré
811965558,Client actuel,46,F,4,Niveau Bac+2,Célibataire,$40K - $60K,Blue,41,3,3,0,106,0.0,0,0,1,0,1,2,Modéré
714383583,Client actuel,39,F,2,Non connu,Célibataire,$40K - $60K,Gold,36,3,3,1696,97,0.071,0,0,0,0,1,1,Faible
809425533,Client actuel,45,F,2,Sans diplôme,Divorcé(e),$40K - $60K,Silver,40,2,2,1174,105,0.074,0,0,0,0,1,1,Faible
812534958,Client actuel,40,F,3,Lycée (équivalent baccalauréat),Marié(e),$40K - $60K,Silver,34,2,2,1568,97,0.083,0,0,0,0,1,1,Faible
780200208,Client actuel,39,F,2,Non connu,Célibataire,$40K - $60K,Blue,29,2,2,1563,112,0.14,0,0,0,0,1,1,Faible
711458583,Client actuel,47,M,2,Niveau Bac+2,Marié(e),$60K - $80K,Silver,35,1,1,1349,106,0.039,0,0,0,0,1,1,Faible
826451433,Client actuel,42,M,4,Licence,Célibataire,$80K - $120K,Silver,38,1,3,2273,103,0.066,0,0,0,0,1,1,Faible
719740983,Client actuel,44,F,1,Non connu,Divorcé(e),Moins de $40K,Silver,34,1,3,866,102,0.065,0,0,0,0,1,1,Faible
709019283,Client actuel,47,M,1,Niveau Bac+2,Célibataire,$80K - $120K,Blue,39,3,1,2210,100,0.39,0,0,0,0,0,0,Faible
710213508,Client actuel,63,M,1,Lycée (équivalent baccalauréat),Célibataire,$60K - $80K,Blue,54,3,3,1061,95,0.045,0,0,0,0,1,1,Faible
710814633,Client actuel,49,M,2,Sans diplôme,Marié(e),$80K - $120K,Blue,31,5,3,2517,103,0.121,1,0,0,0,1,2,Modéré
775267158,Client actuel,43,F,3,Licence,Marié(e),$40K - $60K,Blue,37,1,3,1396,111,0.564,0,0,0,0,0,0,Faible
712268808,Client actuel,55,M,4,Licence,Célibataire,$120K +,Silver,36,2,3,2443,105,0.071,0,0,0,0,1,1,Faible
779805408,Client actuel,42,M,3,Non connu,Marié(e),Moins de $40K,Silver,31,1,1,0,99,0.0,0,0,1,0,1,2,Modéré
713808633,Client actuel,31,F,0,Sans diplôme,Divorcé(e),Moins de $40K,Silver,23,2,1,1873,127,0.173,0,0,0,0,0,0,Faible
710295858,Client actuel,43,M,4,Licence,Divorcé(e),$80K - $120K,Blue,32,1,2,1649,84,0.068,0,0,0,0,1,1,Faible
713209308,Client actuel,59,M,0,Licence,Célibataire,$60K - $80K,Blue,46,3,2,1829,97,0.106,0,0,0,0,1,1,Faible
788709408,Client actuel,41,F,2,Non connu,Marié(e),Non connu,Blue,21,3,1,0,127,0.0,0,0,1,0,1,2,Modéré
717757608,Client actuel,53,M,2,Niveau Bac+2,Célibataire,$120K +,Gold,36,1,1,1051,114,0.03,0,0,0,0,1,1,Faible
715300683,Client actuel,39,M,1,Sans diplôme,Célibataire,$80K - $120K,Blue,36,1,3,846,94,0.025,0,0,0,0,1,1,Faible
711436983,Client actuel,57,M,3,Non connu,Célibataire,$120K +,Silver,49,2,1,2517,102,0.073,0,0,0,0,1,1,Faible
789582483,Client actuel,60,M,1,Lycée (équivalent baccalauréat),Divorcé(e),$40K - $60K,Blue,53,3,3,1813,101,0.194,0,0,0,0,0,0,Faible
790168083,Client actuel,51,M,0,Lycée (équivalent baccalauréat),Non connu,$80K - $120K,Blue,44,2,3,2176,100,0.096,0,0,0,0,1,1,Faible
713486583,Client actuel,41,M,3,Licence,Marié(e),$60K - $80K,Blue,29,2,1,2151,97,0.125,0,0,0,0,1,1,Faible
708697983,Client actuel,56,M,0,Lycée (équivalent baccalauréat),Non connu,$120K +,Blue,49,2,2,2156,78,0.062,0,0,0,0,1,1,Faible
823539558,Client actuel,39,F,3,Sans diplôme,Célibataire,Non connu,Silver,35,2,3,1627,94,0.048,0,0,0,0,1,1,Faible
711339258,Client actuel,49,F,3,Licence,Célibataire,$40K - $60K,Silver,36,3,1,2219,86,0.11,0,0,0,0,1,1,Faible
781171908,Client actuel,45,M,3,Licence,Célibataire,$40K - $60K,Blue,38,3,1,1869,106,0.498,0,0,0,0,0,0,Faible
815582358,Client actuel,47,F,5,Non connu,Non connu,Moins de $40K,Blue,42,1,2,1584,95,0.629,0,0,0,0,0,0,Faible
771674958,Client actuel,45,M,2,Lycée (équivalent baccalauréat),Marié(e),$40K - $60K,Blue,33,3,3,1823,97,0.158,0,0,0,0,1,1,Faible
787909158,Client actuel,40,F,3,Licence,Divorcé(e),Moins de $40K,Blue,31,3,2,1117,105,0.128,0,0,0,0,1,1,Faible
717140733,Client actuel,52,F,1,Licence,Célibataire,Moins de $40K,Blue,36,3,3,831,85,0.126,0,0,0,0,1,1,Faible
799468083,Client actuel,51,M,2,Licence,Marié(e),$40K - $60K,Blue,45,2,2,1146,97,0.1,0,0,0,0,1,1,Faible
718993533,Client actuel,44,M,2,Licence,Non connu,$80K - $120K,Blue,37,3,0,1334,103,0.084,0,0,0,0,1,1,Faible
713870958,Client actuel,56,F,3,Sans diplôme,Célibataire,Non connu,Platinum,46,3,2,0,93,0.0,0,0,1,0,1,2,Modéré
709171308,Client actuel,30,M,1,Lycée (équivalent baccalauréat),Marié(e),$60K - $80K,Blue,16,3,3,1742,96,0.11,0,0,0,0,1,1,Faible
720819858,Client actuel,47,F,4,Master,Célibataire,Moins de $40K,Blue,27,2,2,2517,100,0.285,0,0,0,0,0,0,Faible
815078433,Client actuel,42,F,4,Non connu,Marié(e),Moins de $40K,Blue,37,1,3,1718,99,0.262,0,0,0,0,0,0,Faible
710924658,Client actuel,52,F,2,Lycée (équivalent baccalauréat),Célibataire,$40K - $60K,Blue,36,2,2,1093,99,0.43,0,0,0,0,0,0,Faible
709883883,Client actuel,46,F,4,Sans diplôme,Divorcé(e),Non connu,Blue,34,3,1,1549,94,0.191,0,0,0,0,0,0,Faible
718650258,Client actuel,54,F,3,Licence,Célibataire,Non connu,Blue,47,3,1,2210,97,0.36,0,0,0,0,0,0,Faible
709108533,Client actuel,49,M,4,Licence,Marié(e),$80K - $120K,Blue,29,2,3,2216,90,0.223,0,0,0,0,0,0,Faible
713236458,Client actuel,55,M,4,Non connu,Célibataire,$60K - $80K,Blue,48,2,3,2517,113,0.133,0,0,0,0,1,1,Faible
714352533,Client actuel,47,F,3,Licence,Marié(e),$40K - $60K,Silver,29,2,2,865,103,0.056,0,0,0,0,1,1,Faible
717353433,Client actuel,50,F,2,Non connu,Célibataire,Non connu,Blue,42,3,3,1542,104,0.072,0,0,0,0,1,1,Faible
771062733,Client actuel,44,F,2,Licence,Célibataire,Moins de $40K,Blue,31,2,1,1285,101,0.299,0,0,0,0,0,0,Faible
713552958,Client actuel,43,M,5,Licence,Non connu,$60K - $80K,Blue,28,3,1,1637,114,0.128,0,0,0,0,1,1,Faible
715209333,Client actuel,32,M,0,Lycée (équivalent baccalauréat),Célibataire,$60K - $80K,Blue,36,1,1,1965,124,0.316,0,0,0,0,0,0,Faible
769935783,Client actuel,40,M,3,Non connu,Célibataire,$60K - $80K,Blue,34,2,1,2517,100,0.262,0,0,0,0,0,0,Faible
815613033,Client actuel,49,M,2,Non connu,Marié(e),Moins de $40K,Silver,44,2,3,1722,96,0.138,0,0,0,0,1,1,Faible
816328308,Client actuel,60,F,0,Licence,Marié(e),Moins de $40K,Blue,55,1,3,0,118,0.0,0,0,1,0,1,2,Modéré
711814608,Client actuel,41,F,5,Lycée (équivalent baccalauréat),Marié(e),$40K - $60K,Silver,36,1,1,1805,110,0.094,0,0,0,0,1,1,Faible
710694033,Client actuel,32,M,0,Licence,Divorcé(e),$40K - $60K,Blue,36,1,1,1253,104,0.168,0,0,0,0,0,0,Faible
709257708,Client actuel,47,F,2,Lycée (équivalent baccalauréat),Célibataire,Moins de $40K,Blue,41,1,2,1978,127,0.636,0,0,0,0,0,0,Faible
720174033,Client actuel,46,M,3,Licence,Divorcé(e),$80K - $120K,Blue,33,3,1,975,104,0.028,0,0,0,0,1,1,Faible
803335008,Client actuel,48,F,2,Licence,Divorcé(e),Non connu,Blue,43,3,3,1472,107,0.189,0,0,0,0,0,0,Faible
795869583,Client actuel,53,F,3,Sans diplôme,Marié(e),Moins de $40K,Blue,47,3,2,1620,118,0.434,0,0,0,0,0,0,Faible
789535233,Client actuel,52,M,1,Licence,Célibataire,$80K - $120K,Silver,44,1,2,1618,109,0.047,0,0,0,0,1,1,Faible
716441058,Client actuel,45,F,4,Lycée (équivalent baccalauréat),Célibataire,Moins de $40K,Silver,36,5,2,0,99,0.0,1,0,1,0,1,3,Modéré
708908883,Client actuel,37,F,2,Licence,Divorcé(e),Moins de $40K,Silver,32,3,2,1025,106,0.085,0,0,0,0,1,1,Faible
712152408,Client actuel,44,M,4,Lycée (équivalent baccalauréat),Célibataire,$60K - $80K,Gold,29,2,1,1930,97,0.056,0,0,0,0,1,1,Faible
715351983,Client actuel,32,F,2,Non connu,Marié(e),Moins de $40K,Blue,20,3,2,1470,97,0.151,0,0,0,0,1,1,Faible
798451908,Client actuel,36,F,2,Licence,Marié(e),Moins de $40K,Blue,30,3,2,0,120,0.0,0,0,1,0,1,2,Modéré
794962983,Client actuel,47,F,3,Licence,Divorcé(e),Moins de $40K,Blue,41,1,3,2496,110,0.251,0,0,0,0,0,0,Faible
721000833,Client actuel,49,M,0,Sans diplôme,Marié(e),$60K - $80K,Blue,38,3,2,0,110,0.0,0,0,1,0,1,2,Modéré
720086358,Client actuel,58,M,2,Doctorat,Marié(e),$120K +,Blue,48,3,1,1604,125,0.127,0,0,0,0,1,1,Faible
780588258,Client actuel,53,F,5,Non connu,Marié(e),Moins de $40K,Blue,42,2,2,1745,120,0.434,0,0,0,0,0,0,Faible
710833908,Client actuel,45,M,5,Lycée (équivalent baccalauréat),Marié(e),$80K - $120K,Blue,25,3,3,1384,100,0.054,0,0,0,0,1,1,Faible
714449283,Client actuel,44,M,4,Sans diplôme,Non connu,$80K - $120K,Blue,36,3,1,1528,97,0.06,0,0,0,0,1,1,Faible
772339383,Client actuel,54,M,3,Master,Célibataire,$40K - $60K,Blue,44,5,3,1290,121,0.306,1,0,0,0,0,1,Faible
721382208,Client actuel,38,F,2,Lycée (équivalent baccalauréat),Marié(e),$40K - $60K,Blue,27,1,2,2517,122,0.802,0,0,0,0,0,0,Faible
779349783,Client actuel,46,M,3,Doctorat,Marié(e),$60K - $80K,Blue,31,2,2,1198,104,0.057,0,0,0,0,1,1,Faible
789450408,Client actuel,41,F,2,Sans diplôme,Marié(e),Non connu,Blue,32,5,3,1713,91,0.291,1,0,0,0,0,1,Faible
709210833,Client actuel,48,F,2,Doctorat,Marié(e),$40K - $60K,Blue,36,2,2,1648,110,0.182,0,0,0,0,0,0,Faible
821752908,Client actuel,53,M,2,Lycée (équivalent baccalauréat),Célibataire,$60K - $80K,Blue,49,3,2,2252,117,0.544,0,0,0,0,0,0,Faible
789878283,Client actuel,39,M,3,Licence,Marié(e),$40K - $60K,Blue,29,2,2,1174,117,0.372,0,0,0,0,0,0,Faible
719222133,Client actuel,41,M,3,Licence,Célibataire,$40K - $60K,Blue,36,3,2,1723,96,0.193,0,0,0,0,0,0,Faible
715551783,Client actuel,54,F,2,Sans diplôme,Marié(e),Non connu,Blue,42,1,3,1273,113,0.051,0,0,0,0,1,1,Faible
712718958,Client actuel,49,M,2,Lycée (équivalent baccalauréat),Divorcé(e),$40K - $60K,Blue,36,1,1,2150,101,0.65,0,0,0,0,0,0,Faible
783361533,Client actuel,41,M,3,Non connu,Marié(e),$60K - $80K,Silver,35,3,2,1203,112,0.035,0,0,0,0,1,1,Faible
717942033,Client actuel,52,M,2,Sans diplôme,Non connu,$120K +,Blue,42,1,3,1252,98,0.037,0,0,0,0,1,1,Faible
817908783,Client actuel,44,M,3,Non connu,Célibataire,$120K +,Silver,39,3,1,2123,107,0.062,0,0,0,0,1,1,Faible
713708358,Client actuel,33,F,3,Non connu,Célibataire,$40K - $60K,Silver,36,3,3,971,111,0.05,0,0,0,0,1,1,Faible
713705358,Client actuel,37,M,2,Licence,Célibataire,$60K - $80K,Blue,28,6,1,994,109,0.135,1,0,0,0,1,2,Modéré
789551883,Client actuel,52,F,3,Licence,Célibataire,$40K - $60K,Blue,45,1,2,985,87,0.067,0,0,0,0,1,1,Faible
780551733,Client actuel,54,F,1,Lycée (équivalent baccalauréat),Marié(e),Moins de $40K,Silver,44,2,3,1470,117,0.127,0,0,0,0,1,1,Faible
719722308,Client actuel,31,F,0,Sans diplôme,Divorcé(e),Moins de $40K,Blue,22,1,3,0,114,0.0,0,0,1,0,1,2,Modéré
718328283,Client actuel,40,F,4,Lycée (équivalent baccalauréat),Célibataire,Moins de $40K,Blue,36,1,3,1531,100,0.387,0,0,0,0,0,0,Faible
826061508,Client actuel,49,F,4,Sans diplôme,Non connu,Moins de $40K,Blue,45,3,1,2045,102,0.342,0,0,0,0,0,0,Faible
712464933,Client actuel,44,M,2,Licence,Marié(e),$80K - $120K,Blue,36,2,2,1933,114,0.101,0,0,0,0,1,1,Faible
768181608,Client actuel,43,F,3,Licence,Non connu,Moins de $40K,Blue,37,3,3,1767,122,0.511,0,0,0,0,0,0,Faible
713869083,Client actuel,56,M,2,Lycée (équivalent baccalauréat),Marié(e),$80K - $120K,Blue,43,2,1,1002,92,0.034,0,0,0,0,1,1,Faible
711465333,Client actuel,35,M,4,Lycée (équivalent baccalauréat),Célibataire,$80K - $120K,Blue,26,1,1,0,99,0.0,0,0,1,0,1,2,Modéré
719924433,Client actuel,40,F,4,Licence,Marié(e),$40K - $60K,Silver,32,2,3,0,107,0.0,0,0,1,0,1,2,Modéré
719248158,Client actuel,52,M,2,Lycée (équivalent baccalauréat),Divorcé(e),$60K - $80K,Blue,42,3,2,1443,108,0.199,0,0,0,0,0,0,Faible
719944458,Client actuel,29,M,0,Lycée (équivalent baccalauréat),Célibataire,$40K - $60K,Blue,36,3,1,1437,96,0.357,0,0,0,0,0,0,Faible
721264533,Client actuel,49,F,3,Non connu,Marié(e),Moins de $40K,Blue,36,1,3,1106,126,0.294,0,0,0,0,0,0,Faible
719413383,Client actuel,32,M,1,Sans diplôme,Célibataire,$60K - $80K,Silver,36,3,1,1437,134,0.043,0,0,0,0,1,1,Faible
712990458,Client actuel,44,F,3,Licence,Marié(e),Non connu,Silver,34,2,1,1976,113,0.062,0,0,0,0,1,1,Faible
789594108,Client actuel,47,M,5,Niveau Bac+2,Célibataire,$80K - $120K,Blue,41,1,3,1779,99,0.519,0,0,0,0,0,0,Faible
718764708,Client actuel,45,M,3,Licence,Non connu,$120K +,Blue,36,4,3,1359,103,0.153,1,0,0,0,1,2,Modéré
820271208,Client actuel,46,M,2,Licence,Divorcé(e),$60K - $80K,Blue,41,2,3,1234,103,0.175,0,0,0,0,0,0,Faible
712055433,Client actuel,39,F,4,Lycée (équivalent baccalauréat),Marié(e),Moins de $40K,Blue,36,2,1,2072,116,0.576,0,0,0,0,0,0,Faible
721114458,Client actuel,46,M,4,Niveau Bac+2,Célibataire,$120K +,Blue,36,2,2,585,96,0.017,0,0,1,0,1,2,Modéré
708396033,Client actuel,45,F,2,Sans diplôme,Marié(e),Moins de $40K,Blue,27,2,2,1059,101,0.425,0,0,0,0,0,0,Faible
716406483,Client actuel,30,M,0,Non connu,Célibataire,$60K - $80K,Blue,20,3,3,1349,103,0.057,0,0,0,0,1,1,Faible
715754133,Client actuel,42,F,3,Licence,Célibataire,Moins de $40K,Blue,32,2,3,1359,107,0.401,0,0,0,0,0,0,Faible
711108408,Client actuel,55,M,2,Sans diplôme,Célibataire,$60K - $80K,Blue,36,1,1,1337,96,0.076,0,0,0,0,1,1,Faible
717565233,Client actuel,51,M,3,Doctorat,Célibataire,$80K - $120K,Blue,38,3,2,1318,92,0.042,0,0,0,0,1,1,Faible
789539058,Client actuel,28,M,0,Sans diplôme,Célibataire,Moins de $40K,Blue,20,1,3,893,116,0.206,0,0,0,0,0,0,Faible
768643158,Client actuel,44,F,5,Licence,Divorcé(e),Moins de $40K,Blue,38,1,3,2459,119,0.64,0,0,0,0,0,0,Faible
721530633,Client actuel,51,F,2,Licence,Célibataire,$40K - $60K,Blue,36,1,1,1329,104,0.351,0,0,0,0,0,0,Faible
721188033,Client actuel,48,M,5,Niveau Bac+2,Marié(e),Moins de $40K,Blue,39,3,1,2239,112,0.329,0,0,0,0,0,0,Faible
810261633,Client actuel,44,M,4,Licence,Célibataire,$60K - $80K,Blue,39,2,3,1727,95,0.178,0,0,0,0,0,0,Faible
719365233,Client actuel,34,M,4,Non connu,Célibataire,Moins de $40K,Blue,23,3,2,1785,126,0.233,0,0,0,0,0,0,Faible
720943308,Client actuel,47,M,3,Licence,Célibataire,$60K - $80K,Silver,36,1,2,1990,120,0.065,0,0,0,0,1,1,Faible
714425283,Client actuel,50,F,2,Lycée (équivalent baccalauréat),Marié(e),Non connu,Blue,40,3,2,0,119,0.0,0,0,1,0,1,2,Modéré
709406733,Client actuel,46,M,3,Licence,Divorcé(e),$80K - $120K,Blue,36,2,1,1504,106,0.074,0,0,0,0,1,1,Faible
708572658,Client actuel,49,M,5,Licence,Marié(e),$60K - $80K,Silver,38,1,2,2088,120,0.071,0,0,0,0,1,1,Faible
714001008,Client actuel,56,M,1,Sans diplôme,Divorcé(e),$120K +,Blue,36,1,2,0,102,0.0,0,0,1,0,1,2,Modéré
712833633,Client actuel,41,M,2,Master,Marié(e),$40K - $60K,Blue,36,1,3,653,98,0.061,0,0,1,0,1,2,Modéré
708863733,Client actuel,35,M,3,Non connu,Célibataire,$40K - $60K,Gold,19,1,3,808,120,0.036,0,0,0,0,1,1,Faible
717076458,Client actuel,40,M,3,Non connu,Célibataire,$40K - $60K,Blue,36,3,1,1178,102,0.144,0,0,0,0,1,1,Faible
712412958,Client actuel,41,F,3,Doctorat,Marié(e),$40K - $60K,Silver,33,1,2,822,124,0.045,0,0,0,0,1,1,Faible
720535008,Client actuel,46,M,4,Sans diplôme,Célibataire,$80K - $120K,Blue,36,2,3,1094,104,0.104,0,0,0,0,1,1,Faible
711578658,Client actuel,56,F,2,Lycée (équivalent baccalauréat),Marié(e),$40K - $60K,Blue,49,3,3,2517,97,0.395,0,0,0,0,0,0,Faible
709373883,Client actuel,37,F,5,Non connu,Marié(e),$40K - $60K,Silver,36,1,2,2517,124,0.132,0,0,0,0,1,1,Faible
780730008,Client actuel,51,M,2,Niveau Bac+2,Célibataire,$120K +,Blue,36,2,2,752,120,0.216,0,0,0,0,0,0,Faible
824816358,Client actuel,36,F,1,Sans diplôme,Célibataire,Moins de $40K,Blue,32,3,2,0,127,0.0,0,0,1,0,1,2,Modéré
716106108,Client actuel,49,M,4,Master,Marié(e),$120K +,Silver,41,3,2,0,129,0.0,0,0,1,0,1,2,Modéré
709807383,Client actuel,35,F,2,Non connu,Marié(e),Moins de $40K,Blue,22,1,1,1155,94,0.319,0,0,0,0,0,0,Faible
716430933,Client actuel,46,F,4,Non connu,Célibataire,Moins de $40K,Blue,36,1,2,0,131,0.0,0,0,1,0,1,2,Modéré
789866133,Client actuel,45,F,3,Licence,Non connu,$40K - $60K,Blue,35,3,2,2359,118,0.546,0,0,0,0,0,0,Faible
718634058,Client actuel,48,F,2,Lycée (équivalent baccalauréat),Non connu,Non connu,Blue,31,2,1,764,100,0.1,0,0,0,0,1,1,Faible
715129983,Client actuel,46,F,3,Licence,Divorcé(e),Non connu,Blue,36,3,2,0,116,0.0,0,0,1,0,1,2,Modéré
717177783,Client actuel,36,F,0,Non connu,Marié(e),Moins de $40K,Silver,19,2,3,0,121,0.0,0,0,1,0,1,2,Modéré
806992533,Client actuel,49,F,1,Licence,Marié(e),Moins de $40K,Blue,44,1,1,797,102,0.096,0,0,0,0,1,1,Faible
711010683,Client actuel,35,M,3,Lycée (équivalent baccalauréat),Marié(e),$40K - $60K,Blue,27,2,3,1950,131,0.136,0,0,0,0,1,1,Faible
714759708,Client actuel,54,F,1,Lycée (équivalent baccalauréat),Célibataire,Non connu,Blue,36,2,3,1378,105,0.128,0,0,0,0,1,1,Faible
718801158,Client actuel,49,M,3,Licence,Célibataire,$40K - $60K,Gold,36,2,2,1408,96,0.059,0,0,0,0,1,1,Faible
712256358,Client actuel,40,M,3,Licence,Marié(e),$60K - $80K,Blue,23,3,1,1581,110,0.07,0,0,0,0,1,1,Faible
779803008,Client actuel,41,F,2,Lycée (équivalent baccalauréat),Célibataire,Non connu,Blue,30,2,1,0,124,0.0,0,0,1,0,1,2,Modéré
710968008,Client actuel,37,F,4,Sans diplôme,Marié(e),Moins de $40K,Blue,26,1,2,647,124,0.189,0,0,1,0,0,1,Faible
771584658,Client actuel,46,F,4,Non connu,Célibataire,Non connu,Silver,34,2,3,1473,98,0.043,0,0,0,0,1,1,Faible
718102758,Client actuel,61,F,0,Lycée (équivalent baccalauréat),Marié(e),Moins de $40K,Blue,36,1,3,1116,101,0.351,0,0,0,0,0,0,Faible
770970558,Client actuel,41,M,2,Non connu,Célibataire,$80K - $120K,Blue,28,2,3,2267,103,0.166,0,0,0,0,0,0,Faible
758863383,Client actuel,47,F,2,Sans diplôme,Non connu,Moins de $40K,Silver,36,3,2,948,104,0.064,0,0,0,0,1,1,Faible
814590483,Client actuel,45,F,2,Licence,Marié(e),$40K - $60K,Blue,40,3,3,865,95,0.241,0,0,0,0,0,0,Faible
773283108,Client actuel,31,M,0,Lycée (équivalent baccalauréat),Marié(e),$60K - $80K,Silver,24,1,3,1722,116,0.053,0,0,0,0,1,1,Faible
721006458,Client actuel,42,M,2,Non connu,Célibataire,$120K +,Blue,35,1,3,1471,114,0.458,0,0,0,0,0,0,Faible
788687133,Client actuel,42,M,2,Licence,Marié(e),$80K - $120K,Blue,31,3,1,0,125,0.0,0,0,1,0,1,2,Modéré
820108008,Client actuel,49,M,4,Non connu,Marié(e),$80K - $120K,Blue,44,3,3,1361,121,0.112,0,0,0,0,1,1,Faible
717781608,Client actuel,52,F,3,Licence,Marié(e),Moins de $40K,Blue,40,2,1,1518,99,0.164,0,0,0,0,0,0,Faible
720136458,Client actuel,39,M,3,Master,Marié(e),$60K - $80K,Blue,36,2,3,776,97,0.113,0,0,0,0,1,1,Faible
716247708,Client actuel,51,M,4,Niveau Bac+2,Célibataire,$120K +,Gold,33,2,2,1848,103,0.054,0,0,0,0,1,1,Faible
714968208,Client actuel,52,M,2,Lycée (équivalent baccalauréat),Marié(e),$80K - $120K,Blue,36,3,1,0,104,0.0,0,0,1,0,1,2,Modéré
719913783,Client actuel,40,M,3,Licence,Célibataire,$40K - $60K,Blue,27,2,3,1589,105,0.207,0,0,0,0,0,0,Faible
720621408,Client actuel,38,F,2,Sans diplôme,Marié(e),Moins de $40K,Blue,36,3,2,0,100,0.0,0,0,1,0,1,2,Modéré
721169883,Client actuel,41,M,5,Niveau Bac+2,Marié(e),$60K - $80K,Blue,31,3,2,1945,109,0.389,0,0,0,0,0,0,Faible
719324658,Client actuel,27,M,0,Niveau Bac+2,Non connu,$80K - $120K,Silver,19,1,3,1131,112,0.033,0,0,0,0,1,1,Faible
714577233,Client actuel,50,F,3,Licence,Marié(e),$40K - $60K,Blue,41,3,1,0,109,0.0,0,0,1,0,1,2,Modéré
712367658,Client actuel,58,M,1,Sans diplôme,Célibataire,$80K - $120K,Blue,40,3,0,1783,112,0.081,0,0,0,0,1,1,Faible
803655333,Client actuel,53,M,2,Master,Célibataire,$60K - $80K,Silver,47,3,3,2295,103,0.079,0,0,0,0,1,1,Faible
711328458,Client actuel,58,M,1,Lycée (équivalent baccalauréat),Célibataire,$80K - $120K,Blue,50,1,3,1341,127,0.039,0,0,0,0,1,1,Faible
708123033,Client actuel,41,F,3,Licence,Célibataire,Moins de $40K,Silver,30,1,1,0,105,0.0,0,0,1,0,1,2,Modéré
710745633,Client actuel,53,M,1,Non connu,Célibataire,$120K +,Blue,36,3,3,751,112,0.039,0,0,0,0,1,1,Faible
710374008,Client actuel,53,M,1,Licence,Célibataire,$80K - $120K,Blue,47,1,2,1583,100,0.046,0,0,0,0,1,1,Faible
772166058,Client actuel,31,M,1,Non connu,Célibataire,$40K - $60K,Blue,20,2,3,1564,112,0.484,0,0,0,0,0,0,Faible
715017858,Client actuel,54,M,2,Sans diplôme,Marié(e),$120K +,Platinum,36,1,3,1421,114,0.041,0,0,0,0,1,1,Faible
743420208,Client actuel,47,F,2,Niveau Bac+2,Célibataire,Moins de $40K,Blue,40,2,2,1882,121,0.39,0,0,0,0,0,0,Faible
716201883,Client actuel,46,M,2,Licence,Non connu,$120K +,Silver,39,2,3,1381,114,0.04,0,0,0,0,1,1,Faible
714593883,Client actuel,53,F,2,Licence,Marié(e),Moins de $40K,Silver,45,2,1,1350,115,0.112,0,0,0,0,1,1,Faible
711003483,Client actuel,40,M,3,Non connu,Divorcé(e),$60K - $80K,Blue,24,3,3,1138,97,0.056,0,0,0,0,1,1,Faible
819628158,Client actuel,42,M,3,Licence,Célibataire,$60K - $80K,Blue,37,3,1,1821,116,0.102,0,0,0,0,1,1,Faible
708573933,Client actuel,45,F,2,Non connu,Célibataire,Moins de $40K,Silver,36,2,3,789,100,0.061,0,0,0,0,1,1,Faible
710758683,Client actuel,61,F,1,Licence,Non connu,$40K - $60K,Silver,48,3,3,2000,82,0.127,0,0,0,0,1,1,Faible
718288833,Client actuel,31,M,1,Non connu,Marié(e),$40K - $60K,Blue,36,3,3,875,127,0.157,0,0,0,0,1,1,Faible
708873183,Client actuel,47,M,2,Master,Célibataire,$60K - $80K,Blue,39,3,2,618,128,0.035,0,0,1,0,1,2,Modéré
766224933,Client actuel,46,M,2,Licence,Marié(e),$80K - $120K,Blue,39,1,1,1769,119,0.06,0,0,0,0,1,1,Faible
720372483,Client actuel,60,F,0,Lycée (équivalent baccalauréat),Marié(e),Moins de $40K,Blue,36,1,3,2262,111,0.545,0,0,0,0,0,0,Faible
714128283,Client actuel,49,F,1,Non connu,Marié(e),Moins de $40K,Silver,40,3,2,1736,113,0.129,0,0,0,0,1,1,Faible
708163758,Client actuel,41,M,3,Non connu,Marié(e),$120K +,Blue,33,4,3,638,139,0.018,1,0,1,0,1,3,Modéré
716979183,Client actuel,45,M,2,Niveau Bac+2,Marié(e),$60K - $80K,Blue,34,1,2,1396,106,0.079,0,0,0,0,1,1,Faible
716480358,Client actuel,45,M,3,Sans diplôme,Célibataire,$60K - $80K,Blue,36,2,1,1296,81,0.117,0,0,0,0,1,1,Faible
720413658,Client actuel,44,M,2,Lycée (équivalent baccalauréat),Marié(e),$120K +,Blue,31,1,3,905,95,0.147,0,0,0,0,1,1,Faible
715832058,Client actuel,40,F,5,Licence,Non connu,Moins de $40K,Blue,36,2,3,1172,98,0.26,0,0,0,0,0,0,Faible
716323683,Client actuel,31,M,0,Licence,Célibataire,$80K - $120K,Blue,36,3,3,1607,106,0.049,0,0,0,0,1,1,Faible
819616383,Client actuel,40,F,3,Sans diplôme,Divorcé(e),Moins de $40K,Blue,35,3,3,2004,118,0.42,0,0,0,0,0,0,Faible
771069033,Client actuel,56,M,1,Non connu,Non connu,$60K - $80K,Blue,43,2,3,1083,91,0.102,0,0,0,0,1,1,Faible
710300733,Client actuel,38,M,3,Lycée (équivalent baccalauréat),Célibataire,$120K +,Blue,27,4,1,0,106,0.0,1,0,1,0,1,3,Modéré
712497783,Client actuel,56,F,2,Non connu,Marié(e),Moins de $40K,Blue,48,2,3,1363,94,0.15,0,0,0,0,1,1,Faible
716296833,Client actuel,56,M,0,Doctorat,Célibataire,$80K - $120K,Blue,47,1,2,0,113,0.0,0,0,1,0,1,2,Modéré
715728108,Client actuel,27,F,0,Licence,Non connu,Moins de $40K,Blue,36,1,2,1450,131,0.319,0,0,0,0,0,0,Faible
771507258,Client actuel,38,F,2,Licence,Célibataire,Moins de $40K,Blue,26,2,1,1175,118,0.304,0,0,0,0,0,0,Faible
713758758,Client actuel,48,M,2,Lycée (équivalent baccalauréat),Marié(e),Moins de $40K,Silver,36,2,2,2517,109,0.173,0,0,0,0,0,0,Faible
779809908,Client actuel,44,F,3,Lycée (équivalent baccalauréat),Célibataire,Moins de $40K,Blue,34,2,2,0,96,0.0,0,0,1,0,1,2,Modéré
816310158,Client actuel,49,M,4,Sans diplôme,Non connu,$60K - $80K,Blue,44,3,2,2263,106,0.183,0,0,0,0,0,0,Faible
780349833,Client actuel,36,M,2,Niveau Bac+2,Marié(e),$40K - $60K,Gold,23,1,3,0,120,0.0,0,0,1,0,1,2,Modéré
818235408,Client actuel,30,M,0,Niveau Bac+2,Marié(e),$60K - $80K,Blue,25,3,1,0,118,0.0,0,0,1,0,1,2,Modéré
719634408,Client actuel,51,M,2,Non connu,Célibataire,$120K +,Silver,31,2,2,585,104,0.017,0,0,1,0,1,2,Modéré
709934808,Client actuel,59,M,1,Non connu,Célibataire,$40K - $60K,Silver,51,2,1,1071,103,0.071,0,0,0,0,1,1,Faible
712238958,Client actuel,45,M,4,Licence,Marié(e),Moins de $40K,Blue,36,2,3,1047,115,0.145,0,0,0,0,1,1,Faible
711813258,Client actuel,56,M,2,Niveau Bac+2,Célibataire,$60K - $80K,Gold,43,1,2,2022,116,0.059,0,0,0,0,1,1,Faible
789983133,Client actuel,31,M,2,Licence,Non connu,$80K - $120K,Silver,22,3,2,1780,98,0.052,0,0,0,0,1,1,Faible
792139308,Client actuel,48,F,3,Licence,Célibataire,$40K - $60K,Blue,42,2,3,639,114,0.069,0,0,1,0,1,2,Modéré
718123608,Client actuel,32,M,2,Licence,Marié(e),$80K - $120K,Blue,36,1,2,1907,104,0.075,0,0,0,0,1,1,Faible
715369008,Client actuel,46,F,3,Lycée (équivalent baccalauréat),Célibataire,Moins de $40K,Blue,36,2,2,0,106,0.0,0,0,1,0,1,2,Modéré
717556758,Client actuel,52,F,2,Lycée (équivalent baccalauréat),Célibataire,Moins de $40K,Blue,36,2,3,2267,113,0.748,0,0,0,0,0,0,Faible
716340783,Client actuel,48,M,4,Lycée (équivalent baccalauréat),Marié(e),$80K - $120K,Blue,36,1,2,1320,105,0.061,0,0,0,0,1,1,Faible
825743583,Client actuel,39,F,2,Licence,Célibataire,Non connu,Silver,35,3,3,1971,121,0.061,0,0,0,0,1,1,Faible
717711108,Client actuel,43,F,3,Non connu,Marié(e),Moins de $40K,Blue,27,2,2,1042,123,0.294,0,0,0,0,0,0,Faible
789791808,Client actuel,43,M,4,Lycée (équivalent baccalauréat),Marié(e),$40K - $60K,Blue,32,2,2,1512,112,0.212,0,0,0,0,0,0,Faible
807971658,Client actuel,47,F,3,Non connu,Marié(e),Moins de $40K,Blue,42,2,3,2517,112,0.686,0,0,0,0,0,0,Faible
818239983,Client actuel,53,M,2,Non connu,Divorcé(e),$80K - $120K,Blue,48,1,2,1590,118,0.102,0,0,0,0,1,1,Faible
712544358,Client actuel,48,M,3,Licence,Marié(e),$120K +,Gold,36,4,2,1823,108,0.053,1,0,0,0,1,2,Modéré
720306408,Client actuel,50,F,2,Lycée (équivalent baccalauréat),Célibataire,Moins de $40K,Blue,41,3,2,0,103,0.0,0,0,1,0,1,2,Modéré
721488858,Client actuel,53,M,3,Sans diplôme,Marié(e),$60K - $80K,Silver,38,3,2,871,121,0.027,0,0,0,0,1,1,Faible
710771433,Client actuel,48,M,1,Licence,Célibataire,$80K - $120K,Blue,36,3,1,2152,125,0.781,0,0,0,0,0,0,Faible
717663033,Client actuel,51,M,2,Sans diplôme,Célibataire,$120K +,Blue,35,2,2,1068,123,0.031,0,0,0,0,1,1,Faible
721524858,Client actuel,51,F,2,Non connu,Marié(e),Moins de $40K,Blue,37,2,3,1829,102,0.258,0,0,0,0,0,0,Faible
788778033,Client actuel,39,F,2,Niveau Bac+2,Célibataire,Moins de $40K,Silver,20,2,3,1277,109,0.104,0,0,0,0,1,1,Faible
708649683,Client actuel,51,M,2,Lycée (équivalent baccalauréat),Célibataire,$60K - $80K,Blue,42,3,2,1140,122,0.068,0,0,0,0,1,1,Faible
708770883,Client actuel,43,M,2,Sans diplôme,Marié(e),$80K - $120K,Blue,24,2,2,1463,115,0.088,0,0,0,0,1,1,Faible
719210133,Client actuel,47,M,3,Sans diplôme,Célibataire,$60K - $80K,Blue,35,3,1,1333,103,0.094,0,0,0,0,1,1,Faible
714690633,Client actuel,51,F,3,Licence,Célibataire,Moins de $40K,Blue,36,3,1,1474,116,0.45,0,0,0,0,0,0,Faible
719719158,Client actuel,38,M,4,Master,Célibataire,$80K - $120K,Silver,36,3,1,1435,114,0.042,0,0,0,0,1,1,Faible
712690458,Client actuel,38,F,2,Sans diplôme,Marié(e),Moins de $40K,Blue,28,1,2,1891,113,0.521,0,0,0,0,0,0,Faible
718758783,Client actuel,44,F,4,Non connu,Célibataire,Moins de $40K,Silver,36,3,3,1943,118,0.149,0,0,0,0,1,1,Faible
716947083,Client actuel,32,M,3,Lycée (équivalent baccalauréat),Célibataire,$40K - $60K,Blue,36,2,1,1871,110,0.487,0,0,0,0,0,0,Faible
712952283,Client actuel,50,M,3,Licence,Marié(e),$120K +,Blue,35,1,2,1638,121,0.047,0,0,0,0,1,1,Faible
718799958,Client actuel,60,F,1,Licence,Marié(e),Non connu,Blue,52,3,3,1974,106,0.148,0,0,0,0,1,1,Faible
718663983,Client actuel,38,F,1,Doctorat,Célibataire,Moins de $40K,Blue,36,2,2,2517,94,0.726,0,0,0,0,0,0,Faible
789550458,Client actuel,59,M,0,Lycée (équivalent baccalauréat),Célibataire,$40K - $60K,Silver,52,2,1,1729,111,0.114,0,0,0,0,1,1,Faible
708226833,Client actuel,53,M,1,Lycée (équivalent baccalauréat),Célibataire,$120K +,Gold,44,6,3,831,107,0.024,1,0,0,0,1,2,Modéré
710775483,Client actuel,53,M,1,Lycée (équivalent baccalauréat),Non connu,$40K - $60K,Blue,43,1,3,0,102,0.0,0,0,1,0,1,2,Modéré
709410033,Client actuel,56,M,2,Lycée (équivalent baccalauréat),Non connu,$80K - $120K,Blue,36,1,1,831,118,0.176,0,0,0,0,0,0,Faible
717173358,Client actuel,60,F,0,Licence,Célibataire,$40K - $60K,Blue,47,2,3,1881,100,0.198,0,0,0,0,0,0,Faible
719773158,Client actuel,42,M,3,Licence,Marié(e),$80K - $120K,Blue,36,3,0,2370,97,0.08,0,0,0,0,1,1,Faible
771292233,Client actuel,48,F,1,Non connu,Célibataire,Moins de $40K,Blue,36,1,2,813,103,0.208,0,0,0,0,0,0,Faible
756371058,Client actuel,58,F,1,Non connu,Marié(e),Moins de $40K,Blue,40,2,3,1006,124,0.255,0,0,0,0,0,0,Faible
709476033,Client actuel,55,M,2,Sans diplôme,Marié(e),$120K +,Blue,48,1,2,1800,120,0.274,0,0,0,0,0,0,Faible
770560683,Client actuel,51,M,1,Licence,Célibataire,$120K +,Gold,37,3,1,2417,117,0.07,0,0,0,0,1,1,Faible
788766933,Client actuel,46,M,2,Master,Marié(e),$80K - $120K,Blue,26,3,1,714,97,0.021,0,0,0,0,1,1,Faible
713550483,Client actuel,45,M,4,Licence,Non connu,$60K - $80K,Blue,33,5,1,1930,96,0.223,1,0,0,0,0,1,Faible
713895633,Client actuel,56,F,1,Lycée (équivalent baccalauréat),Non connu,$40K - $60K,Blue,36,1,3,0,103,0.0,0,0,1,0,1,2,Modéré
720471108,Client actuel,34,F,4,Lycée (équivalent baccalauréat),Célibataire,Non connu,Silver,26,2,2,1668,106,0.052,0,0,0,0,1,1,Faible
718192608,Client actuel,48,M,3,Sans diplôme,Marié(e),$60K - $80K,Blue,36,1,2,1148,106,0.074,0,0,0,0,1,1,Faible
805485933,Client actuel,45,F,3,Licence,Marié(e),Moins de $40K,Blue,40,1,3,2517,101,0.628,0,0,0,0,0,0,Faible
712517808,Client actuel,42,M,5,Lycée (équivalent baccalauréat),Marié(e),$60K - $80K,Blue,36,4,3,1525,112,0.466,1,0,0,0,0,1,Faible
780604083,Client actuel,49,M,1,Non connu,Célibataire,$60K - $80K,Blue,37,2,2,1209,110,0.066,0,0,0,0,1,1,Faible
715311183,Client actuel,35,M,2,Master,Célibataire,$60K - $80K,Blue,24,3,1,1659,100,0.49,0,0,0,0,0,0,Faible
757786608,Client actuel,33,M,2,Master,Célibataire,$80K - $120K,Blue,24,3,2,2463,107,0.59,0,0,0,0,0,0,Faible
714303483,Client actuel,40,M,2,Niveau Bac+2,Marié(e),$40K - $60K,Gold,31,2,1,1474,130,0.395,0,0,0,0,0,0,Faible
718728108,Client actuel,43,M,4,Sans diplôme,Marié(e),$60K - $80K,Silver,30,3,1,1576,119,0.053,0,0,0,0,1,1,Faible
710019933,Client actuel,29,M,1,Sans diplôme,Célibataire,$40K - $60K,Blue,22,3,3,1203,119,0.104,0,0,0,0,1,1,Faible
812453283,Client actuel,42,M,3,Licence,Marié(e),$40K - $60K,Blue,37,2,3,1788,117,0.566,0,0,0,0,0,0,Faible
827901183,Client actuel,51,F,2,Licence,Marié(e),Moins de $40K,Blue,47,2,1,980,109,0.191,0,0,0,0,0,0,Faible
710663508,Client actuel,42,M,4,Sans diplôme,Marié(e),$40K - $60K,Blue,33,2,2,2280,99,0.734,0,0,0,0,0,0,Faible
716439258,Client actuel,32,M,3,Licence,Marié(e),$60K - $80K,Blue,36,1,1,1413,103,0.438,0,0,0,0,0,0,Faible
719610708,Client actuel,43,M,1,Licence,Célibataire,$120K +,Blue,34,1,3,2517,105,0.088,0,0,0,0,1,1,Faible
715026258,Client actuel,50,M,1,Licence,Marié(e),$60K - $80K,Silver,37,1,1,777,112,0.125,0,0,0,0,1,1,Faible
711706458,Client actuel,44,M,4,Doctorat,Marié(e),$80K - $120K,Blue,27,2,1,1290,110,0.053,0,0,0,0,1,1,Faible
712180308,Client actuel,36,M,4,Lycée (équivalent baccalauréat),Célibataire,$120K +,Blue,36,3,3,1898,123,0.068,0,0,0,0,1,1,Faible
802622733,Client actuel,44,F,4,Sans diplôme,Célibataire,$40K - $60K,Blue,34,3,3,0,95,0.0,0,0,1,0,1,2,Modéré
778832883,Client actuel,47,F,3,Master,Marié(e),Moins de $40K,Blue,28,3,1,961,104,0.116,0,0,0,0,1,1,Faible
788671608,Client actuel,45,F,4,Niveau Bac+2,Célibataire,$40K - $60K,Gold,30,2,1,1836,107,0.08,0,0,0,0,1,1,Faible
718023708,Client actuel,53,F,2,Sans diplôme,Célibataire,$40K - $60K,Blue,42,1,3,2226,115,0.15,0,0,0,0,1,1,Faible
718692258,Client actuel,43,M,3,Non connu,Marié(e),$60K - $80K,Blue,34,3,1,1591,110,0.424,0,0,0,0,0,0,Faible
718357458,Client actuel,48,M,5,Non connu,Célibataire,$60K - $80K,Blue,36,3,0,0,125,0.0,0,0,1,0,1,2,Modéré
714003483,Client actuel,37,M,1,Doctorat,Non connu,$60K - $80K,Blue,36,3,1,0,129,0.0,0,0,1,0,1,2,Modéré
711008508,Client actuel,59,M,2,Licence,Célibataire,$40K - $60K,Blue,50,1,2,0,113,0.0,0,0,1,0,1,2,Modéré
815230458,Client actuel,31,M,1,Lycée (équivalent baccalauréat),Divorcé(e),$40K - $60K,Silver,26,1,3,1277,126,0.082,0,0,0,0,1,1,Faible
709514433,Client actuel,41,M,3,Lycée (équivalent baccalauréat),Marié(e),$80K - $120K,Blue,33,1,1,609,101,0.044,0,0,1,0,1,2,Modéré
815826708,Client actuel,53,F,2,Non connu,Marié(e),$40K - $60K,Blue,48,3,3,1107,109,0.249,0,0,0,0,0,0,Faible
815520333,Client actuel,55,M,3,Lycée (équivalent baccalauréat),Marié(e),$60K - $80K,Blue,50,1,2,1144,115,0.217,0,0,0,0,0,0,Faible
718661958,Client actuel,41,M,3,Niveau Bac+2,Marié(e),$80K - $120K,Blue,28,1,3,1617,93,0.047,0,0,0,0,1,1,Faible
788980983,Client actuel,55,M,1,Lycée (équivalent baccalauréat),Célibataire,$80K - $120K,Blue,42,4,2,1583,112,0.046,1,0,0,0,1,2,Modéré
721171008,Client actuel,31,F,1,Non connu,Marié(e),Moins de $40K,Silver,36,3,1,1520,124,0.147,0,0,0,0,1,1,Faible
714682233,Client actuel,48,M,3,Licence,Marié(e),$80K - $120K,Blue,43,4,1,0,125,0.0,1,0,1,0,1,3,Modéré
720736608,Client actuel,42,M,2,Licence,Marié(e),$60K - $80K,Blue,36,2,1,2181,92,0.347,0,0,0,0,0,0,Faible
772207683,Client actuel,34,M,2,Licence,Célibataire,Moins de $40K,Blue,23,3,2,1518,97,0.17,0,0,0,0,0,0,Faible
714794133,Client actuel,54,M,2,Sans diplôme,Marié(e),$60K - $80K,Blue,45,3,1,1908,112,0.291,0,0,0,0,0,0,Faible
756639708,Client actuel,46,F,2,Non connu,Marié(e),Non connu,Silver,39,1,2,992,113,0.03,0,0,0,0,1,1,Faible
713686008,Client actuel,38,M,2,Licence,Célibataire,$60K - $80K,Blue,25,1,1,0,98,0.0,0,0,1,0,1,2,Modéré
713475633,Client actuel,40,M,5,Non connu,Célibataire,$120K +,Silver,31,3,3,2203,96,0.064,0,0,0,0,1,1,Faible
712532058,Client actuel,44,M,3,Master,Marié(e),$40K - $60K,Blue,36,1,2,1405,95,0.112,0,0,0,0,1,1,Faible
789666333,Client actuel,39,M,2,Licence,Célibataire,$60K - $80K,Blue,24,3,2,1073,115,0.049,0,0,0,0,1,1,Faible
711422358,Client actuel,42,M,5,Master,Non connu,$40K - $60K,Blue,36,2,2,2330,118,0.221,0,0,0,0,0,0,Faible
708510858,Client actuel,60,F,1,Sans diplôme,Célibataire,Moins de $40K,Blue,47,3,2,2413,109,0.492,0,0,0,0,0,0,Faible
767023308,Client actuel,35,M,3,Niveau Bac+2,Non connu,$80K - $120K,Silver,29,2,2,0,106,0.0,0,0,1,0,1,2,Modéré
789289383,Client actuel,42,M,3,Licence,Célibataire,$80K - $120K,Silver,31,2,3,2120,97,0.061,0,0,0,0,1,1,Faible
713330133,Client actuel,37,F,1,Licence,Marié(e),Moins de $40K,Blue,19,3,2,1346,95,0.23,0,0,0,0,0,0,Faible
714403983,Client actuel,43,M,2,Licence,Célibataire,$80K - $120K,Blue,36,2,1,1613,112,0.047,0,0,0,0,1,1,Faible
710362233,Client actuel,48,M,3,Non connu,Non connu,$80K - $120K,Platinum,40,2,3,1723,98,0.05,0,0,0,0,1,1,Faible
771484908,Client actuel,31,M,0,Licence,Divorcé(e),$80K - $120K,Silver,19,3,3,1984,96,0.057,0,0,0,0,1,1,Faible
715694433,Client actuel,51,M,1,Non connu,Célibataire,$60K - $80K,Blue,22,3,3,1177,116,0.277,0,0,0,0,0,0,Faible
793456983,Client actuel,43,M,0,Master,Célibataire,$40K - $60K,Blue,37,2,3,989,104,0.126,0,0,0,0,1,1,Faible
715742658,Client actuel,41,F,3,Licence,Non connu,Moins de $40K,Blue,13,3,2,1421,97,0.234,0,0,0,0,0,0,Faible
715518783,Client actuel,48,F,3,Licence,Célibataire,Moins de $40K,Blue,36,3,1,2029,128,0.523,0,0,0,0,0,0,Faible
779514558,Client actuel,41,F,2,Lycée (équivalent baccalauréat),Marié(e),Moins de $40K,Blue,24,1,1,1645,96,0.228,0,0,0,0,0,0,Faible
720017958,Client actuel,48,F,4,Non connu,Célibataire,$40K - $60K,Blue,36,1,2,1679,117,0.274,0,0,0,0,0,0,Faible
719039283,Client actuel,32,M,1,Sans diplôme,Marié(e),$40K - $60K,Blue,36,2,3,1964,85,0.556,0,0,0,0,0,0,Faible
716159958,Client actuel,49,M,2,Non connu,Marié(e),$60K - $80K,Blue,36,1,2,1329,93,0.214,0,0,0,0,0,0,Faible
712195383,Client actuel,37,F,0,Doctorat,Célibataire,Moins de $40K,Blue,36,2,3,1585,110,0.173,0,0,0,0,0,0,Faible
822885033,Client actuel,31,M,1,Lycée (équivalent baccalauréat),Marié(e),$60K - $80K,Blue,24,1,3,1493,120,0.345,0,0,0,0,0,0,Faible
716543433,Client actuel,52,M,2,Niveau Bac+2,Marié(e),$80K - $120K,Blue,36,2,2,1049,99,0.105,0,0,0,0,1,1,Faible
717403158,Client actuel,60,F,0,Sans diplôme,Célibataire,Moins de $40K,Blue,47,2,2,2076,102,0.215,0,0,0,0,0,0,Faible
826065258,Client actuel,35,F,2,Non connu,Divorcé(e),Non connu,Blue,31,2,2,1555,116,0.082,0,0,0,0,1,1,Faible
709397508,Client actuel,48,M,1,Sans diplôme,Marié(e),$60K - $80K,Blue,39,3,1,1709,111,0.198,0,0,0,0,0,0,Faible
713542908,Client actuel,31,M,2,Licence,Célibataire,Moins de $40K,Blue,19,2,3,1829,117,0.312,0,0,0,0,0,0,Faible
713671158,Client actuel,46,M,2,Sans diplôme,Célibataire,$120K +,Blue,32,3,1,2328,121,0.067,0,0,0,0,1,1,Faible
802449933,Client actuel,29,M,1,Sans diplôme,Marié(e),$40K - $60K,Blue,23,3,1,1750,114,0.215,0,0,0,0,0,0,Faible
716723658,Client actuel,37,F,2,Master,Célibataire,Moins de $40K,Blue,28,3,1,1519,110,0.431,0,0,0,0,0,0,Faible
710451708,Client actuel,32,M,1,Licence,Marié(e),$40K - $60K,Blue,24,1,2,972,115,0.1,0,0,0,0,1,1,Faible
809540733,Client actuel,52,M,2,Lycée (équivalent baccalauréat),Marié(e),$80K - $120K,Blue,47,1,1,1425,92,0.125,0,0,0,0,1,1,Faible
716372358,Client actuel,58,F,3,Licence,Marié(e),Moins de $40K,Blue,47,2,1,0,124,0.0,0,0,1,0,1,2,Modéré
710262408,Client actuel,29,M,1,Licence,Célibataire,$80K - $120K,Silver,36,2,1,1666,116,0.048,0,0,0,0,1,1,Faible
713975433,Client actuel,32,F,0,Lycée (équivalent baccalauréat),Divorcé(e),Moins de $40K,Blue,25,3,0,1753,110,0.198,0,0,0,0,0,0,Faible
771244383,Client actuel,52,F,1,Niveau Bac+2,Non connu,Moins de $40K,Blue,39,2,1,0,113,0.0,0,0,1,0,1,2,Modéré
710405808,Client actuel,48,M,2,Licence,Divorcé(e),Moins de $40K,Blue,36,3,2,1229,100,0.357,0,0,0,0,0,0,Faible
715542783,Client actuel,33,F,2,Licence,Marié(e),Moins de $40K,Blue,24,3,2,0,92,0.0,0,0,1,0,1,2,Modéré
815840283,Client actuel,51,F,2,Non connu,Marié(e),Moins de $40K,Blue,46,6,3,1893,124,0.244,1,0,0,0,0,1,Faible
788908308,Client actuel,46,M,2,Lycée (équivalent baccalauréat),Célibataire,$40K - $60K,Blue,32,3,2,0,116,0.0,0,0,1,0,1,2,Modéré
789394833,Client actuel,47,M,2,Non connu,Divorcé(e),$80K - $120K,Blue,37,2,2,1969,104,0.091,0,0,0,0,1,1,Faible
712609533,Client actuel,32,M,1,Sans diplôme,Célibataire,$80K - $120K,Blue,15,2,1,1530,118,0.454,0,0,0,0,0,0,Faible
710237283,Client actuel,50,F,2,Licence,Marié(e),Moins de $40K,Blue,38,1,1,960,111,0.101,0,0,0,0,1,1,Faible
770766633,Client actuel,28,F,1,Master,Célibataire,Moins de $40K,Blue,14,3,3,0,105,0.0,0,0,1,0,1,2,Modéré
823837158,Client actuel,44,M,3,Licence,Célibataire,$40K - $60K,Blue,40,3,1,1230,123,0.134,0,0,0,0,1,1,Faible
712123008,Client actuel,43,M,2,Lycée (équivalent baccalauréat),Marié(e),$60K - $80K,Blue,31,3,1,1845,116,0.138,0,0,0,0,1,1,Faible
711727083,Client actuel,50,F,1,Licence,Célibataire,$40K - $60K,Blue,36,1,3,1622,101,0.573,0,0,0,0,0,0,Faible
720033033,Client actuel,53,F,2,Master,Célibataire,Non connu,Blue,41,2,3,1396,96,0.092,0,0,0,0,1,1,Faible
787723758,Client actuel,58,F,3,Non connu,Marié(e),Moins de $40K,Blue,48,1,2,1465,101,0.407,0,0,0,0,0,0,Faible
770926158,Client actuel,51,F,0,Doctorat,Célibataire,Moins de $40K,Blue,38,2,2,2517,129,0.609,0,0,0,0,0,0,Faible
711360783,Client actuel,39,F,0,Niveau Bac+2,Célibataire,Moins de $40K,Blue,36,2,2,1870,127,0.428,0,0,0,0,0,0,Faible
708285108,Client actuel,42,M,4,Licence,Célibataire,$40K - $60K,Blue,36,1,2,2239,116,0.365,0,0,0,0,0,0,Faible
718096608,Client actuel,44,F,4,Lycée (équivalent baccalauréat),Célibataire,Moins de $40K,Blue,30,2,3,1930,113,0.28,0,0,0,0,0,0,Faible
719094333,Client actuel,46,M,4,Sans diplôme,Marié(e),$80K - $120K,Blue,33,2,1,1567,105,0.116,0,0,0,0,1,1,Faible
813764283,Client actuel,39,M,3,Lycée (équivalent baccalauréat),Marié(e),$80K - $120K,Blue,34,1,2,1820,114,0.101,0,0,0,0,1,1,Faible
713398158,Client actuel,45,M,3,Master,Marié(e),$40K - $60K,Blue,30,2,2,1673,89,0.438,0,0,0,0,0,0,Faible
711227883,Client actuel,41,F,2,Licence,Célibataire,Moins de $40K,Blue,21,3,3,1641,121,0.453,0,0,0,0,0,0,Faible
810040908,Client actuel,42,F,3,Lycée (équivalent baccalauréat),Célibataire,Moins de $40K,Blue,37,3,1,824,120,0.218,0,0,0,0,0,0,Faible
772640808,Client actuel,38,F,1,Niveau Bac+2,Célibataire,Moins de $40K,Blue,28,2,2,1366,118,0.295,0,0,0,0,0,0,Faible
784907658,Client actuel,36,M,2,Lycée (équivalent baccalauréat),Marié(e),$80K - $120K,Blue,30,1,2,2220,119,0.511,0,0,0,0,0,0,Faible
794692158,Client actuel,43,F,3,Lycée (équivalent baccalauréat),Non connu,$40K - $60K,Silver,25,2,1,0,105,0.0,0,0,1,0,1,2,Modéré
718383183,Client actuel,51,F,3,Lycée (équivalent baccalauréat),Marié(e),Moins de $40K,Blue,39,1,1,2437,117,0.641,0,0,0,0,0,0,Faible
721156758,Client actuel,52,M,3,Licence,Marié(e),$60K - $80K,Blue,44,2,1,603,124,0.025,0,0,1,0,1,2,Modéré
811793433,Client actuel,50,F,3,Licence,Divorcé(e),Non connu,Silver,45,1,2,2381,103,0.069,0,0,0,0,1,1,Faible
719420058,Client actuel,44,M,4,Non connu,Célibataire,$80K - $120K,Blue,26,2,1,2177,110,0.185,0,0,0,0,0,0,Faible
809459733,Client actuel,43,F,4,Non connu,Célibataire,Moins de $40K,Blue,38,1,2,0,90,0.0,0,0,1,0,1,2,Modéré
798783858,Client actuel,48,F,3,Non connu,Non connu,$40K - $60K,Blue,42,1,1,2517,92,0.258,0,0,0,0,0,0,Faible
721294533,Client actuel,48,M,4,Licence,Marié(e),$80K - $120K,Blue,34,1,1,738,121,0.021,0,0,0,0,1,1,Faible
718425333,Client actuel,45,M,4,Licence,Marié(e),$80K - $120K,Blue,32,1,3,1657,111,0.062,0,0,0,0,1,1,Faible
714637908,Client actuel,47,F,4,Non connu,Célibataire,Moins de $40K,Blue,36,2,1,1669,118,0.21,0,0,0,0,0,0,Faible
712341933,Client actuel,39,M,1,Licence,Célibataire,$60K - $80K,Gold,36,3,2,1662,105,0.048,0,0,0,0,1,1,Faible
708332808,Client actuel,47,M,2,Sans diplôme,Marié(e),$40K - $60K,Blue,39,2,2,0,115,0.0,0,0,1,0,1,2,Modéré
766649283,Client actuel,49,F,3,Licence,Divorcé(e),Non connu,Blue,42,2,3,1917,107,0.136,0,0,0,0,1,1,Faible
817951083,Client actuel,58,F,1,Non connu,Marié(e),$40K - $60K,Silver,53,3,3,1527,125,0.096,0,0,0,0,1,1,Faible
713655108,Client actuel,60,F,1,Licence,Célibataire,Moins de $40K,Blue,45,3,1,1423,108,0.146,0,0,0,0,1,1,Faible
714560358,Client actuel,53,M,1,Non connu,Célibataire,$40K - $60K,Blue,45,2,1,1514,100,0.468,0,0,0,0,0,0,Faible
710603958,Client actuel,49,M,2,Sans diplôme,Marié(e),$80K - $120K,Blue,36,1,3,0,101,0.0,0,0,1,0,1,2,Modéré
713810658,Client actuel,44,M,3,Licence,Marié(e),$60K - $80K,Blue,36,2,3,799,100,0.236,0,0,0,0,0,0,Faible
721519908,Client actuel,29,F,1,Sans diplôme,Célibataire,Moins de $40K,Blue,36,2,1,1419,99,0.39,0,0,0,0,0,0,Faible
712025958,Client actuel,42,M,4,Sans diplôme,Marié(e),$80K - $120K,Silver,35,2,3,1420,110,0.041,0,0,0,0,1,1,Faible
794740458,Client actuel,45,F,3,Licence,Marié(e),Moins de $40K,Silver,39,2,3,1608,106,0.158,0,0,0,0,1,1,Faible
709814883,Client actuel,55,F,2,Lycée (équivalent baccalauréat),Célibataire,Moins de $40K,Platinum,36,3,1,2262,127,0.141,0,0,0,0,1,1,Faible
710106933,Client actuel,32,M,2,Sans diplôme,Célibataire,$80K - $120K,Silver,20,3,3,2136,119,0.062,0,0,0,0,1,1,Faible
716655858,Client actuel,38,M,2,Lycée (équivalent baccalauréat),Célibataire,$80K - $120K,Blue,31,3,2,0,99,0.0,0,0,1,0,1,2,Modéré
778260108,Client actuel,50,F,4,Non connu,Marié(e),$40K - $60K,Blue,41,2,2,1509,112,0.354,0,0,0,0,0,0,Faible
713986908,Client actuel,50,F,2,Lycée (équivalent baccalauréat),Marié(e),Non connu,Blue,40,3,2,1084,126,0.101,0,0,0,0,1,1,Faible
713868033,Client actuel,53,M,1,Niveau Bac+2,Célibataire,$80K - $120K,Silver,36,2,2,1484,114,0.043,0,0,0,0,1,1,Faible
708103608,Client actuel,52,M,1,Lycée (équivalent baccalauréat),Célibataire,$60K - $80K,Blue,45,5,1,2517,128,0.212,1,0,0,0,0,1,Faible
779067408,Client actuel,46,M,1,Sans diplôme,Marié(e),$60K - $80K,Blue,27,3,1,1890,102,0.145,0,0,0,0,1,1,Faible
712231308,Client actuel,60,M,0,Licence,Célibataire,Moins de $40K,Silver,47,1,3,1413,128,0.101,0,0,0,0,1,1,Faible
713462508,Client actuel,55,F,2,Licence,Marié(e),Non connu,Blue,41,1,1,1760,121,0.49,0,0,0,0,0,0,Faible
717283008,Client actuel,44,F,4,Licence,Célibataire,Non connu,Blue,36,1,2,1378,108,0.184,0,0,0,0,0,0,Faible
793449333,Client actuel,54,M,2,Licence,Divorcé(e),$80K - $120K,Blue,48,3,2,2114,115,0.071,0,0,0,0,1,1,Faible
710873583,Client actuel,58,M,1,Licence,Marié(e),$60K - $80K,Blue,48,3,2,2221,109,0.107,0,0,0,0,1,1,Faible
718486608,Client actuel,53,M,2,Lycée (équivalent baccalauréat),Célibataire,$120K +,Blue,36,2,2,1431,96,0.068,0,0,0,0,1,1,Faible
716748483,Client actuel,59,F,1,Sans diplôme,Marié(e),$40K - $60K,Blue,36,2,3,1569,129,0.422,0,0,0,0,0,0,Faible
711160233,Client actuel,32,M,1,Lycée (équivalent baccalauréat),Marié(e),$40K - $60K,Blue,19,3,1,0,105,0.0,0,0,1,0,1,2,Modéré
709615458,Client actuel,54,M,3,Licence,Marié(e),$120K +,Blue,44,1,3,862,111,0.025,0,0,0,0,1,1,Faible
719955558,Client actuel,32,M,0,Non connu,Marié(e),Moins de $40K,Silver,24,2,3,0,123,0.0,0,0,1,0,1,2,Modéré
713072358,Client actuel,42,M,2,Licence,Marié(e),$80K - $120K,Silver,31,1,3,1356,104,0.039,0,0,0,0,1,1,Faible
721402233,Client actuel,42,M,3,Sans diplôme,Marié(e),$120K +,Blue,28,3,1,1507,125,0.079,0,0,0,0,1,1,Faible
713691633,Client actuel,29,M,0,Master,Marié(e),Moins de $40K,Blue,36,1,1,0,123,0.0,0,0,1,0,1,2,Modéré
708866133,Client actuel,43,M,3,Licence,Marié(e),$80K - $120K,Blue,32,1,2,1331,116,0.317,0,0,0,0,0,0,Faible
757256358,Client actuel,45,M,3,Licence,Célibataire,$60K - $80K,Blue,38,3,3,1580,122,0.487,0,0,0,0,0,0,Faible
784868958,Client actuel,56,F,1,Lycée (équivalent baccalauréat),Marié(e),Non connu,Blue,49,2,1,2517,138,0.143,0,0,0,0,1,1,Faible
710845308,Client actuel,46,M,4,Lycée (équivalent baccalauréat),Marié(e),$80K - $120K,Blue,36,2,1,1190,113,0.036,0,0,0,0,1,1,Faible
719368533,Client actuel,41,F,2,Doctorat,Marié(e),Non connu,Silver,28,3,3,1289,100,0.04,0,0,0,0,1,1,Faible
718337733,Client actuel,50,F,2,Licence,Marié(e),Non connu,Gold,40,1,1,1826,121,0.053,0,0,0,0,1,1,Faible
715132758,Client actuel,52,F,2,Niveau Bac+2,Divorcé(e),$40K - $60K,Gold,43,2,3,2114,100,0.088,0,0,0,0,1,1,Faible
712556433,Client actuel,52,F,2,Licence,Marié(e),$40K - $60K,Blue,43,2,3,1649,92,0.403,0,0,0,0,0,0,Faible
718947558,Client actuel,32,F,0,Lycée (équivalent baccalauréat),Célibataire,Non connu,Blue,21,3,1,2295,115,0.54,0,0,0,0,0,0,Faible
710303208,Client actuel,52,F,1,Lycée (équivalent baccalauréat),Célibataire,Moins de $40K,Blue,40,1,1,2517,121,0.611,0,0,0,0,0,0,Faible
804158583,Client actuel,60,M,1,Lycée (équivalent baccalauréat),Marié(e),Moins de $40K,Silver,55,2,3,1456,122,0.109,0,0,0,0,1,1,Faible
711720408,Client actuel,44,F,0,Non connu,Marié(e),Moins de $40K,Blue,34,3,3,1273,129,0.14,0,0,0,0,1,1,Faible
715808808,Client actuel,48,F,4,Sans diplôme,Marié(e),Non connu,Blue,36,6,1,1216,104,0.163,1,0,0,0,0,1,Faible
718343058,Client actuel,52,F,2,Lycée (équivalent baccalauréat),Divorcé(e),Moins de $40K,Blue,40,2,3,2517,105,0.48,0,0,0,0,0,0,Faible
709013208,Client actuel,40,M,2,Sans diplôme,Célibataire,$80K - $120K,Blue,36,2,1,1690,127,0.108,0,0,0,0,1,1,Faible
716004258,Client actuel,45,M,4,Lycée (équivalent baccalauréat),Célibataire,$60K - $80K,Blue,35,1,3,2092,120,0.248,0,0,0,0,0,0,Faible
717724233,Client actuel,43,M,3,Non connu,Non connu,$80K - $120K,Blue,28,1,3,734,116,0.074,0,0,0,0,1,1,Faible
719850933,Client actuel,30,M,2,Niveau Bac+2,Célibataire,$60K - $80K,Blue,36,3,3,1734,106,0.414,0,0,0,0,0,0,Faible
790131033,Client actuel,38,F,1,Lycée (équivalent baccalauréat),Marié(e),Moins de $40K,Blue,31,6,3,2517,105,0.737,1,0,0,0,0,1,Faible
721211433,Client actuel,42,M,4,Doctorat,Célibataire,$60K - $80K,Blue,31,2,2,0,108,0.0,0,0,1,0,1,2,Modéré
721290708,Client actuel,50,M,1,Sans diplôme,Célibataire,$60K - $80K,Blue,30,3,2,1816,99,0.128,0,0,0,0,1,1,Faible
712107783,Client actuel,49,M,4,Niveau Bac+2,Célibataire,$60K - $80K,Blue,35,2,2,1817,118,0.105,0,0,0,0,1,1,Faible
818960133,Client actuel,58,M,4,Lycée (équivalent baccalauréat),Marié(e),$60K - $80K,Blue,53,3,0,698,91,0.051,0,0,0,0,1,1,Faible
713560758,Client actuel,54,F,1,Sans diplôme,Marié(e),Moins de $40K,Blue,42,2,3,2087,92,0.656,0,0,0,0,0,0,Faible
718579833,Client actuel,39,F,3,Licence,Non connu,Moins de $40K,Blue,26,2,1,2488,101,0.467,0,0,0,0,0,0,Faible
770977833,Client actuel,36,M,2,Licence,Marié(e),Moins de $40K,Blue,23,2,3,0,102,0.0,0,0,1,0,1,2,Modéré
708721533,Client actuel,56,F,1,Licence,Marié(e),Moins de $40K,Blue,36,1,2,1148,128,0.223,0,0,0,0,0,0,Faible
772300383,Client actuel,57,F,2,Non connu,Marié(e),$40K - $60K,Blue,46,1,3,1533,122,0.302,0,0,0,0,0,0,Faible
751155783,Client actuel,47,F,2,Lycée (équivalent baccalauréat),Marié(e),$40K - $60K,Blue,40,1,3,1868,118,0.459,0,0,0,0,0,0,Faible
768457008,Client actuel,27,M,1,Licence,Célibataire,$40K - $60K,Blue,21,3,1,787,92,0.077,0,0,0,0,1,1,Faible
716663808,Client actuel,57,F,3,Lycée (équivalent baccalauréat),Marié(e),Moins de $40K,Blue,36,3,1,721,102,0.18,0,0,0,0,0,0,Faible
712912233,Client actuel,50,F,0,Master,Divorcé(e),Moins de $40K,Blue,36,4,1,2221,122,0.64,1,0,0,0,0,1,Faible
717992433,Client actuel,50,M,4,Licence,Marié(e),$80K - $120K,Blue,39,1,2,1796,101,0.151,0,0,0,0,1,1,Faible
715600533,Client actuel,61,M,0,Licence,Célibataire,$80K - $120K,Gold,50,3,3,1357,124,0.039,0,0,0,0,1,1,Faible
794132808,Client actuel,60,M,0,Sans diplôme,Marié(e),$40K - $60K,Blue,54,3,3,1285,97,0.099,0,0,0,0,1,1,Faible
709015833,Client actuel,42,M,2,Licence,Célibataire,$60K - $80K,Silver,36,3,2,0,132,0.0,0,0,1,0,1,2,Modéré
718612758,Client actuel,36,M,2,Lycée (équivalent baccalauréat),Marié(e),$120K +,Blue,36,1,2,939,107,0.027,0,0,0,0,1,1,Faible
712438308,Client actuel,27,F,1,Lycée (équivalent baccalauréat),Marié(e),Non connu,Blue,15,1,2,0,122,0.0,0,0,1,0,1,2,Modéré
712206033,Client actuel,55,M,1,Licence,Marié(e),$40K - $60K,Blue,36,1,2,1355,119,0.366,0,0,0,0,0,0,Faible
710904708,Client actuel,56,F,1,Lycée (équivalent baccalauréat),Marié(e),Moins de $40K,Blue,43,1,1,921,110,0.173,0,0,0,0,0,0,Faible
711190233,Client actuel,34,M,3,Licence,Marié(e),$40K - $60K,Blue,36,2,1,990,123,0.218,0,0,0,0,0,0,Faible
710535708,Client actuel,49,M,2,Sans diplôme,Marié(e),$80K - $120K,Blue,39,3,1,1293,118,0.081,0,0,0,0,1,1,Faible
794573883,Client actuel,32,M,1,Non connu,Célibataire,$40K - $60K,Silver,16,3,1,2517,111,0.141,0,0,0,0,1,1,Faible
790201158,Client actuel,60,F,1,Sans diplôme,Marié(e),Moins de $40K,Silver,54,2,3,1731,108,0.133,0,0,0,0,1,1,Faible
719805183,Client actuel,39,M,2,Niveau Bac+2,Marié(e),Moins de $40K,Blue,19,3,2,961,117,0.109,0,0,0,0,1,1,Faible
721220583,Client actuel,54,F,2,Licence,Marié(e),$40K - $60K,Blue,41,1,3,1176,130,0.16,0,0,0,0,1,1,Faible
779685558,Client actuel,53,M,5,Licence,Célibataire,$120K +,Gold,36,4,1,2088,123,0.06,1,0,0,0,1,2,Modéré
713965683,Client actuel,35,M,3,Master,Marié(e),$80K - $120K,Blue,28,1,2,0,121,0.0,0,0,1,0,1,2,Modéré
710667708,Client actuel,47,M,2,Sans diplôme,Célibataire,$60K - $80K,Blue,36,3,2,1871,128,0.15,0,0,0,0,1,1,Faible
718979733,Client actuel,52,M,5,Non connu,Célibataire,$60K - $80K,Blue,36,3,2,2195,115,0.093,0,0,0,0,1,1,Faible
712104333,Client actuel,57,F,2,Doctorat,Célibataire,Moins de $40K,Blue,44,2,3,1254,100,0.137,0,0,0,0,1,1,Faible
793560033,Client actuel,47,F,3,Sans diplôme,Célibataire,Non connu,Silver,33,2,3,1930,125,0.056,0,0,0,0,1,1,Faible
779920533,Client actuel,54,F,1,Lycée (équivalent baccalauréat),Marié(e),Moins de $40K,Blue,41,3,2,2517,96,0.665,0,0,0,0,0,0,Faible
717480783,Client actuel,39,M,1,Lycée (équivalent baccalauréat),Célibataire,$80K - $120K,Blue,29,1,2,2101,100,0.217,0,0,0,0,0,0,Faible
709066983,Client actuel,50,M,4,Lycée (équivalent baccalauréat),Marié(e),$120K +,Blue,41,2,2,2353,129,0.068,0,0,0,0,1,1,Faible
718528008,Client actuel,60,F,1,Lycée (équivalent baccalauréat),Marié(e),Moins de $40K,Blue,47,3,1,1460,106,0.38,0,0,0,0,0,0,Faible
712390683,Client actuel,41,M,2,Sans diplôme,Célibataire,$40K - $60K,Blue,27,3,1,1255,99,0.094,0,0,0,0,1,1,Faible
712966458,Client actuel,51,M,0,Non connu,Célibataire,$80K - $120K,Blue,36,2,3,0,115,0.0,0,0,1,0,1,2,Modéré
709467183,Client actuel,56,M,3,Licence,Marié(e),$60K - $80K,Blue,40,3,2,561,99,0.027,0,0,1,0,1,2,Modéré
710529708,Client actuel,41,M,3,Niveau Bac+2,Célibataire,$60K - $80K,Blue,36,3,1,1476,105,0.063,0,0,0,0,1,1,Faible
712363158,Client actuel,36,M,1,Licence,Célibataire,$60K - $80K,Blue,24,2,1,1299,115,0.065,0,0,0,0,1,1,Faible
718060983,Client actuel,49,F,1,Licence,Marié(e),Moins de $40K,Blue,36,3,2,2186,120,0.639,0,0,0,0,0,0,Faible
711600033,Client actuel,40,F,3,Niveau Bac+2,Célibataire,Moins de $40K,Silver,36,1,0,0,108,0.0,0,0,1,0,1,2,Modéré
709910733,Client actuel,49,F,4,Lycée (équivalent baccalauréat),Célibataire,Non connu,Silver,30,3,2,1963,86,0.057,0,0,0,0,1,1,Faible
819376683,Client actuel,54,M,1,Non connu,Célibataire,$80K - $120K,Blue,49,3,3,2027,102,0.071,0,0,0,0,1,1,Faible
720458883,Client actuel,29,M,1,Lycée (équivalent baccalauréat),Marié(e),$60K - $80K,Blue,16,2,1,2517,106,0.201,0,0,0,0,0,0,Faible
715249533,Client actuel,49,F,3,Licence,Célibataire,Non connu,Blue,36,2,2,0,103,0.0,0,0,1,0,1,2,Modéré
708522033,Client actuel,50,M,2,Niveau Bac+2,Marié(e),$60K - $80K,Blue,36,2,1,1664,90,0.135,0,0,0,0,1,1,Faible
717464958,Client actuel,55,F,2,Doctorat,Marié(e),Moins de $40K,Silver,36,2,1,0,111,0.0,0,0,1,0,1,2,Modéré
751166508,Client actuel,57,M,3,Master,Célibataire,$80K - $120K,Blue,50,1,1,2293,114,0.066,0,0,0,0,1,1,Faible
795218883,Client actuel,47,M,3,Lycée (équivalent baccalauréat),Marié(e),$60K - $80K,Blue,41,3,3,1556,122,0.37,0,0,0,0,0,0,Faible
710856558,Client actuel,45,F,2,Licence,Marié(e),Moins de $40K,Blue,36,3,1,1889,105,0.566,0,0,0,0,0,0,Faible
721107258,Client actuel,45,F,5,Non connu,Non connu,Moins de $40K,Blue,37,2,2,1967,115,0.36,0,0,0,0,0,0,Faible
716457783,Client actuel,55,F,1,Niveau Bac+2,Célibataire,Moins de $40K,Silver,36,1,3,1661,98,0.131,0,0,0,0,1,1,Faible
710810883,Client actuel,39,M,1,Niveau Bac+2,Célibataire,$80K - $120K,Blue,36,1,3,1260,95,0.037,0,0,0,0,1,1,Faible
789200208,Client actuel,40,F,4,Sans diplôme,Marié(e),Non connu,Blue,29,3,3,2181,110,0.656,0,0,0,0,0,0,Faible
718578708,Client actuel,49,M,4,Master,Célibataire,$120K +,Silver,38,3,1,1562,100,0.045,0,0,0,0,1,1,Faible
713036208,Client actuel,46,M,1,Licence,Marié(e),$40K - $60K,Blue,27,2,2,2091,107,0.303,0,0,0,0,0,0,Faible
771769383,Client actuel,42,F,3,Non connu,Marié(e),Moins de $40K,Blue,31,3,2,0,120,0.0,0,0,1,0,1,2,Modéré
718316058,Client actuel,51,M,1,Sans diplôme,Marié(e),$60K - $80K,Blue,38,3,1,1375,99,0.1,0,0,0,0,1,1,Faible
718042383,Client actuel,38,M,1,Sans diplôme,Non connu,$40K - $60K,Blue,18,3,3,1379,118,0.391,0,0,0,0,0,0,Faible
710244108,Client actuel,44,M,3,Niveau Bac+2,Marié(e),$60K - $80K,Gold,34,1,3,1543,101,0.045,0,0,0,0,1,1,Faible
806649333,Client actuel,47,F,4,Lycée (équivalent baccalauréat),Non connu,Non connu,Blue,42,3,2,1404,127,0.083,0,0,0,0,1,1,Faible
789280683,Client actuel,56,M,2,Licence,Célibataire,$120K +,Blue,45,2,3,898,122,0.077,0,0,0,0,1,1,Faible
709315383,Client actuel,31,F,0,Master,Célibataire,Non connu,Blue,36,3,1,0,108,0.0,0,0,1,0,1,2,Modéré
710141208,Client actuel,45,F,4,Sans diplôme,Marié(e),Moins de $40K,Blue,37,3,1,1817,104,0.569,0,0,0,0,0,0,Faible
758331483,Client actuel,31,M,0,Licence,Célibataire,$60K - $80K,Silver,24,2,2,984,109,0.029,0,0,0,0,1,1,Faible
708248358,Client actuel,42,M,4,Licence,Non connu,$60K - $80K,Silver,30,1,3,0,109,0.0,0,0,1,0,1,2,Modéré
779808333,Client actuel,48,F,2,Licence,Célibataire,Moins de $40K,Blue,38,1,2,1901,110,0.214,0,0,0,0,0,0,Faible
715989108,Client actuel,52,M,3,Non connu,Célibataire,$80K - $120K,Blue,42,3,3,1834,100,0.067,0,0,0,0,1,1,Faible
714912408,Client actuel,45,M,2,Sans diplôme,Marié(e),$80K - $120K,Blue,37,1,1,1845,88,0.057,0,0,0,0,1,1,Faible
827683383,Client actuel,48,F,3,Sans diplôme,Divorcé(e),Moins de $40K,Blue,44,2,1,2517,112,0.613,0,0,0,0,0,0,Faible
719595708,Client actuel,53,F,2,Lycée (équivalent baccalauréat),Marié(e),Non connu,Blue,47,1,1,1294,124,0.173,0,0,0,0,0,0,Faible
711566208,Client actuel,58,F,3,Licence,Marié(e),Moins de $40K,Blue,36,2,2,1857,98,0.37,0,0,0,0,0,0,Faible
715052583,Client actuel,45,M,3,Doctorat,Célibataire,$60K - $80K,Silver,34,3,1,879,112,0.032,0,0,0,0,1,1,Faible
714586458,Client actuel,41,F,1,Lycée (équivalent baccalauréat),Divorcé(e),Moins de $40K,Blue,36,3,1,2031,124,0.286,0,0,0,0,0,0,Faible
711523533,Client actuel,43,M,5,Master,Célibataire,$60K - $80K,Blue,31,3,1,1805,130,0.105,0,0,0,0,1,1,Faible
756658083,Client actuel,49,M,4,Master,Célibataire,$80K - $120K,Blue,42,2,1,2018,115,0.065,0,0,0,0,1,1,Faible
709247808,Client actuel,53,F,1,Non connu,Non connu,Moins de $40K,Blue,43,2,2,2517,102,0.694,0,0,0,0,0,0,Faible
717135333,Client actuel,50,F,1,Licence,Célibataire,Non connu,Blue,36,2,2,1390,97,0.077,0,0,0,0,1,1,Faible
716150358,Client actuel,38,M,3,Licence,Marié(e),Moins de $40K,Silver,27,2,3,2070,115,0.2,0,0,0,0,0,0,Faible
711822933,Client actuel,55,F,2,Niveau Bac+2,Marié(e),$40K - $60K,Blue,45,3,3,1651,103,0.553,0,0,0,0,0,0,Faible
803968233,Client actuel,39,F,2,Sans diplôme,Marié(e),Moins de $40K,Silver,34,3,3,2517,114,0.175,0,0,0,0,0,0,Faible
779037408,Client actuel,38,M,1,Lycée (équivalent baccalauréat),Célibataire,$40K - $60K,Blue,19,3,3,694,109,0.194,0,0,0,0,0,0,Faible
709007883,Client actuel,37,M,2,Licence,Marié(e),Moins de $40K,Blue,28,2,3,1267,104,0.411,0,0,0,0,0,0,Faible
714635883,Client actuel,48,F,2,Non connu,Célibataire,Moins de $40K,Blue,37,3,2,1996,109,0.555,0,0,0,0,0,0,Faible
779914383,Client actuel,34,M,1,Sans diplôme,Marié(e),$60K - $80K,Blue,18,2,2,1636,116,0.156,0,0,0,0,1,1,Faible
708387933,Client actuel,49,F,2,Master,Marié(e),Moins de $40K,Blue,37,1,2,0,110,0.0,0,0,1,0,1,2,Modéré
717251508,Client actuel,37,M,1,Sans diplôme,Célibataire,$120K +,Blue,17,1,3,0,116,0.0,0,0,1,0,1,2,Modéré
710699283,Client actuel,46,M,2,Licence,Célibataire,$120K +,Blue,28,1,1,1921,131,0.247,0,0,0,0,0,0,Faible
709141908,Client actuel,53,M,2,Licence,Marié(e),$80K - $120K,Blue,41,3,1,2451,111,0.238,0,0,0,0,0,0,Faible
720356133,Client actuel,48,F,4,Lycée (équivalent baccalauréat),Célibataire,Non connu,Blue,36,3,1,1419,101,0.059,0,0,0,0,1,1,Faible
717788958,Client actuel,31,M,0,Licence,Divorcé(e),$80K - $120K,Blue,19,1,2,570,103,0.026,0,0,1,0,1,2,Modéré
778563858,Client actuel,40,F,3,Sans diplôme,Marié(e),Moins de $40K,Blue,33,1,1,991,115,0.114,0,0,0,0,1,1,Faible
716816583,Client actuel,61,M,0,Licence,Marié(e),$60K - $80K,Blue,48,3,1,2148,94,0.139,0,0,0,0,1,1,Faible
719841708,Client actuel,45,M,0,Sans diplôme,Célibataire,$80K - $120K,Blue,36,4,3,2031,121,0.1,1,0,0,0,1,2,Modéré
708555633,Client actuel,32,F,1,Lycée (équivalent baccalauréat),Célibataire,Moins de $40K,Blue,16,3,1,2517,97,0.709,0,0,0,0,0,0,Faible
714638883,Client actuel,31,M,0,Licence,Célibataire,$40K - $60K,Blue,36,3,3,1835,110,0.394,0,0,0,0,0,0,Faible
809147283,Client actuel,43,F,5,Licence,Marié(e),Moins de $40K,Gold,38,2,1,1372,109,0.086,0,0,0,0,1,1,Faible
820922733,Client actuel,43,M,2,Licence,Marié(e),$80K - $120K,Blue,38,1,2,0,124,0.0,0,0,1,0,1,2,Modéré
807977808,Client actuel,39,F,2,Licence,Célibataire,Moins de $40K,Blue,34,3,3,2517,103,0.775,0,0,0,0,0,0,Faible
712863183,Client actuel,46,F,3,Licence,Marié(e),$40K - $60K,Blue,38,3,3,829,114,0.083,0,0,0,0,1,1,Faible
778825908,Client actuel,43,F,2,Non connu,Célibataire,Moins de $40K,Silver,24,1,3,1523,113,0.148,0,0,0,0,1,1,Faible
713379258,Client actuel,32,F,1,Lycée (équivalent baccalauréat),Marié(e),Moins de $40K,Blue,36,1,2,1293,100,0.316,0,0,0,0,0,0,Faible
710232483,Client actuel,49,F,1,Sans diplôme,Marié(e),Non connu,Blue,36,3,2,2162,122,0.109,0,0,0,0,1,1,Faible
803421108,Client actuel,49,M,4,Licence,Célibataire,$80K - $120K,Blue,43,2,2,2517,113,0.122,0,0,0,0,1,1,Faible
792152283,Client actuel,54,M,3,Licence,Marié(e),$120K +,Blue,48,3,2,0,103,0.0,0,0,1,0,1,2,Modéré
717291333,Client actuel,38,M,3,Sans diplôme,Marié(e),$80K - $120K,Blue,29,2,2,0,113,0.0,0,0,1,0,1,2,Modéré
714928158,Client actuel,60,M,0,Lycée (équivalent baccalauréat),Célibataire,$80K - $120K,Silver,36,2,3,806,102,0.023,0,0,0,0,1,1,Faible
772491333,Client actuel,31,F,1,Master,Marié(e),Moins de $40K,Blue,21,1,2,2005,94,0.375,0,0,0,0,0,0,Faible
808045833,Client actuel,49,M,3,Sans diplôme,Célibataire,Moins de $40K,Blue,44,3,2,1698,105,0.222,0,0,0,0,0,0,Faible
770205708,Client actuel,31,M,0,Non connu,Marié(e),Moins de $40K,Blue,25,3,0,0,112,0.0,0,0,1,0,1,2,Modéré
798788958,Client actuel,32,M,1,Lycée (équivalent baccalauréat),Célibataire,$80K - $120K,Blue,26,3,2,1130,93,0.176,0,0,0,0,0,0,Faible
720011958,Client actuel,57,M,2,Lycée (équivalent baccalauréat),Célibataire,$60K - $80K,Blue,36,3,3,1532,97,0.254,0,0,0,0,0,0,Faible
708982158,Client actuel,48,F,2,Licence,Célibataire,Moins de $40K,Blue,36,2,3,2122,106,0.633,0,0,0,0,0,0,Faible
710803983,Client actuel,44,M,1,Non connu,Marié(e),$80K - $120K,Blue,33,3,1,0,95,0.0,0,0,1,0,1,2,Modéré
719768658,Client actuel,31,F,0,Niveau Bac+2,Marié(e),Non connu,Silver,24,3,1,2032,104,0.059,0,0,0,0,1,1,Faible
711355908,Client actuel,44,F,3,Licence,Non connu,Non connu,Silver,36,3,3,941,117,0.027,0,0,0,0,1,1,Faible
813153108,Client actuel,49,M,4,Niveau Bac+2,Marié(e),$80K - $120K,Blue,44,3,3,966,108,0.031,0,0,0,0,1,1,Faible
720852108,Client actuel,46,M,4,Lycée (équivalent baccalauréat),Divorcé(e),$120K +,Blue,31,3,1,1553,116,0.435,0,0,0,0,0,0,Faible
716728233,Client actuel,47,F,4,Lycée (équivalent baccalauréat),Marié(e),Moins de $40K,Blue,36,3,1,1480,123,0.46,0,0,0,0,0,0,Faible
711863433,Client actuel,30,M,1,Non connu,Non connu,Moins de $40K,Blue,13,3,1,1782,116,0.47,0,0,0,0,0,0,Faible
779422458,Client actuel,31,F,1,Non connu,Divorcé(e),Moins de $40K,Blue,13,2,3,1206,120,0.341,0,0,0,0,0,0,Faible
715573758,Client actuel,43,M,4,Sans diplôme,Marié(e),$120K +,Silver,36,2,1,1816,113,0.053,0,0,0,0,1,1,Faible
794530608,Client actuel,52,M,2,Sans diplôme,Célibataire,$80K - $120K,Blue,34,2,3,0,120,0.0,0,0,1,0,1,2,Modéré
767414808,Client actuel,57,F,0,Sans diplôme,Marié(e),Moins de $40K,Blue,51,3,3,2092,120,0.299,0,0,0,0,0,0,Faible
718919433,Client actuel,52,F,4,Licence,Célibataire,Moins de $40K,Blue,36,3,3,1149,112,0.259,0,0,0,0,0,0,Faible
708694983,Client actuel,55,F,1,Sans diplôme,Non connu,Moins de $40K,Blue,36,2,1,2222,96,0.705,0,0,0,0,0,0,Faible
719270358,Client actuel,57,F,2,Doctorat,Divorcé(e),$40K - $60K,Blue,48,2,2,1678,113,0.391,0,0,0,0,0,0,Faible
708462258,Client actuel,51,F,1,Lycée (équivalent baccalauréat),Marié(e),Moins de $40K,Blue,38,1,2,1171,94,0.226,0,0,0,0,0,0,Faible
799011558,Client actuel,43,M,3,Sans diplôme,Marié(e),$120K +,Blue,37,2,3,1171,120,0.069,0,0,0,0,1,1,Faible
710697408,Client actuel,41,F,5,Non connu,Marié(e),Moins de $40K,Blue,22,1,3,896,115,0.133,0,0,0,0,1,1,Faible
718531983,Client actuel,51,M,3,Lycée (équivalent baccalauréat),Marié(e),$80K - $120K,Blue,41,3,3,2068,124,0.208,0,0,0,0,0,0,Faible
715554708,Client actuel,53,M,1,Lycée (équivalent baccalauréat),Non connu,$120K +,Blue,34,1,2,1484,114,0.174,0,0,0,0,0,0,Faible
718774533,Client actuel,48,M,1,Niveau Bac+2,Marié(e),$60K - $80K,Blue,44,3,1,1823,111,0.119,0,0,0,0,1,1,Faible
712337208,Client actuel,59,F,2,Non connu,Célibataire,Non connu,Blue,46,3,2,1890,93,0.08,0,0,0,0,1,1,Faible
710026458,Client actuel,34,M,1,Non connu,Marié(e),$40K - $60K,Blue,36,2,2,2475,99,0.62,0,0,0,0,0,0,Faible
719799033,Client actuel,52,M,1,Master,Non connu,$80K - $120K,Blue,40,1,2,2448,116,0.443,0,0,0,0,0,0,Faible
720788883,Client actuel,58,F,0,Sans diplôme,Non connu,Non connu,Blue,36,2,3,2209,118,0.591,0,0,0,0,0,0,Faible
758617233,Client actuel,56,F,5,Doctorat,Célibataire,Moins de $40K,Blue,49,3,2,1559,108,0.377,0,0,0,0,0,0,Faible
720163458,Client actuel,38,M,1,Sans diplôme,Non connu,$120K +,Blue,21,2,3,1786,109,0.064,0,0,0,0,1,1,Faible
708482658,Client actuel,41,M,3,Licence,Marié(e),$80K - $120K,Blue,31,2,2,1946,114,0.195,0,0,0,0,0,0,Faible
826148883,Client actuel,45,M,2,Licence,Marié(e),$120K +,Blue,41,3,1,1660,108,0.101,0,0,0,0,1,1,Faible
713118183,Client actuel,31,M,1,Non connu,Marié(e),$40K - $60K,Blue,23,1,2,1562,108,0.116,0,0,0,0,1,1,Faible
714103083,Client actuel,47,M,2,Niveau Bac+2,Marié(e),$40K - $60K,Blue,37,3,1,1525,110,0.467,0,0,0,0,0,0,Faible
720899058,Client actuel,35,M,2,Licence,Marié(e),$80K - $120K,Blue,21,2,1,2517,116,0.328,0,0,0,0,0,0,Faible
717214158,Client actuel,41,M,4,Master,Marié(e),$40K - $60K,Blue,28,3,3,0,94,0.0,0,0,1,0,1,2,Modéré
715269483,Client actuel,50,M,4,Master,Marié(e),$120K +,Blue,36,1,3,2517,128,0.145,0,0,0,0,1,1,Faible
718805733,Client actuel,39,F,2,Licence,Célibataire,$40K - $60K,Blue,28,1,1,2517,120,0.355,0,0,0,0,0,0,Faible
789780033,Client actuel,33,M,3,Niveau Bac+2,Marié(e),$80K - $120K,Silver,22,2,2,917,114,0.027,0,0,0,0,1,1,Faible
716482533,Client actuel,48,F,2,Non connu,Marié(e),Moins de $40K,Blue,36,1,2,0,98,0.0,0,0,1,0,1,2,Modéré
711663858,Client actuel,28,M,1,Master,Célibataire,Non connu,Blue,13,3,3,1204,127,0.06,0,0,0,0,1,1,Faible
716894658,Client actuel,49,F,1,Licence,Divorcé(e),Moins de $40K,Blue,44,2,2,1763,123,0.203,0,0,0,0,0,0,Faible
708082083,Client actuel,45,F,3,Lycée (équivalent baccalauréat),Marié(e),Moins de $40K,Blue,36,3,3,1661,111,0.469,0,0,0,0,0,0,Faible
721395633,Client actuel,53,M,1,Licence,Célibataire,$80K - $120K,Blue,41,3,3,994,108,0.053,0,0,0,0,1,1,Faible
721438233,Client actuel,39,M,2,Master,Célibataire,$40K - $60K,Blue,31,3,3,1761,120,0.534,0,0,0,0,0,0,Faible
713987808,Client actuel,43,F,3,Niveau Bac+2,Célibataire,Moins de $40K,Blue,33,2,2,2165,120,0.38,0,0,0,0,0,0,Faible
721086483,Client actuel,27,F,0,Sans diplôme,Célibataire,Moins de $40K,Silver,19,3,3,2517,97,0.229,0,0,0,0,0,0,Faible
801502008,Client actuel,37,M,1,Licence,Marié(e),$60K - $80K,Blue,31,1,2,1195,106,0.059,0,0,0,0,1,1,Faible
819051183,Client actuel,47,F,4,Licence,Marié(e),Non connu,Blue,42,1,3,1925,114,0.118,0,0,0,0,1,1,Faible
710858658,Client actuel,48,F,4,Doctorat,Divorcé(e),Moins de $40K,Silver,38,1,2,0,108,0.0,0,0,1,0,1,2,Modéré
716002458,Client actuel,43,M,4,Niveau Bac+2,Marié(e),$40K - $60K,Blue,30,1,2,656,126,0.089,0,0,1,0,1,2,Modéré
788019483,Client actuel,49,M,3,Licence,Marié(e),$80K - $120K,Blue,40,1,3,766,122,0.209,0,0,0,0,0,0,Faible
716151858,Client actuel,46,M,3,Non connu,Célibataire,$80K - $120K,Blue,36,1,3,1893,97,0.146,0,0,0,0,1,1,Faible
717241233,Client actuel,60,F,1,Non connu,Célibataire,Moins de $40K,Blue,51,3,3,1341,123,0.22,0,0,0,0,0,0,Faible
712374708,Client actuel,28,F,0,Licence,Marié(e),Non connu,Blue,15,2,2,897,120,0.039,0,0,0,0,1,1,Faible
721145433,Client actuel,52,F,5,Lycée (équivalent baccalauréat),Célibataire,Moins de $40K,Silver,36,2,2,1523,128,0.135,0,0,0,0,1,1,Faible
711398433,Client actuel,38,M,0,Lycée (équivalent baccalauréat),Marié(e),$60K - $80K,Blue,31,3,3,1200,99,0.072,0,0,0,0,1,1,Faible
715601808,Client actuel,50,M,3,Licence,Marié(e),$120K +,Blue,41,2,3,2253,131,0.065,0,0,0,0,1,1,Faible
717324183,Client actuel,31,F,0,Lycée (équivalent baccalauréat),Célibataire,Moins de $40K,Silver,21,1,3,1288,119,0.09,0,0,0,0,1,1,Faible
720557883,Client actuel,35,M,3,Sans diplôme,Célibataire,Moins de $40K,Blue,21,2,1,1595,102,0.261,0,0,0,0,0,0,Faible
708759408,Client actuel,48,F,3,Sans diplôme,Célibataire,$40K - $60K,Blue,39,3,2,0,108,0.0,0,0,1,0,1,2,Modéré
719430483,Client actuel,51,M,3,Niveau Bac+2,Marié(e),$120K +,Blue,40,3,2,1476,119,0.043,0,0,0,0,1,1,Faible
716933283,Client actuel,52,M,2,Lycée (équivalent baccalauréat),Célibataire,$60K - $80K,Gold,39,1,1,1882,116,0.055,0,0,0,0,1,1,Faible
721459008,Client actuel,36,M,2,Lycée (équivalent baccalauréat),Célibataire,$120K +,Blue,36,1,2,1168,101,0.099,0,0,0,0,1,1,Faible
710710233,Client actuel,58,M,4,Licence,Marié(e),$120K +,Silver,45,2,3,0,100,0.0,0,0,1,0,1,2,Modéré
708996708,Client actuel,55,M,1,Licence,Célibataire,$80K - $120K,Blue,46,1,1,1409,105,0.067,0,0,0,0,1,1,Faible
713315433,Client actuel,61,M,2,Sans diplôme,Marié(e),$60K - $80K,Blue,48,1,2,0,118,0.0,0,0,1,0,1,2,Modéré
789890958,Client actuel,53,F,4,Lycée (équivalent baccalauréat),Divorcé(e),$40K - $60K,Blue,43,1,2,482,111,0.044,0,0,1,0,1,2,Modéré
789237333,Client actuel,47,M,4,Master,Divorcé(e),$60K - $80K,Blue,36,2,5,1593,102,0.079,0,1,0,0,1,2,Modéré
710923533,Client actuel,38,M,4,Non connu,Célibataire,$120K +,Blue,31,2,3,0,127,0.0,0,0,1,0,1,2,Modéré
709385133,Client actuel,42,F,2,Doctorat,Marié(e),Non connu,Blue,30,3,5,1513,113,0.102,0,1,0,0,1,2,Modéré
716836308,Client actuel,29,M,1,Licence,Divorcé(e),Moins de $40K,Blue,36,3,2,1139,124,0.297,0,0,0,0,0,0,Faible
720633558,Client actuel,37,F,3,Licence,Divorcé(e),Moins de $40K,Blue,24,3,4,995,101,0.267,0,1,0,0,0,1,Faible
712846458,Client actuel,45,M,4,Lycée (équivalent baccalauréat),Divorcé(e),$80K - $120K,Blue,39,3,4,1432,125,0.1,0,1,0,0,1,2,Modéré
709399908,Client actuel,34,F,2,Licence,Célibataire,$40K - $60K,Blue,23,2,2,1442,99,0.19,0,0,0,0,0,0,Faible
772698783,Client actuel,50,F,2,Niveau Bac+2,Marié(e),Moins de $40K,Blue,40,2,4,1549,124,0.184,0,1,0,0,0,1,Faible
789008508,Client actuel,44,M,4,Niveau Bac+2,Marié(e),$80K - $120K,Blue,31,1,1,1687,119,0.486,0,0,0,0,0,0,Faible
719439108,Client actuel,42,M,1,Licence,Marié(e),$40K - $60K,Silver,34,3,2,1613,100,0.105,0,0,0,0,1,1,Faible
720817533,Client actuel,54,M,1,Sans diplôme,Marié(e),$120K +,Blue,40,1,2,1264,91,0.105,0,0,0,0,1,1,Faible
813901458,Client actuel,60,M,1,Lycée (équivalent baccalauréat),Célibataire,$60K - $80K,Silver,55,5,3,1642,95,0.048,1,0,0,0,1,2,Modéré
717783483,Client actuel,47,F,5,Master,Divorcé(e),Moins de $40K,Blue,30,1,2,2286,122,0.456,0,0,0,0,0,0,Faible
718299933,Client actuel,42,M,3,Lycée (équivalent baccalauréat),Marié(e),$40K - $60K,Blue,30,3,4,739,100,0.171,0,1,0,0,0,1,Faible
789074358,Client actuel,46,M,2,Lycée (équivalent baccalauréat),Célibataire,$60K - $80K,Blue,34,2,1,0,122,0.0,0,0,1,0,1,2,Modéré
720618033,Client actuel,43,F,3,Niveau Bac+2,Marié(e),$40K - $60K,Blue,36,3,2,0,90,0.0,0,0,1,0,1,2,Modéré
720415833,Client actuel,47,M,2,Lycée (équivalent baccalauréat),Marié(e),$60K - $80K,Blue,32,5,2,1563,107,0.407,1,0,0,0,0,1,Faible
720385608,Client actuel,45,M,3,Niveau Bac+2,Non connu,$80K - $120K,Blue,31,1,4,1936,99,0.092,0,1,0,0,1,2,Modéré
709937583,Client actuel,45,F,2,Lycée (équivalent baccalauréat),Célibataire,Non connu,Blue,34,3,2,1835,108,0.607,0,0,0,0,0,0,Faible
770743983,Client actuel,34,F,3,Sans diplôme,Célibataire,$40K - $60K,Blue,20,2,3,874,94,0.1,0,0,0,0,1,1,Faible
711283008,Client actuel,50,M,1,Lycée (équivalent baccalauréat),Célibataire,$80K - $120K,Silver,36,5,3,0,105,0.0,1,0,1,0,1,3,Modéré
778873608,Client actuel,44,M,4,Sans diplôme,Marié(e),$80K - $120K,Silver,25,1,1,1984,116,0.057,0,0,0,0,1,1,Faible
709592808,Client actuel,38,F,2,Licence,Célibataire,Moins de $40K,Blue,28,3,4,1556,103,0.47,0,1,0,0,0,1,Faible
773306658,Client actuel,54,M,1,Non connu,Célibataire,$60K - $80K,Blue,48,5,4,1230,103,0.259,1,1,0,0,0,2,Modéré
711070683,Client actuel,48,F,3,Master,Marié(e),$40K - $60K,Blue,37,1,2,493,106,0.073,0,0,1,0,1,2,Modéré
772596783,Client actuel,31,M,1,Licence,Non connu,Moins de $40K,Gold,21,2,2,1109,125,0.073,0,0,0,0,1,1,Faible
806917983,Client actuel,32,F,2,Licence,Divorcé(e),Non connu,Silver,27,3,1,1526,126,0.045,0,0,0,0,1,1,Faible
719329983,Client actuel,42,F,3,Non connu,Non connu,Non connu,Blue,36,1,2,0,88,0.0,0,0,1,0,1,2,Modéré
710190858,Client actuel,28,M,1,Non connu,Non connu,$40K - $60K,Blue,15,2,4,2288,110,0.246,0,1,0,0,0,1,Faible
708880683,Client actuel,49,M,5,Niveau Bac+2,Marié(e),$40K - $60K,Blue,40,3,4,892,102,0.225,0,1,0,0,0,1,Faible
709332408,Client actuel,44,F,1,Lycée (équivalent baccalauréat),Célibataire,Moins de $40K,Blue,36,3,3,1640,106,0.266,0,0,0,0,0,0,Faible
710849208,Client actuel,47,M,2,Master,Célibataire,$120K +,Silver,35,3,4,1652,113,0.048,0,1,0,0,1,2,Modéré
710056758,Client actuel,51,M,4,Lycée (équivalent baccalauréat),Célibataire,$40K - $60K,Blue,36,2,4,1850,116,0.185,0,1,0,0,0,1,Faible
713520858,Client actuel,53,F,1,Niveau Bac+2,Célibataire,Moins de $40K,Blue,38,3,2,1981,119,0.509,0,0,0,0,0,0,Faible
714710733,Client actuel,51,M,3,Non connu,Célibataire,$80K - $120K,Blue,36,1,2,0,120,0.0,0,0,1,0,1,2,Modéré
766769058,Client actuel,51,M,1,Licence,Célibataire,$40K - $60K,Gold,44,3,3,1790,121,0.079,0,0,0,0,1,1,Faible
716990883,Client actuel,38,M,5,Non connu,Marié(e),$80K - $120K,Blue,26,1,2,766,115,0.048,0,0,0,0,1,1,Faible
718298733,Client actuel,40,M,4,Lycée (équivalent baccalauréat),Célibataire,$80K - $120K,Blue,29,3,2,0,85,0.0,0,0,1,0,1,2,Modéré
715756683,Client actuel,50,M,4,Licence,Célibataire,$80K - $120K,Blue,36,2,4,1696,111,0.115,0,1,0,0,1,2,Modéré
719400108,Client actuel,53,M,3,Non connu,Célibataire,$80K - $120K,Blue,43,3,4,1084,124,0.031,0,1,0,0,1,2,Modéré
710463408,Client actuel,47,M,3,Non connu,Marié(e),$80K - $120K,Blue,36,2,3,1116,104,0.115,0,0,0,0,1,1,Faible
708245808,Client actuel,35,M,3,Licence,Marié(e),$60K - $80K,Blue,36,1,4,924,124,0.047,0,1,0,0,1,2,Modéré
799253808,Client actuel,42,M,3,Lycée (équivalent baccalauréat),Marié(e),$80K - $120K,Silver,36,2,3,1294,120,0.037,0,0,0,0,1,1,Faible
716552433,Client actuel,40,F,4,Sans diplôme,Marié(e),Moins de $40K,Blue,36,1,2,1067,117,0.211,0,0,0,0,0,0,Faible
720995583,Client actuel,48,M,2,Licence,Divorcé(e),$60K - $80K,Silver,33,2,2,1754,110,0.07,0,0,0,0,1,1,Faible
780118158,Client actuel,27,M,0,Licence,Célibataire,Moins de $40K,Blue,13,2,4,2420,124,0.675,0,1,0,0,0,1,Faible
717081483,Client actuel,37,M,2,Licence,Divorcé(e),$80K - $120K,Blue,25,2,2,2209,96,0.088,0,0,0,0,1,1,Faible
718455633,Client actuel,60,F,0,Licence,Célibataire,Non connu,Gold,55,3,2,2517,124,0.337,0,0,0,0,0,0,Faible
708974283,Client actuel,50,M,4,Licence,Marié(e),$60K - $80K,Blue,34,1,1,0,95,0.0,0,0,1,0,1,2,Modéré
713293983,Client actuel,52,M,3,Master,Divorcé(e),$60K - $80K,Blue,33,3,2,2517,91,0.743,0,0,0,0,0,0,Faible
714785508,Client actuel,49,M,2,Lycée (équivalent baccalauréat),Célibataire,$80K - $120K,Silver,40,3,2,1313,99,0.038,0,0,0,0,1,1,Faible
827318958,Client actuel,49,F,4,Non connu,Célibataire,Moins de $40K,Blue,45,3,2,1785,99,0.189,0,0,0,0,0,0,Faible
718496283,Client actuel,42,F,1,Niveau Bac+2,Célibataire,Non connu,Silver,31,2,3,2228,121,0.072,0,0,0,0,1,1,Faible
710939283,Client actuel,45,F,3,Sans diplôme,Divorcé(e),$40K - $60K,Blue,36,2,4,1300,105,0.309,0,1,0,0,0,1,Faible
770824833,Client actuel,32,M,1,Licence,Divorcé(e),$40K - $60K,Blue,19,3,5,1135,94,0.31,0,1,0,0,0,1,Faible
779082633,Client actuel,30,M,2,Sans diplôme,Célibataire,$60K - $80K,Blue,13,2,3,979,104,0.238,0,0,0,0,0,0,Faible
720515883,Client actuel,57,F,1,Licence,Marié(e),Moins de $40K,Blue,46,3,2,0,115,0.0,0,0,1,0,1,2,Modéré
747885858,Client actuel,39,F,2,Licence,Célibataire,Moins de $40K,Blue,31,3,3,2048,91,0.246,0,0,0,0,0,0,Faible
779140533,Client actuel,49,M,2,Doctorat,Marié(e),$120K +,Blue,34,6,4,2311,121,0.085,1,1,0,0,1,3,Modéré
716619558,Client actuel,38,F,0,Lycée (équivalent baccalauréat),Célibataire,Moins de $40K,Silver,36,3,2,1941,119,0.141,0,0,0,0,1,1,Faible
788633733,Client actuel,36,M,3,Licence,Marié(e),$60K - $80K,Silver,13,3,2,1173,108,0.042,0,0,0,0,1,1,Faible
715291908,Client actuel,31,M,1,Niveau Bac+2,Célibataire,$40K - $60K,Blue,36,1,2,2045,92,0.184,0,0,0,0,0,0,Faible
716454858,Client actuel,35,F,2,Licence,Marié(e),Moins de $40K,Blue,28,1,3,2266,94,0.565,0,0,0,0,0,0,Faible
720539583,Client actuel,46,M,4,Non connu,Célibataire,$60K - $80K,Blue,31,1,4,1202,96,0.057,0,1,0,0,1,2,Modéré
739021908,Client actuel,56,F,2,Non connu,Marié(e),$40K - $60K,Blue,49,3,2,0,112,0.0,0,0,1,0,1,2,Modéré
711289533,Client actuel,39,M,4,Master,Célibataire,$80K - $120K,Blue,32,3,2,1681,117,0.063,0,0,0,0,1,1,Faible
716464533,Client actuel,32,F,1,Licence,Marié(e),Moins de $40K,Blue,36,3,3,2517,116,0.264,0,0,0,0,0,0,Faible
717482658,Client actuel,55,M,2,Lycée (équivalent baccalauréat),Célibataire,$80K - $120K,Blue,36,2,2,0,106,0.0,0,0,1,0,1,2,Modéré
712246983,Client actuel,50,M,4,Lycée (équivalent baccalauréat),Marié(e),$80K - $120K,Blue,43,2,5,2413,121,0.144,0,1,0,0,1,2,Modéré
713159133,Client actuel,32,F,2,Lycée (équivalent baccalauréat),Célibataire,Moins de $40K,Silver,23,2,2,1472,117,0.104,0,0,0,0,1,1,Faible
717991533,Client actuel,44,M,2,Sans diplôme,Marié(e),$40K - $60K,Blue,36,3,2,1460,105,0.38,0,0,0,0,0,0,Faible
797641683,Client actuel,40,M,3,Sans diplôme,Marié(e),$80K - $120K,Blue,34,3,2,2043,111,0.138,0,0,0,0,1,1,Faible
720105933,Client actuel,48,M,3,Sans diplôme,Divorcé(e),$40K - $60K,Blue,35,5,3,2307,107,0.202,1,0,0,0,0,1,Faible
804670758,Client actuel,48,F,5,Non connu,Divorcé(e),Non connu,Blue,43,3,2,2249,121,0.107,0,0,0,0,1,1,Faible
818987958,Client actuel,43,M,4,Licence,Non connu,$40K - $60K,Blue,38,1,3,0,125,0.0,0,0,1,0,1,2,Modéré
824160333,Client actuel,56,M,2,Lycée (équivalent baccalauréat),Non connu,$120K +,Blue,52,2,2,1453,116,0.062,0,0,0,0,1,1,Faible
717928308,Client actuel,40,F,1,Sans diplôme,Célibataire,Moins de $40K,Silver,34,2,2,1774,130,0.13,0,0,0,0,1,1,Faible
788890533,Client actuel,54,M,2,Niveau Bac+2,Marié(e),$80K - $120K,Silver,39,1,4,2305,106,0.067,0,1,0,0,1,2,Modéré
779692608,Client actuel,36,M,1,Sans diplôme,Marié(e),$60K - $80K,Blue,19,3,5,0,115,0.0,0,1,1,0,1,3,Modéré
718140783,Client actuel,47,M,4,Non connu,Marié(e),$60K - $80K,Blue,36,5,2,1749,108,0.165,1,0,0,0,0,1,Faible
714465558,Client actuel,41,M,4,Non connu,Marié(e),$120K +,Silver,36,1,4,2205,98,0.064,0,1,0,0,1,2,Modéré
804431283,Client actuel,57,F,1,Licence,Marié(e),Moins de $40K,Blue,52,1,2,1101,120,0.14,0,0,0,0,1,1,Faible
715199808,Client actuel,39,F,3,Licence,Non connu,Non connu,Silver,30,3,5,2070,99,0.061,0,1,0,0,1,2,Modéré
758802333,Client actuel,40,M,2,Licence,Célibataire,$120K +,Blue,33,1,2,1213,117,0.058,0,0,0,0,1,1,Faible
720237408,Client actuel,59,M,1,Doctorat,Célibataire,$80K - $120K,Blue,49,2,2,707,117,0.031,0,0,0,0,1,1,Faible
713787333,Client actuel,46,M,2,Lycée (équivalent baccalauréat),Célibataire,Moins de $40K,Blue,36,1,0,1142,113,0.299,0,0,0,0,0,0,Faible
721005108,Client actuel,41,M,0,Niveau Bac+2,Marié(e),$40K - $60K,Blue,29,2,2,1384,104,0.198,0,0,0,0,0,0,Faible
809589783,Client actuel,41,M,4,Master,Marié(e),$40K - $60K,Silver,36,3,2,817,120,0.05,0,0,0,0,1,1,Faible
778444908,Client actuel,57,M,2,Licence,Marié(e),$120K +,Silver,39,2,3,1444,116,0.042,0,0,0,0,1,1,Faible
768728508,Client actuel,45,F,5,Doctorat,Marié(e),Moins de $40K,Gold,39,3,2,1096,103,0.069,0,0,0,0,1,1,Faible
789937683,Client actuel,37,M,3,Master,Marié(e),$40K - $60K,Blue,28,1,2,701,120,0.192,0,0,0,0,0,0,Faible
711788583,Client actuel,61,F,1,Licence,Célibataire,Moins de $40K,Blue,36,2,2,1444,124,0.417,0,0,0,0,0,0,Faible
819196158,Client actuel,49,F,2,Non connu,Célibataire,Moins de $40K,Blue,44,2,3,998,116,0.102,0,0,0,0,1,1,Faible
710207208,Client actuel,31,F,1,Non connu,Célibataire,Moins de $40K,Blue,18,1,3,1800,121,0.53,0,0,0,0,0,0,Faible
713994108,Client actuel,40,M,5,Lycée (équivalent baccalauréat),Marié(e),$60K - $80K,Blue,33,1,2,1315,128,0.316,0,0,0,0,0,0,Faible
778745058,Client actuel,50,M,3,Lycée (équivalent baccalauréat),Célibataire,$80K - $120K,Silver,41,2,1,0,118,0.0,0,0,1,0,1,2,Modéré
721455558,Client actuel,56,M,0,Licence,Célibataire,$60K - $80K,Blue,44,3,2,1859,104,0.272,0,0,0,0,0,0,Faible
769206483,Client actuel,58,M,3,Non connu,Marié(e),$120K +,Blue,52,3,3,2101,97,0.134,0,0,0,0,1,1,Faible
769587258,Client actuel,38,M,3,Niveau Bac+2,Célibataire,$60K - $80K,Silver,32,2,2,1671,126,0.056,0,0,0,0,1,1,Faible
712080333,Client actuel,46,M,2,Lycée (équivalent baccalauréat),Divorcé(e),$120K +,Blue,34,2,4,1381,112,0.377,0,1,0,0,0,1,Faible
719934783,Client actuel,43,M,3,Doctorat,Marié(e),$80K - $120K,Blue,27,2,2,673,105,0.183,0,0,1,0,0,1,Faible
709589208,Client actuel,53,M,0,Licence,Célibataire,$60K - $80K,Blue,35,1,3,596,83,0.034,0,0,1,0,1,2,Modéré
714860808,Client actuel,59,F,1,Licence,Célibataire,Moins de $40K,Blue,39,3,2,2272,93,0.516,0,0,0,0,0,0,Faible
773185833,Client actuel,49,M,3,Lycée (équivalent baccalauréat),Marié(e),$60K - $80K,Gold,42,1,4,0,102,0.0,0,1,1,0,1,3,Modéré
715923408,Client actuel,30,F,0,Niveau Bac+2,Marié(e),Moins de $40K,Blue,19,2,3,1254,110,0.3,0,0,0,0,0,0,Faible
778956033,Client actuel,51,M,1,Licence,Marié(e),$80K - $120K,Blue,32,2,3,1549,104,0.045,0,0,0,0,1,1,Faible
712260633,Client actuel,47,F,5,Doctorat,Célibataire,Non connu,Blue,36,1,4,2461,94,0.091,0,1,0,0,1,2,Modéré
720971358,Client actuel,59,M,0,Lycée (équivalent baccalauréat),Célibataire,$80K - $120K,Blue,47,3,3,1491,110,0.056,0,0,0,0,1,1,Faible
719701383,Client actuel,44,M,4,Non connu,Marié(e),$60K - $80K,Blue,32,3,3,0,99,0.0,0,0,1,0,1,2,Modéré
764316708,Client actuel,30,F,1,Lycée (équivalent baccalauréat),Célibataire,Moins de $40K,Blue,23,2,2,2352,109,0.595,0,0,0,0,0,0,Faible
715545933,Client actuel,43,M,5,Licence,Marié(e),$120K +,Blue,36,2,4,2179,99,0.097,0,1,0,0,1,2,Modéré
780079833,Client actuel,43,M,3,Licence,Divorcé(e),$60K - $80K,Blue,28,3,4,1183,126,0.216,0,1,0,0,0,1,Faible
719941533,Client actuel,32,F,1,Licence,Marié(e),Moins de $40K,Blue,20,1,4,1735,124,0.316,0,1,0,0,0,1,Faible
715544883,Client actuel,39,M,1,Licence,Marié(e),Moins de $40K,Silver,30,3,3,630,99,0.045,0,0,1,0,1,2,Modéré
710122458,Client actuel,38,M,2,Lycée (équivalent baccalauréat),Célibataire,$60K - $80K,Silver,36,3,2,2057,108,0.065,0,0,0,0,1,1,Faible
713833233,Client actuel,49,M,5,Sans diplôme,Marié(e),$80K - $120K,Silver,30,3,2,1768,124,0.051,0,0,0,0,1,1,Faible
711686658,Client actuel,48,M,5,Lycée (équivalent baccalauréat),Marié(e),$80K - $120K,Silver,40,2,2,1417,109,0.041,0,0,0,0,1,1,Faible
708964683,Client actuel,48,F,4,Niveau Bac+2,Non connu,Non connu,Blue,36,2,1,0,89,0.0,0,0,1,0,1,2,Modéré
797228883,Client actuel,46,M,2,Lycée (équivalent baccalauréat),Marié(e),$40K - $60K,Blue,40,3,0,0,114,0.0,0,0,1,0,1,2,Modéré
780097533,Client actuel,48,M,3,Doctorat,Divorcé(e),$80K - $120K,Blue,33,1,2,0,111,0.0,0,0,1,0,1,2,Modéré
711834708,Client actuel,55,M,4,Niveau Bac+2,Marié(e),$80K - $120K,Blue,40,2,5,1482,102,0.366,0,1,0,0,0,1,Faible
785038908,Client actuel,43,F,0,Licence,Marié(e),Moins de $40K,Blue,37,1,4,1160,124,0.182,0,1,0,0,0,1,Faible
720001758,Client actuel,42,F,1,Licence,Célibataire,Moins de $40K,Blue,34,1,3,1175,94,0.332,0,0,0,0,0,0,Faible
778428108,Client actuel,36,F,1,Licence,Célibataire,Moins de $40K,Blue,16,5,3,1184,113,0.194,1,0,0,0,0,1,Faible
715268508,Client actuel,42,M,3,Licence,Marié(e),$40K - $60K,Gold,36,2,5,1399,125,0.058,0,1,0,0,1,2,Modéré
788741733,Client actuel,53,F,1,Licence,Marié(e),Moins de $40K,Blue,32,2,3,1784,106,0.228,0,0,0,0,0,0,Faible
717355533,Client actuel,56,M,3,Licence,Célibataire,$120K +,Blue,44,1,2,1307,120,0.038,0,0,0,0,1,1,Faible
712128258,Client actuel,49,F,4,Lycée (équivalent baccalauréat),Célibataire,Moins de $40K,Silver,40,3,5,2127,116,0.155,0,1,0,0,1,2,Modéré
735825258,Client actuel,39,M,2,Lycée (équivalent baccalauréat),Célibataire,Moins de $40K,Blue,32,1,4,1643,112,0.371,0,1,0,0,0,1,Faible
818712633,Client actuel,41,F,3,Licence,Célibataire,Moins de $40K,Blue,36,6,2,1067,119,0.258,1,0,0,0,0,1,Faible
709831983,Client actuel,57,M,2,Sans diplôme,Célibataire,$120K +,Blue,46,2,3,1244,126,0.036,0,0,0,0,1,1,Faible
789398733,Client actuel,56,M,3,Licence,Marié(e),$120K +,Blue,46,3,2,779,105,0.148,0,0,0,0,1,1,Faible
716850558,Client actuel,48,M,4,Licence,Non connu,$60K - $80K,Gold,32,1,3,1285,122,0.037,0,0,0,0,1,1,Faible
717316008,Client actuel,38,M,2,Non connu,Marié(e),$120K +,Blue,36,2,3,0,117,0.0,0,0,1,0,1,2,Modéré
767348733,Client actuel,56,M,2,Non connu,Marié(e),$60K - $80K,Blue,49,3,3,793,105,0.195,0,0,0,0,0,0,Faible
779900808,Client actuel,32,M,0,Niveau Bac+2,Célibataire,$60K - $80K,Blue,16,3,2,0,94,0.0,0,0,1,0,1,2,Modéré
719900733,Client actuel,60,M,1,Lycée (équivalent baccalauréat),Marié(e),$40K - $60K,Blue,47,1,3,1007,95,0.103,0,0,0,0,1,1,Faible
816517683,Client actuel,38,F,2,Doctorat,Marié(e),Moins de $40K,Blue,33,3,3,1336,115,0.177,0,0,0,0,0,0,Faible
755305683,Client actuel,45,M,5,Licence,Marié(e),$60K - $80K,Blue,38,1,4,0,124,0.0,0,1,1,0,1,3,Modéré
715769958,Client actuel,53,F,3,Non connu,Marié(e),$40K - $60K,Blue,39,2,2,1912,104,0.394,0,0,0,0,0,0,Faible
715713408,Client actuel,55,M,2,Licence,Marié(e),Moins de $40K,Gold,46,5,3,0,117,0.0,1,0,1,0,1,3,Modéré
708942408,Client actuel,46,F,3,Sans diplôme,Célibataire,$40K - $60K,Blue,36,2,2,1784,116,0.254,0,0,0,0,0,0,Faible
709578258,Client actuel,40,F,3,Sans diplôme,Célibataire,Moins de $40K,Blue,33,3,2,1917,102,0.504,0,0,0,0,0,0,Faible
718043583,Client actuel,50,M,2,Sans diplôme,Célibataire,$120K +,Blue,40,3,4,1368,116,0.063,0,1,0,0,1,2,Modéré
715186608,Client actuel,43,M,4,Licence,Marié(e),$80K - $120K,Blue,35,2,3,2517,120,0.762,0,0,0,0,0,0,Faible
708447858,Client actuel,59,F,2,Sans diplôme,Marié(e),Moins de $40K,Blue,36,3,2,0,117,0.0,0,0,1,0,1,2,Modéré
718071933,Client actuel,49,M,1,Licence,Marié(e),$40K - $60K,Blue,36,2,3,1889,130,0.454,0,0,0,0,0,0,Faible
771217758,Client actuel,44,F,2,Lycée (équivalent baccalauréat),Célibataire,Moins de $40K,Blue,31,2,3,2028,114,0.485,0,0,0,0,0,0,Faible
721210158,Client actuel,29,M,2,Niveau Bac+2,Marié(e),$40K - $60K,Blue,17,1,3,1232,102,0.266,0,0,0,0,0,0,Faible
788779983,Client actuel,58,M,2,Master,Marié(e),$80K - $120K,Blue,39,2,3,2517,121,0.673,0,0,0,0,0,0,Faible
766273533,Client actuel,53,M,2,Sans diplôme,Non connu,$80K - $120K,Blue,46,6,3,1736,117,0.101,1,0,0,0,1,2,Modéré
718655808,Client actuel,44,F,3,Sans diplôme,Marié(e),Moins de $40K,Silver,36,3,2,1200,105,0.093,0,0,0,0,1,1,Faible
817035108,Client actuel,31,M,2,Licence,Célibataire,Moins de $40K,Blue,14,3,3,1870,115,0.27,0,0,0,0,0,0,Faible
747551658,Client actuel,47,M,3,Lycée (équivalent baccalauréat),Non connu,$80K - $120K,Silver,40,3,2,1371,123,0.04,0,0,0,0,1,1,Faible
771982083,Client actuel,44,M,4,Doctorat,Marié(e),$80K - $120K,Blue,33,1,3,1144,104,0.251,0,0,0,0,0,0,Faible
717642633,Client actuel,51,M,2,Licence,Marié(e),$60K - $80K,Blue,40,3,3,1801,116,0.48,0,0,0,0,0,0,Faible
772721208,Client actuel,50,M,2,Lycée (équivalent baccalauréat),Célibataire,$60K - $80K,Blue,40,3,3,1720,120,0.097,0,0,0,0,1,1,Faible
714385983,Client actuel,57,F,2,Sans diplôme,Célibataire,Moins de $40K,Blue,36,3,2,1239,124,0.151,0,0,0,0,1,1,Faible
712516608,Client actuel,43,M,3,Licence,Marié(e),$80K - $120K,Blue,36,2,3,1275,96,0.323,0,0,0,0,0,0,Faible
714725883,Client actuel,41,F,4,Licence,Divorcé(e),$40K - $60K,Blue,36,1,0,2470,111,0.437,0,0,0,0,0,0,Faible
709398708,Client actuel,40,M,3,Lycée (équivalent baccalauréat),Divorcé(e),$60K - $80K,Blue,36,1,2,2517,124,0.155,0,0,0,0,1,1,Faible
715090008,Client actuel,45,M,4,Licence,Célibataire,$60K - $80K,Silver,36,3,4,2517,107,0.088,0,1,0,0,1,2,Modéré
709159308,Client actuel,42,F,4,Lycée (équivalent baccalauréat),Célibataire,Moins de $40K,Blue,30,1,3,1212,99,0.196,0,0,0,0,0,0,Faible
711348033,Client actuel,50,M,2,Licence,Marié(e),$40K - $60K,Blue,40,3,2,1243,117,0.229,0,0,0,0,0,0,Faible
788230158,Client actuel,29,M,1,Non connu,Marié(e),$40K - $60K,Silver,20,1,2,1409,126,0.085,0,0,0,0,1,1,Faible
718170033,Client actuel,42,F,4,Sans diplôme,Marié(e),Non connu,Blue,23,1,2,0,111,0.0,0,0,1,0,1,2,Modéré
718161708,Client actuel,46,F,4,Licence,Marié(e),Moins de $40K,Blue,34,1,2,1500,100,0.198,0,0,0,0,0,0,Faible
717714633,Client actuel,49,M,3,Sans diplôme,Marié(e),$120K +,Gold,38,3,4,0,131,0.0,0,1,1,0,1,3,Modéré
824150733,Client actuel,43,M,2,Lycée (équivalent baccalauréat),Marié(e),$80K - $120K,Silver,39,1,3,1987,122,0.058,0,0,0,0,1,1,Faible
713768358,Client actuel,45,M,4,Licence,Célibataire,$40K - $60K,Blue,35,2,2,888,122,0.112,0,0,0,0,1,1,Faible
709188108,Client actuel,45,M,2,Licence,Célibataire,$60K - $80K,Silver,33,2,2,1529,105,0.044,0,0,0,0,1,1,Faible
712296408,Client actuel,36,F,3,Non connu,Marié(e),$40K - $60K,Blue,22,3,3,2273,96,0.175,0,0,0,0,0,0,Faible
719106783,Client actuel,52,M,1,Lycée (équivalent baccalauréat),Célibataire,$80K - $120K,Blue,41,1,4,1972,118,0.481,0,1,0,0,0,1,Faible
719574033,Client actuel,38,M,1,Lycée (équivalent baccalauréat),Célibataire,$60K - $80K,Blue,28,2,2,0,119,0.0,0,0,1,0,1,2,Modéré
716123283,Client actuel,59,M,1,Non connu,Célibataire,$60K - $80K,Blue,48,1,2,0,120,0.0,0,0,1,0,1,2,Modéré
789023508,Client actuel,46,M,3,Non connu,Marié(e),$80K - $120K,Blue,33,1,3,1099,110,0.032,0,0,0,0,1,1,Faible
710005683,Client actuel,56,M,2,Niveau Bac+2,Célibataire,$80K - $120K,Blue,46,3,5,1696,115,0.135,0,1,0,0,1,2,Modéré
801036033,Client actuel,31,M,0,Lycée (équivalent baccalauréat),Célibataire,$40K - $60K,Blue,25,2,3,1388,104,0.309,0,0,0,0,0,0,Faible
709094358,Client actuel,51,F,1,Licence,Célibataire,Moins de $40K,Blue,41,2,3,798,88,0.09,0,0,0,0,1,1,Faible
719848008,Client actuel,39,M,2,Licence,Non connu,$60K - $80K,Silver,36,2,2,0,128,0.0,0,0,1,0,1,2,Modéré
718372458,Client actuel,42,M,2,Licence,Non connu,$40K - $60K,Blue,30,2,5,1723,92,0.461,0,1,0,0,0,1,Faible
720608658,Client actuel,33,F,1,Sans diplôme,Célibataire,Moins de $40K,Blue,36,3,3,1875,123,0.223,0,0,0,0,0,0,Faible
715474083,Client actuel,51,M,3,Licence,Célibataire,$60K - $80K,Silver,36,2,2,1743,93,0.059,0,0,0,0,1,1,Faible
717494358,Client actuel,58,F,0,Licence,Célibataire,Moins de $40K,Blue,48,2,5,1334,123,0.31,0,1,0,0,0,1,Faible
780613758,Client actuel,47,M,5,Lycée (équivalent baccalauréat),Célibataire,Moins de $40K,Blue,35,3,5,0,111,0.0,0,1,1,0,1,3,Modéré
718225683,Client actuel,56,M,1,Licence,Célibataire,$80K - $120K,Silver,49,2,2,1091,108,0.032,0,0,0,0,1,1,Faible
710734308,Client actuel,49,M,1,Licence,Célibataire,$60K - $80K,Blue,40,3,3,1569,119,0.242,0,0,0,0,0,0,Faible
720841533,Client actuel,29,M,0,Licence,Marié(e),Moins de $40K,Blue,15,1,5,0,96,0.0,0,1,1,0,1,3,Modéré
712210458,Client actuel,38,M,1,Sans diplôme,Célibataire,$40K - $60K,Blue,36,3,2,1558,109,0.276,0,0,0,0,0,0,Faible
714109308,Client actuel,46,M,5,Niveau Bac+2,Célibataire,$80K - $120K,Blue,36,2,3,2241,112,0.17,0,0,0,0,0,0,Faible
712503408,Client actuel,57,M,2,Licence,Marié(e),$80K - $120K,Blue,40,3,4,1909,111,0.106,0,1,0,0,1,2,Modéré
710841183,Client actuel,54,M,1,Lycée (équivalent baccalauréat),Célibataire,$60K - $80K,Blue,34,2,0,2109,114,0.151,0,0,0,0,1,1,Faible
713899383,Client actuel,56,F,1,Licence,Célibataire,Moins de $40K,Blue,50,1,4,606,120,0.164,0,1,1,0,0,2,Modéré
772366833,Client actuel,50,M,2,Licence,Célibataire,$40K - $60K,Blue,40,2,3,1851,117,0.462,0,0,0,0,0,0,Faible
